Mplus VERSION 9.1
MUTHEN & MUTHEN
08/26/2026   3:55 PM

INPUT INSTRUCTIONS

  TITLE:
    TWO-LEVEL SEM SENSITIVITY - SCENARIO A
    social street activation: commercial frontage and outdoor terraces.
    Separates within-participant from between-participant variation.
    Within-level condition/attribute effects are the sensitivity target.

  DATA:
    FILE = ../../data/Scenario_A_long_final.txt;

  VARIABLE:
    NAMES =
    ID MODO_rango online block present AP1 AP2
    AP3 AP4 AP5 AN1 AN2 AN3 AN4
    AN5 S1 S2 S3 S4 S5 V1
    V2 V3 V4 V5 V6 V7 V8
    V9 V10 V11 V12 V13 V14 V15
    V16 V17 V18 V19
    ;
    USEVARIABLES =
    ID online block present
    AP1 AP2 AP3 AP4 AP5
    AN1 AN2 AN3 AN4 AN5
    S1 S2 S3 S4 S5
    pblock;
    CLUSTER = ID;
    WITHIN = block present pblock;
    BETWEEN = online;
    MISSING = ALL(-999);

  DEFINE:
    pblock = present*block;

  ANALYSIS:
    TYPE = TWOLEVEL;
    ESTIMATOR = MLR;
    ITERATIONS = 10000;

  MODEL:

    %WITHIN%

    APW BY AP1@1 AP2 AP3 AP4 AP5;
    ANW BY AN1@1 AN2 AN3 AN4 AN5;
    ANW BY AP2;
    APW BY AN2;

    STW BY S1@1 S2 S3 S4 S5;

    APW WITH ANW;

    APW ON
      present (a1w)
      block   (a2w)
      pblock  (a3w);

    ANW ON
      present (d1w)
      block   (d2w)
      pblock  (d3w);

    STW ON
      APW     (b1w)
      ANW     (b2w)
      present (c1w)
      block   (c2w)
      pblock  (c3w);

    %BETWEEN%

    APB BY AP1@1 AP2 AP3 AP4 AP5;
    ANB BY AN1@1 AN2 AN3 AN4 AN5;
    ANB BY AP2;
    APB BY AN2;

    STB BY S1@1 S2 S3 S4 S5;

    APB WITH ANB;

    APB ON online (a4b);
    ANB ON online (d4b);

    STB ON
      APB    (b1b)
      ANB    (b2b)
      online (c4b);

  MODEL CONSTRAINT:
    NEW(
      capw canw cdirw ciapw cianw ciindw ctotw
      tapw tanw tdirw tiapw tianw tiindw ttotw
      dapw danw ddirw diapw dianw diindw dtotw
    );

    ! Within-person commercial-frontage contrast: block = 0.
    capw   = a1w;
    canw   = d1w;
    cdirw  = c1w;
    ciapw  = a1w*b1w;
    cianw  = d1w*b2w;
    ciindw = ciapw+cianw;
    ctotw  = cdirw+ciindw;

    ! Within-person outdoor-terrace contrast: block = 1.
    tapw   = a1w+a3w;
    tanw   = d1w+d3w;
    tdirw  = c1w+c3w;
    tiapw  = (a1w+a3w)*b1w;
    tianw  = (d1w+d3w)*b2w;
    tiindw = tiapw+tianw;
    ttotw  = tdirw+tiindw;

    ! Difference: terraces minus commercial frontage.
    dapw   = tapw-capw;
    danw   = tanw-canw;
    ddirw  = tdirw-cdirw;
    diapw  = tiapw-ciapw;
    dianw  = tianw-cianw;
    diindw = tiindw-ciindw;
    dtotw  = ttotw-ctotw;

  OUTPUT:
    SAMPSTAT STANDARDIZED CINTERVAL RESIDUAL TECH1 TECH4 TECH8;



*** WARNING
  One or more individual-level variables have no variation within a
  cluster for the following clusters.

     Variable   Cluster IDs with no within-cluster variation

      AP1         57 69 76 81 100 101 105 133 137 159 168 256 335 351 374 396 403 432 442 448
                  450 461 472 473 474 476 489 495 520 521 522 551 565 591 592 623 631 753 758
                  772 774
      AP2         14 33 39 48 68 69 100 101 191 199 206 234 256 334 335 384 391 393 396 403 411
                  417 426 437 461 464 470 474 476 479 489 494 495 496 503 513 519 551 565 604
                  607 611 627 633 645 655 667 673 700 753 758 774 785 787
      AP3         19 32 33 39 57 76 91 96 100 101 104 105 110 116 133 137 138 148 153 159 168
                  186 189 207 243 256 258 260 266 286 292 297 299 304 335 351 355 356 360 369
                  370 371 383 393 396 397 399 400 403 405 417 421 430 432 435 437 441 442 448
                  450 452 454 457 460 461 464 465 467 469 472 474 476 479 481 486 489 490 491
                  493 495 499 504 509 510 512 518 520 521 551 553 556 558 559 565 577 592 604
                  623 631 632 633 634 638 639 642 654 657 675 677 694 722 730 732 743 753 758
                  762 765 769 774 787 800
      AP4         7 19 33 52 57 68 72 76 100 101 105 110 123 133 145 146 148 161 181 199 207 208
                  211 256 258 260 263 266 286 292 297 304 325 334 335 346 351 355 362 374 380
                  385 393 396 397 400 403 405 408 409 417 418 427 432 435 442 448 449 450 452
                  454 457 460 461 464 465 467 469 472 473 476 479 480 481 485 486 495 499 503
                  509 512 513 520 521 523 553 558 565 592 604 611 612 625 627 631 632 633 638
                  639 651 654 658 667 668 696 753 758 762 765 769 770 774 778 800
      AP5         4 23 39 57 60 76 77 100 101 105 110 121 138 146 159 161 206 223 242 246 256
                  258 292 299 304 334 335 350 353 355 362 363 365 367 371 380 393 396 403 405
                  408 417 421 425 432 435 437 441 442 447 448 449 450 451 454 457 460 461 464
                  465 468 469 471 472 473 476 478 479 480 481 485 489 493 495 500 503 504 511
                  512 513 514 515 517 518 520 522 523 532 549 551 553 559 565 580 605 607 615
                  623 625 628 632 633 642 645 658 667 673 675 696 706 709 712 715 722 747 753
                  762 767 769 770 774 787 788 791 793
      AN1         20 57 68 69 100 101 105 108 130 133 146 148 159 168 176 193 207 211 212 256
                  260 262 305 327 350 351 355 358 368 371 383 393 396 442 450 454 461 464 465
                  470 471 476 478 481 489 493 511 520 521 568 575 577 607 627 631 633 670 675
                  769 774 778 782 799
      AN2         4 32 48 52 57 68 69 70 76 81 90 91 96 104 105 115 133 137 161 193 207 212 215
                  223 224 238 256 260 286 292 304 337 350 351 359 380 393 396 397 400 405 408
                  417 421 432 439 442 448 449 454 457 461 464 465 467 472 473 474 476 489 491
                  493 498 510 511 514 517 520 521 553 565 580 605 611 633 636 655 658 675 694
                  706 730 747 753 755 762 765 769 777 792 799
      AN3         12 18 25 31 32 40 57 60 67 68 69 70 76 81 96 100 101 129 130 133 146 193 207
                  211 212 223 231 243 253 256 260 262 290 292 299 334 350 351 374 380 393 396
                  417 418 424 425 427 432 435 439 442 448 450 454 457 461 465 470 472 474 476
                  479 489 494 495 496 497 503 511 512 521 551 553 559 565 577 591 604 605 607
                  612 623 631 632 633 639 654 667 673 709 730 743 753 762 765 769 774 778 787
                  791
      AN4         4 7 12 19 20 31 32 57 60 67 69 70 76 77 100 101 105 106 108 129 130 133 138
                  146 148 157 159 161 176 181 193 207 212 223 253 256 257 260 262 303 304 305
                  334 335 337 350 351 353 358 360 365 368 370 371 374 380 383 392 393 396 405
                  409 412 415 417 418 423 424 425 427 432 435 438 439 441 442 447 450 454 465
                  470 471 472 474 476 479 480 481 485 486 489 490 491 493 495 497 511 512 514
                  518 520 521 522 523 527 546 551 553 559 565 577 592 604 607 611 627 631 632
                  633 635 639 642 658 661 667 670 673 684 706 753 762 765 769 774 778 787 791
                  799
      AN5         4 12 14 32 39 48 57 60 67 68 69 76 77 90 100 101 105 106 108 123 129 133 159
                  161 193 207 211 212 223 238 243 253 256 260 262 264 273 274 303 304 305 325
                  327 335 344 350 351 353 359 362 365 369 371 379 380 386 392 393 396 412 417
                  421 422 423 424 427 432 435 436 439 442 447 448 449 454 465 470 472 474 476
                  479 480 481 485 489 491 493 494 495 496 501 503 507 511 512 513 514 515 520
                  521 522 523 546 551 553 559 568 577 586 605 607 611 612 627 631 632 633 635
                  645 654 655 657 658 667 670 673 674 696 706 709 715 730 747 753 754 755 758
                  762 765 769 774 787 791 799 800
      S1          19 39 60 69 76 101 129 133 138 146 157 175 225 242 260 266 271 292 299 334 337
                  354 362 374 394 396 403 407 409 413 442 447 448 453 456 464 473 474 476 479
                  486 489 511 512 513 515 520 521 535 551 559 565 591 618 633 639 645 654 655
                  675 694 696 706 709 736 762 765 774 778 799
      S2          19 60 76 77 86 90 101 105 106 129 131 163 175 193 207 223 257 260 266 292 297
                  299 337 362 371 392 394 396 407 409 417 421 442 448 449 454 464 473 474 476
                  479 486 496 503 511 512 515 551 553 565 639 654 670 706 709 765 777 778 787
                  791 799
      S3          4 7 52 56 60 68 69 76 77 83 86 96 101 105 106 131 161 163 175 176 193 238 242
                  246 257 260 266 292 297 299 310 344 362 394 396 407 417 442 447 448 449 453
                  454 457 464 473 474 476 479 486 489 496 499 510 511 512 520 527 546 551 553
                  565 566 615 651 655 661 667 670 674 675 694 696 701 706 709 722 730 753 765
                  769 787 795 799 800
      S4          4 7 32 37 39 54 59 60 65 74 76 80 84 86 96 98 101 106 110 130 133 137 146 160
                  161 171 175 179 193 208 222 223 226 242 243 246 253 255 256 257 260 262 263
                  266 290 292 304 335 337 358 362 367 369 371 372 380 383 386 388 393 394 396
                  403 406 407 412 417 424 432 441 447 448 450 451 457 460 462 464 465 468 471
                  473 474 476 479 480 481 483 486 489 493 494 496 499 503 506 509 514 515 517
                  518 520 522 527 535 549 551 553 556 565 566 586 623 628 635 636 637 658 674
                  693 694 696 706 709 715 718 744 753 755 770 774 778 787 788 792 795 800
      S5          12 35 39 54 60 61 69 76 83 86 101 105 109 133 146 161 166 174 193 207 208 234
                  242 260 266 292 299 334 337 362 365 371 394 396 403 417 442 448 453 457 464
                  472 473 474 476 479 486 489 496 511 512 513 517 520 546 553 559 565 577 580
                  588 618 645 675 709 758 769

   1 WARNING(S) FOUND IN THE INPUT INSTRUCTIONS




TWO-LEVEL SEM SENSITIVITY - SCENARIO A
social street activation: commercial frontage and outdoor terraces.
Separates within-participant from between-participant variation.
Within-level condition/attribute effects are the sensitivity target.

SUMMARY OF ANALYSIS

Number of groups                                                 1
Number of observations                                        1968

Number of dependent variables                                   15
Number of independent variables                                  4
Number of continuous latent variables                            6

Observed dependent variables

  Continuous
   AP1         AP2         AP3         AP4         AP5         AN1
   AN2         AN3         AN4         AN5         S1          S2
   S3          S4          S5

Observed independent variables
   ONLINE      BLOCK       PRESENT     PBLOCK

Continuous latent variables
   APW         ANW         STW         APB         ANB         STB

Variables with special functions

  Cluster variable      ID

  Within variables
   BLOCK       PRESENT     PBLOCK

  Between variables
   ONLINE


Estimator                                                      MLR
Information matrix                                        OBSERVED
Maximum number of iterations                                 10000
Convergence criterion                                    0.100D-05
Maximum number of EM iterations                                500
Convergence criteria for the EM algorithm
  Loglikelihood change                                   0.100D-02
  Relative loglikelihood change                          0.100D-05
  Derivative                                             0.100D-03
Minimum variance                                         0.100D-03
Maximum number of steepest descent iterations                   20
Maximum number of iterations for H1                           2000
Convergence criterion for H1                             0.100D-03
Optimization algorithm                                         EMA

Input data file(s)
  ../../data/Scenario_A_long_final.txt
Input data format  FREE


SUMMARY OF DATA

     Number of missing data patterns             1
     Number of clusters                        492



COVARIANCE COVERAGE OF DATA

Minimum covariance coverage value   0.100


     PROPORTION OF DATA PRESENT


           Covariance Coverage
              AP1           AP2           AP3           AP4           AP5
              ________      ________      ________      ________      ________
 AP1            1.000
 AP2            1.000         1.000
 AP3            1.000         1.000         1.000
 AP4            1.000         1.000         1.000         1.000
 AP5            1.000         1.000         1.000         1.000         1.000
 AN1            1.000         1.000         1.000         1.000         1.000
 AN2            1.000         1.000         1.000         1.000         1.000
 AN3            1.000         1.000         1.000         1.000         1.000
 AN4            1.000         1.000         1.000         1.000         1.000
 AN5            1.000         1.000         1.000         1.000         1.000
 S1             1.000         1.000         1.000         1.000         1.000
 S2             1.000         1.000         1.000         1.000         1.000
 S3             1.000         1.000         1.000         1.000         1.000
 S4             1.000         1.000         1.000         1.000         1.000
 S5             1.000         1.000         1.000         1.000         1.000
 BLOCK          1.000         1.000         1.000         1.000         1.000
 PRESENT        1.000         1.000         1.000         1.000         1.000
 PBLOCK         1.000         1.000         1.000         1.000         1.000
 ONLINE         1.000         1.000         1.000         1.000         1.000


           Covariance Coverage
              AN1           AN2           AN3           AN4           AN5
              ________      ________      ________      ________      ________
 AN1            1.000
 AN2            1.000         1.000
 AN3            1.000         1.000         1.000
 AN4            1.000         1.000         1.000         1.000
 AN5            1.000         1.000         1.000         1.000         1.000
 S1             1.000         1.000         1.000         1.000         1.000
 S2             1.000         1.000         1.000         1.000         1.000
 S3             1.000         1.000         1.000         1.000         1.000
 S4             1.000         1.000         1.000         1.000         1.000
 S5             1.000         1.000         1.000         1.000         1.000
 BLOCK          1.000         1.000         1.000         1.000         1.000
 PRESENT        1.000         1.000         1.000         1.000         1.000
 PBLOCK         1.000         1.000         1.000         1.000         1.000
 ONLINE         1.000         1.000         1.000         1.000         1.000


           Covariance Coverage
              S1            S2            S3            S4            S5
              ________      ________      ________      ________      ________
 S1             1.000
 S2             1.000         1.000
 S3             1.000         1.000         1.000
 S4             1.000         1.000         1.000         1.000
 S5             1.000         1.000         1.000         1.000         1.000
 BLOCK          1.000         1.000         1.000         1.000         1.000
 PRESENT        1.000         1.000         1.000         1.000         1.000
 PBLOCK         1.000         1.000         1.000         1.000         1.000
 ONLINE         1.000         1.000         1.000         1.000         1.000


           Covariance Coverage
              BLOCK         PRESENT       PBLOCK        ONLINE
              ________      ________      ________      ________
 BLOCK          1.000
 PRESENT        1.000         1.000
 PBLOCK         1.000         1.000         1.000
 ONLINE         1.000         1.000         1.000         1.000


SAMPLE STATISTICS

NOTE:  The sample statistics for within and between refer to the
       maximum-likelihood estimated within and between covariance
       matrices, respectively.


UNIVARIATE SAMPLE STATISTICS


     UNIVARIATE HIGHER-ORDER MOMENT DESCRIPTIVE STATISTICS

         Variable/         Mean/     Skewness/   Minimum/ % with                Percentiles
        Sample Size      Variance    Kurtosis    Maximum  Min/Max      20%/60%    40%/80%    Median

     AP1                   3.197      -0.187       1.000   10.11%       2.000      3.000      3.000
            1968.000       1.387      -0.703       5.000   15.50%       3.000      4.000
     AP2                   3.521      -0.462       1.000    6.61%       3.000      3.000      4.000
            1968.000       1.369      -0.597       5.000   23.63%       4.000      5.000
     AP3                   2.999      -0.063       1.000    9.91%       2.000      3.000      3.000
            1968.000       1.054      -0.036       5.000    8.74%       3.000      4.000
     AP4                   2.968      -0.083       1.000   11.38%       2.000      3.000      3.000
            1968.000       1.134      -0.282       5.000    8.43%       3.000      4.000
     AP5                   3.247      -0.250       1.000    7.72%       2.000      3.000      3.000
            1968.000       1.166      -0.354       5.000   13.01%       3.000      4.000
     AN1                   2.582       0.317       1.000   24.75%       1.000      2.000      3.000
            1968.000       1.542      -0.872       5.000    8.38%       3.000      4.000
     AN2                   2.473       0.360       1.000   26.42%       1.000      2.000      2.000
            1968.000       1.378      -0.675       5.000    6.15%       3.000      3.000
     AN3                   2.578       0.302       1.000   22.31%       1.000      2.000      3.000
            1968.000       1.387      -0.714       5.000    7.01%       3.000      4.000
     AN4                   2.413       0.416       1.000   26.88%       1.000      2.000      2.000
            1968.000       1.305      -0.567       5.000    5.28%       3.000      3.000
     AN5                   2.370       0.490       1.000   28.76%       1.000      2.000      2.000
            1968.000       1.339      -0.531       5.000    5.59%       3.000      3.000
     S1                    3.250      -0.344       1.000   10.77%       2.000      3.000      3.000
            1968.000       1.406      -0.678       5.000   14.89%       4.000      4.000
     S2                    3.320      -0.420       1.000    9.65%       2.000      3.000      3.000
            1968.000       1.377      -0.616       5.000   15.60%       4.000      4.000
     S3                    3.422      -0.518       1.000    8.69%       2.000      3.000      4.000
            1968.000       1.350      -0.470       5.000   17.84%       4.000      4.000
     S4                    3.059      -0.133       1.000   10.47%       2.000      3.000      3.000
            1968.000       1.129      -0.157       5.000   10.16%       3.000      4.000
     S5                    3.276      -0.316       1.000   11.28%       2.000      3.000      3.000
            1968.000       1.530      -0.823       5.000   18.19%       4.000      4.000
     BLOCK                 0.500       0.000       0.000   50.00%       0.000      0.000      0.500
            1968.000       0.250      -2.000       1.000   50.00%       1.000      1.000
     PRESENT               0.500       0.000       0.000   50.00%       0.000      0.000      0.500
            1968.000       0.250      -2.000       1.000   50.00%       1.000      1.000
     PBLOCK                0.250       1.155       0.000   75.00%       0.000      0.000      0.000
            1968.000       0.188      -0.667       1.000   25.00%       0.000      1.000
     ONLINE                1.646      -0.612       1.000   35.37%       1.000      2.000      2.000
             492.000       0.229      -1.625       2.000   64.63%       2.000      2.000


     VIF (VARIANCE INFLATION FACTOR) FOR EXPLORING MULTICOLLINEARITY OF INDEPENDENT VARIABLES

     Variable        VIF       Variable        VIF       Variable        VIF

     BLOCK          2.000      PRESENT        2.000      PBLOCK         3.000


THE MODEL ESTIMATION TERMINATED NORMALLY

     WARNING:  THE RESIDUAL COVARIANCE MATRIX (THETA) IS NOT POSITIVE DEFINITE.
     THIS COULD INDICATE A NEGATIVE VARIANCE/RESIDUAL VARIANCE FOR AN OBSERVED
     VARIABLE, A CORRELATION GREATER OR EQUAL TO ONE BY ABSOLUTE VALUE BETWEEN TWO
     OBSERVED VARIABLES, OR A LINEAR DEPENDENCY AMONG MORE THAN TWO OBSERVED VARIABLES.
     CHECK THE RESULTS SECTION FOR MORE INFORMATION.

     THE H1 MODEL ESTIMATION DID NOT CONVERGE.  CHI-SQUARE TEST AND SAMPLE STATISTICS COULD NOT
     BE COMPUTED.  INCREASE THE NUMBER OF H1ITERATIONS.


     THE BASELINE MODEL ESTIMATION DID NOT CONVERGE.  THE CHI-SQUARE VALUE
     COULD NOT BE COMPUTED.  INCREASE THE NUMBER OF H1ITERATIONS.




MODEL FIT INFORMATION

Number of Free Parameters                       97

Loglikelihood

          H0 Value                      -37298.310
          H0 Scaling Correction Factor      1.8992
            for MLR

Information Criteria

          Akaike (AIC)                   74790.621
          Bayesian (BIC)                 75332.344
          Sample-Size Adjusted BIC       75024.171
            (n* = (n + 2) / 24)



MODEL RESULTS

                                                    Two-Tailed
                    Estimate       S.E.  Est./S.E.    P-Value

Within Level

 APW      BY
    AP1                1.000      0.000    999.000    999.000
    AP2                0.927      0.110      8.451      0.000
    AP3                0.783      0.036     21.949      0.000
    AP4                0.822      0.034     23.891      0.000
    AP5                0.739      0.037     20.239      0.000
    AN2               -0.347      0.053     -6.591      0.000

 ANW      BY
    AN1                1.000      0.000    999.000    999.000
    AN2                0.611      0.071      8.649      0.000
    AN3                1.068      0.051     21.069      0.000
    AN4                0.990      0.045     22.193      0.000
    AN5                0.963      0.054     17.823      0.000
    AP2                0.937      0.142      6.604      0.000

 STW      BY
    S1                 1.000      0.000    999.000    999.000
    S2                 1.038      0.023     45.947      0.000
    S3                 1.033      0.026     39.002      0.000
    S4                 0.715      0.031     23.439      0.000
    S5                 1.062      0.027     39.391      0.000

 STW        ON
    APW                0.792      0.044     18.059      0.000
    ANW               -0.211      0.051     -4.107      0.000

 APW        ON
    PRESENT            0.894      0.063     14.145      0.000
    BLOCK              0.339      0.043      7.912      0.000
    PBLOCK            -0.888      0.085    -10.450      0.000

 ANW        ON
    PRESENT           -0.234      0.058     -4.029      0.000
    BLOCK             -0.205      0.039     -5.299      0.000
    PBLOCK             0.797      0.070     11.455      0.000

 STW        ON
    PRESENT           -0.197      0.054     -3.667      0.000
    BLOCK              0.156      0.042      3.735      0.000
    PBLOCK            -0.263      0.068     -3.846      0.000

 APW      WITH
    ANW               -0.397      0.044     -9.086      0.000

 Residual Variances
    AP1                0.563      0.038     14.655      0.000
    AP2                0.895      0.068     13.070      0.000
    AP3                0.445      0.039     11.503      0.000
    AP4                0.406      0.035     11.726      0.000
    AP5                0.554      0.045     12.322      0.000
    AN1                0.823      0.055     15.067      0.000
    AN2                0.624      0.043     14.512      0.000
    AN3                0.476      0.042     11.352      0.000
    AN4                0.460      0.044     10.487      0.000
    AN5                0.479      0.045     10.748      0.000
    S1                 0.430      0.032     13.521      0.000
    S2                 0.301      0.025     12.078      0.000
    S3                 0.259      0.033      7.811      0.000
    S4                 0.477      0.026     18.121      0.000
    S5                 0.458      0.035     13.162      0.000
    APW                0.704      0.043     16.489      0.000
    ANW                0.507      0.053      9.530      0.000
    STW                0.265      0.028      9.341      0.000

Between Level

 APB      BY
    AP1                1.000      0.000    999.000    999.000
    AP2                0.915      0.406      2.255      0.024
    AP3                2.742      0.602      4.552      0.000
    AP4                3.482      0.946      3.683      0.000
    AP5                1.893      0.655      2.890      0.004
    AN2                0.251      0.375      0.670      0.503

 ANB      BY
    AN1                1.000      0.000    999.000    999.000
    AN2                1.078      0.144      7.478      0.000
    AN3                1.368      0.125     10.961      0.000
    AN4                1.489      0.148     10.049      0.000
    AN5                1.557      0.174      8.964      0.000
    AP2               -0.213      0.131     -1.623      0.105

 STB      BY
    S1                 1.000      0.000    999.000    999.000
    S2                 1.837      0.473      3.883      0.000
    S3                 2.258      0.643      3.510      0.000
    S4                -1.226      0.807     -1.520      0.129
    S5                -0.359      0.387     -0.928      0.353

 STB        ON
    APB                0.180      0.132      1.364      0.173
    ANB               -0.197      0.062     -3.209      0.001

 APB        ON
    ONLINE             0.018      0.017      1.082      0.279

 ANB        ON
    ONLINE             0.026      0.043      0.604      0.546

 STB        ON
    ONLINE             0.019      0.020      0.941      0.347

 APB      WITH
    ANB                0.011      0.005      2.250      0.024

 Intercepts
    AP1                2.777      0.049     56.342      0.000
    AP2                3.157      0.063     50.149      0.000
    AP3                2.611      0.078     33.294      0.000
    AP4                2.542      0.098     25.894      0.000
    AP5                2.901      0.067     43.290      0.000
    AN1                2.557      0.083     30.637      0.000
    AN2                2.566      0.090     28.499      0.000
    AN3                2.538      0.103     24.625      0.000
    AN4                2.367      0.112     21.063      0.000
    AN5                2.321      0.116     19.947      0.000
    S1                 2.996      0.062     48.354      0.000
    S2                 3.035      0.087     35.021      0.000
    S3                 3.126      0.106     29.353      0.000
    S4                 2.931      0.054     54.403      0.000
    S5                 3.048      0.048     63.683      0.000

 Residual Variances
    AP1                0.002      0.018      0.094      0.925
    AP2                0.014      0.027      0.521      0.602
    AP3                0.002      0.021      0.118      0.906
    AP4                0.001      0.025      0.022      0.982
    AP5                0.104      0.026      4.019      0.000
    AN1                0.022      0.024      0.930      0.352
    AN2                0.108      0.027      4.047      0.000
    AN3                0.020      0.021      0.961      0.337
    AN4               -0.004      0.018     -0.238      0.812
    AN5                0.011      0.019      0.571      0.568
    S1                 0.019      0.015      1.247      0.212
    S2                 0.002      0.014      0.150      0.880
    S3                -0.001      0.023     -0.063      0.949
    S4                 0.119      0.037      3.215      0.001
    S5                 0.001      0.021      0.053      0.958
    APB                0.016      0.008      2.010      0.044
    ANB                0.135      0.032      4.241      0.000
    STB                0.011      0.007      1.685      0.092

New/Additional Parameters
    CAPW               0.894      0.063     14.145      0.000
    CANW              -0.234      0.058     -4.029      0.000
    CDIRW             -0.197      0.054     -3.667      0.000
    CIAPW              0.708      0.063     11.327      0.000
    CIANW              0.049      0.016      3.075      0.002
    CIINDW             0.757      0.064     11.844      0.000
    CTOTW              0.561      0.072      7.764      0.000
    TAPW               0.006      0.082      0.071      0.943
    TANW               0.563      0.069      8.112      0.000
    TDIRW             -0.459      0.054     -8.573      0.000
    TIAPW              0.005      0.065      0.071      0.943
    TIANW             -0.119      0.032     -3.658      0.000
    TIINDW            -0.114      0.080     -1.428      0.153
    TTOTW             -0.573      0.080     -7.131      0.000
    DAPW              -0.888      0.085    -10.450      0.000
    DANW               0.797      0.070     11.455      0.000
    DDIRW             -0.263      0.068     -3.846      0.000
    DIAPW             -0.703      0.075     -9.391      0.000
    DIANW             -0.168      0.042     -3.996      0.000
    DIINDW            -0.871      0.076    -11.439      0.000
    DTOTW             -1.134      0.082    -13.914      0.000


QUALITY OF NUMERICAL RESULTS

     Condition Number for the Information Matrix              0.847E-06
       (ratio of smallest to largest eigenvalue)


STANDARDIZED MODEL RESULTS


STDYX Standardization

                                                    Two-Tailed
                    Estimate       S.E.  Est./S.E.    P-Value

Within Level

 APW      BY
    AP1                0.767      0.016     46.674      0.000
    AP2                0.720      0.083      8.633      0.000
    AP3                0.725      0.027     26.573      0.000
    AP4                0.757      0.024     31.282      0.000
    AP5                0.666      0.027     24.452      0.000
    AN2               -0.295      0.046     -6.487      0.000

 ANW      BY
    AN1                0.637      0.027     23.539      0.000
    AN2                0.434      0.047      9.275      0.000
    AN3                0.758      0.023     32.526      0.000
    AN4                0.738      0.028     26.309      0.000
    AN5                0.722      0.028     25.625      0.000
    AP2                0.607      0.085      7.119      0.000

 STW      BY
    S1                 0.829      0.014     59.923      0.000
    S2                 0.879      0.011     78.573      0.000
    S3                 0.892      0.014     61.914      0.000
    S4                 0.710      0.020     35.966      0.000
    S5                 0.836      0.013     63.555      0.000

 STW        ON
    APW                0.732      0.037     19.935      0.000
    ANW               -0.162      0.039     -4.190      0.000

 APW        ON
    PRESENT            0.497      0.032     15.732      0.000
    BLOCK              0.189      0.023      8.291      0.000
    PBLOCK            -0.428      0.039    -11.070      0.000

 ANW        ON
    PRESENT           -0.156      0.037     -4.187      0.000
    BLOCK             -0.136      0.025     -5.466      0.000
    PBLOCK             0.460      0.037     12.429      0.000

 STW        ON
    PRESENT           -0.101      0.028     -3.640      0.000
    BLOCK              0.080      0.021      3.746      0.000
    PBLOCK            -0.117      0.030     -3.852      0.000

 APW      WITH
    ANW               -0.665      0.064    -10.358      0.000

 Residual Variances
    AP1                0.411      0.025     16.290      0.000
    AP2                0.669      0.042     15.851      0.000
    AP3                0.474      0.040     11.968      0.000
    AP4                0.427      0.037     11.657      0.000
    AP5                0.557      0.036     15.354      0.000
    AN1                0.594      0.034     17.219      0.000
    AN2                0.561      0.034     16.566      0.000
    AN3                0.426      0.035     12.067      0.000
    AN4                0.455      0.041     10.977      0.000
    AN5                0.479      0.041     11.772      0.000
    S1                 0.313      0.023     13.624      0.000
    S2                 0.228      0.020     11.616      0.000
    S3                 0.204      0.026      7.939      0.000
    S4                 0.496      0.028     17.717      0.000
    S5                 0.301      0.022     13.660      0.000
    APW                0.873      0.016     55.605      0.000
    ANW                0.901      0.017     53.244      0.000
    STW                0.281      0.028     10.196      0.000

Between Level

 APB      BY
    AP1                0.949      0.494      1.922      0.055
    AP2                0.674      0.330      2.041      0.041
    AP3                0.990      0.086     11.444      0.000
    AP4                0.999      0.066     15.208      0.000
    AP5                0.591      0.106      5.549      0.000
    AN2                0.060      0.091      0.660      0.510

 ANB      BY
    AN1                0.927      0.073     12.685      0.000
    AN2                0.760      0.061     12.451      0.000
    AN3                0.963      0.038     25.266      0.000
    AN4                1.007      0.031     32.473      0.000
    AN5                0.984      0.028     35.755      0.000
    AP2               -0.462      0.343     -1.349      0.177

 STB      BY
    S1                 0.679      0.170      4.006      0.000
    S2                 0.981      0.126      7.795      0.000
    S3                 1.009      0.139      7.271      0.000
    S4                -0.413      0.230     -1.796      0.073
    S5                -0.809      2.764     -0.293      0.770

 STB        ON
    APB                0.176      0.107      1.647      0.100
    ANB               -0.569      0.081     -6.987      0.000

 APB        ON
    ONLINE             0.070      0.064      1.101      0.271

 ANB        ON
    ONLINE             0.034      0.055      0.615      0.538

 STB        ON
    ONLINE             0.070      0.073      0.956      0.339

 APB      WITH
    ANB                0.240      0.096      2.494      0.013

 Intercepts
    AP1               21.084     13.220      1.595      0.111
    AP2               18.623      8.835      2.108      0.035
    AP3                7.542      0.878      8.592      0.000
    AP4                5.832      0.536     10.880      0.000
    AP5                7.248      0.874      8.294      0.000
    AN1                6.445      0.867      7.436      0.000
    AN2                4.919      0.374     13.144      0.000
    AN3                4.860      0.423     11.487      0.000
    AN4                4.354      0.359     12.136      0.000
    AN5                3.990      0.318     12.544      0.000
    S1                15.966      4.245      3.761      0.000
    S2                12.711      2.898      4.386      0.000
    S3                10.955      1.929      5.679      0.000
    S4                 7.749      0.782      9.911      0.000
    S5                53.901    167.507      0.322      0.748

 Residual Variances
    AP1                0.099      0.937      0.106      0.916
    AP2                0.482      0.545      0.885      0.376
    AP3                0.020      0.171      0.118      0.906
    AP4                0.003      0.131      0.022      0.982
    AP5                0.651      0.126      5.171      0.000
    AN1                0.141      0.135      1.038      0.299
    AN2                0.396      0.080      4.927      0.000
    AN3                0.072      0.073      0.987      0.324
    AN4               -0.015    999.000    999.000    999.000
    AN5                0.032      0.054      0.582      0.561
    S1                 0.538      0.230      2.336      0.019
    S2                 0.038      0.247      0.154      0.878
    S3                -0.018    999.000    999.000    999.000
    S4                 0.829      0.190      4.364      0.000
    S5                 0.345      4.473      0.077      0.938
    APB                0.995      0.009    111.757      0.000
    ANB                0.999      0.004    270.599      0.000
    STB                0.689      0.087      7.955      0.000


STDY Standardization

                                                    Two-Tailed
                    Estimate       S.E.  Est./S.E.    P-Value

Within Level

 APW      BY
    AP1                0.767      0.016     46.674      0.000
    AP2                0.720      0.083      8.633      0.000
    AP3                0.725      0.027     26.573      0.000
    AP4                0.757      0.024     31.282      0.000
    AP5                0.666      0.027     24.452      0.000
    AN2               -0.295      0.046     -6.487      0.000

 ANW      BY
    AN1                0.637      0.027     23.539      0.000
    AN2                0.434      0.047      9.275      0.000
    AN3                0.758      0.023     32.526      0.000
    AN4                0.738      0.028     26.309      0.000
    AN5                0.722      0.028     25.625      0.000
    AP2                0.607      0.085      7.119      0.000

 STW      BY
    S1                 0.829      0.014     59.923      0.000
    S2                 0.879      0.011     78.573      0.000
    S3                 0.892      0.014     61.914      0.000
    S4                 0.710      0.020     35.966      0.000
    S5                 0.836      0.013     63.555      0.000

 STW        ON
    APW                0.732      0.037     19.935      0.000
    ANW               -0.162      0.039     -4.190      0.000

 APW        ON
    PRESENT            0.995      0.061     16.183      0.000
    BLOCK              0.377      0.045      8.363      0.000
    PBLOCK            -0.988      0.088    -11.246      0.000

 ANW        ON
    PRESENT           -0.312      0.074     -4.196      0.000
    BLOCK             -0.273      0.050     -5.487      0.000
    PBLOCK             1.063      0.084     12.637      0.000

 STW        ON
    PRESENT           -0.202      0.055     -3.647      0.000
    BLOCK              0.160      0.043      3.752      0.000
    PBLOCK            -0.270      0.070     -3.859      0.000

 APW      WITH
    ANW               -0.665      0.064    -10.358      0.000

 Residual Variances
    AP1                0.411      0.025     16.290      0.000
    AP2                0.669      0.042     15.851      0.000
    AP3                0.474      0.040     11.968      0.000
    AP4                0.427      0.037     11.657      0.000
    AP5                0.557      0.036     15.354      0.000
    AN1                0.594      0.034     17.219      0.000
    AN2                0.561      0.034     16.566      0.000
    AN3                0.426      0.035     12.067      0.000
    AN4                0.455      0.041     10.977      0.000
    AN5                0.479      0.041     11.772      0.000
    S1                 0.313      0.023     13.624      0.000
    S2                 0.228      0.020     11.616      0.000
    S3                 0.204      0.026      7.939      0.000
    S4                 0.496      0.028     17.717      0.000
    S5                 0.301      0.022     13.660      0.000
    APW                0.873      0.016     55.605      0.000
    ANW                0.901      0.017     53.244      0.000
    STW                0.281      0.028     10.196      0.000

Between Level

 APB      BY
    AP1                0.949      0.494      1.922      0.055
    AP2                0.674      0.330      2.041      0.041
    AP3                0.990      0.086     11.444      0.000
    AP4                0.999      0.066     15.208      0.000
    AP5                0.591      0.106      5.549      0.000
    AN2                0.060      0.091      0.660      0.510

 ANB      BY
    AN1                0.927      0.073     12.685      0.000
    AN2                0.760      0.061     12.451      0.000
    AN3                0.963      0.038     25.266      0.000
    AN4                1.007      0.031     32.473      0.000
    AN5                0.984      0.028     35.755      0.000
    AP2               -0.462      0.343     -1.349      0.177

 STB      BY
    S1                 0.679      0.170      4.006      0.000
    S2                 0.981      0.126      7.795      0.000
    S3                 1.009      0.139      7.271      0.000
    S4                -0.413      0.230     -1.796      0.073
    S5                -0.809      2.764     -0.293      0.770

 STB        ON
    APB                0.176      0.107      1.647      0.100
    ANB               -0.569      0.081     -6.987      0.000

 APB        ON
    ONLINE             0.146      0.133      1.101      0.271

 ANB        ON
    ONLINE             0.070      0.115      0.615      0.538

 STB        ON
    ONLINE             0.147      0.154      0.956      0.339

 APB      WITH
    ANB                0.240      0.096      2.494      0.013

 Intercepts
    AP1               21.084     13.220      1.595      0.111
    AP2               18.623      8.835      2.108      0.035
    AP3                7.542      0.878      8.592      0.000
    AP4                5.832      0.536     10.880      0.000
    AP5                7.248      0.874      8.294      0.000
    AN1                6.445      0.867      7.436      0.000
    AN2                4.919      0.374     13.144      0.000
    AN3                4.860      0.423     11.487      0.000
    AN4                4.354      0.359     12.136      0.000
    AN5                3.990      0.318     12.544      0.000
    S1                15.966      4.245      3.761      0.000
    S2                12.711      2.898      4.386      0.000
    S3                10.955      1.929      5.679      0.000
    S4                 7.749      0.782      9.911      0.000
    S5                53.901    167.507      0.322      0.748

 Residual Variances
    AP1                0.099      0.937      0.106      0.916
    AP2                0.482      0.545      0.885      0.376
    AP3                0.020      0.171      0.118      0.906
    AP4                0.003      0.131      0.022      0.982
    AP5                0.651      0.126      5.171      0.000
    AN1                0.141      0.135      1.038      0.299
    AN2                0.396      0.080      4.927      0.000
    AN3                0.072      0.073      0.987      0.324
    AN4              999.000    999.000    999.000    999.000
    AN5                0.032      0.054      0.582      0.561
    S1                 0.538      0.230      2.336      0.019
    S2                 0.038      0.247      0.154      0.878
    S3               999.000    999.000    999.000    999.000
    S4                 0.829      0.190      4.364      0.000
    S5                 0.345      4.473      0.077      0.938
    APB                0.995      0.009    111.757      0.000
    ANB                0.999      0.004    270.599      0.000
    STB                0.689      0.087      7.955      0.000


STD Standardization

                                                    Two-Tailed
                    Estimate       S.E.  Est./S.E.    P-Value

Within Level

 APW      BY
    AP1                0.898      0.027     33.603      0.000
    AP2                0.833      0.098      8.525      0.000
    AP3                0.703      0.036     19.477      0.000
    AP4                0.738      0.035     21.248      0.000
    AP5                0.664      0.035     18.924      0.000
    AN2               -0.311      0.048     -6.478      0.000

 ANW      BY
    AN1                0.750      0.037     20.151      0.000
    AN2                0.458      0.052      8.782      0.000
    AN3                0.801      0.033     23.979      0.000
    AN4                0.742      0.037     19.987      0.000
    AN5                0.722      0.037     19.731      0.000
    AP2                0.702      0.098      7.151      0.000

 STW      BY
    S1                 0.972      0.028     35.221      0.000
    S2                 1.009      0.028     36.036      0.000
    S3                 1.004      0.029     34.059      0.000
    S4                 0.696      0.033     21.027      0.000
    S5                 1.032      0.026     39.326      0.000

 STW        ON
    APW                0.732      0.037     19.935      0.000
    ANW               -0.162      0.039     -4.190      0.000

 APW        ON
    PRESENT            0.995      0.061     16.183      0.000
    BLOCK              0.377      0.045      8.363      0.000
    PBLOCK            -0.988      0.088    -11.246      0.000

 ANW        ON
    PRESENT           -0.312      0.074     -4.196      0.000
    BLOCK             -0.273      0.050     -5.487      0.000
    PBLOCK             1.063      0.084     12.637      0.000

 STW        ON
    PRESENT           -0.202      0.055     -3.647      0.000
    BLOCK              0.160      0.043      3.752      0.000
    PBLOCK            -0.270      0.070     -3.859      0.000

 APW      WITH
    ANW               -0.665      0.064    -10.358      0.000

 Residual Variances
    AP1                0.563      0.038     14.655      0.000
    AP2                0.895      0.068     13.070      0.000
    AP3                0.445      0.039     11.503      0.000
    AP4                0.406      0.035     11.726      0.000
    AP5                0.554      0.045     12.322      0.000
    AN1                0.823      0.055     15.067      0.000
    AN2                0.624      0.043     14.512      0.000
    AN3                0.476      0.042     11.352      0.000
    AN4                0.460      0.044     10.487      0.000
    AN5                0.479      0.045     10.748      0.000
    S1                 0.430      0.032     13.521      0.000
    S2                 0.301      0.025     12.078      0.000
    S3                 0.259      0.033      7.811      0.000
    S4                 0.477      0.026     18.121      0.000
    S5                 0.458      0.035     13.162      0.000
    APW                0.873      0.016     55.605      0.000
    ANW                0.901      0.017     53.244      0.000
    STW                0.281      0.028     10.196      0.000

Between Level

 APB      BY
    AP1                0.125      0.031      4.027      0.000
    AP2                0.114      0.044      2.582      0.010
    AP3                0.343      0.043      7.910      0.000
    AP4                0.435      0.041     10.571      0.000
    AP5                0.237      0.057      4.156      0.000
    AN2                0.031      0.047      0.662      0.508

 ANB      BY
    AN1                0.368      0.043      8.453      0.000
    AN2                0.396      0.040      9.947      0.000
    AN3                0.503      0.038     13.357      0.000
    AN4                0.548      0.030     18.480      0.000
    AN5                0.572      0.030     19.227      0.000
    AP2               -0.078      0.043     -1.824      0.068

 STB      BY
    S1                 0.128      0.036      3.574      0.000
    S2                 0.234      0.051      4.627      0.000
    S3                 0.288      0.064      4.531      0.000
    S4                -0.156      0.087     -1.790      0.073
    S5                -0.046      0.046     -0.989      0.323

 STB        ON
    APB                0.176      0.107      1.647      0.100
    ANB               -0.569      0.081     -6.987      0.000

 APB        ON
    ONLINE             0.146      0.133      1.101      0.271

 ANB        ON
    ONLINE             0.070      0.115      0.615      0.538

 STB        ON
    ONLINE             0.147      0.154      0.956      0.339

 APB      WITH
    ANB                0.240      0.096      2.494      0.013

 Intercepts
    AP1                2.777      0.049     56.342      0.000
    AP2                3.157      0.063     50.149      0.000
    AP3                2.611      0.078     33.294      0.000
    AP4                2.542      0.098     25.894      0.000
    AP5                2.901      0.067     43.290      0.000
    AN1                2.557      0.083     30.637      0.000
    AN2                2.566      0.090     28.499      0.000
    AN3                2.538      0.103     24.625      0.000
    AN4                2.367      0.112     21.063      0.000
    AN5                2.321      0.116     19.947      0.000
    S1                 2.996      0.062     48.354      0.000
    S2                 3.035      0.087     35.021      0.000
    S3                 3.126      0.106     29.353      0.000
    S4                 2.931      0.054     54.403      0.000
    S5                 3.048      0.048     63.683      0.000

 Residual Variances
    AP1                0.002      0.018      0.094      0.925
    AP2                0.014      0.027      0.521      0.602
    AP3                0.002      0.021      0.118      0.906
    AP4                0.001      0.025      0.022      0.982
    AP5                0.104      0.026      4.019      0.000
    AN1                0.022      0.024      0.930      0.352
    AN2                0.108      0.027      4.047      0.000
    AN3                0.020      0.021      0.961      0.337
    AN4               -0.004    999.000    999.000    999.000
    AN5                0.011      0.019      0.571      0.568
    S1                 0.019      0.015      1.247      0.212
    S2                 0.002      0.014      0.150      0.880
    S3                -0.001    999.000    999.000    999.000
    S4                 0.119      0.037      3.215      0.001
    S5                 0.001      0.021      0.053      0.958
    APB                0.995      0.009    111.757      0.000
    ANB                0.999      0.004    270.599      0.000
    STB                0.689      0.087      7.955      0.000


R-SQUARE

Within Level

    Observed                                        Two-Tailed
    Variable        Estimate       S.E.  Est./S.E.    P-Value

    AP1                0.589      0.025     23.337      0.000
    AP2                0.331      0.042      7.853      0.000
    AP3                0.526      0.040     13.286      0.000
    AP4                0.573      0.037     15.641      0.000
    AP5                0.443      0.036     12.226      0.000
    AN1                0.406      0.034     11.769      0.000
    AN2                0.439      0.034     12.962      0.000
    AN3                0.574      0.035     16.263      0.000
    AN4                0.545      0.041     13.155      0.000
    AN5                0.521      0.041     12.812      0.000
    S1                 0.687      0.023     29.961      0.000
    S2                 0.772      0.020     39.287      0.000
    S3                 0.796      0.026     30.957      0.000
    S4                 0.504      0.028     17.983      0.000
    S5                 0.699      0.022     31.778      0.000

     Latent                                         Two-Tailed
    Variable        Estimate       S.E.  Est./S.E.    P-Value

    APW                0.127      0.016      8.101      0.000
    ANW                0.099      0.017      5.870      0.000
    STW                0.719      0.028     26.142      0.000

Between Level

    Observed                                        Two-Tailed
    Variable        Estimate       S.E.  Est./S.E.    P-Value

    AP1                0.901      0.937      0.961      0.336
    AP2                0.518      0.545      0.951      0.342
    AP3                0.980      0.171      5.722      0.000
    AP4                0.997      0.131      7.604      0.000
    AP5                0.349      0.126      2.775      0.006
    AN1                0.859      0.135      6.342      0.000
    AN2                0.604      0.080      7.504      0.000
    AN3                0.928      0.073     12.633      0.000
    AN4             Undefined   0.10147E+01
    AN5                0.968      0.054     17.878      0.000
    S1                 0.462      0.230      2.003      0.045
    S2                 0.962      0.247      3.898      0.000
    S3              Undefined   0.10178E+01
    S4                 0.171      0.190      0.898      0.369
    S5                 0.655      4.473      0.146      0.884

     Latent                                         Two-Tailed
    Variable        Estimate       S.E.  Est./S.E.    P-Value

    APB                0.005      0.009      0.550      0.582
    ANB                0.001      0.004      0.308      0.758
    STB                0.311      0.087      3.587      0.000


CONFIDENCE INTERVALS OF MODEL RESULTS

                  Lower .5%  Lower 2.5%    Lower 5%    Estimate    Upper 5%  Upper 2.5%   Upper .5%

Within Level

 APW      BY
    AP1              1.000       1.000       1.000       1.000       1.000       1.000       1.000
    AP2              0.644       0.712       0.747       0.927       1.107       1.142       1.210
    AP3              0.691       0.713       0.724       0.783       0.841       0.853       0.875
    AP4              0.733       0.754       0.765       0.822       0.878       0.889       0.910
    AP5              0.645       0.668       0.679       0.739       0.799       0.811       0.833
    AN2             -0.482      -0.450      -0.433      -0.347      -0.260      -0.244      -0.211

 ANW      BY
    AN1              1.000       1.000       1.000       1.000       1.000       1.000       1.000
    AN2              0.429       0.473       0.495       0.611       0.727       0.750       0.793
    AN3              0.937       0.968       0.984       1.068       1.151       1.167       1.198
    AN4              0.875       0.902       0.916       0.990       1.063       1.077       1.105
    AN5              0.823       0.857       0.874       0.963       1.051       1.068       1.102
    AP2              0.571       0.659       0.703       0.937       1.170       1.215       1.302

 STW      BY
    S1               1.000       1.000       1.000       1.000       1.000       1.000       1.000
    S2               0.980       0.994       1.001       1.038       1.075       1.082       1.096
    S3               0.965       0.981       0.990       1.033       1.077       1.085       1.101
    S4               0.637       0.656       0.665       0.715       0.766       0.775       0.794
    S5               0.993       1.009       1.018       1.062       1.106       1.115       1.131

 STW      ON
    APW              0.679       0.706       0.720       0.792       0.865       0.878       0.905
    ANW             -0.343      -0.311      -0.295      -0.211      -0.126      -0.110      -0.079

 APW      ON
    PRESENT          0.731       0.770       0.790       0.894       0.997       1.017       1.056
    BLOCK            0.229       0.255       0.268       0.339       0.409       0.423       0.449
    PBLOCK          -1.107      -1.054      -1.027      -0.888      -0.748      -0.721      -0.669

 ANW      ON
    PRESENT         -0.384      -0.348      -0.330      -0.234      -0.138      -0.120      -0.084
    BLOCK           -0.304      -0.280      -0.268      -0.205      -0.141      -0.129      -0.105
    PBLOCK           0.618       0.661       0.682       0.797       0.911       0.933       0.976

 STW      ON
    PRESENT         -0.335      -0.302      -0.285      -0.197      -0.108      -0.091      -0.058
    BLOCK            0.048       0.074       0.087       0.156       0.225       0.238       0.264
    PBLOCK          -0.439      -0.397      -0.375      -0.263      -0.150      -0.129      -0.087

 APW      WITH
    ANW             -0.510      -0.483      -0.469      -0.397      -0.325      -0.311      -0.285

 Residual Variances
    AP1              0.464       0.488       0.500       0.563       0.626       0.638       0.662
    AP2              0.719       0.761       0.782       0.895       1.008       1.029       1.071
    AP3              0.345       0.369       0.381       0.445       0.509       0.521       0.545
    AP4              0.317       0.338       0.349       0.406       0.463       0.474       0.495
    AP5              0.438       0.466       0.480       0.554       0.628       0.642       0.669
    AN1              0.682       0.716       0.733       0.823       0.913       0.930       0.963
    AN2              0.513       0.540       0.553       0.624       0.695       0.708       0.735
    AN3              0.368       0.393       0.407       0.476       0.544       0.558       0.583
    AN4              0.347       0.374       0.388       0.460       0.532       0.546       0.572
    AN5              0.364       0.391       0.406       0.479       0.552       0.566       0.594
    S1               0.348       0.367       0.377       0.430       0.482       0.492       0.512
    S2               0.237       0.252       0.260       0.301       0.342       0.350       0.365
    S3               0.173       0.194       0.204       0.259       0.313       0.324       0.344
    S4               0.409       0.425       0.433       0.477       0.520       0.528       0.544
    S5               0.369       0.390       0.401       0.458       0.515       0.526       0.548
    APW              0.594       0.620       0.634       0.704       0.774       0.788       0.814
    ANW              0.370       0.402       0.419       0.507       0.594       0.611       0.643
    STW              0.192       0.210       0.218       0.265       0.312       0.321       0.338

Between Level

 APB      BY
    AP1              1.000       1.000       1.000       1.000       1.000       1.000       1.000
    AP2             -0.130       0.120       0.248       0.915       1.582       1.710       1.960
    AP3              1.190       1.561       1.751       2.742       3.732       3.922       4.293
    AP4              1.047       1.629       1.927       3.482       5.038       5.336       5.918
    AP5              0.206       0.609       0.815       1.893       2.970       3.176       3.579
    AN2             -0.715      -0.484      -0.366       0.251       0.869       0.987       1.218

 ANB      BY
    AN1              1.000       1.000       1.000       1.000       1.000       1.000       1.000
    AN2              0.707       0.796       0.841       1.078       1.315       1.361       1.450
    AN3              1.047       1.123       1.163       1.368       1.573       1.613       1.689
    AN4              1.107       1.199       1.245       1.489       1.733       1.779       1.871
    AN5              1.110       1.216       1.271       1.557       1.843       1.897       2.004
    AP2             -0.552      -0.471      -0.429      -0.213       0.003       0.044       0.125

 STB      BY
    S1               1.000       1.000       1.000       1.000       1.000       1.000       1.000
    S2               0.618       0.910       1.059       1.837       2.615       2.764       3.055
    S3               0.601       0.997       1.199       2.258       3.316       3.518       3.914
    S4              -3.303      -2.806      -2.552      -1.226       0.101       0.355       0.852
    S5              -1.355      -1.117      -0.995      -0.359       0.277       0.399       0.637

 STB      ON
    APB             -0.160      -0.079      -0.037       0.180       0.397       0.438       0.519
    ANB             -0.356      -0.318      -0.299      -0.197      -0.096      -0.077      -0.039

 APB      ON
    ONLINE          -0.025      -0.015      -0.010       0.018       0.046       0.051       0.062

 ANB      ON
    ONLINE          -0.085      -0.058      -0.045       0.026       0.097       0.110       0.136

 STB      ON
    ONLINE          -0.033      -0.020      -0.014       0.019       0.051       0.058       0.070

 APB      WITH
    ANB             -0.002       0.001       0.003       0.011       0.019       0.021       0.024

 Intercepts
    AP1              2.650       2.680       2.696       2.777       2.858       2.873       2.904
    AP2              2.995       3.034       3.054       3.157       3.261       3.281       3.320
    AP3              2.409       2.457       2.482       2.611       2.740       2.764       2.813
    AP4              2.289       2.350       2.381       2.542       2.703       2.734       2.795
    AP5              2.729       2.770       2.791       2.901       3.011       3.033       3.074
    AN1              2.342       2.393       2.419       2.557       2.694       2.720       2.772
    AN2              2.334       2.389       2.418       2.566       2.714       2.742       2.798
    AN3              2.273       2.336       2.369       2.538       2.708       2.740       2.804
    AN4              2.077       2.146       2.182       2.367       2.551       2.587       2.656
    AN5              2.021       2.093       2.130       2.321       2.512       2.549       2.621
    S1               2.837       2.875       2.894       2.996       3.098       3.118       3.156
    S2               2.811       2.865       2.892       3.035       3.177       3.204       3.258
    S3               2.852       2.917       2.951       3.126       3.301       3.335       3.400
    S4               2.793       2.826       2.843       2.931       3.020       3.037       3.070
    S5               2.925       2.955       2.970       3.048       3.127       3.142       3.172

 Residual Variances
    AP1             -0.045      -0.034      -0.028       0.002       0.032       0.038       0.049
    AP2             -0.055      -0.038      -0.030       0.014       0.058       0.066       0.082
    AP3             -0.051      -0.038      -0.032       0.002       0.036       0.043       0.056
    AP4             -0.064      -0.048      -0.040       0.001       0.042       0.049       0.065
    AP5              0.037       0.053       0.062       0.104       0.147       0.155       0.171
    AN1             -0.039      -0.024      -0.017       0.022       0.061       0.069       0.083
    AN2              0.039       0.056       0.064       0.108       0.152       0.160       0.176
    AN3             -0.033      -0.021      -0.014       0.020       0.054       0.060       0.073
    AN4             -0.051      -0.040      -0.034      -0.004       0.026       0.031       0.043
    AN5             -0.037      -0.026      -0.020       0.011       0.041       0.047       0.059
    S1              -0.020      -0.011      -0.006       0.019       0.044       0.049       0.058
    S2              -0.035      -0.026      -0.021       0.002       0.026       0.030       0.039
    S3              -0.060      -0.046      -0.039      -0.001       0.036       0.043       0.057
    S4               0.024       0.046       0.058       0.119       0.179       0.191       0.214
    S5              -0.053      -0.040      -0.033       0.001       0.036       0.042       0.055
    APB             -0.004       0.000       0.003       0.016       0.028       0.031       0.035
    ANB              0.053       0.073       0.083       0.135       0.187       0.197       0.217
    STB             -0.006      -0.002       0.000       0.011       0.022       0.024       0.028

New/Additional Parameters
    CAPW             0.731       0.770       0.790       0.894       0.997       1.017       1.056
    CANW            -0.384      -0.348      -0.330      -0.234      -0.138      -0.120      -0.084
    CDIRW           -0.335      -0.302      -0.285      -0.197      -0.108      -0.091      -0.058
    CIAPW            0.547       0.586       0.605       0.708       0.811       0.831       0.869
    CIANW            0.008       0.018       0.023       0.049       0.076       0.081       0.091
    CIINDW           0.593       0.632       0.652       0.757       0.863       0.883       0.922
    CTOTW            0.375       0.419       0.442       0.561       0.680       0.702       0.747
    TAPW            -0.206      -0.155      -0.129       0.006       0.141       0.167       0.217
    TANW             0.384       0.427       0.449       0.563       0.677       0.699       0.742
    TDIRW           -0.597      -0.564      -0.548      -0.459      -0.371      -0.354      -0.321
    TIAPW           -0.163      -0.123      -0.102       0.005       0.112       0.132       0.172
    TIANW           -0.202      -0.182      -0.172      -0.119      -0.065      -0.055      -0.035
    TIINDW          -0.319      -0.270      -0.245      -0.114       0.017       0.042       0.092
    TTOTW           -0.780      -0.731      -0.706      -0.573      -0.441      -0.416      -0.366
    DAPW            -1.107      -1.054      -1.027      -0.888      -0.748      -0.721      -0.669
    DANW             0.618       0.661       0.682       0.797       0.911       0.933       0.976
    DDIRW           -0.439      -0.397      -0.375      -0.263      -0.150      -0.129      -0.087
    DIAPW           -0.896      -0.850      -0.827      -0.703      -0.580      -0.557      -0.510
    DIANW           -0.276      -0.250      -0.237      -0.168      -0.099      -0.086      -0.060
    DIINDW          -1.067      -1.020      -0.997      -0.871      -0.746      -0.722      -0.675
    DTOTW           -1.344      -1.294      -1.268      -1.134      -1.000      -0.974      -0.924


CONFIDENCE INTERVALS OF STANDARDIZED MODEL RESULTS


STDYX Standardization

                  Lower .5%  Lower 2.5%    Lower 5%    Estimate    Upper 5%  Upper 2.5%   Upper .5%

Within Level

 APW      BY
    AP1              0.725       0.735       0.740       0.767       0.794       0.800       0.810
    AP2              0.505       0.556       0.583       0.720       0.857       0.883       0.934
    AP3              0.655       0.672       0.680       0.725       0.770       0.779       0.796
    AP4              0.695       0.710       0.717       0.757       0.797       0.804       0.819
    AP5              0.596       0.612       0.621       0.666       0.711       0.719       0.736
    AN2             -0.412      -0.384      -0.370      -0.295      -0.220      -0.206      -0.178

 ANW      BY
    AN1              0.567       0.584       0.593       0.637       0.682       0.690       0.707
    AN2              0.314       0.343       0.357       0.434       0.512       0.526       0.555
    AN3              0.698       0.712       0.719       0.758       0.796       0.803       0.818
    AN4              0.666       0.683       0.692       0.738       0.784       0.793       0.811
    AN5              0.649       0.667       0.676       0.722       0.768       0.777       0.794
    AP2              0.387       0.440       0.467       0.607       0.747       0.774       0.827

 STW      BY
    S1               0.793       0.802       0.806       0.829       0.852       0.856       0.865
    S2               0.850       0.857       0.860       0.879       0.897       0.900       0.907
    S3               0.855       0.864       0.868       0.892       0.916       0.920       0.929
    S4               0.659       0.671       0.677       0.710       0.742       0.748       0.761
    S5               0.802       0.810       0.815       0.836       0.858       0.862       0.870

 STW      ON
    APW              0.637       0.660       0.672       0.732       0.792       0.804       0.827
    ANW             -0.262      -0.238      -0.226      -0.162      -0.099      -0.086      -0.063

 APW      ON
    PRESENT          0.416       0.435       0.445       0.497       0.549       0.559       0.579
    BLOCK            0.130       0.144       0.151       0.189       0.226       0.233       0.247
    PBLOCK          -0.528      -0.504      -0.492      -0.428      -0.364      -0.352      -0.328

 ANW      ON
    PRESENT         -0.252      -0.229      -0.217      -0.156      -0.095      -0.083      -0.060
    BLOCK           -0.201      -0.185      -0.177      -0.136      -0.095      -0.087      -0.072
    PBLOCK           0.365       0.388       0.399       0.460       0.521       0.533       0.555

 STW      ON
    PRESENT         -0.173      -0.156      -0.147      -0.101      -0.055      -0.047      -0.030
    BLOCK            0.025       0.038       0.045       0.080       0.115       0.122       0.135
    PBLOCK          -0.195      -0.177      -0.167      -0.117      -0.067      -0.058      -0.039

 APW      WITH
    ANW             -0.830      -0.791      -0.771      -0.665      -0.559      -0.539      -0.500

 Residual Variances
    AP1              0.346       0.362       0.370       0.411       0.453       0.461       0.476
    AP2              0.560       0.586       0.599       0.669       0.738       0.751       0.777
    AP3              0.372       0.396       0.409       0.474       0.539       0.552       0.576
    AP4              0.333       0.355       0.367       0.427       0.487       0.499       0.521
    AP5              0.463       0.486       0.497       0.557       0.616       0.628       0.650
    AN1              0.505       0.526       0.537       0.594       0.651       0.662       0.683
    AN2              0.474       0.495       0.505       0.561       0.617       0.627       0.648
    AN3              0.335       0.357       0.368       0.426       0.484       0.495       0.517
    AN4              0.348       0.374       0.387       0.455       0.523       0.536       0.562
    AN5              0.374       0.399       0.412       0.479       0.546       0.559       0.584
    S1               0.253       0.268       0.275       0.313       0.350       0.358       0.372
    S2               0.178       0.190       0.196       0.228       0.261       0.267       0.279
    S3               0.138       0.154       0.162       0.204       0.246       0.255       0.270
    S4               0.424       0.441       0.450       0.496       0.542       0.551       0.568
    S5               0.244       0.257       0.264       0.301       0.337       0.344       0.357
    APW              0.832       0.842       0.847       0.873       0.899       0.904       0.913
    ANW              0.857       0.868       0.873       0.901       0.929       0.934       0.944
    STW              0.210       0.227       0.235       0.281       0.326       0.335       0.351

Between Level

 APB      BY
    AP1             -0.323      -0.019       0.137       0.949       1.761       1.917       2.221
    AP2             -0.177       0.027       0.131       0.674       1.218       1.322       1.525
    AP3              0.767       0.820       0.848       0.990       1.132       1.159       1.213
    AP4              0.829       0.870       0.891       0.999       1.107       1.127       1.168
    AP5              0.317       0.382       0.416       0.591       0.766       0.800       0.865
    AN2             -0.175      -0.119      -0.090       0.060       0.211       0.239       0.296

 ANB      BY
    AN1              0.739       0.784       0.807       0.927       1.047       1.070       1.115
    AN2              0.603       0.641       0.660       0.760       0.861       0.880       0.917
    AN3              0.865       0.888       0.900       0.963       1.026       1.038       1.061
    AN4              0.927       0.947       0.956       1.007       1.058       1.068       1.087
    AN5              0.913       0.930       0.939       0.984       1.029       1.038       1.055
    AP2             -1.345      -1.134      -1.026      -0.462       0.102       0.210       0.421

 STB      BY
    S1               0.243       0.347       0.400       0.679       0.958       1.012       1.116
    S2               0.657       0.734       0.774       0.981       1.188       1.227       1.305
    S3               0.651       0.737       0.781       1.009       1.237       1.281       1.366
    S4              -1.006      -0.864      -0.791      -0.413      -0.035       0.038       0.179
    S5              -7.929      -6.227      -5.356      -0.809       3.738       4.609       6.311

 STB      ON
    APB             -0.099      -0.033       0.000       0.176       0.352       0.386       0.452
    ANB             -0.779      -0.729      -0.703      -0.569      -0.435      -0.410      -0.359

 APB      ON
    ONLINE          -0.094      -0.055      -0.035       0.070       0.175       0.195       0.234

 ANB      ON
    ONLINE          -0.107      -0.074      -0.056       0.034       0.124       0.141       0.175

 STB      ON
    ONLINE          -0.119      -0.074      -0.051       0.070       0.191       0.214       0.259

 APB      WITH
    ANB             -0.008       0.051       0.082       0.240       0.398       0.428       0.488

 Intercepts
    AP1            -12.968      -4.827      -0.663      21.084      42.830      46.995      55.135
    AP2             -4.134       1.306       4.089      18.623      33.157      35.940      41.381
    AP3              5.281       5.822       6.098       7.542       8.986       9.262       9.803
    AP4              4.451       4.781       4.950       5.832       6.714       6.883       7.213
    AP5              4.997       5.535       5.810       7.248       8.685       8.961       9.499
    AN1              4.213       4.746       5.019       6.445       7.871       8.144       8.678
    AN2              3.955       4.186       4.304       4.919       5.535       5.653       5.883
    AN3              3.770       4.030       4.164       4.860       5.555       5.689       5.949
    AN4              3.430       3.651       3.764       4.354       4.944       5.057       5.278
    AN5              3.170       3.366       3.467       3.990       4.513       4.613       4.809
    S1               5.030       7.645       8.982      15.966      22.950      24.287      26.901
    S2               5.246       7.030       7.943      12.711      17.478      18.391      20.176
    S3               5.986       7.174       7.782      10.955      14.129      14.737      15.925
    S4               5.735       6.216       6.462       7.749       9.035       9.281       9.762
    S5            -377.563    -274.413    -221.648      53.901     329.449     382.214     485.365

 Residual Variances
    AP1             -2.314      -1.737      -1.442       0.099       1.641       1.936       2.513
    AP2             -0.921      -0.585      -0.414       0.482       1.378       1.550       1.885
    AP3             -0.421      -0.315      -0.261       0.020       0.302       0.356       0.461
    AP4             -0.335      -0.254      -0.213       0.003       0.219       0.260       0.341
    AP5              0.327       0.404       0.444       0.651       0.858       0.897       0.975
    AN1             -0.208      -0.125      -0.082       0.141       0.364       0.406       0.490
    AN2              0.189       0.239       0.264       0.396       0.529       0.554       0.604
    AN3             -0.117      -0.071      -0.048       0.072       0.193       0.216       0.262
    AN4            999.000     999.000     999.000      -0.015     999.000     999.000     999.000
    AN5             -0.108      -0.075      -0.058       0.032       0.121       0.138       0.171
    S1              -0.055       0.087       0.159       0.538       0.918       0.990       1.132
    S2              -0.598      -0.446      -0.368       0.038       0.444       0.522       0.674
    S3             999.000     999.000     999.000      -0.018     999.000     999.000     999.000
    S4               0.340       0.457       0.517       0.829       1.142       1.202       1.319
    S5             -11.175      -8.421      -7.012       0.345       7.703       9.112      11.866
    APB              0.972       0.978       0.980       0.995       1.010       1.013       1.018
    ANB              0.989       0.992       0.993       0.999       1.005       1.006       1.008
    STB              0.466       0.519       0.547       0.689       0.832       0.859       0.912


STDY Standardization

                  Lower .5%  Lower 2.5%    Lower 5%    Estimate    Upper 5%  Upper 2.5%   Upper .5%

Within Level

 APW      BY
    AP1              0.725       0.735       0.740       0.767       0.794       0.800       0.810
    AP2              0.505       0.556       0.583       0.720       0.857       0.883       0.934
    AP3              0.655       0.672       0.680       0.725       0.770       0.779       0.796
    AP4              0.695       0.710       0.717       0.757       0.797       0.804       0.819
    AP5              0.596       0.612       0.621       0.666       0.711       0.719       0.736
    AN2             -0.412      -0.384      -0.370      -0.295      -0.220      -0.206      -0.178

 ANW      BY
    AN1              0.567       0.584       0.593       0.637       0.682       0.690       0.707
    AN2              0.314       0.343       0.357       0.434       0.512       0.526       0.555
    AN3              0.698       0.712       0.719       0.758       0.796       0.803       0.818
    AN4              0.666       0.683       0.692       0.738       0.784       0.793       0.811
    AN5              0.649       0.667       0.676       0.722       0.768       0.777       0.794
    AP2              0.387       0.440       0.467       0.607       0.747       0.774       0.827

 STW      BY
    S1               0.793       0.802       0.806       0.829       0.852       0.856       0.865
    S2               0.850       0.857       0.860       0.879       0.897       0.900       0.907
    S3               0.855       0.864       0.868       0.892       0.916       0.920       0.929
    S4               0.659       0.671       0.677       0.710       0.742       0.748       0.761
    S5               0.802       0.810       0.815       0.836       0.858       0.862       0.870

 STW      ON
    APW              0.637       0.660       0.672       0.732       0.792       0.804       0.827
    ANW             -0.262      -0.238      -0.226      -0.162      -0.099      -0.086      -0.063

 APW      ON
    PRESENT          0.837       0.874       0.894       0.995       1.096       1.115       1.153
    BLOCK            0.261       0.289       0.303       0.377       0.452       0.466       0.494
    PBLOCK          -1.215      -1.161      -1.133      -0.988      -0.844      -0.816      -0.762

 ANW      ON
    PRESENT         -0.504      -0.458      -0.434      -0.312      -0.190      -0.166      -0.121
    BLOCK           -0.401      -0.370      -0.354      -0.273      -0.191      -0.175      -0.145
    PBLOCK           0.846       0.898       0.924       1.063       1.201       1.227       1.279

 STW      ON
    PRESENT         -0.345      -0.311      -0.293      -0.202      -0.111      -0.094      -0.059
    BLOCK            0.050       0.077       0.090       0.160       0.231       0.244       0.271
    PBLOCK          -0.451      -0.408      -0.386      -0.270      -0.155      -0.133      -0.090

 APW      WITH
    ANW             -0.830      -0.791      -0.771      -0.665      -0.559      -0.539      -0.500

 Residual Variances
    AP1              0.346       0.362       0.370       0.411       0.453       0.461       0.476
    AP2              0.560       0.586       0.599       0.669       0.738       0.751       0.777
    AP3              0.372       0.396       0.409       0.474       0.539       0.552       0.576
    AP4              0.333       0.355       0.367       0.427       0.487       0.499       0.521
    AP5              0.463       0.486       0.497       0.557       0.616       0.628       0.650
    AN1              0.505       0.526       0.537       0.594       0.651       0.662       0.683
    AN2              0.474       0.495       0.505       0.561       0.617       0.627       0.648
    AN3              0.335       0.357       0.368       0.426       0.484       0.495       0.517
    AN4              0.348       0.374       0.387       0.455       0.523       0.536       0.562
    AN5              0.374       0.399       0.412       0.479       0.546       0.559       0.584
    S1               0.253       0.268       0.275       0.313       0.350       0.358       0.372
    S2               0.178       0.190       0.196       0.228       0.261       0.267       0.279
    S3               0.138       0.154       0.162       0.204       0.246       0.255       0.270
    S4               0.424       0.441       0.450       0.496       0.542       0.551       0.568
    S5               0.244       0.257       0.264       0.301       0.337       0.344       0.357
    APW              0.832       0.842       0.847       0.873       0.899       0.904       0.913
    ANW              0.857       0.868       0.873       0.901       0.929       0.934       0.944
    STW              0.210       0.227       0.235       0.281       0.326       0.335       0.351

Between Level

 APB      BY
    AP1             -0.323      -0.019       0.137       0.949       1.761       1.917       2.221
    AP2             -0.177       0.027       0.131       0.674       1.218       1.322       1.525
    AP3              0.767       0.820       0.848       0.990       1.132       1.159       1.213
    AP4              0.829       0.870       0.891       0.999       1.107       1.127       1.168
    AP5              0.317       0.382       0.416       0.591       0.766       0.800       0.865
    AN2             -0.175      -0.119      -0.090       0.060       0.211       0.239       0.296

 ANB      BY
    AN1              0.739       0.784       0.807       0.927       1.047       1.070       1.115
    AN2              0.603       0.641       0.660       0.760       0.861       0.880       0.917
    AN3              0.865       0.888       0.900       0.963       1.026       1.038       1.061
    AN4              0.927       0.947       0.956       1.007       1.058       1.068       1.087
    AN5              0.913       0.930       0.939       0.984       1.029       1.038       1.055
    AP2             -1.345      -1.134      -1.026      -0.462       0.102       0.210       0.421

 STB      BY
    S1               0.243       0.347       0.400       0.679       0.958       1.012       1.116
    S2               0.657       0.734       0.774       0.981       1.188       1.227       1.305
    S3               0.651       0.737       0.781       1.009       1.237       1.281       1.366
    S4              -1.006      -0.864      -0.791      -0.413      -0.035       0.038       0.179
    S5              -7.929      -6.227      -5.356      -0.809       3.738       4.609       6.311

 STB      ON
    APB             -0.099      -0.033       0.000       0.176       0.352       0.386       0.452
    ANB             -0.779      -0.729      -0.703      -0.569      -0.435      -0.410      -0.359

 APB      ON
    ONLINE          -0.196      -0.114      -0.072       0.146       0.365       0.407       0.489

 ANB      ON
    ONLINE          -0.225      -0.154      -0.118       0.070       0.259       0.295       0.366

 STB      ON
    ONLINE          -0.249      -0.154      -0.106       0.147       0.399       0.448       0.542

 APB      WITH
    ANB             -0.008       0.051       0.082       0.240       0.398       0.428       0.488

 Intercepts
    AP1            -12.968      -4.827      -0.663      21.084      42.830      46.995      55.135
    AP2             -4.134       1.306       4.089      18.623      33.157      35.940      41.381
    AP3              5.281       5.822       6.098       7.542       8.986       9.262       9.803
    AP4              4.451       4.781       4.950       5.832       6.714       6.883       7.213
    AP5              4.997       5.535       5.810       7.248       8.685       8.961       9.499
    AN1              4.213       4.746       5.019       6.445       7.871       8.144       8.678
    AN2              3.955       4.186       4.304       4.919       5.535       5.653       5.883
    AN3              3.770       4.030       4.164       4.860       5.555       5.689       5.949
    AN4              3.430       3.651       3.764       4.354       4.944       5.057       5.278
    AN5              3.170       3.366       3.467       3.990       4.513       4.613       4.809
    S1               5.030       7.645       8.982      15.966      22.950      24.287      26.901
    S2               5.246       7.030       7.943      12.711      17.478      18.391      20.176
    S3               5.986       7.174       7.782      10.955      14.129      14.737      15.925
    S4               5.735       6.216       6.462       7.749       9.035       9.281       9.762
    S5            -377.563    -274.413    -221.648      53.901     329.449     382.214     485.365

 Residual Variances
    AP1             -2.314      -1.737      -1.442       0.099       1.641       1.936       2.513
    AP2             -0.921      -0.585      -0.414       0.482       1.378       1.550       1.885
    AP3             -0.421      -0.315      -0.261       0.020       0.302       0.356       0.461
    AP4             -0.335      -0.254      -0.213       0.003       0.219       0.260       0.341
    AP5              0.327       0.404       0.444       0.651       0.858       0.897       0.975
    AN1             -0.208      -0.125      -0.082       0.141       0.364       0.406       0.490
    AN2              0.189       0.239       0.264       0.396       0.529       0.554       0.604
    AN3             -0.117      -0.071      -0.048       0.072       0.193       0.216       0.262
    AN4            999.000     999.000     999.000     999.000     999.000     999.000     999.000
    AN5             -0.108      -0.075      -0.058       0.032       0.121       0.138       0.171
    S1              -0.055       0.087       0.159       0.538       0.918       0.990       1.132
    S2              -0.598      -0.446      -0.368       0.038       0.444       0.522       0.674
    S3             999.000     999.000     999.000     999.000     999.000     999.000     999.000
    S4               0.340       0.457       0.517       0.829       1.142       1.202       1.319
    S5             -11.175      -8.421      -7.012       0.345       7.703       9.112      11.866
    APB              0.972       0.978       0.980       0.995       1.010       1.013       1.018
    ANB              0.989       0.992       0.993       0.999       1.005       1.006       1.008
    STB              0.466       0.519       0.547       0.689       0.832       0.859       0.912


STD Standardization

                  Lower .5%  Lower 2.5%    Lower 5%    Estimate    Upper 5%  Upper 2.5%   Upper .5%

Within Level

 APW      BY
    AP1              0.829       0.846       0.854       0.898       0.942       0.950       0.967
    AP2              0.581       0.641       0.672       0.833       0.993       1.024       1.084
    AP3              0.610       0.632       0.644       0.703       0.762       0.774       0.796
    AP4              0.649       0.670       0.681       0.738       0.795       0.806       0.828
    AP5              0.574       0.595       0.606       0.664       0.722       0.733       0.754
    AN2             -0.435      -0.406      -0.390      -0.311      -0.232      -0.217      -0.188

 ANW      BY
    AN1              0.654       0.677       0.689       0.750       0.811       0.823       0.846
    AN2              0.324       0.356       0.372       0.458       0.544       0.561       0.593
    AN3              0.715       0.735       0.746       0.801       0.855       0.866       0.887
    AN4              0.647       0.669       0.681       0.742       0.803       0.815       0.838
    AN5              0.628       0.650       0.662       0.722       0.782       0.794       0.816
    AP2              0.449       0.510       0.541       0.702       0.864       0.895       0.955

 STW      BY
    S1               0.901       0.918       0.927       0.972       1.018       1.026       1.043
    S2               0.937       0.954       0.963       1.009       1.055       1.064       1.081
    S3               0.928       0.947       0.956       1.004       1.053       1.062       1.080
    S4               0.610       0.631       0.641       0.696       0.750       0.760       0.781
    S5               0.965       0.981       0.989       1.032       1.076       1.084       1.100

 STW      ON
    APW              0.637       0.660       0.672       0.732       0.792       0.804       0.827
    ANW             -0.262      -0.238      -0.226      -0.162      -0.099      -0.086      -0.063

 APW      ON
    PRESENT          0.837       0.874       0.894       0.995       1.096       1.115       1.153
    BLOCK            0.261       0.289       0.303       0.377       0.452       0.466       0.494
    PBLOCK          -1.215      -1.161      -1.133      -0.988      -0.844      -0.816      -0.762

 ANW      ON
    PRESENT         -0.504      -0.458      -0.434      -0.312      -0.190      -0.166      -0.121
    BLOCK           -0.401      -0.370      -0.354      -0.273      -0.191      -0.175      -0.145
    PBLOCK           0.846       0.898       0.924       1.063       1.201       1.227       1.279

 STW      ON
    PRESENT         -0.345      -0.311      -0.293      -0.202      -0.111      -0.094      -0.059
    BLOCK            0.050       0.077       0.090       0.160       0.231       0.244       0.271
    PBLOCK          -0.451      -0.408      -0.386      -0.270      -0.155      -0.133      -0.090

 APW      WITH
    ANW             -0.830      -0.791      -0.771      -0.665      -0.559      -0.539      -0.500

 Residual Variances
    AP1              0.464       0.488       0.500       0.563       0.626       0.638       0.662
    AP2              0.719       0.761       0.782       0.895       1.008       1.029       1.071
    AP3              0.345       0.369       0.381       0.445       0.509       0.521       0.545
    AP4              0.317       0.338       0.349       0.406       0.463       0.474       0.495
    AP5              0.438       0.466       0.480       0.554       0.628       0.642       0.669
    AN1              0.682       0.716       0.733       0.823       0.913       0.930       0.963
    AN2              0.513       0.540       0.553       0.624       0.695       0.708       0.735
    AN3              0.368       0.393       0.407       0.476       0.544       0.558       0.583
    AN4              0.347       0.374       0.388       0.460       0.532       0.546       0.572
    AN5              0.364       0.391       0.406       0.479       0.552       0.566       0.594
    S1               0.348       0.367       0.377       0.430       0.482       0.492       0.512
    S2               0.237       0.252       0.260       0.301       0.342       0.350       0.365
    S3               0.173       0.194       0.204       0.259       0.313       0.324       0.344
    S4               0.409       0.425       0.433       0.477       0.520       0.528       0.544
    S5               0.369       0.390       0.401       0.458       0.515       0.526       0.548
    APW              0.832       0.842       0.847       0.873       0.899       0.904       0.913
    ANW              0.857       0.868       0.873       0.901       0.929       0.934       0.944
    STW              0.210       0.227       0.235       0.281       0.326       0.335       0.351

Between Level

 APB      BY
    AP1              0.045       0.064       0.074       0.125       0.176       0.186       0.205
    AP2              0.000       0.028       0.041       0.114       0.187       0.201       0.228
    AP3              0.231       0.258       0.271       0.343       0.414       0.428       0.454
    AP4              0.329       0.355       0.367       0.435       0.503       0.516       0.541
    AP5              0.090       0.125       0.143       0.237       0.330       0.348       0.383
    AN2             -0.091      -0.062      -0.047       0.031       0.110       0.124       0.154

 ANB      BY
    AN1              0.256       0.282       0.296       0.368       0.439       0.453       0.480
    AN2              0.294       0.318       0.331       0.396       0.462       0.475       0.499
    AN3              0.406       0.429       0.441       0.503       0.565       0.577       0.600
    AN4              0.471       0.489       0.499       0.548       0.596       0.606       0.624
    AN5              0.496       0.514       0.524       0.572       0.621       0.631       0.649
    AP2             -0.189      -0.163      -0.149      -0.078      -0.008       0.006       0.032

 STB      BY
    S1               0.036       0.058       0.069       0.128       0.186       0.197       0.219
    S2               0.104       0.135       0.151       0.234       0.317       0.333       0.365
    S3               0.124       0.163       0.183       0.288       0.392       0.412       0.451
    S4              -0.381      -0.327      -0.300      -0.156      -0.013       0.015       0.069
    S5              -0.165      -0.136      -0.122      -0.046       0.030       0.045       0.073

 STB      ON
    APB             -0.099      -0.033       0.000       0.176       0.352       0.386       0.452
    ANB             -0.779      -0.729      -0.703      -0.569      -0.435      -0.410      -0.359

 APB      ON
    ONLINE          -0.196      -0.114      -0.072       0.146       0.365       0.407       0.489

 ANB      ON
    ONLINE          -0.225      -0.154      -0.118       0.070       0.259       0.295       0.366

 STB      ON
    ONLINE          -0.249      -0.154      -0.106       0.147       0.399       0.448       0.542

 APB      WITH
    ANB             -0.008       0.051       0.082       0.240       0.398       0.428       0.488

 Intercepts
    AP1              2.650       2.680       2.696       2.777       2.858       2.873       2.904
    AP2              2.995       3.034       3.054       3.157       3.261       3.281       3.320
    AP3              2.409       2.457       2.482       2.611       2.740       2.764       2.813
    AP4              2.289       2.350       2.381       2.542       2.703       2.734       2.795
    AP5              2.729       2.770       2.791       2.901       3.011       3.033       3.074
    AN1              2.342       2.393       2.419       2.557       2.694       2.720       2.772
    AN2              2.334       2.389       2.418       2.566       2.714       2.742       2.798
    AN3              2.273       2.336       2.369       2.538       2.708       2.740       2.804
    AN4              2.077       2.146       2.182       2.367       2.551       2.587       2.656
    AN5              2.021       2.093       2.130       2.321       2.512       2.549       2.621
    S1               2.837       2.875       2.894       2.996       3.098       3.118       3.156
    S2               2.811       2.865       2.892       3.035       3.177       3.204       3.258
    S3               2.852       2.917       2.951       3.126       3.301       3.335       3.400
    S4               2.793       2.826       2.843       2.931       3.020       3.037       3.070
    S5               2.925       2.955       2.970       3.048       3.127       3.142       3.172

 Residual Variances
    AP1             -0.045      -0.034      -0.028       0.002       0.032       0.038       0.049
    AP2             -0.055      -0.038      -0.030       0.014       0.058       0.066       0.082
    AP3             -0.051      -0.038      -0.032       0.002       0.036       0.043       0.056
    AP4             -0.064      -0.048      -0.040       0.001       0.042       0.049       0.065
    AP5              0.037       0.053       0.062       0.104       0.147       0.155       0.171
    AN1             -0.039      -0.024      -0.017       0.022       0.061       0.069       0.083
    AN2              0.039       0.056       0.064       0.108       0.152       0.160       0.176
    AN3             -0.033      -0.021      -0.014       0.020       0.054       0.060       0.073
    AN4            999.000     999.000     999.000      -0.004     999.000     999.000     999.000
    AN5             -0.037      -0.026      -0.020       0.011       0.041       0.047       0.059
    S1              -0.020      -0.011      -0.006       0.019       0.044       0.049       0.058
    S2              -0.035      -0.026      -0.021       0.002       0.026       0.030       0.039
    S3             999.000     999.000     999.000      -0.001     999.000     999.000     999.000
    S4               0.024       0.046       0.058       0.119       0.179       0.191       0.214
    S5              -0.053      -0.040      -0.033       0.001       0.036       0.042       0.055
    APB              0.972       0.978       0.980       0.995       1.010       1.013       1.018
    ANB              0.989       0.992       0.993       0.999       1.005       1.006       1.008
    STB              0.466       0.519       0.547       0.689       0.832       0.859       0.912


RESIDUAL OUTPUT


TECHNICAL 1 OUTPUT


     PARAMETER SPECIFICATION FOR WITHIN


           NU
              AP1           AP2           AP3           AP4           AP5
              ________      ________      ________      ________      ________
                    0             0             0             0             0


           NU
              AN1           AN2           AN3           AN4           AN5
              ________      ________      ________      ________      ________
                    0             0             0             0             0


           NU
              S1            S2            S3            S4            S5
              ________      ________      ________      ________      ________
                    0             0             0             0             0


           NU
              BLOCK         PRESENT       PBLOCK
              ________      ________      ________
                    0             0             0


           LAMBDA
              APW           ANW           STW           BLOCK         PRESENT
              ________      ________      ________      ________      ________
 AP1                0             0             0             0             0
 AP2                1             2             0             0             0
 AP3                3             0             0             0             0
 AP4                4             0             0             0             0
 AP5                5             0             0             0             0
 AN1                0             0             0             0             0
 AN2                6             7             0             0             0
 AN3                0             8             0             0             0
 AN4                0             9             0             0             0
 AN5                0            10             0             0             0
 S1                 0             0             0             0             0
 S2                 0             0            11             0             0
 S3                 0             0            12             0             0
 S4                 0             0            13             0             0
 S5                 0             0            14             0             0
 BLOCK              0             0             0             0             0
 PRESENT            0             0             0             0             0
 PBLOCK             0             0             0             0             0


           LAMBDA
              PBLOCK
              ________
 AP1                0
 AP2                0
 AP3                0
 AP4                0
 AP5                0
 AN1                0
 AN2                0
 AN3                0
 AN4                0
 AN5                0
 S1                 0
 S2                 0
 S3                 0
 S4                 0
 S5                 0
 BLOCK              0
 PRESENT            0
 PBLOCK             0


           THETA
              AP1           AP2           AP3           AP4           AP5
              ________      ________      ________      ________      ________
 AP1               15
 AP2                0            16
 AP3                0             0            17
 AP4                0             0             0            18
 AP5                0             0             0             0            19
 AN1                0             0             0             0             0
 AN2                0             0             0             0             0
 AN3                0             0             0             0             0
 AN4                0             0             0             0             0
 AN5                0             0             0             0             0
 S1                 0             0             0             0             0
 S2                 0             0             0             0             0
 S3                 0             0             0             0             0
 S4                 0             0             0             0             0
 S5                 0             0             0             0             0
 BLOCK              0             0             0             0             0
 PRESENT            0             0             0             0             0
 PBLOCK             0             0             0             0             0


           THETA
              AN1           AN2           AN3           AN4           AN5
              ________      ________      ________      ________      ________
 AN1               20
 AN2                0            21
 AN3                0             0            22
 AN4                0             0             0            23
 AN5                0             0             0             0            24
 S1                 0             0             0             0             0
 S2                 0             0             0             0             0
 S3                 0             0             0             0             0
 S4                 0             0             0             0             0
 S5                 0             0             0             0             0
 BLOCK              0             0             0             0             0
 PRESENT            0             0             0             0             0
 PBLOCK             0             0             0             0             0


           THETA
              S1            S2            S3            S4            S5
              ________      ________      ________      ________      ________
 S1                25
 S2                 0            26
 S3                 0             0            27
 S4                 0             0             0            28
 S5                 0             0             0             0            29
 BLOCK              0             0             0             0             0
 PRESENT            0             0             0             0             0
 PBLOCK             0             0             0             0             0


           THETA
              BLOCK         PRESENT       PBLOCK
              ________      ________      ________
 BLOCK              0
 PRESENT            0             0
 PBLOCK             0             0             0


           ALPHA
              APW           ANW           STW           BLOCK         PRESENT
              ________      ________      ________      ________      ________
                    0             0             0             0             0


           ALPHA
              PBLOCK
              ________
                    0


           BETA
              APW           ANW           STW           BLOCK         PRESENT
              ________      ________      ________      ________      ________
 APW                0             0             0            30            31
 ANW                0             0             0            33            34
 STW               36            37             0            38            39
 BLOCK              0             0             0             0             0
 PRESENT            0             0             0             0             0
 PBLOCK             0             0             0             0             0


           BETA
              PBLOCK
              ________
 APW               32
 ANW               35
 STW               40
 BLOCK              0
 PRESENT            0
 PBLOCK             0


           PSI
              APW           ANW           STW           BLOCK         PRESENT
              ________      ________      ________      ________      ________
 APW               41
 ANW               42            43
 STW                0             0            44
 BLOCK              0             0             0             0
 PRESENT            0             0             0             0             0
 PBLOCK             0             0             0             0             0


           PSI
              PBLOCK
              ________
 PBLOCK             0


     PARAMETER SPECIFICATION FOR BETWEEN


           NU
              AP1           AP2           AP3           AP4           AP5
              ________      ________      ________      ________      ________
                   45            46            47            48            49


           NU
              AN1           AN2           AN3           AN4           AN5
              ________      ________      ________      ________      ________
                   50            51            52            53            54


           NU
              S1            S2            S3            S4            S5
              ________      ________      ________      ________      ________
                   55            56            57            58            59


           NU
              ONLINE
              ________
                    0


           LAMBDA
              APB           ANB           STB           ONLINE
              ________      ________      ________      ________
 AP1                0             0             0             0
 AP2               60            61             0             0
 AP3               62             0             0             0
 AP4               63             0             0             0
 AP5               64             0             0             0
 AN1                0             0             0             0
 AN2               65            66             0             0
 AN3                0            67             0             0
 AN4                0            68             0             0
 AN5                0            69             0             0
 S1                 0             0             0             0
 S2                 0             0            70             0
 S3                 0             0            71             0
 S4                 0             0            72             0
 S5                 0             0            73             0
 ONLINE             0             0             0             0


           THETA
              AP1           AP2           AP3           AP4           AP5
              ________      ________      ________      ________      ________
 AP1               74
 AP2                0            75
 AP3                0             0            76
 AP4                0             0             0            77
 AP5                0             0             0             0            78
 AN1                0             0             0             0             0
 AN2                0             0             0             0             0
 AN3                0             0             0             0             0
 AN4                0             0             0             0             0
 AN5                0             0             0             0             0
 S1                 0             0             0             0             0
 S2                 0             0             0             0             0
 S3                 0             0             0             0             0
 S4                 0             0             0             0             0
 S5                 0             0             0             0             0
 ONLINE             0             0             0             0             0


           THETA
              AN1           AN2           AN3           AN4           AN5
              ________      ________      ________      ________      ________
 AN1               79
 AN2                0            80
 AN3                0             0            81
 AN4                0             0             0            82
 AN5                0             0             0             0            83
 S1                 0             0             0             0             0
 S2                 0             0             0             0             0
 S3                 0             0             0             0             0
 S4                 0             0             0             0             0
 S5                 0             0             0             0             0
 ONLINE             0             0             0             0             0


           THETA
              S1            S2            S3            S4            S5
              ________      ________      ________      ________      ________
 S1                84
 S2                 0            85
 S3                 0             0            86
 S4                 0             0             0            87
 S5                 0             0             0             0            88
 ONLINE             0             0             0             0             0


           THETA
              ONLINE
              ________
 ONLINE             0


           ALPHA
              APB           ANB           STB           ONLINE
              ________      ________      ________      ________
                    0             0             0             0


           BETA
              APB           ANB           STB           ONLINE
              ________      ________      ________      ________
 APB                0             0             0            89
 ANB                0             0             0            90
 STB               91            92             0            93
 ONLINE             0             0             0             0


           PSI
              APB           ANB           STB           ONLINE
              ________      ________      ________      ________
 APB               94
 ANB               95            96
 STB                0             0            97
 ONLINE             0             0             0             0


     PARAMETER SPECIFICATION FOR THE ADDITIONAL PARAMETERS


           NEW/ADDITIONAL PARAMETERS
              CAPW          CANW          CDIRW         CIAPW         CIANW
              ________      ________      ________      ________      ________
                   98            99           100           101           102


           NEW/ADDITIONAL PARAMETERS
              CIINDW        CTOTW         TAPW          TANW          TDIRW
              ________      ________      ________      ________      ________
                  103           104           105           106           107


           NEW/ADDITIONAL PARAMETERS
              TIAPW         TIANW         TIINDW        TTOTW         DAPW
              ________      ________      ________      ________      ________
                  108           109           110           111           112


           NEW/ADDITIONAL PARAMETERS
              DANW          DDIRW         DIAPW         DIANW         DIINDW
              ________      ________      ________      ________      ________
                  113           114           115           116           117


           NEW/ADDITIONAL PARAMETERS
              DTOTW
              ________
                  118


     STARTING VALUES FOR WITHIN


           NU
              AP1           AP2           AP3           AP4           AP5
              ________      ________      ________      ________      ________
                0.000         0.000         0.000         0.000         0.000


           NU
              AN1           AN2           AN3           AN4           AN5
              ________      ________      ________      ________      ________
                0.000         0.000         0.000         0.000         0.000


           NU
              S1            S2            S3            S4            S5
              ________      ________      ________      ________      ________
                0.000         0.000         0.000         0.000         0.000


           NU
              BLOCK         PRESENT       PBLOCK
              ________      ________      ________
                0.000         0.000         0.000


           LAMBDA
              APW           ANW           STW           BLOCK         PRESENT
              ________      ________      ________      ________      ________
 AP1            1.000         0.000         0.000         0.000         0.000
 AP2            1.000         1.000         0.000         0.000         0.000
 AP3            1.000         0.000         0.000         0.000         0.000
 AP4            1.000         0.000         0.000         0.000         0.000
 AP5            1.000         0.000         0.000         0.000         0.000
 AN1            0.000         1.000         0.000         0.000         0.000
 AN2            1.000         1.000         0.000         0.000         0.000
 AN3            0.000         1.000         0.000         0.000         0.000
 AN4            0.000         1.000         0.000         0.000         0.000
 AN5            0.000         1.000         0.000         0.000         0.000
 S1             0.000         0.000         1.000         0.000         0.000
 S2             0.000         0.000         1.000         0.000         0.000
 S3             0.000         0.000         1.000         0.000         0.000
 S4             0.000         0.000         1.000         0.000         0.000
 S5             0.000         0.000         1.000         0.000         0.000
 BLOCK          0.000         0.000         0.000         1.000         0.000
 PRESENT        0.000         0.000         0.000         0.000         1.000
 PBLOCK         0.000         0.000         0.000         0.000         0.000


           LAMBDA
              PBLOCK
              ________
 AP1            0.000
 AP2            0.000
 AP3            0.000
 AP4            0.000
 AP5            0.000
 AN1            0.000
 AN2            0.000
 AN3            0.000
 AN4            0.000
 AN5            0.000
 S1             0.000
 S2             0.000
 S3             0.000
 S4             0.000
 S5             0.000
 BLOCK          0.000
 PRESENT        0.000
 PBLOCK         1.000


           THETA
              AP1           AP2           AP3           AP4           AP5
              ________      ________      ________      ________      ________
 AP1            0.693
 AP2            0.000         0.685
 AP3            0.000         0.000         0.527
 AP4            0.000         0.000         0.000         0.567
 AP5            0.000         0.000         0.000         0.000         0.583
 AN1            0.000         0.000         0.000         0.000         0.000
 AN2            0.000         0.000         0.000         0.000         0.000
 AN3            0.000         0.000         0.000         0.000         0.000
 AN4            0.000         0.000         0.000         0.000         0.000
 AN5            0.000         0.000         0.000         0.000         0.000
 S1             0.000         0.000         0.000         0.000         0.000
 S2             0.000         0.000         0.000         0.000         0.000
 S3             0.000         0.000         0.000         0.000         0.000
 S4             0.000         0.000         0.000         0.000         0.000
 S5             0.000         0.000         0.000         0.000         0.000
 BLOCK          0.000         0.000         0.000         0.000         0.000
 PRESENT        0.000         0.000         0.000         0.000         0.000
 PBLOCK         0.000         0.000         0.000         0.000         0.000


           THETA
              AN1           AN2           AN3           AN4           AN5
              ________      ________      ________      ________      ________
 AN1            0.771
 AN2            0.000         0.689
 AN3            0.000         0.000         0.694
 AN4            0.000         0.000         0.000         0.653
 AN5            0.000         0.000         0.000         0.000         0.669
 S1             0.000         0.000         0.000         0.000         0.000
 S2             0.000         0.000         0.000         0.000         0.000
 S3             0.000         0.000         0.000         0.000         0.000
 S4             0.000         0.000         0.000         0.000         0.000
 S5             0.000         0.000         0.000         0.000         0.000
 BLOCK          0.000         0.000         0.000         0.000         0.000
 PRESENT        0.000         0.000         0.000         0.000         0.000
 PBLOCK         0.000         0.000         0.000         0.000         0.000


           THETA
              S1            S2            S3            S4            S5
              ________      ________      ________      ________      ________
 S1             0.703
 S2             0.000         0.689
 S3             0.000         0.000         0.675
 S4             0.000         0.000         0.000         0.564
 S5             0.000         0.000         0.000         0.000         0.765
 BLOCK          0.000         0.000         0.000         0.000         0.000
 PRESENT        0.000         0.000         0.000         0.000         0.000
 PBLOCK         0.000         0.000         0.000         0.000         0.000


           THETA
              BLOCK         PRESENT       PBLOCK
              ________      ________      ________
 BLOCK          0.000
 PRESENT        0.000         0.000
 PBLOCK         0.000         0.000         0.000


           ALPHA
              APW           ANW           STW           BLOCK         PRESENT
              ________      ________      ________      ________      ________
                0.000         0.000         0.000         0.000         0.000


           ALPHA
              PBLOCK
              ________
                0.000


           BETA
              APW           ANW           STW           BLOCK         PRESENT
              ________      ________      ________      ________      ________
 APW            0.000         0.000         0.000         0.000         0.000
 ANW            0.000         0.000         0.000         0.000         0.000
 STW            0.000         0.000         0.000         0.000         0.000
 BLOCK          0.000         0.000         0.000         0.000         0.000
 PRESENT        0.000         0.000         0.000         0.000         0.000
 PBLOCK         0.000         0.000         0.000         0.000         0.000


           BETA
              PBLOCK
              ________
 APW            0.000
 ANW            0.000
 STW            0.000
 BLOCK          0.000
 PRESENT        0.000
 PBLOCK         0.000


           PSI
              APW           ANW           STW           BLOCK         PRESENT
              ________      ________      ________      ________      ________
 APW            0.050
 ANW            0.000         0.050
 STW            0.000         0.000         0.050
 BLOCK          0.000         0.000         0.000         0.125
 PRESENT        0.000         0.000         0.000         0.000         0.125
 PBLOCK         0.000         0.000         0.000         0.000         0.000


           PSI
              PBLOCK
              ________
 PBLOCK         0.094


     STARTING VALUES FOR BETWEEN


           NU
              AP1           AP2           AP3           AP4           AP5
              ________      ________      ________      ________      ________
                3.197         3.521         2.999         2.968         3.247


           NU
              AN1           AN2           AN3           AN4           AN5
              ________      ________      ________      ________      ________
                2.582         2.473         2.578         2.413         2.370


           NU
              S1            S2            S3            S4            S5
              ________      ________      ________      ________      ________
                3.250         3.320         3.422         3.059         3.276


           NU
              ONLINE
              ________
                0.000


           LAMBDA
              APB           ANB           STB           ONLINE
              ________      ________      ________      ________
 AP1            1.000         0.000         0.000         0.000
 AP2            1.000         1.000         0.000         0.000
 AP3            1.000         0.000         0.000         0.000
 AP4            1.000         0.000         0.000         0.000
 AP5            1.000         0.000         0.000         0.000
 AN1            0.000         1.000         0.000         0.000
 AN2            1.000         1.000         0.000         0.000
 AN3            0.000         1.000         0.000         0.000
 AN4            0.000         1.000         0.000         0.000
 AN5            0.000         1.000         0.000         0.000
 S1             0.000         0.000         1.000         0.000
 S2             0.000         0.000         1.000         0.000
 S3             0.000         0.000         1.000         0.000
 S4             0.000         0.000         1.000         0.000
 S5             0.000         0.000         1.000         0.000
 ONLINE         0.000         0.000         0.000         1.000


           THETA
              AP1           AP2           AP3           AP4           AP5
              ________      ________      ________      ________      ________
 AP1            0.693
 AP2            0.000         0.685
 AP3            0.000         0.000         0.527
 AP4            0.000         0.000         0.000         0.567
 AP5            0.000         0.000         0.000         0.000         0.583
 AN1            0.000         0.000         0.000         0.000         0.000
 AN2            0.000         0.000         0.000         0.000         0.000
 AN3            0.000         0.000         0.000         0.000         0.000
 AN4            0.000         0.000         0.000         0.000         0.000
 AN5            0.000         0.000         0.000         0.000         0.000
 S1             0.000         0.000         0.000         0.000         0.000
 S2             0.000         0.000         0.000         0.000         0.000
 S3             0.000         0.000         0.000         0.000         0.000
 S4             0.000         0.000         0.000         0.000         0.000
 S5             0.000         0.000         0.000         0.000         0.000
 ONLINE         0.000         0.000         0.000         0.000         0.000


           THETA
              AN1           AN2           AN3           AN4           AN5
              ________      ________      ________      ________      ________
 AN1            0.771
 AN2            0.000         0.689
 AN3            0.000         0.000         0.694
 AN4            0.000         0.000         0.000         0.653
 AN5            0.000         0.000         0.000         0.000         0.669
 S1             0.000         0.000         0.000         0.000         0.000
 S2             0.000         0.000         0.000         0.000         0.000
 S3             0.000         0.000         0.000         0.000         0.000
 S4             0.000         0.000         0.000         0.000         0.000
 S5             0.000         0.000         0.000         0.000         0.000
 ONLINE         0.000         0.000         0.000         0.000         0.000


           THETA
              S1            S2            S3            S4            S5
              ________      ________      ________      ________      ________
 S1             0.703
 S2             0.000         0.689
 S3             0.000         0.000         0.675
 S4             0.000         0.000         0.000         0.564
 S5             0.000         0.000         0.000         0.000         0.765
 ONLINE         0.000         0.000         0.000         0.000         0.000


           THETA
              ONLINE
              ________
 ONLINE         0.000


           ALPHA
              APB           ANB           STB           ONLINE
              ________      ________      ________      ________
                0.000         0.000         0.000         0.000


           BETA
              APB           ANB           STB           ONLINE
              ________      ________      ________      ________
 APB            0.000         0.000         0.000         0.000
 ANB            0.000         0.000         0.000         0.000
 STB            0.000         0.000         0.000         0.000
 ONLINE         0.000         0.000         0.000         0.000


           PSI
              APB           ANB           STB           ONLINE
              ________      ________      ________      ________
 APB            0.050
 ANB            0.000         0.050
 STB            0.000         0.000         0.050
 ONLINE         0.000         0.000         0.000         0.114


     STARTING VALUES FOR THE ADDITIONAL PARAMETERS


           NEW/ADDITIONAL PARAMETERS
              CAPW          CANW          CDIRW         CIAPW         CIANW
              ________      ________      ________      ________      ________
                0.500         0.500         0.500         0.500         0.500


           NEW/ADDITIONAL PARAMETERS
              CIINDW        CTOTW         TAPW          TANW          TDIRW
              ________      ________      ________      ________      ________
                0.500         0.500         0.500         0.500         0.500


           NEW/ADDITIONAL PARAMETERS
              TIAPW         TIANW         TIINDW        TTOTW         DAPW
              ________      ________      ________      ________      ________
                0.500         0.500         0.500         0.500         0.500


           NEW/ADDITIONAL PARAMETERS
              DANW          DDIRW         DIAPW         DIANW         DIINDW
              ________      ________      ________      ________      ________
                0.500         0.500         0.500         0.500         0.500


           NEW/ADDITIONAL PARAMETERS
              DTOTW
              ________
                0.500


TECHNICAL 4 OUTPUT


     ESTIMATES DERIVED FROM THE MODEL FOR WITHIN


           ESTIMATED MEANS FOR THE LATENT VARIABLES
              APW           ANW           STW           APB           ANB
              ________      ________      ________      ________      ________
                0.394        -0.020         0.231         0.000         0.000


           ESTIMATED MEANS FOR THE LATENT VARIABLES
              STB           BLOCK         PRESENT       PBLOCK        ONLINE
              ________      ________      ________      ________      ________
                0.000         0.500         0.500         0.250         0.000


           S.E. FOR ESTIMATED MEANS FOR THE LATENT VARIABLES
              APW           ANW           STW           APB           ANB
              ________      ________      ________      ________      ________
                0.035         0.032         0.040         0.000         0.000


           S.E. FOR ESTIMATED MEANS FOR THE LATENT VARIABLES
              STB           BLOCK         PRESENT       PBLOCK        ONLINE
              ________      ________      ________      ________      ________
                0.000         0.011         0.011         0.010         0.000


           EST./S.E. FOR ESTIMATED MEANS FOR THE LATENT VARIABLES
              APW           ANW           STW           APB           ANB
              ________      ________      ________      ________      ________
               11.239        -0.621         5.824         0.000         0.000


           EST./S.E. FOR ESTIMATED MEANS FOR THE LATENT VARIABLES
              STB           BLOCK         PRESENT       PBLOCK        ONLINE
              ________      ________      ________      ________      ________
                0.000        44.362        44.362        25.612         0.000


           TWO-TAILED P-VALUE FOR ESTIMATED MEANS FOR THE LATENT VARIABLES
              APW           ANW           STW           APB           ANB
              ________      ________      ________      ________      ________
                0.000         0.534         0.000         1.000         1.000


           TWO-TAILED P-VALUE FOR ESTIMATED MEANS FOR THE LATENT VARIABLES
              STB           BLOCK         PRESENT       PBLOCK        ONLINE
              ________      ________      ________      ________      ________
                1.000         0.000         0.000         0.000         1.000


           ESTIMATED COVARIANCE MATRIX FOR THE LATENT VARIABLES
              APW           ANW           STW           APB           ANB
              ________      ________      ________      ________      ________
 APW            0.807
 ANW           -0.428         0.562
 STW            0.706        -0.483         0.945
 APB            0.000         0.000         0.000         0.000
 ANB            0.000         0.000         0.000         0.000         0.000
 STB            0.000         0.000         0.000         0.000         0.000
 BLOCK         -0.026         0.048        -0.025         0.000         0.000
 PRESENT        0.112         0.041        -0.002         0.000         0.000
 PBLOCK        -0.012         0.095        -0.084         0.000         0.000
 ONLINE         0.000         0.000         0.000         0.000         0.000


           ESTIMATED COVARIANCE MATRIX FOR THE LATENT VARIABLES
              STB           BLOCK         PRESENT       PBLOCK        ONLINE
              ________      ________      ________      ________      ________
 STB            0.000
 BLOCK          0.000         0.250
 PRESENT        0.000         0.000         0.250
 PBLOCK         0.000         0.125         0.125         0.188
 ONLINE         0.000         0.000         0.000         0.000         0.000


           S.E. FOR ESTIMATED COVARIANCE MATRIX FOR THE LATENT VARIABLES
              APW           ANW           STW           APB           ANB
              ________      ________      ________      ________      ________
 APW            0.048
 ANW            0.046         0.056
 STW            0.042         0.042         0.054
 APB            0.000         0.000         0.000         0.000
 ANB            0.000         0.000         0.000         0.000         0.000
 STB            0.000         0.000         0.000         0.000         0.000
 BLOCK          0.007         0.007         0.007         0.000         0.000
 PRESENT        0.016         0.014         0.016         0.000         0.000
 PBLOCK         0.012         0.010         0.012         0.000         0.000
 ONLINE         0.000         0.000         0.000         0.000         0.000


           S.E. FOR ESTIMATED COVARIANCE MATRIX FOR THE LATENT VARIABLES
              STB           BLOCK         PRESENT       PBLOCK        ONLINE
              ________      ________      ________      ________      ________
 STB            0.000
 BLOCK          0.000         0.008
 PRESENT        0.000         0.006         0.008
 PBLOCK         0.000         0.006         0.006         0.006
 ONLINE         0.000         0.000         0.000         0.000         0.000


           EST./S.E. FOR ESTIMATED COVARIANCE MATRIX FOR THE LATENT VARIABLES
              APW           ANW           STW           APB           ANB
              ________      ________      ________      ________      ________
 APW           16.801
 ANW           -9.261        10.075
 STW           16.654       -11.614        17.611
 APB            0.000         0.000         0.000         0.000
 ANB            0.000         0.000         0.000         0.000         0.000
 STB            0.000         0.000         0.000         0.000         0.000
 BLOCK         -3.670         7.013        -3.778         0.000         0.000
 PRESENT        7.224         2.995        -0.095         0.000         0.000
 PBLOCK        -1.031         9.156        -7.244         0.000         0.000
 ONLINE         0.000         0.000         0.000         0.000         0.000


           EST./S.E. FOR ESTIMATED COVARIANCE MATRIX FOR THE LATENT VARIABLES
              STB           BLOCK         PRESENT       PBLOCK        ONLINE
              ________      ________      ________      ________      ________
 STB            0.000
 BLOCK          0.000        31.369
 PRESENT        0.000         0.000        31.369
 PBLOCK         0.000        22.181        22.181        31.369
 ONLINE         0.000         0.000         0.000         0.000         0.000


           TWO-TAILED P-VALUE FOR ESTIMATED COVARIANCE MATRIX FOR THE LATENT VARIABLES
              APW           ANW           STW           APB           ANB
              ________      ________      ________      ________      ________
 APW            0.000
 ANW            0.000         0.000
 STW            0.000         0.000         0.000
 APB            1.000         1.000         1.000         1.000
 ANB            1.000         1.000         1.000         1.000         1.000
 STB            1.000         1.000         1.000         1.000         1.000
 BLOCK          0.000         0.000         0.000         1.000         1.000
 PRESENT        0.000         0.003         0.924         1.000         1.000
 PBLOCK         0.303         0.000         0.000         1.000         1.000
 ONLINE         1.000         1.000         1.000         1.000         1.000


           TWO-TAILED P-VALUE FOR ESTIMATED COVARIANCE MATRIX FOR THE LATENT VARIABLES
              STB           BLOCK         PRESENT       PBLOCK        ONLINE
              ________      ________      ________      ________      ________
 STB            1.000
 BLOCK          1.000         0.000
 PRESENT        1.000         1.000         0.000
 PBLOCK         1.000         0.000         0.000         0.000
 ONLINE         1.000         1.000         1.000         1.000         1.000


           ESTIMATED CORRELATION MATRIX FOR THE LATENT VARIABLES
              APW           ANW           STW           APB           ANB
              ________      ________      ________      ________      ________
 APW            1.000
 ANW           -0.635         1.000
 STW            0.809        -0.662         1.000
 APB          999.000       999.000       999.000       999.000
 ANB          999.000       999.000       999.000       999.000       999.000
 STB          999.000       999.000       999.000       999.000       999.000
 BLOCK         -0.058         0.129        -0.051       999.000       999.000
 PRESENT        0.250         0.110        -0.003       999.000       999.000
 PBLOCK        -0.032         0.291        -0.200       999.000       999.000
 ONLINE       999.000       999.000       999.000       999.000       999.000


           ESTIMATED CORRELATION MATRIX FOR THE LATENT VARIABLES
              STB           BLOCK         PRESENT       PBLOCK        ONLINE
              ________      ________      ________      ________      ________
 STB          999.000
 BLOCK        999.000         1.000
 PRESENT      999.000         0.000         1.000
 PBLOCK       999.000         0.577         0.577         1.000
 ONLINE       999.000       999.000       999.000       999.000       999.000


           S.E. FOR ESTIMATED CORRELATION MATRIX FOR THE LATENT VARIABLES
              APW           ANW           STW           APB           ANB
              ________      ________      ________      ________      ________
 APW            0.000
 ANW            0.057         0.000
 STW            0.019         0.039         0.000
 APB          999.000       999.000       999.000         0.000
 ANB          999.000       999.000       999.000       999.000         0.000
 STB          999.000       999.000       999.000       999.000       999.000
 BLOCK          0.016         0.018         0.014       999.000       999.000
 PRESENT        0.033         0.037         0.034       999.000       999.000
 PBLOCK         0.031         0.031         0.027       999.000       999.000
 ONLINE       999.000       999.000       999.000       999.000       999.000


           S.E. FOR ESTIMATED CORRELATION MATRIX FOR THE LATENT VARIABLES
              STB           BLOCK         PRESENT       PBLOCK        ONLINE
              ________      ________      ________      ________      ________
 STB            0.000
 BLOCK        999.000         0.000
 PRESENT      999.000         0.023         0.000
 PBLOCK       999.000         0.015         0.015         0.000
 ONLINE       999.000       999.000       999.000       999.000         0.000


           EST./S.E. FOR ESTIMATED CORRELATION MATRIX FOR THE LATENT VARIABLES
              APW           ANW           STW           APB           ANB
              ________      ________      ________      ________      ________
 APW          999.000
 ANW          -11.088       999.000
 STW           42.450       -17.100       999.000
 APB            1.000         1.000         1.000       999.000
 ANB            1.000         1.000         1.000         1.000       999.000
 STB            1.000         1.000         1.000         1.000         1.000
 BLOCK         -3.689         7.216        -3.783         1.000         1.000
 PRESENT        7.627         2.960        -0.095         1.000         1.000
 PBLOCK        -1.031         9.494        -7.421         1.000         1.000
 ONLINE         1.000         1.000         1.000         1.000         1.000


           EST./S.E. FOR ESTIMATED CORRELATION MATRIX FOR THE LATENT VARIABLES
              STB           BLOCK         PRESENT       PBLOCK        ONLINE
              ________      ________      ________      ________      ________
 STB          999.000
 BLOCK          1.000       999.000
 PRESENT        1.000         0.000       999.000
 PBLOCK         1.000        38.419        38.419       999.000
 ONLINE         1.000         1.000         1.000         1.000       999.000


           TWO-TAILED P-VALUE FOR ESTIMATED CORRELATION MATRIX FOR THE LATENT VARIABLES
              APW           ANW           STW           APB           ANB
              ________      ________      ________      ________      ________
 APW            0.000
 ANW            0.000         0.000
 STW            0.000         0.000         0.000
 APB            0.317         0.317         0.317         0.000
 ANB            0.317         0.317         0.317         0.317         0.000
 STB            0.317         0.317         0.317         0.317         0.317
 BLOCK          0.000         0.000         0.000         0.317         0.317
 PRESENT        0.000         0.003         0.924         0.317         0.317
 PBLOCK         0.302         0.000         0.000         0.317         0.317
 ONLINE         0.317         0.317         0.317         0.317         0.317


           TWO-TAILED P-VALUE FOR ESTIMATED CORRELATION MATRIX FOR THE LATENT VARIABLES
              STB           BLOCK         PRESENT       PBLOCK        ONLINE
              ________      ________      ________      ________      ________
 STB            0.000
 BLOCK          0.317         0.000
 PRESENT        0.317         1.000         0.000
 PBLOCK         0.317         0.000         0.000         0.000
 ONLINE         0.317         0.317         0.317         0.317         0.000


     ESTIMATES DERIVED FROM THE MODEL FOR BETWEEN


           ESTIMATED MEANS FOR THE LATENT VARIABLES
              APW           ANW           STW           APB           ANB
              ________      ________      ________      ________      ________
                0.000         0.000         0.000         0.030         0.043


           ESTIMATED MEANS FOR THE LATENT VARIABLES
              STB           BLOCK         PRESENT       PBLOCK        ONLINE
              ________      ________      ________      ________      ________
                0.028         0.000         0.000         0.000         1.646


           S.E. FOR ESTIMATED MEANS FOR THE LATENT VARIABLES
              APW           ANW           STW           APB           ANB
              ________      ________      ________      ________      ________
                0.000         0.000         0.000         0.028         0.071


           S.E. FOR ESTIMATED MEANS FOR THE LATENT VARIABLES
              STB           BLOCK         PRESENT       PBLOCK        ONLINE
              ________      ________      ________      ________      ________
                0.038         0.000         0.000         0.000         0.022


           EST./S.E. FOR ESTIMATED MEANS FOR THE LATENT VARIABLES
              APW           ANW           STW           APB           ANB
              ________      ________      ________      ________      ________
                0.000         0.000         0.000         1.082         0.604


           EST./S.E. FOR ESTIMATED MEANS FOR THE LATENT VARIABLES
              STB           BLOCK         PRESENT       PBLOCK        ONLINE
              ________      ________      ________      ________      ________
                0.737         0.000         0.000         0.000        76.380


           TWO-TAILED P-VALUE FOR ESTIMATED MEANS FOR THE LATENT VARIABLES
              APW           ANW           STW           APB           ANB
              ________      ________      ________      ________      ________
                1.000         1.000         1.000         0.279         0.546


           TWO-TAILED P-VALUE FOR ESTIMATED MEANS FOR THE LATENT VARIABLES
              STB           BLOCK         PRESENT       PBLOCK        ONLINE
              ________      ________      ________      ________      ________
                0.461         1.000         1.000         1.000         0.000


           ESTIMATED COVARIANCE MATRIX FOR THE LATENT VARIABLES
              APW           ANW           STW           APB           ANB
              ________      ________      ________      ________      ________
 APW            0.000
 ANW            0.000         0.000
 STW            0.000         0.000         0.000
 APB            0.000         0.000         0.000         0.016
 ANB            0.000         0.000         0.000         0.011         0.135
 STB            0.000         0.000         0.000         0.001        -0.025
 BLOCK          0.000         0.000         0.000         0.000         0.000
 PRESENT        0.000         0.000         0.000         0.000         0.000
 PBLOCK         0.000         0.000         0.000         0.000         0.000
 ONLINE         0.000         0.000         0.000         0.004         0.006


           ESTIMATED COVARIANCE MATRIX FOR THE LATENT VARIABLES
              STB           BLOCK         PRESENT       PBLOCK        ONLINE
              ________      ________      ________      ________      ________
 STB            0.016
 BLOCK          0.000         0.000
 PRESENT        0.000         0.000         0.000
 PBLOCK         0.000         0.000         0.000         0.000
 ONLINE         0.004         0.000         0.000         0.000         0.229


           S.E. FOR ESTIMATED COVARIANCE MATRIX FOR THE LATENT VARIABLES
              APW           ANW           STW           APB           ANB
              ________      ________      ________      ________      ________
 APW            0.000
 ANW            0.000         0.000
 STW            0.000         0.000         0.000
 APB            0.000         0.000         0.000         0.008
 ANB            0.000         0.000         0.000         0.005         0.032
 STB            0.000         0.000         0.000         0.002         0.007
 BLOCK          0.000         0.000         0.000         0.000         0.000
 PRESENT        0.000         0.000         0.000         0.000         0.000
 PBLOCK         0.000         0.000         0.000         0.000         0.000
 ONLINE         0.000         0.000         0.000         0.004         0.010


           S.E. FOR ESTIMATED COVARIANCE MATRIX FOR THE LATENT VARIABLES
              STB           BLOCK         PRESENT       PBLOCK        ONLINE
              ________      ________      ________      ________      ________
 STB            0.009
 BLOCK          0.000         0.000
 PRESENT        0.000         0.000         0.000
 PBLOCK         0.000         0.000         0.000         0.000
 ONLINE         0.005         0.000         0.000         0.000         0.015


           EST./S.E. FOR ESTIMATED COVARIANCE MATRIX FOR THE LATENT VARIABLES
              APW           ANW           STW           APB           ANB
              ________      ________      ________      ________      ________
 APW            0.000
 ANW            0.000         0.000
 STW            0.000         0.000         0.000
 APB            0.000         0.000         0.000         2.013
 ANB            0.000         0.000         0.000         2.255         4.227
 STB            0.000         0.000         0.000         0.348        -3.294
 BLOCK          0.000         0.000         0.000         0.000         0.000
 PRESENT        0.000         0.000         0.000         0.000         0.000
 PBLOCK         0.000         0.000         0.000         0.000         0.000
 ONLINE         0.000         0.000         0.000         1.079         0.604


           EST./S.E. FOR ESTIMATED COVARIANCE MATRIX FOR THE LATENT VARIABLES
              STB           BLOCK         PRESENT       PBLOCK        ONLINE
              ________      ________      ________      ________      ________
 STB            1.787
 BLOCK          0.000         0.000
 PRESENT        0.000         0.000         0.000
 PBLOCK         0.000         0.000         0.000         0.000
 ONLINE         0.736         0.000         0.000         0.000        15.684


           TWO-TAILED P-VALUE FOR ESTIMATED COVARIANCE MATRIX FOR THE LATENT VARIABLES
              APW           ANW           STW           APB           ANB
              ________      ________      ________      ________      ________
 APW            1.000
 ANW            1.000         1.000
 STW            1.000         1.000         1.000
 APB            1.000         1.000         1.000         0.044
 ANB            1.000         1.000         1.000         0.024         0.000
 STB            1.000         1.000         1.000         0.728         0.001
 BLOCK          1.000         1.000         1.000         1.000         1.000
 PRESENT        1.000         1.000         1.000         1.000         1.000
 PBLOCK         1.000         1.000         1.000         1.000         1.000
 ONLINE         1.000         1.000         1.000         0.280         0.546


           TWO-TAILED P-VALUE FOR ESTIMATED COVARIANCE MATRIX FOR THE LATENT VARIABLES
              STB           BLOCK         PRESENT       PBLOCK        ONLINE
              ________      ________      ________      ________      ________
 STB            0.074
 BLOCK          1.000         1.000
 PRESENT        1.000         1.000         1.000
 PBLOCK         1.000         1.000         1.000         1.000
 ONLINE         0.461         1.000         1.000         1.000         0.000


           ESTIMATED CORRELATION MATRIX FOR THE LATENT VARIABLES
              APW           ANW           STW           APB           ANB
              ________      ________      ________      ________      ________
 APW          999.000
 ANW          999.000       999.000
 STW          999.000       999.000       999.000
 APB          999.000       999.000       999.000         1.000
 ANB          999.000       999.000       999.000         0.242         1.000
 STB          999.000       999.000       999.000         0.044        -0.524
 BLOCK        999.000       999.000       999.000       999.000       999.000
 PRESENT      999.000       999.000       999.000       999.000       999.000
 PBLOCK       999.000       999.000       999.000       999.000       999.000
 ONLINE       999.000       999.000       999.000         0.070         0.034


           ESTIMATED CORRELATION MATRIX FOR THE LATENT VARIABLES
              STB           BLOCK         PRESENT       PBLOCK        ONLINE
              ________      ________      ________      ________      ________
 STB            1.000
 BLOCK        999.000       999.000
 PRESENT      999.000       999.000       999.000
 PBLOCK       999.000       999.000       999.000       999.000
 ONLINE         0.063       999.000       999.000       999.000         1.000


           S.E. FOR ESTIMATED CORRELATION MATRIX FOR THE LATENT VARIABLES
              APW           ANW           STW           APB           ANB
              ________      ________      ________      ________      ________
 APW            0.000
 ANW          999.000         0.000
 STW          999.000       999.000         0.000
 APB          999.000       999.000       999.000         0.000
 ANB          999.000       999.000       999.000         0.096         0.000
 STB          999.000       999.000       999.000         0.120         0.075
 BLOCK        999.000       999.000       999.000       999.000       999.000
 PRESENT      999.000       999.000       999.000       999.000       999.000
 PBLOCK       999.000       999.000       999.000       999.000       999.000
 ONLINE       999.000       999.000       999.000         0.064         0.055


           S.E. FOR ESTIMATED CORRELATION MATRIX FOR THE LATENT VARIABLES
              STB           BLOCK         PRESENT       PBLOCK        ONLINE
              ________      ________      ________      ________      ________
 STB            0.000
 BLOCK        999.000         0.000
 PRESENT      999.000       999.000         0.000
 PBLOCK       999.000       999.000       999.000         0.000
 ONLINE         0.085       999.000       999.000       999.000         0.000


           EST./S.E. FOR ESTIMATED CORRELATION MATRIX FOR THE LATENT VARIABLES
              APW           ANW           STW           APB           ANB
              ________      ________      ________      ________      ________
 APW          999.000
 ANW            1.000       999.000
 STW            1.000         1.000       999.000
 APB            1.000         1.000         1.000       999.000
 ANB            1.000         1.000         1.000         2.509       999.000
 STB            1.000         1.000         1.000         0.362        -7.002
 BLOCK          1.000         1.000         1.000         1.000         1.000
 PRESENT        1.000         1.000         1.000         1.000         1.000
 PBLOCK         1.000         1.000         1.000         1.000         1.000
 ONLINE         1.000         1.000         1.000         1.101         0.615


           EST./S.E. FOR ESTIMATED CORRELATION MATRIX FOR THE LATENT VARIABLES
              STB           BLOCK         PRESENT       PBLOCK        ONLINE
              ________      ________      ________      ________      ________
 STB          999.000
 BLOCK          1.000       999.000
 PRESENT        1.000         1.000       999.000
 PBLOCK         1.000         1.000         1.000       999.000
 ONLINE         0.743         1.000         1.000         1.000       999.000


           TWO-TAILED P-VALUE FOR ESTIMATED CORRELATION MATRIX FOR THE LATENT VARIABLES
              APW           ANW           STW           APB           ANB
              ________      ________      ________      ________      ________
 APW            0.000
 ANW            0.317         0.000
 STW            0.317         0.317         0.000
 APB            0.317         0.317         0.317         0.000
 ANB            0.317         0.317         0.317         0.012         0.000
 STB            0.317         0.317         0.317         0.717         0.000
 BLOCK          0.317         0.317         0.317         0.317         0.317
 PRESENT        0.317         0.317         0.317         0.317         0.317
 PBLOCK         0.317         0.317         0.317         0.317         0.317
 ONLINE         0.317         0.317         0.317         0.271         0.538


           TWO-TAILED P-VALUE FOR ESTIMATED CORRELATION MATRIX FOR THE LATENT VARIABLES
              STB           BLOCK         PRESENT       PBLOCK        ONLINE
              ________      ________      ________      ________      ________
 STB            0.000
 BLOCK          0.317         0.000
 PRESENT        0.317         0.317         0.000
 PBLOCK         0.317         0.317         0.317         0.000
 ONLINE         0.458         0.317         0.317         0.317         0.000


TECHNICAL 8 OUTPUT


   E STEP  ITER  LOGLIKELIHOOD    ABS CHANGE   REL CHANGE  ALGORITHM
              1 -0.46722479D+05    0.0000000    0.0000000  EM
              2 -0.38389884D+05 8332.5950671    0.1783423  EM
              3 -0.37860121D+05  529.7625617    0.0137995  EM
              4 -0.37677516D+05  182.6048549    0.0048231  EM
              5 -0.37583894D+05   93.6227209    0.0024848  EM
              6 -0.37526350D+05   57.5438817    0.0015311  EM
              7 -0.37487284D+05   39.0654565    0.0010410  EM
              8 -0.37459037D+05   28.2474165    0.0007535  EM
              9 -0.37437707D+05   21.3293213    0.0005694  EM
             10 -0.37421081D+05   16.6266860    0.0004441  EM
             11 -0.37407794D+05   13.2871255    0.0003551  EM
             12 -0.37396958D+05   10.8359811    0.0002897  EM
             13 -0.37387969D+05    8.9887309    0.0002404  EM
             14 -0.37380403D+05    7.5654388    0.0002023  EM
             15 -0.37373956D+05    6.4476746    0.0001725  EM
             16 -0.37368401D+05    5.5550972    0.0001486  EM
             17 -0.37363569D+05    4.8317983    0.0001293  EM
             18 -0.37359331D+05    4.2380300    0.0001134  EM
             19 -0.37355586D+05    3.7449502    0.0001002  EM
             20 -0.37352255D+05    3.3312618    0.0000892  EM
             21 -0.37349274D+05    2.9809745    0.0000798  EM
             22 -0.37346592D+05    2.6819230    0.0000718  EM
             23 -0.37344167D+05    2.4246895    0.0000649  EM
             24 -0.37341965D+05    2.2019246    0.0000590  EM
             25 -0.37339957D+05    2.0078118    0.0000538  EM
             26 -0.37338120D+05    1.8377048    0.0000492  EM
             27 -0.37336432D+05    1.6878568    0.0000452  EM
             28 -0.37334877D+05    1.5552179    0.0000417  EM
             29 -0.37333439D+05    1.4372886    0.0000385  EM
             30 -0.37332107D+05    1.3320025    0.0000357  EM
             31 -0.37330870D+05    1.2376416    0.0000332  EM
             32 -0.37329717D+05    1.1527655    0.0000309  EM
             33 -0.37328641D+05    1.0761680    0.0000288  EM
             34 -0.37327634D+05    1.0068145    0.0000270  EM
             35 -0.37326690D+05    0.9438420    0.0000253  EM
             36 -0.37325804D+05    0.8864969    0.0000237  EM
             37 -0.37324969D+05    0.8341384    0.0000223  EM
             38 -0.37324183D+05    0.7862150    0.0000211  EM
             39 -0.37323441D+05    0.7422446    0.0000199  EM
             40 -0.37322739D+05    0.7018121    0.0000188  EM
             41 -0.37322075D+05    0.6645522    0.0000178  EM
             42 -0.37321444D+05    0.6301457    0.0000169  EM
             43 -0.37320846D+05    0.5983132    0.0000160  EM
             44 -0.37320277D+05    0.5688066    0.0000152  EM
             45 -0.37319736D+05    0.5414086    0.0000145  EM
             46 -0.37319220D+05    0.5159257    0.0000138  EM
             47 -0.37318728D+05    0.4921842    0.0000132  EM
             48 -0.37318258D+05    0.4700326    0.0000126  EM
             49 -0.37317808D+05    0.4493322    0.0000120  EM
             50 -0.37317378D+05    0.4299619    0.0000115  EM
             51 -0.37316967D+05    0.4118098    0.0000110  EM
             52 -0.37316572D+05    0.3947783    0.0000106  EM
             53 -0.37316193D+05    0.3787764    0.0000102  EM
             54 -0.37315829D+05    0.3637257    0.0000097  EM
             55 -0.37315480D+05    0.3495508    0.0000094  EM
             56 -0.37315144D+05    0.3361877    0.0000090  EM
             57 -0.37314820D+05    0.3235745    0.0000087  EM
             58 -0.37314508D+05    0.3116576    0.0000084  EM
             59 -0.37314208D+05    0.3003862    0.0000081  EM
             60 -0.37313918D+05    0.2897160    0.0000078  EM
             61 -0.37313639D+05    0.2796045    0.0000075  EM
             62 -0.37313369D+05    0.2700133    0.0000072  EM
             63 -0.37313108D+05    0.2609089    0.0000070  EM
             64 -0.37312856D+05    0.2522585    0.0000068  EM
             65 -0.37312611D+05    0.2440320    0.0000065  EM
             66 -0.37312375D+05    0.2362031    0.0000063  EM
             67 -0.37312147D+05    0.2287463    0.0000061  EM
             68 -0.37311925D+05    0.2216384    0.0000059  EM
             69 -0.37311710D+05    0.2148584    0.0000058  EM
             70 -0.37311502D+05    0.2083865    0.0000056  EM
             71 -0.37311299D+05    0.2022044    0.0000054  EM
             72 -0.37311103D+05    0.1962949    0.0000053  EM
             73 -0.37310913D+05    0.1906425    0.0000051  EM
             74 -0.37310727D+05    0.1852324    0.0000050  EM
             75 -0.37310547D+05    0.1800511    0.0000048  EM
             76 -0.37310372D+05    0.1750859    0.0000047  EM
             77 -0.37310202D+05    0.1703249    0.0000046  EM
             78 -0.37310036D+05    0.1657573    0.0000044  EM
             79 -0.37309875D+05    0.1613726    0.0000043  EM
             80 -0.37309718D+05    0.1571612    0.0000042  EM
             81 -0.37309564D+05    0.1531141    0.0000041  EM
             82 -0.37309415D+05    0.1492230    0.0000040  EM
             83 -0.37309270D+05    0.1454798    0.0000039  EM
             84 -0.37309128D+05    0.1418773    0.0000038  EM
             85 -0.37308989D+05    0.1384084    0.0000037  EM
             86 -0.37308854D+05    0.1350666    0.0000036  EM
             87 -0.37308723D+05    0.1318459    0.0000035  EM
             88 -0.37308594D+05    0.1287403    0.0000035  EM
             89 -0.37308468D+05    0.1257446    0.0000034  EM
             90 -0.37308345D+05    0.1228536    0.0000033  EM
             91 -0.37308225D+05    0.1200623    0.0000032  EM
             92 -0.37308108D+05    0.1173665    0.0000031  EM
             93 -0.37307993D+05    0.1147616    0.0000031  EM
             94 -0.37307881D+05    0.1122437    0.0000030  EM
             95 -0.37307771D+05    0.1098089    0.0000029  EM
             96 -0.37307663D+05    0.1074536    0.0000029  EM
             97 -0.37307558D+05    0.1051744    0.0000028  EM
             98 -0.37307455D+05    0.1029680    0.0000028  EM
             99 -0.37307354D+05    0.1008314    0.0000027  EM
            100 -0.37307256D+05    0.0987616    0.0000026  EM
            101 -0.37307159D+05    0.0967559    0.0000026  EM
            102 -0.37307064D+05    0.0948116    0.0000025  EM
            103 -0.37306971D+05    0.0929263    0.0000025  EM
            104 -0.37306880D+05    0.0910975    0.0000024  EM
            105 -0.37306791D+05    0.0893231    0.0000024  EM
            106 -0.37306703D+05    0.0876010    0.0000023  EM
            107 -0.37306617D+05    0.0859289    0.0000023  EM
            108 -0.37306533D+05    0.0843051    0.0000023  EM
            109 -0.37306450D+05    0.0827277    0.0000022  EM
            110 -0.37300269D+05    6.1811049    0.0001657  QN
            111 -0.37300160D+05    0.1091335    0.0000029  EM
            112 -0.37300146D+05    0.0143060    0.0000004  EM
            113 -0.37300134D+05    0.0113382    0.0000003  EM
            114 -0.37300124D+05    0.0103435    0.0000003  EM
            115 -0.37300115D+05    0.0091676    0.0000002  EM
            116 -0.37300107D+05    0.0080226    0.0000002  EM
            117 -0.37300099D+05    0.0080509    0.0000002  EM
            118 -0.37300090D+05    0.0091087    0.0000002  EM
            119 -0.37300083D+05    0.0070622    0.0000002  EM
            120 -0.37300076D+05    0.0069921    0.0000002  EM
            121 -0.37300069D+05    0.0070303    0.0000002  EM
            122 -0.37300061D+05    0.0072221    0.0000002  EM
            123 -0.37300055D+05    0.0063713    0.0000002  EM
            124 -0.37300048D+05    0.0066390    0.0000002  EM
            125 -0.37300042D+05    0.0065852    0.0000002  EM
            126 -0.37300036D+05    0.0060271    0.0000002  EM
            127 -0.37300031D+05    0.0051919    0.0000001  EM
            128 -0.37300024D+05    0.0067729    0.0000002  EM
            129 -0.37300018D+05    0.0055499    0.0000001  EM
            130 -0.37300013D+05    0.0055914    0.0000001  EM
            131 -0.37300006D+05    0.0063687    0.0000002  EM
            132 -0.37300001D+05    0.0053672    0.0000001  EM
            133 -0.37299996D+05    0.0045473    0.0000001  EM
            134 -0.37299990D+05    0.0062870    0.0000002  EM
            135 -0.37299984D+05    0.0058239    0.0000002  EM
            136 -0.37299980D+05    0.0041915    0.0000001  EM
            137 -0.37299976D+05    0.0045277    0.0000001  EM
            138 -0.37299970D+05    0.0058977    0.0000002  EM
            139 -0.37299965D+05    0.0049821    0.0000001  EM
            140 -0.37299960D+05    0.0048330    0.0000001  EM
            141 -0.37299956D+05    0.0039596    0.0000001  EM
            142 -0.37299951D+05    0.0049748    0.0000001  EM
            143 -0.37299946D+05    0.0050598    0.0000001  EM
            144 -0.37299941D+05    0.0045354    0.0000001  EM
            145 -0.37299937D+05    0.0039283    0.0000001  EM
            146 -0.37299933D+05    0.0045243    0.0000001  EM
            147 -0.37299928D+05    0.0047990    0.0000001  EM
            148 -0.37299923D+05    0.0045642    0.0000001  EM
            149 -0.37299920D+05    0.0039722    0.0000001  EM
            150 -0.37299916D+05    0.0038704    0.0000001  EM
            151 -0.37299911D+05    0.0043881    0.0000001  EM
            152 -0.37299907D+05    0.0045943    0.0000001  EM
            153 -0.37299903D+05    0.0036605    0.0000001  EM
            154 -0.37299899D+05    0.0041789    0.0000001  EM
            155 -0.37299895D+05    0.0037013    0.0000001  EM
            156 -0.37299891D+05    0.0038617    0.0000001  EM
            157 -0.37299887D+05    0.0040780    0.0000001  EM
            158 -0.37299883D+05    0.0045224    0.0000001  EM
            159 -0.37299879D+05    0.0034880    0.0000001  EM
            160 -0.37299876D+05    0.0028836    0.0000001  EM
            161 -0.37299873D+05    0.0035822    0.0000001  EM
            162 -0.37299868D+05    0.0047472    0.0000001  EM
            163 -0.37299864D+05    0.0036099    0.0000001  EM
            164 -0.37299865D+05   -0.0004727    0.0000000  QN
            165 -0.37299861D+05    0.0040822    0.0000001  EM
            166 -0.37299858D+05    0.0030525    0.0000001  EM
            167 -0.37299853D+05    0.0047721    0.0000001  EM
            168 -0.37299850D+05    0.0029379    0.0000001  EM
            169 -0.37299846D+05    0.0038345    0.0000001  EM
            170 -0.37299843D+05    0.0031888    0.0000001  EM
            171 -0.37299840D+05    0.0031950    0.0000001  EM
            172 -0.37299836D+05    0.0034365    0.0000001  EM
            173 -0.37299833D+05    0.0038068    0.0000001  EM
            174 -0.37299829D+05    0.0032829    0.0000001  EM
            175 -0.37299826D+05    0.0034883    0.0000001  EM
            176 -0.37299824D+05    0.0016461    0.0000000  EM
            177 -0.37299820D+05    0.0044603    0.0000001  EM
            178 -0.37299816D+05    0.0040909    0.0000001  EM
            179 -0.37299813D+05    0.0029797    0.0000001  EM
            180 -0.37299809D+05    0.0034786    0.0000001  EM
            181 -0.37299806D+05    0.0030079    0.0000001  EM
            182 -0.37299803D+05    0.0028656    0.0000001  EM
            183 -0.37299800D+05    0.0031132    0.0000001  EM
            184 -0.37299797D+05    0.0032782    0.0000001  EM
            185 -0.37299794D+05    0.0027371    0.0000001  EM
            186 -0.37299791D+05    0.0035693    0.0000001  EM
            187 -0.37299787D+05    0.0039799    0.0000001  EM
            188 -0.37299784D+05    0.0024225    0.0000001  EM
            189 -0.37299782D+05    0.0025843    0.0000001  EM
            190 -0.37299778D+05    0.0035804    0.0000001  EM
            191 -0.37299775D+05    0.0029381    0.0000001  EM
            192 -0.37299772D+05    0.0030786    0.0000001  EM
            193 -0.37299769D+05    0.0024936    0.0000001  EM
            194 -0.37299766D+05    0.0031464    0.0000001  EM
            195 -0.37299764D+05    0.0025406    0.0000001  EM
            196 -0.37299760D+05    0.0039726    0.0000001  EM
            197 -0.37299757D+05    0.0027376    0.0000001  EM
            198 -0.37299755D+05    0.0016573    0.0000000  EM
            199 -0.37299752D+05    0.0036000    0.0000001  EM
            200 -0.37299749D+05    0.0029096    0.0000001  EM
            201 -0.37299745D+05    0.0038318    0.0000001  EM
            202 -0.37299741D+05    0.0035504    0.0000001  EM
            203 -0.37299738D+05    0.0032164    0.0000001  EM
            204 -0.37299736D+05    0.0019532    0.0000001  EM
            205 -0.37299732D+05    0.0040128    0.0000001  EM
            206 -0.37299731D+05    0.0015195    0.0000000  EM
            207 -0.37299728D+05    0.0028976    0.0000001  EM
            208 -0.37299725D+05    0.0031980    0.0000001  EM
            209 -0.37299722D+05    0.0029997    0.0000001  EM
            210 -0.37299719D+05    0.0027349    0.0000001  EM
            211 -0.37299715D+05    0.0036516    0.0000001  EM
            212 -0.37299714D+05    0.0015228    0.0000000  EM
            213 -0.37299710D+05    0.0040899    0.0000001  EM
            214 -0.37299708D+05    0.0020807    0.0000001  EM
            215 -0.37299704D+05    0.0036277    0.0000001  EM
            216 -0.37299702D+05    0.0023752    0.0000001  EM
            217 -0.37299699D+05    0.0022004    0.0000001  EM
            218 -0.37299697D+05    0.0026585    0.0000001  EM
            219 -0.37299694D+05    0.0029244    0.0000001  EM
            220 -0.37299691D+05    0.0026568    0.0000001  EM
            221 -0.37299688D+05    0.0027358    0.0000001  EM
            222 -0.37299686D+05    0.0023889    0.0000001  EM
            223 -0.37299684D+05    0.0025192    0.0000001  EM
            224 -0.37299681D+05    0.0025777    0.0000001  EM
            225 -0.37299678D+05    0.0031483    0.0000001  EM
            226 -0.37299675D+05    0.0026245    0.0000001  EM
            227 -0.37299673D+05    0.0021666    0.0000001  EM
            228 -0.37299674D+05   -0.0008652    0.0000000  QN
            229 -0.37299671D+05    0.0025432    0.0000001  EM
            230 -0.37299668D+05    0.0036839    0.0000001  EM
            231 -0.37299666D+05    0.0019709    0.0000001  EM
            232 -0.37299663D+05    0.0028024    0.0000001  EM
            233 -0.37299661D+05    0.0021577    0.0000001  EM
            234 -0.37299658D+05    0.0022540    0.0000001  EM
            235 -0.37299657D+05    0.0017840    0.0000000  EM
            236 -0.37299654D+05    0.0030311    0.0000001  EM
            237 -0.37299652D+05    0.0019674    0.0000001  EM
            238 -0.37299648D+05    0.0035811    0.0000001  EM
            239 -0.37299646D+05    0.0019676    0.0000001  EM
            240 -0.37299643D+05    0.0028663    0.0000001  EM
            241 -0.37299641D+05    0.0022990    0.0000001  EM
            242 -0.37299639D+05    0.0020102    0.0000001  EM
            243 -0.37299637D+05    0.0021582    0.0000001  EM
            244 -0.37299635D+05    0.0020172    0.0000001  EM
            245 -0.37299632D+05    0.0029516    0.0000001  EM
            246 -0.37299630D+05    0.0014182    0.0000000  EM
            247 -0.37299627D+05    0.0036129    0.0000001  EM
            248 -0.37299625D+05    0.0017594    0.0000000  EM
            249 -0.37299623D+05    0.0015829    0.0000000  EM
            250 -0.37299621D+05    0.0019975    0.0000001  EM
            251 -0.37299619D+05    0.0028846    0.0000001  EM
            252 -0.37299616D+05    0.0025513    0.0000001  EM
            253 -0.37299613D+05    0.0031272    0.0000001  EM
            254 -0.37299612D+05    0.0012594    0.0000000  EM
            255 -0.37299609D+05    0.0024683    0.0000001  EM
            256 -0.37299607D+05    0.0024029    0.0000001  EM
            257 -0.37299605D+05    0.0019658    0.0000001  EM
            258 -0.37299602D+05    0.0030769    0.0000001  EM
            259 -0.37299601D+05    0.0006513    0.0000000  EM
            260 -0.37299599D+05    0.0021591    0.0000001  EM
            261 -0.37299596D+05    0.0028180    0.0000001  EM
            262 -0.37299594D+05    0.0022572    0.0000001  EM
            263 -0.37299592D+05    0.0021281    0.0000001  EM
            264 -0.37299589D+05    0.0024063    0.0000001  EM
            265 -0.37299587D+05    0.0027382    0.0000001  EM
            266 -0.37299586D+05    0.0010114    0.0000000  EM
            267 -0.37299584D+05    0.0015149    0.0000000  EM
            268 -0.37299582D+05    0.0016258    0.0000000  EM
            269 -0.37299579D+05    0.0031432    0.0000001  EM
            270 -0.37299578D+05    0.0013760    0.0000000  EM
            271 -0.37299575D+05    0.0024295    0.0000001  EM
            272 -0.37299573D+05    0.0028011    0.0000001  EM
            273 -0.37299571D+05    0.0017048    0.0000000  EM
            274 -0.37299568D+05    0.0025470    0.0000001  EM
            275 -0.37299567D+05    0.0010191    0.0000000  EM
            276 -0.37299565D+05    0.0028481    0.0000001  EM
            277 -0.37299563D+05    0.0017666    0.0000000  EM
            278 -0.37299561D+05    0.0015004    0.0000000  EM
            279 -0.37299558D+05    0.0027978    0.0000001  EM
            280 -0.37299557D+05    0.0017004    0.0000000  EM
            281 -0.37299555D+05    0.0016580    0.0000000  EM
            282 -0.37299552D+05    0.0027363    0.0000001  EM
            283 -0.37299550D+05    0.0020607    0.0000001  EM
            284 -0.37299549D+05    0.0015206    0.0000000  EM
            285 -0.37299547D+05    0.0019191    0.0000001  EM
            286 -0.37299545D+05    0.0017205    0.0000000  EM
            287 -0.37299542D+05    0.0031406    0.0000001  EM
            288 -0.37299541D+05    0.0012129    0.0000000  EM
            289 -0.37299539D+05    0.0015217    0.0000000  EM
            290 -0.37299537D+05    0.0019202    0.0000001  EM
            291 -0.37299535D+05    0.0024308    0.0000001  EM
            292 -0.37299533D+05    0.0019777    0.0000001  EM
            293 -0.37299531D+05    0.0015660    0.0000000  EM
            294 -0.37299530D+05    0.0017363    0.0000000  EM
            295 -0.37299530D+05    0.0000000    0.0000000  QN
            296 -0.37299527D+05    0.0022097    0.0000001  EM
            297 -0.37299525D+05    0.0020319    0.0000001  EM
            298 -0.37299524D+05    0.0018833    0.0000001  EM
            299 -0.37299522D+05    0.0016937    0.0000000  EM
            300 -0.37299520D+05    0.0020645    0.0000001  EM
            301 -0.37299518D+05    0.0015484    0.0000000  EM
            302 -0.37299517D+05    0.0015909    0.0000000  EM
            303 -0.37299515D+05    0.0016934    0.0000000  EM
            304 -0.37299513D+05    0.0017647    0.0000000  EM
            305 -0.37299511D+05    0.0020519    0.0000001  EM
            306 -0.37299509D+05    0.0023612    0.0000001  EM
            307 -0.37299506D+05    0.0026255    0.0000001  EM
            308 -0.37299505D+05    0.0006552    0.0000000  EM
            309 -0.37299503D+05    0.0025430    0.0000001  EM
            310 -0.37299502D+05    0.0008228    0.0000000  EM
            311 -0.37299500D+05    0.0018950    0.0000001  EM
            312 -0.37299497D+05    0.0030514    0.0000001  EM
            313 -0.37299496D+05    0.0009641    0.0000000  EM
            314 -0.37299495D+05    0.0012762    0.0000000  EM
            315 -0.37299493D+05    0.0019529    0.0000001  EM
            316 -0.37299491D+05    0.0017917    0.0000000  EM
            317 -0.37299489D+05    0.0022668    0.0000001  EM
            318 -0.37299488D+05    0.0012093    0.0000000  EM
            319 -0.37299485D+05    0.0027120    0.0000001  EM
            320 -0.37299483D+05    0.0017319    0.0000000  EM
            321 -0.37299482D+05    0.0012053    0.0000000  EM
            322 -0.37299480D+05    0.0017869    0.0000000  EM
            323 -0.37299478D+05    0.0023115    0.0000001  EM
            324 -0.37299477D+05    0.0012447    0.0000000  EM
            325 -0.37299475D+05    0.0019838    0.0000001  EM
            326 -0.37299474D+05    0.0012047    0.0000000  EM
            327 -0.37299472D+05    0.0016155    0.0000000  EM
            328 -0.37299470D+05    0.0020361    0.0000001  EM
            329 -0.37299468D+05    0.0018629    0.0000000  EM
            330 -0.37299466D+05    0.0017460    0.0000000  EM
            331 -0.37299465D+05    0.0014606    0.0000000  EM
            332 -0.37299464D+05    0.0009186    0.0000000  EM
            333 -0.37299461D+05    0.0026344    0.0000001  EM
            334 -0.37299460D+05    0.0013031    0.0000000  EM
            335 -0.37299459D+05    0.0009769    0.0000000  EM
            336 -0.37299457D+05    0.0019170    0.0000001  EM
            337 -0.37299455D+05    0.0022302    0.0000001  EM
            338 -0.37299453D+05    0.0018108    0.0000000  EM
            339 -0.37299452D+05    0.0014815    0.0000000  EM
            340 -0.37299451D+05    0.0007458    0.0000000  EM
            341 -0.37299448D+05    0.0023079    0.0000001  EM
            342 -0.37299447D+05    0.0013841    0.0000000  EM
            343 -0.37299446D+05    0.0011827    0.0000000  EM
            344 -0.37299444D+05    0.0019298    0.0000001  EM
            345 -0.37299442D+05    0.0016752    0.0000000  EM
            346 -0.37299440D+05    0.0019826    0.0000001  EM
            347 -0.37299439D+05    0.0012622    0.0000000  EM
            348 -0.37299437D+05    0.0017678    0.0000000  EM
            349 -0.37299435D+05    0.0018273    0.0000000  EM
            350 -0.37299434D+05    0.0013015    0.0000000  EM
            351 -0.37299432D+05    0.0016669    0.0000000  EM
            352 -0.37299431D+05    0.0018008    0.0000000  EM
            353 -0.37299429D+05    0.0018872    0.0000001  EM
            354 -0.37299427D+05    0.0014095    0.0000000  EM
            355 -0.37299426D+05    0.0011276    0.0000000  EM
            356 -0.37299425D+05    0.0010885    0.0000000  EM
            357 -0.37299423D+05    0.0022598    0.0000001  EM
            358 -0.37299422D+05    0.0013700    0.0000000  EM
            359 -0.37299420D+05    0.0017758    0.0000000  EM
            360 -0.37299419D+05    0.0007073    0.0000000  EM
            361 -0.37299417D+05    0.0023472    0.0000001  EM
            362 -0.37299415D+05    0.0020186    0.0000001  EM
            363 -0.37299413D+05    0.0013080    0.0000000  EM
            364 -0.37299412D+05    0.0009089    0.0000000  EM
            365 -0.37299411D+05    0.0011334    0.0000000  EM
            366 -0.37299409D+05    0.0019580    0.0000001  EM
            367 -0.37299410D+05   -0.0002295    0.0000000  QN
            368 -0.37299408D+05    0.0020120    0.0000001  EM
            369 -0.37299406D+05    0.0015491    0.0000000  EM
            370 -0.37299405D+05    0.0012883    0.0000000  EM
            371 -0.37299404D+05    0.0010070    0.0000000  EM
            372 -0.37299402D+05    0.0015602    0.0000000  EM
            373 -0.37299401D+05    0.0012082    0.0000000  EM
            374 -0.37299399D+05    0.0022262    0.0000001  EM
            375 -0.37299398D+05    0.0008876    0.0000000  EM
            376 -0.37299396D+05    0.0015449    0.0000000  EM
            377 -0.37299395D+05    0.0016555    0.0000000  EM
            378 -0.37299393D+05    0.0018458    0.0000000  EM
            379 -0.37299392D+05    0.0009401    0.0000000  EM
            380 -0.37299391D+05    0.0012060    0.0000000  EM
            381 -0.37299388D+05    0.0026263    0.0000001  EM
            382 -0.37299387D+05    0.0011057    0.0000000  EM
            383 -0.37299386D+05    0.0009362    0.0000000  EM
            384 -0.37299385D+05    0.0012109    0.0000000  EM
            385 -0.37299383D+05    0.0015314    0.0000000  EM
            386 -0.37299381D+05    0.0019894    0.0000001  EM
            387 -0.37299380D+05    0.0010809    0.0000000  EM
            388 -0.37299379D+05    0.0015945    0.0000000  EM
            389 -0.37299377D+05    0.0012186    0.0000000  EM
            390 -0.37299377D+05    0.0008522    0.0000000  EM
            391 -0.37299375D+05    0.0020075    0.0000001  EM
            392 -0.37299373D+05    0.0011170    0.0000000  EM
            393 -0.37299371D+05    0.0022093    0.0000001  EM
            394 -0.37299371D+05    0.0004310    0.0000000  EM
            395 -0.37299369D+05    0.0015815    0.0000000  EM
            396 -0.37299368D+05    0.0016167    0.0000000  EM
            397 -0.37299367D+05    0.0010142    0.0000000  EM
            398 -0.37299366D+05    0.0007868    0.0000000  EM
            399 -0.37299364D+05    0.0020784    0.0000001  EM
            400 -0.37299361D+05    0.0022477    0.0000001  EM
            401 -0.37299361D+05    0.0008147    0.0000000  EM
            402 -0.37299359D+05    0.0014821    0.0000000  EM
            403 -0.37299358D+05    0.0014456    0.0000000  EM
            404 -0.37299357D+05    0.0002474    0.0000000  EM
            405 -0.37299355D+05    0.0023766    0.0000001  EM
            406 -0.37299354D+05    0.0014362    0.0000000  EM
            407 -0.37299352D+05    0.0012214    0.0000000  EM
            408 -0.37299352D+05    0.0007054    0.0000000  EM
            409 -0.37299350D+05    0.0015956    0.0000000  EM
            410 -0.37299349D+05    0.0015650    0.0000000  EM
            411 -0.37299347D+05    0.0014935    0.0000000  EM
            412 -0.37299346D+05    0.0011013    0.0000000  EM
            413 -0.37299345D+05    0.0008031    0.0000000  EM
            414 -0.37299343D+05    0.0019578    0.0000001  EM
            415 -0.37299342D+05    0.0008305    0.0000000  EM
            416 -0.37299341D+05    0.0015696    0.0000000  EM
            417 -0.37299340D+05    0.0007656    0.0000000  EM
            418 -0.37299338D+05    0.0022424    0.0000001  EM
            419 -0.37299337D+05    0.0006943    0.0000000  EM
            420 -0.37299337D+05    0.0005295    0.0000000  EM
            421 -0.37299335D+05    0.0018402    0.0000000  EM
            422 -0.37299334D+05    0.0011777    0.0000000  EM
            423 -0.37299332D+05    0.0017144    0.0000000  EM
            424 -0.37299331D+05    0.0012136    0.0000000  EM
            425 -0.37299330D+05    0.0010144    0.0000000  EM
            426 -0.37299329D+05    0.0009890    0.0000000  EM
            427 -0.37299326D+05    0.0022230    0.0000001  EM
            428 -0.37299325D+05    0.0011706    0.0000000  EM
            429 -0.37299324D+05    0.0008689    0.0000000  EM
            430 -0.37299323D+05    0.0011471    0.0000000  EM
            431 -0.37299322D+05    0.0011146    0.0000000  EM
            432 -0.37299321D+05    0.0011146    0.0000000  EM
            433 -0.37299319D+05    0.0018185    0.0000000  EM
            434 -0.37299318D+05    0.0011138    0.0000000  EM
            435 -0.37299317D+05    0.0008284    0.0000000  EM
            436 -0.37299316D+05    0.0015760    0.0000000  EM
            437 -0.37299315D+05    0.0009099    0.0000000  EM
            438 -0.37299313D+05    0.0016759    0.0000000  EM
            439 -0.37299312D+05    0.0009556    0.0000000  EM
            440 -0.37299311D+05    0.0014288    0.0000000  EM
            441 -0.37299310D+05    0.0011332    0.0000000  EM
            442 -0.37299309D+05    0.0007007    0.0000000  EM
            443 -0.37299307D+05    0.0021093    0.0000001  EM
            444 -0.37299306D+05    0.0008874    0.0000000  EM
            445 -0.37299307D+05   -0.0007628    0.0000000  QN
            446 -0.37299305D+05    0.0016415    0.0000000  EM
            447 -0.37299304D+05    0.0005286    0.0000000  EM
            448 -0.37299302D+05    0.0027047    0.0000001  EM
            449 -0.37299301D+05    0.0005490    0.0000000  EM
            450 -0.37299300D+05    0.0010317    0.0000000  EM
            451 -0.37299299D+05    0.0013559    0.0000000  EM
            452 -0.37299298D+05    0.0007464    0.0000000  EM
            453 -0.37299297D+05    0.0015130    0.0000000  EM
            454 -0.37299295D+05    0.0019590    0.0000001  EM
            455 -0.37299294D+05    0.0005600    0.0000000  EM
            456 -0.37299293D+05    0.0015117    0.0000000  EM
            457 -0.37299292D+05    0.0006149    0.0000000  EM
            458 -0.37299291D+05    0.0010574    0.0000000  EM
            459 -0.37299289D+05    0.0016408    0.0000000  EM
            460 -0.37299288D+05    0.0016273    0.0000000  EM
            461 -0.37299287D+05    0.0005031    0.0000000  EM
            462 -0.37299286D+05    0.0006094    0.0000000  EM
            463 -0.37299284D+05    0.0020589    0.0000001  EM
            464 -0.37299283D+05    0.0011056    0.0000000  EM
            465 -0.37299283D+05    0.0007153    0.0000000  EM
            466 -0.37299281D+05    0.0015746    0.0000000  EM
            467 -0.37299280D+05    0.0012390    0.0000000  EM
            468 -0.37299279D+05    0.0003401    0.0000000  EM
            469 -0.37299278D+05    0.0011141    0.0000000  EM
            470 -0.37299276D+05    0.0019170    0.0000001  EM
            471 -0.37299276D+05    0.0003921    0.0000000  EM
            472 -0.37299275D+05    0.0010417    0.0000000  EM
            473 -0.37299273D+05    0.0015263    0.0000000  EM
            474 -0.37299272D+05    0.0011292    0.0000000  EM
            475 -0.37299271D+05    0.0011867    0.0000000  EM
            476 -0.37299270D+05    0.0009077    0.0000000  EM
            477 -0.37299269D+05    0.0010187    0.0000000  EM
            478 -0.37299268D+05    0.0010432    0.0000000  EM
            479 -0.37299266D+05    0.0017925    0.0000000  EM
            480 -0.37299266D+05    0.0006957    0.0000000  EM
            481 -0.37299265D+05    0.0007213    0.0000000  EM
            482 -0.37299263D+05    0.0015879    0.0000000  EM
            483 -0.37299263D+05    0.0007990    0.0000000  EM
            484 -0.37299261D+05    0.0011396    0.0000000  EM
            485 -0.37299260D+05    0.0017225    0.0000000  EM
            486 -0.37299259D+05    0.0006035    0.0000000  EM
            487 -0.37299259D+05    0.0005695    0.0000000  EM
            488 -0.37299257D+05    0.0018079    0.0000000  EM
            489 -0.37299256D+05    0.0002916    0.0000000  EM
            490 -0.37299255D+05    0.0015692    0.0000000  EM
            491 -0.37299254D+05    0.0005981    0.0000000  EM
            492 -0.37299253D+05    0.0014400    0.0000000  EM
            493 -0.37299253D+05    0.0000460    0.0000000  EM
            494 -0.37299251D+05    0.0021946    0.0000001  EM
            495 -0.37299250D+05    0.0009748    0.0000000  EM
            496 -0.37299249D+05    0.0007337    0.0000000  EM
            497 -0.37299248D+05    0.0011282    0.0000000  EM
            498 -0.37299246D+05    0.0019222    0.0000001  EM
            499 -0.37299245D+05    0.0004202    0.0000000  EM
            500 -0.37299244D+05    0.0009621    0.0000000  EM


  THE OPTIMIZATION ALGORITHM HAS CHANGED TO THE EM ALGORITHM.



   E STEP  ITER  LOGLIKELIHOOD    ABS CHANGE   REL CHANGE  ALGORITHM
              1 -0.46722479D+05    0.0000000    0.0000000  EM
              2 -0.38389884D+05 8332.5950671    0.1783423  EM
              3 -0.37860121D+05  529.7625617    0.0137995  EM
              4 -0.37677516D+05  182.6048549    0.0048231  EM
              5 -0.37583894D+05   93.6227209    0.0024848  EM
              6 -0.37526350D+05   57.5438817    0.0015311  EM
              7 -0.37487284D+05   39.0654565    0.0010410  EM
              8 -0.37459037D+05   28.2474165    0.0007535  EM
              9 -0.37437707D+05   21.3293213    0.0005694  EM
             10 -0.37421081D+05   16.6266860    0.0004441  EM
             11 -0.37407794D+05   13.2871255    0.0003551  EM
             12 -0.37396958D+05   10.8359811    0.0002897  EM
             13 -0.37387969D+05    8.9887309    0.0002404  EM
             14 -0.37380403D+05    7.5654388    0.0002023  EM
             15 -0.37373956D+05    6.4476746    0.0001725  EM
             16 -0.37368401D+05    5.5550972    0.0001486  EM
             17 -0.37363569D+05    4.8317983    0.0001293  EM
             18 -0.37359331D+05    4.2380300    0.0001134  EM
             19 -0.37355586D+05    3.7449502    0.0001002  EM
             20 -0.37352255D+05    3.3312618    0.0000892  EM
             21 -0.37349274D+05    2.9809745    0.0000798  EM
             22 -0.37346592D+05    2.6819230    0.0000718  EM
             23 -0.37344167D+05    2.4246895    0.0000649  EM
             24 -0.37341965D+05    2.2019246    0.0000590  EM
             25 -0.37339957D+05    2.0078118    0.0000538  EM
             26 -0.37338120D+05    1.8377048    0.0000492  EM
             27 -0.37336432D+05    1.6878568    0.0000452  EM
             28 -0.37334877D+05    1.5552179    0.0000417  EM
             29 -0.37333439D+05    1.4372886    0.0000385  EM
             30 -0.37332107D+05    1.3320025    0.0000357  EM
             31 -0.37330870D+05    1.2376416    0.0000332  EM
             32 -0.37329717D+05    1.1527655    0.0000309  EM
             33 -0.37328641D+05    1.0761680    0.0000288  EM
             34 -0.37327634D+05    1.0068145    0.0000270  EM
             35 -0.37326690D+05    0.9438420    0.0000253  EM
             36 -0.37325804D+05    0.8864969    0.0000237  EM
             37 -0.37324969D+05    0.8341384    0.0000223  EM
             38 -0.37324183D+05    0.7862150    0.0000211  EM
             39 -0.37323441D+05    0.7422446    0.0000199  EM
             40 -0.37322739D+05    0.7018121    0.0000188  EM
             41 -0.37322075D+05    0.6645522    0.0000178  EM
             42 -0.37321444D+05    0.6301457    0.0000169  EM
             43 -0.37320846D+05    0.5983132    0.0000160  EM
             44 -0.37320277D+05    0.5688066    0.0000152  EM
             45 -0.37319736D+05    0.5414086    0.0000145  EM
             46 -0.37319220D+05    0.5159257    0.0000138  EM
             47 -0.37318728D+05    0.4921842    0.0000132  EM
             48 -0.37318258D+05    0.4700326    0.0000126  EM
             49 -0.37317808D+05    0.4493322    0.0000120  EM
             50 -0.37317378D+05    0.4299619    0.0000115  EM
             51 -0.37316967D+05    0.4118098    0.0000110  EM
             52 -0.37316572D+05    0.3947783    0.0000106  EM
             53 -0.37316193D+05    0.3787764    0.0000102  EM
             54 -0.37315829D+05    0.3637257    0.0000097  EM
             55 -0.37315480D+05    0.3495508    0.0000094  EM
             56 -0.37315144D+05    0.3361877    0.0000090  EM
             57 -0.37314820D+05    0.3235745    0.0000087  EM
             58 -0.37314508D+05    0.3116576    0.0000084  EM
             59 -0.37314208D+05    0.3003862    0.0000081  EM
             60 -0.37313918D+05    0.2897160    0.0000078  EM
             61 -0.37313639D+05    0.2796045    0.0000075  EM
             62 -0.37313369D+05    0.2700133    0.0000072  EM
             63 -0.37313108D+05    0.2609089    0.0000070  EM
             64 -0.37312856D+05    0.2522585    0.0000068  EM
             65 -0.37312611D+05    0.2440320    0.0000065  EM
             66 -0.37312375D+05    0.2362031    0.0000063  EM
             67 -0.37312147D+05    0.2287463    0.0000061  EM
             68 -0.37311925D+05    0.2216384    0.0000059  EM
             69 -0.37311710D+05    0.2148583    0.0000058  EM
             70 -0.37311502D+05    0.2083865    0.0000056  EM
             71 -0.37311299D+05    0.2022041    0.0000054  EM
             72 -0.37311103D+05    0.1962948    0.0000053  EM
             73 -0.37310913D+05    0.1906424    0.0000051  EM
             74 -0.37310727D+05    0.1852324    0.0000050  EM
             75 -0.37310547D+05    0.1800512    0.0000048  EM
             76 -0.37310372D+05    0.1750860    0.0000047  EM
             77 -0.37310202D+05    0.1703250    0.0000046  EM
             78 -0.37310036D+05    0.1657573    0.0000044  EM
             79 -0.37309875D+05    0.1613726    0.0000043  EM
             80 -0.37309718D+05    0.1571612    0.0000042  EM
             81 -0.37309564D+05    0.1531141    0.0000041  EM
             82 -0.37309415D+05    0.1492230    0.0000040  EM
             83 -0.37309270D+05    0.1454798    0.0000039  EM
             84 -0.37309128D+05    0.1418773    0.0000038  EM
             85 -0.37308989D+05    0.1384084    0.0000037  EM
             86 -0.37308854D+05    0.1350666    0.0000036  EM
             87 -0.37308723D+05    0.1318459    0.0000035  EM
             88 -0.37308594D+05    0.1287403    0.0000035  EM
             89 -0.37308468D+05    0.1257446    0.0000034  EM
             90 -0.37308345D+05    0.1228536    0.0000033  EM
             91 -0.37308225D+05    0.1200624    0.0000032  EM
             92 -0.37308108D+05    0.1173665    0.0000031  EM
             93 -0.37307993D+05    0.1147616    0.0000031  EM
             94 -0.37307881D+05    0.1122437    0.0000030  EM
             95 -0.37307771D+05    0.1098089    0.0000029  EM
             96 -0.37307663D+05    0.1074536    0.0000029  EM
             97 -0.37307558D+05    0.1051744    0.0000028  EM
             98 -0.37307455D+05    0.1029680    0.0000028  EM
             99 -0.37307354D+05    0.1008314    0.0000027  EM
            100 -0.37307256D+05    0.0987616    0.0000026  EM
            101 -0.37307159D+05    0.0967559    0.0000026  EM
            102 -0.37307064D+05    0.0948116    0.0000025  EM
            103 -0.37306971D+05    0.0929263    0.0000025  EM
            104 -0.37306880D+05    0.0910975    0.0000024  EM
            105 -0.37306791D+05    0.0893231    0.0000024  EM
            106 -0.37306703D+05    0.0876009    0.0000023  EM
            107 -0.37306617D+05    0.0859289    0.0000023  EM
            108 -0.37306533D+05    0.0843051    0.0000023  EM
            109 -0.37306450D+05    0.0827277    0.0000022  EM
            110 -0.37306369D+05    0.0811950    0.0000022  EM
            111 -0.37306289D+05    0.0797051    0.0000021  EM
            112 -0.37306211D+05    0.0782567    0.0000021  EM
            113 -0.37306134D+05    0.0768481    0.0000021  EM
            114 -0.37306059D+05    0.0754779    0.0000020  EM
            115 -0.37305985D+05    0.0741446    0.0000020  EM
            116 -0.37305912D+05    0.0728470    0.0000020  EM
            117 -0.37305840D+05    0.0715839    0.0000019  EM
            118 -0.37305770D+05    0.0703539    0.0000019  EM
            119 -0.37305701D+05    0.0691558    0.0000019  EM
            120 -0.37305633D+05    0.0679889    0.0000018  EM
            121 -0.37305566D+05    0.0668516    0.0000018  EM
            122 -0.37305500D+05    0.0657434    0.0000018  EM
            123 -0.37305435D+05    0.0646630    0.0000017  EM
            124 -0.37305372D+05    0.0636095    0.0000017  EM
            125 -0.37305309D+05    0.0625820    0.0000017  EM
            126 -0.37305248D+05    0.0615798    0.0000017  EM
            127 -0.37305187D+05    0.0606018    0.0000016  EM
            128 -0.37305127D+05    0.0596476    0.0000016  EM
            129 -0.37305069D+05    0.0587160    0.0000016  EM
            130 -0.37305011D+05    0.0578067    0.0000015  EM
            131 -0.37304954D+05    0.0569186    0.0000015  EM
            132 -0.37304898D+05    0.0560514    0.0000015  EM
            133 -0.37304843D+05    0.0552042    0.0000015  EM
            134 -0.37304788D+05    0.0543765    0.0000015  EM
            135 -0.37304735D+05    0.0535676    0.0000014  EM
            136 -0.37304682D+05    0.0527771    0.0000014  EM
            137 -0.37304630D+05    0.0520042    0.0000014  EM
            138 -0.37304579D+05    0.0512487    0.0000014  EM
            139 -0.37304528D+05    0.0505097    0.0000014  EM
            140 -0.37304478D+05    0.0497871    0.0000013  EM
            141 -0.37304429D+05    0.0490801    0.0000013  EM
            142 -0.37304381D+05    0.0483885    0.0000013  EM
            143 -0.37304333D+05    0.0477116    0.0000013  EM
            144 -0.37304286D+05    0.0470492    0.0000013  EM
            145 -0.37304240D+05    0.0464007    0.0000012  EM
            146 -0.37304194D+05    0.0457660    0.0000012  EM
            147 -0.37304149D+05    0.0451443    0.0000012  EM
            148 -0.37304104D+05    0.0445356    0.0000012  EM
            149 -0.37304060D+05    0.0439394    0.0000012  EM
            150 -0.37304017D+05    0.0433554    0.0000012  EM
            151 -0.37303974D+05    0.0427831    0.0000011  EM
            152 -0.37303932D+05    0.0422224    0.0000011  EM
            153 -0.37303890D+05    0.0416728    0.0000011  EM
            154 -0.37303849D+05    0.0411342    0.0000011  EM
            155 -0.37303809D+05    0.0406061    0.0000011  EM
            156 -0.37303769D+05    0.0400885    0.0000011  EM
            157 -0.37303729D+05    0.0395808    0.0000011  EM
            158 -0.37303690D+05    0.0390830    0.0000010  EM
            159 -0.37303651D+05    0.0385947    0.0000010  EM
            160 -0.37303613D+05    0.0381158    0.0000010  EM
            161 -0.37303576D+05    0.0376458    0.0000010  EM
            162 -0.37303538D+05    0.0371848    0.0000010  EM
            163 -0.37303502D+05    0.0367323    0.0000010  EM
            164 -0.37303465D+05    0.0362882    0.0000010  EM
            165 -0.37303430D+05    0.0358523    0.0000010  EM
            166 -0.37303394D+05    0.0354244    0.0000009  EM
            167 -0.37303359D+05    0.0350043    0.0000009  EM
            168 -0.37303324D+05    0.0345918    0.0000009  EM
            169 -0.37303290D+05    0.0341867    0.0000009  EM
            170 -0.37303257D+05    0.0337889    0.0000009  EM
            171 -0.37303223D+05    0.0333981    0.0000009  EM
            172 -0.37303190D+05    0.0330142    0.0000009  EM
            173 -0.37303157D+05    0.0326371    0.0000009  EM
            174 -0.37303125D+05    0.0322665    0.0000009  EM
            175 -0.37303093D+05    0.0319023    0.0000009  EM
            176 -0.37303062D+05    0.0315444    0.0000008  EM
            177 -0.37303031D+05    0.0311927    0.0000008  EM
            178 -0.37303000D+05    0.0308469    0.0000008  EM
            179 -0.37302969D+05    0.0305070    0.0000008  EM
            180 -0.37302939D+05    0.0301728    0.0000008  EM
            181 -0.37302909D+05    0.0298442    0.0000008  EM
            182 -0.37302880D+05    0.0295211    0.0000008  EM
            183 -0.37302850D+05    0.0292032    0.0000008  EM
            184 -0.37302822D+05    0.0288907    0.0000008  EM
            185 -0.37302793D+05    0.0285832    0.0000008  EM
            186 -0.37302765D+05    0.0282807    0.0000008  EM
            187 -0.37302737D+05    0.0279831    0.0000008  EM
            188 -0.37302709D+05    0.0276903    0.0000007  EM
            189 -0.37302682D+05    0.0274022    0.0000007  EM
            190 -0.37302655D+05    0.0271186    0.0000007  EM
            191 -0.37302628D+05    0.0268396    0.0000007  EM
            192 -0.37302601D+05    0.0265649    0.0000007  EM
            193 -0.37302575D+05    0.0262945    0.0000007  EM
            194 -0.37302549D+05    0.0260283    0.0000007  EM
            195 -0.37302523D+05    0.0257662    0.0000007  EM
            196 -0.37302498D+05    0.0255082    0.0000007  EM
            197 -0.37302472D+05    0.0252540    0.0000007  EM
            198 -0.37302447D+05    0.0250038    0.0000007  EM
            199 -0.37302422D+05    0.0247574    0.0000007  EM
            200 -0.37302398D+05    0.0245146    0.0000007  EM
            201 -0.37302374D+05    0.0242755    0.0000007  EM
            202 -0.37302350D+05    0.0240400    0.0000006  EM
            203 -0.37302326D+05    0.0238079    0.0000006  EM
            204 -0.37302302D+05    0.0235793    0.0000006  EM
            205 -0.37302279D+05    0.0233540    0.0000006  EM
            206 -0.37302256D+05    0.0231320    0.0000006  EM
            207 -0.37302233D+05    0.0229132    0.0000006  EM
            208 -0.37302210D+05    0.0226977    0.0000006  EM
            209 -0.37302188D+05    0.0224851    0.0000006  EM
            210 -0.37302165D+05    0.0222757    0.0000006  EM
            211 -0.37302143D+05    0.0220691    0.0000006  EM
            212 -0.37302121D+05    0.0218656    0.0000006  EM
            213 -0.37302100D+05    0.0216648    0.0000006  EM
            214 -0.37302078D+05    0.0214669    0.0000006  EM
            215 -0.37302057D+05    0.0212719    0.0000006  EM
            216 -0.37302036D+05    0.0210794    0.0000006  EM
            217 -0.37302015D+05    0.0208896    0.0000006  EM
            218 -0.37301994D+05    0.0207025    0.0000006  EM
            219 -0.37301974D+05    0.0205179    0.0000006  EM
            220 -0.37301954D+05    0.0203358    0.0000005  EM
            221 -0.37301933D+05    0.0201561    0.0000005  EM
            222 -0.37301913D+05    0.0199790    0.0000005  EM
            223 -0.37301894D+05    0.0198041    0.0000005  EM
            224 -0.37301874D+05    0.0196317    0.0000005  EM
            225 -0.37301855D+05    0.0194615    0.0000005  EM
            226 -0.37301835D+05    0.0192935    0.0000005  EM
            227 -0.37301816D+05    0.0191278    0.0000005  EM
            228 -0.37301797D+05    0.0189642    0.0000005  EM
            229 -0.37301778D+05    0.0188028    0.0000005  EM
            230 -0.37301760D+05    0.0186435    0.0000005  EM
            231 -0.37301741D+05    0.0184862    0.0000005  EM
            232 -0.37301723D+05    0.0183309    0.0000005  EM
            233 -0.37301705D+05    0.0181777    0.0000005  EM
            234 -0.37301687D+05    0.0180264    0.0000005  EM
            235 -0.37301669D+05    0.0178770    0.0000005  EM
            236 -0.37301651D+05    0.0177296    0.0000005  EM
            237 -0.37301633D+05    0.0175840    0.0000005  EM
            238 -0.37301616D+05    0.0174402    0.0000005  EM
            239 -0.37301599D+05    0.0172981    0.0000005  EM
            240 -0.37301582D+05    0.0171579    0.0000005  EM
            241 -0.37301565D+05    0.0170194    0.0000005  EM
            242 -0.37301548D+05    0.0168826    0.0000005  EM
            243 -0.37301531D+05    0.0167475    0.0000004  EM
            244 -0.37301514D+05    0.0166140    0.0000004  EM
            245 -0.37301498D+05    0.0164821    0.0000004  EM
            246 -0.37301481D+05    0.0163519    0.0000004  EM
            247 -0.37301465D+05    0.0162232    0.0000004  EM
            248 -0.37301449D+05    0.0160960    0.0000004  EM
            249 -0.37301433D+05    0.0159704    0.0000004  EM
            250 -0.37301417D+05    0.0158463    0.0000004  EM
            251 -0.37301402D+05    0.0157236    0.0000004  EM
            252 -0.37301386D+05    0.0156024    0.0000004  EM
            253 -0.37301371D+05    0.0154826    0.0000004  EM
            254 -0.37301355D+05    0.0153643    0.0000004  EM
            255 -0.37301340D+05    0.0152473    0.0000004  EM
            256 -0.37301325D+05    0.0151316    0.0000004  EM
            257 -0.37301310D+05    0.0150173    0.0000004  EM
            258 -0.37301295D+05    0.0149043    0.0000004  EM
            259 -0.37301280D+05    0.0147926    0.0000004  EM
            260 -0.37301265D+05    0.0146822    0.0000004  EM
            261 -0.37301251D+05    0.0145731    0.0000004  EM
            262 -0.37301236D+05    0.0144651    0.0000004  EM
            263 -0.37301222D+05    0.0143584    0.0000004  EM
            264 -0.37301208D+05    0.0142529    0.0000004  EM
            265 -0.37301194D+05    0.0141486    0.0000004  EM
            266 -0.37301180D+05    0.0140454    0.0000004  EM
            267 -0.37301166D+05    0.0139434    0.0000004  EM
            268 -0.37301152D+05    0.0138425    0.0000004  EM
            269 -0.37301138D+05    0.0137428    0.0000004  EM
            270 -0.37301124D+05    0.0136441    0.0000004  EM
            271 -0.37301111D+05    0.0135465    0.0000004  EM
            272 -0.37301097D+05    0.0134499    0.0000004  EM
            273 -0.37301084D+05    0.0133545    0.0000004  EM
            274 -0.37301071D+05    0.0132600    0.0000004  EM
            275 -0.37301058D+05    0.0131666    0.0000004  EM
            276 -0.37301045D+05    0.0130741    0.0000004  EM
            277 -0.37301032D+05    0.0129827    0.0000003  EM
            278 -0.37301019D+05    0.0128922    0.0000003  EM
            279 -0.37301006D+05    0.0128027    0.0000003  EM
            280 -0.37300993D+05    0.0127141    0.0000003  EM
            281 -0.37300981D+05    0.0126265    0.0000003  EM
            282 -0.37300968D+05    0.0125398    0.0000003  EM
            283 -0.37300956D+05    0.0124540    0.0000003  EM
            284 -0.37300943D+05    0.0123691    0.0000003  EM
            285 -0.37300931D+05    0.0122850    0.0000003  EM
            286 -0.37300919D+05    0.0122019    0.0000003  EM
            287 -0.37300907D+05    0.0121196    0.0000003  EM
            288 -0.37300895D+05    0.0120381    0.0000003  EM
            289 -0.37300883D+05    0.0119575    0.0000003  EM
            290 -0.37300871D+05    0.0118777    0.0000003  EM
            291 -0.37300859D+05    0.0117987    0.0000003  EM
            292 -0.37300847D+05    0.0117205    0.0000003  EM
            293 -0.37300836D+05    0.0116431    0.0000003  EM
            294 -0.37300824D+05    0.0115665    0.0000003  EM
            295 -0.37300812D+05    0.0114906    0.0000003  EM
            296 -0.37300801D+05    0.0114155    0.0000003  EM
            297 -0.37300790D+05    0.0113412    0.0000003  EM
            298 -0.37300778D+05    0.0112675    0.0000003  EM
            299 -0.37300767D+05    0.0111946    0.0000003  EM
            300 -0.37300756D+05    0.0111225    0.0000003  EM
            301 -0.37300745D+05    0.0110510    0.0000003  EM
            302 -0.37300734D+05    0.0109802    0.0000003  EM
            303 -0.37300723D+05    0.0109102    0.0000003  EM
            304 -0.37300712D+05    0.0108408    0.0000003  EM
            305 -0.37300702D+05    0.0107720    0.0000003  EM
            306 -0.37300691D+05    0.0107040    0.0000003  EM
            307 -0.37300680D+05    0.0106366    0.0000003  EM
            308 -0.37300670D+05    0.0105698    0.0000003  EM
            309 -0.37300659D+05    0.0105037    0.0000003  EM
            310 -0.37300649D+05    0.0104382    0.0000003  EM
            311 -0.37300638D+05    0.0103733    0.0000003  EM
            312 -0.37300628D+05    0.0103090    0.0000003  EM
            313 -0.37300618D+05    0.0102454    0.0000003  EM
            314 -0.37300608D+05    0.0101823    0.0000003  EM
            315 -0.37300597D+05    0.0101198    0.0000003  EM
            316 -0.37300587D+05    0.0100579    0.0000003  EM
            317 -0.37300577D+05    0.0099966    0.0000003  EM
            318 -0.37300567D+05    0.0099359    0.0000003  EM
            319 -0.37300558D+05    0.0098757    0.0000003  EM
            320 -0.37300548D+05    0.0098160    0.0000003  EM
            321 -0.37300538D+05    0.0097570    0.0000003  EM
            322 -0.37300528D+05    0.0096984    0.0000003  EM
            323 -0.37300519D+05    0.0096404    0.0000003  EM
            324 -0.37300509D+05    0.0095829    0.0000003  EM
            325 -0.37300500D+05    0.0095260    0.0000003  EM
            326 -0.37300490D+05    0.0094695    0.0000003  EM
            327 -0.37300481D+05    0.0094136    0.0000003  EM
            328 -0.37300471D+05    0.0093581    0.0000003  EM
            329 -0.37300462D+05    0.0093032    0.0000002  EM
            330 -0.37300453D+05    0.0092487    0.0000002  EM
            331 -0.37300444D+05    0.0091948    0.0000002  EM
            332 -0.37300434D+05    0.0091413    0.0000002  EM
            333 -0.37300425D+05    0.0090883    0.0000002  EM
            334 -0.37300416D+05    0.0090357    0.0000002  EM
            335 -0.37300407D+05    0.0089836    0.0000002  EM
            336 -0.37300398D+05    0.0089320    0.0000002  EM
            337 -0.37300390D+05    0.0088808    0.0000002  EM
            338 -0.37300381D+05    0.0088301    0.0000002  EM
            339 -0.37300372D+05    0.0087798    0.0000002  EM
            340 -0.37300363D+05    0.0087299    0.0000002  EM
            341 -0.37300355D+05    0.0086805    0.0000002  EM
            342 -0.37300346D+05    0.0086315    0.0000002  EM
            343 -0.37300337D+05    0.0085829    0.0000002  EM
            344 -0.37300329D+05    0.0085347    0.0000002  EM
            345 -0.37300320D+05    0.0084870    0.0000002  EM
            346 -0.37300312D+05    0.0084396    0.0000002  EM
            347 -0.37300303D+05    0.0083926    0.0000002  EM
            348 -0.37300295D+05    0.0083461    0.0000002  EM
            349 -0.37300287D+05    0.0082999    0.0000002  EM
            350 -0.37300279D+05    0.0082541    0.0000002  EM
            351 -0.37300270D+05    0.0082087    0.0000002  EM
            352 -0.37300262D+05    0.0081637    0.0000002  EM
            353 -0.37300254D+05    0.0081191    0.0000002  EM
            354 -0.37300246D+05    0.0080748    0.0000002  EM
            355 -0.37300238D+05    0.0080309    0.0000002  EM
            356 -0.37300230D+05    0.0079873    0.0000002  EM
            357 -0.37300222D+05    0.0079442    0.0000002  EM
            358 -0.37300214D+05    0.0079013    0.0000002  EM
            359 -0.37300206D+05    0.0078588    0.0000002  EM
            360 -0.37300198D+05    0.0078167    0.0000002  EM
            361 -0.37300191D+05    0.0077749    0.0000002  EM
            362 -0.37300183D+05    0.0077334    0.0000002  EM
            363 -0.37300175D+05    0.0076923    0.0000002  EM
            364 -0.37300168D+05    0.0076515    0.0000002  EM
            365 -0.37300160D+05    0.0076111    0.0000002  EM
            366 -0.37300152D+05    0.0075710    0.0000002  EM
            367 -0.37300145D+05    0.0075311    0.0000002  EM
            368 -0.37300137D+05    0.0074916    0.0000002  EM
            369 -0.37300130D+05    0.0074525    0.0000002  EM
            370 -0.37300123D+05    0.0074136    0.0000002  EM
            371 -0.37300115D+05    0.0073751    0.0000002  EM
            372 -0.37300108D+05    0.0073368    0.0000002  EM
            373 -0.37300101D+05    0.0072988    0.0000002  EM
            374 -0.37300093D+05    0.0072611    0.0000002  EM
            375 -0.37300086D+05    0.0072238    0.0000002  EM
            376 -0.37300079D+05    0.0071867    0.0000002  EM
            377 -0.37300072D+05    0.0071499    0.0000002  EM
            378 -0.37300065D+05    0.0071134    0.0000002  EM
            379 -0.37300057D+05    0.0070772    0.0000002  EM
            380 -0.37300050D+05    0.0070412    0.0000002  EM
            381 -0.37300043D+05    0.0070056    0.0000002  EM
            382 -0.37300036D+05    0.0069702    0.0000002  EM
            383 -0.37300030D+05    0.0069351    0.0000002  EM
            384 -0.37300023D+05    0.0069002    0.0000002  EM
            385 -0.37300016D+05    0.0068656    0.0000002  EM
            386 -0.37300009D+05    0.0068313    0.0000002  EM
            387 -0.37300002D+05    0.0067972    0.0000002  EM
            388 -0.37299995D+05    0.0067634    0.0000002  EM
            389 -0.37299989D+05    0.0067299    0.0000002  EM
            390 -0.37299982D+05    0.0066966    0.0000002  EM
            391 -0.37299975D+05    0.0066635    0.0000002  EM
            392 -0.37299969D+05    0.0066307    0.0000002  EM
            393 -0.37299962D+05    0.0065981    0.0000002  EM
            394 -0.37299955D+05    0.0065658    0.0000002  EM
            395 -0.37299949D+05    0.0065337    0.0000002  EM
            396 -0.37299942D+05    0.0065019    0.0000002  EM
            397 -0.37299936D+05    0.0064703    0.0000002  EM
            398 -0.37299930D+05    0.0064389    0.0000002  EM
            399 -0.37299923D+05    0.0064078    0.0000002  EM
            400 -0.37299917D+05    0.0063769    0.0000002  EM
            401 -0.37299910D+05    0.0063462    0.0000002  EM
            402 -0.37299904D+05    0.0063157    0.0000002  EM
            403 -0.37299898D+05    0.0062855    0.0000002  EM
            404 -0.37299892D+05    0.0062555    0.0000002  EM
            405 -0.37299885D+05    0.0062256    0.0000002  EM
            406 -0.37299879D+05    0.0061961    0.0000002  EM
            407 -0.37299873D+05    0.0061667    0.0000002  EM
            408 -0.37299867D+05    0.0061375    0.0000002  EM
            409 -0.37299861D+05    0.0061085    0.0000002  EM
            410 -0.37299855D+05    0.0060798    0.0000002  EM
            411 -0.37299849D+05    0.0060512    0.0000002  EM
            412 -0.37299843D+05    0.0060229    0.0000002  EM
            413 -0.37299837D+05    0.0059948    0.0000002  EM
            414 -0.37299831D+05    0.0059668    0.0000002  EM
            415 -0.37299825D+05    0.0059391    0.0000002  EM
            416 -0.37299819D+05    0.0059115    0.0000002  EM
            417 -0.37299813D+05    0.0058841    0.0000002  EM
            418 -0.37299807D+05    0.0058570    0.0000002  EM
            419 -0.37299801D+05    0.0058300    0.0000002  EM
            420 -0.37299795D+05    0.0058032    0.0000002  EM
            421 -0.37299790D+05    0.0057766    0.0000002  EM
            422 -0.37299784D+05    0.0057502    0.0000002  EM
            423 -0.37299778D+05    0.0057239    0.0000002  EM
            424 -0.37299772D+05    0.0056979    0.0000002  EM
            425 -0.37299767D+05    0.0056720    0.0000002  EM
            426 -0.37299761D+05    0.0056463    0.0000002  EM
            427 -0.37299756D+05    0.0056208    0.0000002  EM
            428 -0.37299750D+05    0.0055954    0.0000002  EM
            429 -0.37299744D+05    0.0055703    0.0000001  EM
            430 -0.37299739D+05    0.0055453    0.0000001  EM
            431 -0.37299733D+05    0.0055204    0.0000001  EM
            432 -0.37299728D+05    0.0054957    0.0000001  EM
            433 -0.37299722D+05    0.0054713    0.0000001  EM
            434 -0.37299717D+05    0.0054469    0.0000001  EM
            435 -0.37299711D+05    0.0054227    0.0000001  EM
            436 -0.37299706D+05    0.0053987    0.0000001  EM
            437 -0.37299701D+05    0.0053749    0.0000001  EM
            438 -0.37299695D+05    0.0053512    0.0000001  EM
            439 -0.37299690D+05    0.0053277    0.0000001  EM
            440 -0.37299685D+05    0.0053043    0.0000001  EM
            441 -0.37299679D+05    0.0052811    0.0000001  EM
            442 -0.37299674D+05    0.0052580    0.0000001  EM
            443 -0.37299669D+05    0.0052351    0.0000001  EM
            444 -0.37299664D+05    0.0052123    0.0000001  EM
            445 -0.37299659D+05    0.0051897    0.0000001  EM
            446 -0.37299653D+05    0.0051672    0.0000001  EM
            447 -0.37299648D+05    0.0051449    0.0000001  EM
            448 -0.37299643D+05    0.0051228    0.0000001  EM
            449 -0.37299638D+05    0.0051007    0.0000001  EM
            450 -0.37299633D+05    0.0050788    0.0000001  EM
            451 -0.37299628D+05    0.0050571    0.0000001  EM
            452 -0.37299623D+05    0.0050355    0.0000001  EM
            453 -0.37299618D+05    0.0050140    0.0000001  EM
            454 -0.37299613D+05    0.0049927    0.0000001  EM
            455 -0.37299608D+05    0.0049715    0.0000001  EM
            456 -0.37299603D+05    0.0049505    0.0000001  EM
            457 -0.37299598D+05    0.0049295    0.0000001  EM
            458 -0.37299593D+05    0.0049088    0.0000001  EM
            459 -0.37299588D+05    0.0048881    0.0000001  EM
            460 -0.37299583D+05    0.0048676    0.0000001  EM
            461 -0.37299578D+05    0.0048472    0.0000001  EM
            462 -0.37299574D+05    0.0048269    0.0000001  EM
            463 -0.37299569D+05    0.0048068    0.0000001  EM
            464 -0.37299564D+05    0.0047868    0.0000001  EM
            465 -0.37299559D+05    0.0047669    0.0000001  EM
            466 -0.37299554D+05    0.0047472    0.0000001  EM
            467 -0.37299550D+05    0.0047275    0.0000001  EM
            468 -0.37299545D+05    0.0047080    0.0000001  EM
            469 -0.37299540D+05    0.0046886    0.0000001  EM
            470 -0.37299536D+05    0.0046694    0.0000001  EM
            471 -0.37299531D+05    0.0046502    0.0000001  EM
            472 -0.37299526D+05    0.0046312    0.0000001  EM
            473 -0.37299522D+05    0.0046123    0.0000001  EM
            474 -0.37299517D+05    0.0045935    0.0000001  EM
            475 -0.37299513D+05    0.0045748    0.0000001  EM
            476 -0.37299508D+05    0.0045562    0.0000001  EM
            477 -0.37299504D+05    0.0045378    0.0000001  EM
            478 -0.37299499D+05    0.0045194    0.0000001  EM
            479 -0.37299495D+05    0.0045012    0.0000001  EM
            480 -0.37299490D+05    0.0044831    0.0000001  EM
            481 -0.37299486D+05    0.0044651    0.0000001  EM
            482 -0.37299481D+05    0.0044472    0.0000001  EM
            483 -0.37299477D+05    0.0044294    0.0000001  EM
            484 -0.37299472D+05    0.0044117    0.0000001  EM
            485 -0.37299468D+05    0.0043941    0.0000001  EM
            486 -0.37299464D+05    0.0043767    0.0000001  EM
            487 -0.37299459D+05    0.0043593    0.0000001  EM
            488 -0.37299455D+05    0.0043421    0.0000001  EM
            489 -0.37299450D+05    0.0043249    0.0000001  EM
            490 -0.37299446D+05    0.0043078    0.0000001  EM
            491 -0.37299442D+05    0.0042909    0.0000001  EM
            492 -0.37299438D+05    0.0042740    0.0000001  EM
            493 -0.37299433D+05    0.0042573    0.0000001  EM
            494 -0.37299429D+05    0.0042406    0.0000001  EM
            495 -0.37299425D+05    0.0042241    0.0000001  EM
            496 -0.37299421D+05    0.0042076    0.0000001  EM
            497 -0.37299416D+05    0.0041913    0.0000001  EM
            498 -0.37299412D+05    0.0041750    0.0000001  EM
            499 -0.37299408D+05    0.0041588    0.0000001  EM
            500 -0.37299404D+05    0.0041427    0.0000001  EM
            501 -0.37299400D+05    0.0041268    0.0000001  EM
            502 -0.37299396D+05    0.0041109    0.0000001  EM
            503 -0.37299392D+05    0.0040951    0.0000001  EM
            504 -0.37299388D+05    0.0040794    0.0000001  EM
            505 -0.37299384D+05    0.0040638    0.0000001  EM
            506 -0.37299379D+05    0.0040482    0.0000001  EM
            507 -0.37299375D+05    0.0040328    0.0000001  EM
            508 -0.37299371D+05    0.0040175    0.0000001  EM
            509 -0.37299367D+05    0.0040022    0.0000001  EM
            510 -0.37299363D+05    0.0039870    0.0000001  EM
            511 -0.37299359D+05    0.0039720    0.0000001  EM
            512 -0.37299356D+05    0.0039570    0.0000001  EM
            513 -0.37299352D+05    0.0039420    0.0000001  EM
            514 -0.37299348D+05    0.0039272    0.0000001  EM
            515 -0.37299344D+05    0.0039125    0.0000001  EM
            516 -0.37299340D+05    0.0038978    0.0000001  EM
            517 -0.37299336D+05    0.0038832    0.0000001  EM
            518 -0.37299332D+05    0.0038687    0.0000001  EM
            519 -0.37299328D+05    0.0038543    0.0000001  EM
            520 -0.37299324D+05    0.0038400    0.0000001  EM
            521 -0.37299321D+05    0.0038257    0.0000001  EM
            522 -0.37299317D+05    0.0038116    0.0000001  EM
            523 -0.37299313D+05    0.0037975    0.0000001  EM
            524 -0.37299309D+05    0.0037835    0.0000001  EM
            525 -0.37299305D+05    0.0037695    0.0000001  EM
            526 -0.37299302D+05    0.0037557    0.0000001  EM
            527 -0.37299298D+05    0.0037419    0.0000001  EM
            528 -0.37299294D+05    0.0037282    0.0000001  EM
            529 -0.37299290D+05    0.0037145    0.0000001  EM
            530 -0.37299287D+05    0.0037010    0.0000001  EM
            531 -0.37299283D+05    0.0036875    0.0000001  EM
            532 -0.37299279D+05    0.0036741    0.0000001  EM
            533 -0.37299276D+05    0.0036608    0.0000001  EM
            534 -0.37299272D+05    0.0036475    0.0000001  EM
            535 -0.37299268D+05    0.0036343    0.0000001  EM
            536 -0.37299265D+05    0.0036212    0.0000001  EM
            537 -0.37299261D+05    0.0036082    0.0000001  EM
            538 -0.37299258D+05    0.0035952    0.0000001  EM
            539 -0.37299254D+05    0.0035823    0.0000001  EM
            540 -0.37299250D+05    0.0035695    0.0000001  EM
            541 -0.37299247D+05    0.0035567    0.0000001  EM
            542 -0.37299243D+05    0.0035440    0.0000001  EM
            543 -0.37299240D+05    0.0035314    0.0000001  EM
            544 -0.37299236D+05    0.0035188    0.0000001  EM
            545 -0.37299233D+05    0.0035063    0.0000001  EM
            546 -0.37299229D+05    0.0034939    0.0000001  EM
            547 -0.37299226D+05    0.0034815    0.0000001  EM
            548 -0.37299222D+05    0.0034692    0.0000001  EM
            549 -0.37299219D+05    0.0034570    0.0000001  EM
            550 -0.37299215D+05    0.0034449    0.0000001  EM
            551 -0.37299212D+05    0.0034327    0.0000001  EM
            552 -0.37299209D+05    0.0034207    0.0000001  EM
            553 -0.37299205D+05    0.0034087    0.0000001  EM
            554 -0.37299202D+05    0.0033968    0.0000001  EM
            555 -0.37299198D+05    0.0033850    0.0000001  EM
            556 -0.37299195D+05    0.0033732    0.0000001  EM
            557 -0.37299192D+05    0.0033615    0.0000001  EM
            558 -0.37299188D+05    0.0033498    0.0000001  EM
            559 -0.37299185D+05    0.0033382    0.0000001  EM
            560 -0.37299182D+05    0.0033267    0.0000001  EM
            561 -0.37299178D+05    0.0033152    0.0000001  EM
            562 -0.37299175D+05    0.0033038    0.0000001  EM
            563 -0.37299172D+05    0.0032924    0.0000001  EM
            564 -0.37299169D+05    0.0032811    0.0000001  EM
            565 -0.37299165D+05    0.0032699    0.0000001  EM
            566 -0.37299162D+05    0.0032587    0.0000001  EM
            567 -0.37299159D+05    0.0032476    0.0000001  EM
            568 -0.37299155D+05    0.0032365    0.0000001  EM
            569 -0.37299152D+05    0.0032255    0.0000001  EM
            570 -0.37299149D+05    0.0032146    0.0000001  EM
            571 -0.37299146D+05    0.0032036    0.0000001  EM
            572 -0.37299143D+05    0.0031928    0.0000001  EM
            573 -0.37299139D+05    0.0031820    0.0000001  EM
            574 -0.37299136D+05    0.0031713    0.0000001  EM
            575 -0.37299133D+05    0.0031606    0.0000001  EM
            576 -0.37299130D+05    0.0031500    0.0000001  EM
            577 -0.37299127D+05    0.0031394    0.0000001  EM
            578 -0.37299124D+05    0.0031289    0.0000001  EM
            579 -0.37299121D+05    0.0031184    0.0000001  EM
            580 -0.37299117D+05    0.0031080    0.0000001  EM
            581 -0.37299114D+05    0.0030977    0.0000001  EM
            582 -0.37299111D+05    0.0030873    0.0000001  EM
            583 -0.37299108D+05    0.0030771    0.0000001  EM
            584 -0.37299105D+05    0.0030669    0.0000001  EM
            585 -0.37299102D+05    0.0030567    0.0000001  EM
            586 -0.37299099D+05    0.0030466    0.0000001  EM
            587 -0.37299096D+05    0.0030366    0.0000001  EM
            588 -0.37299093D+05    0.0030266    0.0000001  EM
            589 -0.37299090D+05    0.0030166    0.0000001  EM
            590 -0.37299087D+05    0.0030067    0.0000001  EM
            591 -0.37299084D+05    0.0029969    0.0000001  EM
            592 -0.37299081D+05    0.0029871    0.0000001  EM
            593 -0.37299078D+05    0.0029773    0.0000001  EM
            594 -0.37299075D+05    0.0029676    0.0000001  EM
            595 -0.37299072D+05    0.0029579    0.0000001  EM
            596 -0.37299069D+05    0.0029483    0.0000001  EM
            597 -0.37299066D+05    0.0029387    0.0000001  EM
            598 -0.37299063D+05    0.0029292    0.0000001  EM
            599 -0.37299060D+05    0.0029197    0.0000001  EM
            600 -0.37299057D+05    0.0029103    0.0000001  EM
            601 -0.37299055D+05    0.0029009    0.0000001  EM
            602 -0.37299052D+05    0.0028916    0.0000001  EM
            603 -0.37299049D+05    0.0028823    0.0000001  EM
            604 -0.37299046D+05    0.0028730    0.0000001  EM
            605 -0.37299043D+05    0.0028639    0.0000001  EM
            606 -0.37299040D+05    0.0028547    0.0000001  EM
            607 -0.37299037D+05    0.0028456    0.0000001  EM
            608 -0.37299034D+05    0.0028365    0.0000001  EM
            609 -0.37299032D+05    0.0028275    0.0000001  EM
            610 -0.37299029D+05    0.0028185    0.0000001  EM
            611 -0.37299026D+05    0.0028096    0.0000001  EM
            612 -0.37299023D+05    0.0028007    0.0000001  EM
            613 -0.37299020D+05    0.0027918    0.0000001  EM
            614 -0.37299018D+05    0.0027830    0.0000001  EM
            615 -0.37299015D+05    0.0027742    0.0000001  EM
            616 -0.37299012D+05    0.0027655    0.0000001  EM
            617 -0.37299009D+05    0.0027568    0.0000001  EM
            618 -0.37299007D+05    0.0027481    0.0000001  EM
            619 -0.37299004D+05    0.0027395    0.0000001  EM
            620 -0.37299001D+05    0.0027310    0.0000001  EM
            621 -0.37298998D+05    0.0027224    0.0000001  EM
            622 -0.37298996D+05    0.0027140    0.0000001  EM
            623 -0.37298993D+05    0.0027055    0.0000001  EM
            624 -0.37298990D+05    0.0026971    0.0000001  EM
            625 -0.37298988D+05    0.0026887    0.0000001  EM
            626 -0.37298985D+05    0.0026804    0.0000001  EM
            627 -0.37298982D+05    0.0026721    0.0000001  EM
            628 -0.37298980D+05    0.0026639    0.0000001  EM
            629 -0.37298977D+05    0.0026557    0.0000001  EM
            630 -0.37298974D+05    0.0026475    0.0000001  EM
            631 -0.37298972D+05    0.0026394    0.0000001  EM
            632 -0.37298969D+05    0.0026312    0.0000001  EM
            633 -0.37298966D+05    0.0026232    0.0000001  EM
            634 -0.37298964D+05    0.0026152    0.0000001  EM
            635 -0.37298961D+05    0.0026072    0.0000001  EM
            636 -0.37298959D+05    0.0025992    0.0000001  EM
            637 -0.37298956D+05    0.0025913    0.0000001  EM
            638 -0.37298953D+05    0.0025834    0.0000001  EM
            639 -0.37298951D+05    0.0025756    0.0000001  EM
            640 -0.37298948D+05    0.0025678    0.0000001  EM
            641 -0.37298946D+05    0.0025600    0.0000001  EM
            642 -0.37298943D+05    0.0025523    0.0000001  EM
            643 -0.37298941D+05    0.0025446    0.0000001  EM
            644 -0.37298938D+05    0.0025369    0.0000001  EM
            645 -0.37298936D+05    0.0025293    0.0000001  EM
            646 -0.37298933D+05    0.0025217    0.0000001  EM
            647 -0.37298931D+05    0.0025141    0.0000001  EM
            648 -0.37298928D+05    0.0025066    0.0000001  EM
            649 -0.37298926D+05    0.0024991    0.0000001  EM
            650 -0.37298923D+05    0.0024917    0.0000001  EM
            651 -0.37298921D+05    0.0024842    0.0000001  EM
            652 -0.37298918D+05    0.0024768    0.0000001  EM
            653 -0.37298916D+05    0.0024695    0.0000001  EM
            654 -0.37298913D+05    0.0024621    0.0000001  EM
            655 -0.37298911D+05    0.0024548    0.0000001  EM
            656 -0.37298908D+05    0.0024476    0.0000001  EM
            657 -0.37298906D+05    0.0024404    0.0000001  EM
            658 -0.37298903D+05    0.0024332    0.0000001  EM
            659 -0.37298901D+05    0.0024260    0.0000001  EM
            660 -0.37298898D+05    0.0024189    0.0000001  EM
            661 -0.37298896D+05    0.0024118    0.0000001  EM
            662 -0.37298894D+05    0.0024047    0.0000001  EM
            663 -0.37298891D+05    0.0023976    0.0000001  EM
            664 -0.37298889D+05    0.0023906    0.0000001  EM
            665 -0.37298887D+05    0.0023837    0.0000001  EM
            666 -0.37298884D+05    0.0023767    0.0000001  EM
            667 -0.37298882D+05    0.0023698    0.0000001  EM
            668 -0.37298879D+05    0.0023629    0.0000001  EM
            669 -0.37298877D+05    0.0023560    0.0000001  EM
            670 -0.37298875D+05    0.0023492    0.0000001  EM
            671 -0.37298872D+05    0.0023424    0.0000001  EM
            672 -0.37298870D+05    0.0023357    0.0000001  EM
            673 -0.37298868D+05    0.0023289    0.0000001  EM
            674 -0.37298865D+05    0.0023222    0.0000001  EM
            675 -0.37298863D+05    0.0023155    0.0000001  EM
            676 -0.37298861D+05    0.0023089    0.0000001  EM
            677 -0.37298858D+05    0.0023023    0.0000001  EM
            678 -0.37298856D+05    0.0022957    0.0000001  EM
            679 -0.37298854D+05    0.0022891    0.0000001  EM
            680 -0.37298852D+05    0.0022826    0.0000001  EM
            681 -0.37298849D+05    0.0022761    0.0000001  EM
            682 -0.37298847D+05    0.0022696    0.0000001  EM
            683 -0.37298845D+05    0.0022631    0.0000001  EM
            684 -0.37298843D+05    0.0022567    0.0000001  EM
            685 -0.37298840D+05    0.0022503    0.0000001  EM
            686 -0.37298838D+05    0.0022439    0.0000001  EM
            687 -0.37298836D+05    0.0022376    0.0000001  EM
            688 -0.37298834D+05    0.0022313    0.0000001  EM
            689 -0.37298831D+05    0.0022250    0.0000001  EM
            690 -0.37298829D+05    0.0022187    0.0000001  EM
            691 -0.37298827D+05    0.0022125    0.0000001  EM
            692 -0.37298825D+05    0.0022063    0.0000001  EM
            693 -0.37298822D+05    0.0022001    0.0000001  EM
            694 -0.37298820D+05    0.0021939    0.0000001  EM
            695 -0.37298818D+05    0.0021878    0.0000001  EM
            696 -0.37298816D+05    0.0021817    0.0000001  EM
            697 -0.37298814D+05    0.0021756    0.0000001  EM
            698 -0.37298812D+05    0.0021696    0.0000001  EM
            699 -0.37298809D+05    0.0021635    0.0000001  EM
            700 -0.37298807D+05    0.0021575    0.0000001  EM
            701 -0.37298805D+05    0.0021515    0.0000001  EM
            702 -0.37298803D+05    0.0021456    0.0000001  EM
            703 -0.37298801D+05    0.0021396    0.0000001  EM
            704 -0.37298799D+05    0.0021338    0.0000001  EM
            705 -0.37298797D+05    0.0021279    0.0000001  EM
            706 -0.37298794D+05    0.0021220    0.0000001  EM
            707 -0.37298792D+05    0.0021162    0.0000001  EM
            708 -0.37298790D+05    0.0021104    0.0000001  EM
            709 -0.37298788D+05    0.0021046    0.0000001  EM
            710 -0.37298786D+05    0.0020988    0.0000001  EM
            711 -0.37298784D+05    0.0020931    0.0000001  EM
            712 -0.37298782D+05    0.0020874    0.0000001  EM
            713 -0.37298780D+05    0.0020817    0.0000001  EM
            714 -0.37298778D+05    0.0020760    0.0000001  EM
            715 -0.37298776D+05    0.0020704    0.0000001  EM
            716 -0.37298774D+05    0.0020647    0.0000001  EM
            717 -0.37298771D+05    0.0020592    0.0000001  EM
            718 -0.37298769D+05    0.0020536    0.0000001  EM
            719 -0.37298767D+05    0.0020480    0.0000001  EM
            720 -0.37298765D+05    0.0020425    0.0000001  EM
            721 -0.37298763D+05    0.0020370    0.0000001  EM
            722 -0.37298761D+05    0.0020315    0.0000001  EM
            723 -0.37298759D+05    0.0020260    0.0000001  EM
            724 -0.37298757D+05    0.0020206    0.0000001  EM
            725 -0.37298755D+05    0.0020152    0.0000001  EM
            726 -0.37298753D+05    0.0020098    0.0000001  EM
            727 -0.37298751D+05    0.0020044    0.0000001  EM
            728 -0.37298749D+05    0.0019991    0.0000001  EM
            729 -0.37298747D+05    0.0019937    0.0000001  EM
            730 -0.37298745D+05    0.0019884    0.0000001  EM
            731 -0.37298743D+05    0.0019831    0.0000001  EM
            732 -0.37298741D+05    0.0019779    0.0000001  EM
            733 -0.37298739D+05    0.0019726    0.0000001  EM
            734 -0.37298737D+05    0.0019674    0.0000001  EM
            735 -0.37298735D+05    0.0019622    0.0000001  EM
            736 -0.37298733D+05    0.0019570    0.0000001  EM
            737 -0.37298731D+05    0.0019518    0.0000001  EM
            738 -0.37298729D+05    0.0019467    0.0000001  EM
            739 -0.37298728D+05    0.0019416    0.0000001  EM
            740 -0.37298726D+05    0.0019365    0.0000001  EM
            741 -0.37298724D+05    0.0019314    0.0000001  EM
            742 -0.37298722D+05    0.0019263    0.0000001  EM
            743 -0.37298720D+05    0.0019213    0.0000001  EM
            744 -0.37298718D+05    0.0019162    0.0000001  EM
            745 -0.37298716D+05    0.0019112    0.0000001  EM
            746 -0.37298714D+05    0.0019063    0.0000001  EM
            747 -0.37298712D+05    0.0019013    0.0000001  EM
            748 -0.37298710D+05    0.0018964    0.0000001  EM
            749 -0.37298708D+05    0.0018914    0.0000001  EM
            750 -0.37298707D+05    0.0018865    0.0000001  EM
            751 -0.37298705D+05    0.0018816    0.0000001  EM
            752 -0.37298703D+05    0.0018768    0.0000001  EM
            753 -0.37298701D+05    0.0018719    0.0000001  EM
            754 -0.37298699D+05    0.0018671    0.0000001  EM
            755 -0.37298697D+05    0.0018623    0.0000000  EM
            756 -0.37298695D+05    0.0018575    0.0000000  EM
            757 -0.37298693D+05    0.0018527    0.0000000  EM
            758 -0.37298692D+05    0.0018479    0.0000000  EM
            759 -0.37298690D+05    0.0018432    0.0000000  EM
            760 -0.37298688D+05    0.0018385    0.0000000  EM
            761 -0.37298686D+05    0.0018338    0.0000000  EM
            762 -0.37298684D+05    0.0018291    0.0000000  EM
            763 -0.37298682D+05    0.0018244    0.0000000  EM
            764 -0.37298681D+05    0.0018198    0.0000000  EM
            765 -0.37298679D+05    0.0018152    0.0000000  EM
            766 -0.37298677D+05    0.0018106    0.0000000  EM
            767 -0.37298675D+05    0.0018060    0.0000000  EM
            768 -0.37298673D+05    0.0018014    0.0000000  EM
            769 -0.37298672D+05    0.0017968    0.0000000  EM
            770 -0.37298670D+05    0.0017923    0.0000000  EM
            771 -0.37298668D+05    0.0017877    0.0000000  EM
            772 -0.37298666D+05    0.0017832    0.0000000  EM
            773 -0.37298664D+05    0.0017788    0.0000000  EM
            774 -0.37298663D+05    0.0017743    0.0000000  EM
            775 -0.37298661D+05    0.0017698    0.0000000  EM
            776 -0.37298659D+05    0.0017654    0.0000000  EM
            777 -0.37298657D+05    0.0017610    0.0000000  EM
            778 -0.37298656D+05    0.0017565    0.0000000  EM
            779 -0.37298654D+05    0.0017522    0.0000000  EM
            780 -0.37298652D+05    0.0017478    0.0000000  EM
            781 -0.37298650D+05    0.0017434    0.0000000  EM
            782 -0.37298649D+05    0.0017391    0.0000000  EM
            783 -0.37298647D+05    0.0017348    0.0000000  EM
            784 -0.37298645D+05    0.0017304    0.0000000  EM
            785 -0.37298643D+05    0.0017262    0.0000000  EM
            786 -0.37298642D+05    0.0017219    0.0000000  EM
            787 -0.37298640D+05    0.0017176    0.0000000  EM
            788 -0.37298638D+05    0.0017134    0.0000000  EM
            789 -0.37298637D+05    0.0017092    0.0000000  EM
            790 -0.37298635D+05    0.0017049    0.0000000  EM
            791 -0.37298633D+05    0.0017007    0.0000000  EM
            792 -0.37298631D+05    0.0016966    0.0000000  EM
            793 -0.37298630D+05    0.0016924    0.0000000  EM
            794 -0.37298628D+05    0.0016882    0.0000000  EM
            795 -0.37298626D+05    0.0016841    0.0000000  EM
            796 -0.37298625D+05    0.0016800    0.0000000  EM
            797 -0.37298623D+05    0.0016759    0.0000000  EM
            798 -0.37298621D+05    0.0016718    0.0000000  EM
            799 -0.37298620D+05    0.0016677    0.0000000  EM
            800 -0.37298618D+05    0.0016637    0.0000000  EM
            801 -0.37298616D+05    0.0016596    0.0000000  EM
            802 -0.37298615D+05    0.0016556    0.0000000  EM
            803 -0.37298613D+05    0.0016516    0.0000000  EM
            804 -0.37298611D+05    0.0016476    0.0000000  EM
            805 -0.37298610D+05    0.0016436    0.0000000  EM
            806 -0.37298608D+05    0.0016396    0.0000000  EM
            807 -0.37298607D+05    0.0016356    0.0000000  EM
            808 -0.37298605D+05    0.0016317    0.0000000  EM
            809 -0.37298603D+05    0.0016278    0.0000000  EM
            810 -0.37298602D+05    0.0016238    0.0000000  EM
            811 -0.37298600D+05    0.0016199    0.0000000  EM
            812 -0.37298598D+05    0.0016161    0.0000000  EM
            813 -0.37298597D+05    0.0016122    0.0000000  EM
            814 -0.37298595D+05    0.0016083    0.0000000  EM
            815 -0.37298594D+05    0.0016045    0.0000000  EM
            816 -0.37298592D+05    0.0016006    0.0000000  EM
            817 -0.37298590D+05    0.0015968    0.0000000  EM
            818 -0.37298589D+05    0.0015930    0.0000000  EM
            819 -0.37298587D+05    0.0015892    0.0000000  EM
            820 -0.37298586D+05    0.0015855    0.0000000  EM
            821 -0.37298584D+05    0.0015817    0.0000000  EM
            822 -0.37298582D+05    0.0015780    0.0000000  EM
            823 -0.37298581D+05    0.0015742    0.0000000  EM
            824 -0.37298579D+05    0.0015705    0.0000000  EM
            825 -0.37298578D+05    0.0015668    0.0000000  EM
            826 -0.37298576D+05    0.0015631    0.0000000  EM
            827 -0.37298575D+05    0.0015594    0.0000000  EM
            828 -0.37298573D+05    0.0015558    0.0000000  EM
            829 -0.37298572D+05    0.0015521    0.0000000  EM
            830 -0.37298570D+05    0.0015484    0.0000000  EM
            831 -0.37298568D+05    0.0015448    0.0000000  EM
            832 -0.37298567D+05    0.0015412    0.0000000  EM
            833 -0.37298565D+05    0.0015375    0.0000000  EM
            834 -0.37298564D+05    0.0015340    0.0000000  EM
            835 -0.37298562D+05    0.0015304    0.0000000  EM
            836 -0.37298561D+05    0.0015268    0.0000000  EM
            837 -0.37298559D+05    0.0015233    0.0000000  EM
            838 -0.37298558D+05    0.0015197    0.0000000  EM
            839 -0.37298556D+05    0.0015162    0.0000000  EM
            840 -0.37298555D+05    0.0015126    0.0000000  EM
            841 -0.37298553D+05    0.0015092    0.0000000  EM
            842 -0.37298552D+05    0.0015057    0.0000000  EM
            843 -0.37298550D+05    0.0015022    0.0000000  EM
            844 -0.37298549D+05    0.0014987    0.0000000  EM
            845 -0.37298547D+05    0.0014952    0.0000000  EM
            846 -0.37298546D+05    0.0014918    0.0000000  EM
            847 -0.37298544D+05    0.0014884    0.0000000  EM
            848 -0.37298543D+05    0.0014849    0.0000000  EM
            849 -0.37298541D+05    0.0014815    0.0000000  EM
            850 -0.37298540D+05    0.0014781    0.0000000  EM
            851 -0.37298538D+05    0.0014747    0.0000000  EM
            852 -0.37298537D+05    0.0014714    0.0000000  EM
            853 -0.37298535D+05    0.0014680    0.0000000  EM
            854 -0.37298534D+05    0.0014647    0.0000000  EM
            855 -0.37298532D+05    0.0014613    0.0000000  EM
            856 -0.37298531D+05    0.0014580    0.0000000  EM
            857 -0.37298529D+05    0.0014547    0.0000000  EM
            858 -0.37298528D+05    0.0014514    0.0000000  EM
            859 -0.37298527D+05    0.0014480    0.0000000  EM
            860 -0.37298525D+05    0.0014448    0.0000000  EM
            861 -0.37298524D+05    0.0014415    0.0000000  EM
            862 -0.37298522D+05    0.0014382    0.0000000  EM
            863 -0.37298521D+05    0.0014350    0.0000000  EM
            864 -0.37298519D+05    0.0014317    0.0000000  EM
            865 -0.37298518D+05    0.0014285    0.0000000  EM
            866 -0.37298517D+05    0.0014253    0.0000000  EM
            867 -0.37298515D+05    0.0014221    0.0000000  EM
            868 -0.37298514D+05    0.0014189    0.0000000  EM
            869 -0.37298512D+05    0.0014157    0.0000000  EM
            870 -0.37298511D+05    0.0014125    0.0000000  EM
            871 -0.37298509D+05    0.0014094    0.0000000  EM
            872 -0.37298508D+05    0.0014062    0.0000000  EM
            873 -0.37298507D+05    0.0014031    0.0000000  EM
            874 -0.37298505D+05    0.0013999    0.0000000  EM
            875 -0.37298504D+05    0.0013968    0.0000000  EM
            876 -0.37298502D+05    0.0013937    0.0000000  EM
            877 -0.37298501D+05    0.0013906    0.0000000  EM
            878 -0.37298500D+05    0.0013875    0.0000000  EM
            879 -0.37298498D+05    0.0013844    0.0000000  EM
            880 -0.37298497D+05    0.0013814    0.0000000  EM
            881 -0.37298496D+05    0.0013783    0.0000000  EM
            882 -0.37298494D+05    0.0013753    0.0000000  EM
            883 -0.37298493D+05    0.0013722    0.0000000  EM
            884 -0.37298491D+05    0.0013692    0.0000000  EM
            885 -0.37298490D+05    0.0013662    0.0000000  EM
            886 -0.37298489D+05    0.0013631    0.0000000  EM
            887 -0.37298487D+05    0.0013601    0.0000000  EM
            888 -0.37298486D+05    0.0013572    0.0000000  EM
            889 -0.37298485D+05    0.0013542    0.0000000  EM
            890 -0.37298483D+05    0.0013512    0.0000000  EM
            891 -0.37298482D+05    0.0013483    0.0000000  EM
            892 -0.37298481D+05    0.0013453    0.0000000  EM
            893 -0.37298479D+05    0.0013423    0.0000000  EM
            894 -0.37298478D+05    0.0013394    0.0000000  EM
            895 -0.37298477D+05    0.0013365    0.0000000  EM
            896 -0.37298475D+05    0.0013336    0.0000000  EM
            897 -0.37298474D+05    0.0013307    0.0000000  EM
            898 -0.37298473D+05    0.0013278    0.0000000  EM
            899 -0.37298471D+05    0.0013249    0.0000000  EM
            900 -0.37298470D+05    0.0013220    0.0000000  EM
            901 -0.37298469D+05    0.0013192    0.0000000  EM
            902 -0.37298467D+05    0.0013163    0.0000000  EM
            903 -0.37298466D+05    0.0013135    0.0000000  EM
            904 -0.37298465D+05    0.0013106    0.0000000  EM
            905 -0.37298463D+05    0.0013078    0.0000000  EM
            906 -0.37298462D+05    0.0013050    0.0000000  EM
            907 -0.37298461D+05    0.0013022    0.0000000  EM
            908 -0.37298459D+05    0.0012994    0.0000000  EM
            909 -0.37298458D+05    0.0012966    0.0000000  EM
            910 -0.37298457D+05    0.0012938    0.0000000  EM
            911 -0.37298456D+05    0.0012910    0.0000000  EM
            912 -0.37298454D+05    0.0012883    0.0000000  EM
            913 -0.37298453D+05    0.0012855    0.0000000  EM
            914 -0.37298452D+05    0.0012828    0.0000000  EM
            915 -0.37298450D+05    0.0012800    0.0000000  EM
            916 -0.37298449D+05    0.0012773    0.0000000  EM
            917 -0.37298448D+05    0.0012746    0.0000000  EM
            918 -0.37298447D+05    0.0012719    0.0000000  EM
            919 -0.37298445D+05    0.0012692    0.0000000  EM
            920 -0.37298444D+05    0.0012664    0.0000000  EM
            921 -0.37298443D+05    0.0012638    0.0000000  EM
            922 -0.37298442D+05    0.0012611    0.0000000  EM
            923 -0.37298440D+05    0.0012584    0.0000000  EM
            924 -0.37298439D+05    0.0012558    0.0000000  EM
            925 -0.37298438D+05    0.0012531    0.0000000  EM
            926 -0.37298437D+05    0.0012505    0.0000000  EM
            927 -0.37298435D+05    0.0012478    0.0000000  EM
            928 -0.37298434D+05    0.0012452    0.0000000  EM
            929 -0.37298433D+05    0.0012426    0.0000000  EM
            930 -0.37298432D+05    0.0012400    0.0000000  EM
            931 -0.37298430D+05    0.0012374    0.0000000  EM
            932 -0.37298429D+05    0.0012348    0.0000000  EM
            933 -0.37298428D+05    0.0012322    0.0000000  EM
            934 -0.37298427D+05    0.0012296    0.0000000  EM
            935 -0.37298425D+05    0.0012270    0.0000000  EM
            936 -0.37298424D+05    0.0012245    0.0000000  EM
            937 -0.37298423D+05    0.0012219    0.0000000  EM
            938 -0.37298422D+05    0.0012194    0.0000000  EM
            939 -0.37298420D+05    0.0012168    0.0000000  EM
            940 -0.37298419D+05    0.0012143    0.0000000  EM
            941 -0.37298418D+05    0.0012118    0.0000000  EM
            942 -0.37298417D+05    0.0012093    0.0000000  EM
            943 -0.37298416D+05    0.0012068    0.0000000  EM
            944 -0.37298414D+05    0.0012043    0.0000000  EM
            945 -0.37298413D+05    0.0012018    0.0000000  EM
            946 -0.37298412D+05    0.0011993    0.0000000  EM
            947 -0.37298411D+05    0.0011968    0.0000000  EM
            948 -0.37298410D+05    0.0011943    0.0000000  EM
            949 -0.37298408D+05    0.0011919    0.0000000  EM
            950 -0.37298407D+05    0.0011895    0.0000000  EM
            951 -0.37298406D+05    0.0011870    0.0000000  EM
            952 -0.37298405D+05    0.0011846    0.0000000  EM
            953 -0.37298404D+05    0.0011821    0.0000000  EM
            954 -0.37298403D+05    0.0011797    0.0000000  EM
            955 -0.37298401D+05    0.0011773    0.0000000  EM
            956 -0.37298400D+05    0.0011749    0.0000000  EM
            957 -0.37298399D+05    0.0011725    0.0000000  EM
            958 -0.37298398D+05    0.0011701    0.0000000  EM
            959 -0.37298397D+05    0.0011677    0.0000000  EM
            960 -0.37298396D+05    0.0011653    0.0000000  EM
            961 -0.37298394D+05    0.0011630    0.0000000  EM
            962 -0.37298393D+05    0.0011606    0.0000000  EM
            963 -0.37298392D+05    0.0011582    0.0000000  EM
            964 -0.37298391D+05    0.0011559    0.0000000  EM
            965 -0.37298390D+05    0.0011536    0.0000000  EM
            966 -0.37298389D+05    0.0011512    0.0000000  EM
            967 -0.37298387D+05    0.0011489    0.0000000  EM
            968 -0.37298386D+05    0.0011466    0.0000000  EM
            969 -0.37298385D+05    0.0011443    0.0000000  EM
            970 -0.37298384D+05    0.0011419    0.0000000  EM
            971 -0.37298383D+05    0.0011396    0.0000000  EM
            972 -0.37298382D+05    0.0011374    0.0000000  EM
            973 -0.37298381D+05    0.0011351    0.0000000  EM
            974 -0.37298379D+05    0.0011328    0.0000000  EM
            975 -0.37298378D+05    0.0011305    0.0000000  EM
            976 -0.37298377D+05    0.0011283    0.0000000  EM
            977 -0.37298376D+05    0.0011260    0.0000000  EM
            978 -0.37298375D+05    0.0011237    0.0000000  EM
            979 -0.37298374D+05    0.0011215    0.0000000  EM
            980 -0.37298373D+05    0.0011193    0.0000000  EM
            981 -0.37298372D+05    0.0011170    0.0000000  EM
            982 -0.37298370D+05    0.0011148    0.0000000  EM
            983 -0.37298369D+05    0.0011126    0.0000000  EM
            984 -0.37298368D+05    0.0011104    0.0000000  EM
            985 -0.37298367D+05    0.0011082    0.0000000  EM
            986 -0.37298366D+05    0.0011060    0.0000000  EM
            987 -0.37298365D+05    0.0011038    0.0000000  EM
            988 -0.37298364D+05    0.0011016    0.0000000  EM
            989 -0.37298363D+05    0.0010994    0.0000000  EM
            990 -0.37298362D+05    0.0010972    0.0000000  EM
            991 -0.37298361D+05    0.0010951    0.0000000  EM
            992 -0.37298359D+05    0.0010929    0.0000000  EM
            993 -0.37298358D+05    0.0010908    0.0000000  EM
            994 -0.37298357D+05    0.0010886    0.0000000  EM
            995 -0.37298356D+05    0.0010865    0.0000000  EM
            996 -0.37298355D+05    0.0010843    0.0000000  EM
            997 -0.37298354D+05    0.0010822    0.0000000  EM
            998 -0.37298353D+05    0.0010801    0.0000000  EM
            999 -0.37298352D+05    0.0010780    0.0000000  EM
           1000 -0.37298351D+05    0.0010759    0.0000000  EM
           1001 -0.37298350D+05    0.0010738    0.0000000  EM
           1002 -0.37298349D+05    0.0010716    0.0000000  EM
           1003 -0.37298348D+05    0.0010696    0.0000000  EM
           1004 -0.37298346D+05    0.0010675    0.0000000  EM
           1005 -0.37298345D+05    0.0010654    0.0000000  EM
           1006 -0.37298344D+05    0.0010633    0.0000000  EM
           1007 -0.37298343D+05    0.0010613    0.0000000  EM
           1008 -0.37298342D+05    0.0010592    0.0000000  EM
           1009 -0.37298341D+05    0.0010571    0.0000000  EM
           1010 -0.37298340D+05    0.0010551    0.0000000  EM
           1011 -0.37298339D+05    0.0010531    0.0000000  EM
           1012 -0.37298338D+05    0.0010510    0.0000000  EM
           1013 -0.37298337D+05    0.0010490    0.0000000  EM
           1014 -0.37298336D+05    0.0010470    0.0000000  EM
           1015 -0.37298335D+05    0.0010450    0.0000000  EM
           1016 -0.37298334D+05    0.0010429    0.0000000  EM
           1017 -0.37298333D+05    0.0010409    0.0000000  EM
           1018 -0.37298332D+05    0.0010389    0.0000000  EM
           1019 -0.37298331D+05    0.0010369    0.0000000  EM
           1020 -0.37298330D+05    0.0010349    0.0000000  EM
           1021 -0.37298329D+05    0.0010330    0.0000000  EM
           1022 -0.37298328D+05    0.0010310    0.0000000  EM
           1023 -0.37298327D+05    0.0010290    0.0000000  EM
           1024 -0.37298326D+05    0.0010270    0.0000000  EM
           1025 -0.37298325D+05    0.0010251    0.0000000  EM
           1026 -0.37298324D+05    0.0010231    0.0000000  EM
           1027 -0.37298323D+05    0.0010212    0.0000000  EM
           1028 -0.37298321D+05    0.0010192    0.0000000  EM
           1029 -0.37298320D+05    0.0010173    0.0000000  EM
           1030 -0.37298319D+05    0.0010153    0.0000000  EM
           1031 -0.37298318D+05    0.0010134    0.0000000  EM
           1032 -0.37298317D+05    0.0010115    0.0000000  EM
           1033 -0.37298316D+05    0.0010096    0.0000000  EM
           1034 -0.37298315D+05    0.0010077    0.0000000  EM
           1035 -0.37298314D+05    0.0010058    0.0000000  EM
           1036 -0.37298313D+05    0.0010039    0.0000000  EM
           1037 -0.37298312D+05    0.0010020    0.0000000  EM
           1038 -0.37298311D+05    0.0010001    0.0000000  EM
           1039 -0.37298310D+05    0.0009982    0.0000000  EM


   TECHNICAL 8 OUTPUT FOR THE H1 MODEL


   E STEP  ITER  LOGLIKELIHOOD    ABS CHANGE   REL CHANGE  ALGORITHM
              1 -0.37610775D+05    0.0000000    0.0000000  EM
              2 -0.37092106D+05  518.6697935    0.0137905  EM
              3 -0.36991007D+05  101.0981929    0.0027256  EM
              4 -0.36937361D+05   53.6460617    0.0014502  EM
              5 -0.36903296D+05   34.0657197    0.0009223  EM
              6 -0.36879785D+05   23.5103982    0.0006371  EM
              7 -0.36862615D+05   17.1701456    0.0004656  EM
              8 -0.36849542D+05   13.0726399    0.0003546  EM
              9 -0.36839266D+05   10.2760931    0.0002789  EM
             10 -0.36830982D+05    8.2847769    0.0002249  EM
             11 -0.36824164D+05    6.8178695    0.0001851  EM
             12 -0.36818457D+05    5.7068014    0.0001550  EM
             13 -0.36813611D+05    4.8455101    0.0001316  EM
             14 -0.36809447D+05    4.1646043    0.0001131  EM
             15 -0.36805830D+05    3.6171639    0.0000983  EM
             16 -0.36802659D+05    3.1705557    0.0000861  EM
             17 -0.36799857D+05    2.8015232    0.0000761  EM
             18 -0.36797364D+05    2.4931347    0.0000677  EM
             19 -0.36795132D+05    2.2328298    0.0000607  EM
             20 -0.36793120D+05    2.0111337    0.0000547  EM
             21 -0.36791300D+05    1.8207917    0.0000495  EM
             22 -0.36789643D+05    1.6561738    0.0000450  EM
             23 -0.36788131D+05    1.5128571    0.0000411  EM
             24 -0.36786743D+05    1.3873288    0.0000377  EM
             25 -0.36785466D+05    1.2767702    0.0000347  EM
             26 -0.36784288D+05    1.1788987    0.0000320  EM
             27 -0.36783196D+05    1.0918502    0.0000297  EM
             28 -0.36782182D+05    1.0140900    0.0000276  EM
             29 -0.36781237D+05    0.9443457    0.0000257  EM
             30 -0.36780356D+05    0.8815551    0.0000240  EM
             31 -0.36779531D+05    0.8248260    0.0000224  EM
             32 -0.36778757D+05    0.7734044    0.0000210  EM
             33 -0.36778031D+05    0.7266499    0.0000198  EM
             34 -0.36777347D+05    0.6840155    0.0000186  EM
             35 -0.36776702D+05    0.6450319    0.0000175  EM
             36 -0.36776092D+05    0.6092948    0.0000166  EM
             37 -0.36775516D+05    0.5764540    0.0000157  EM
             38 -0.36774970D+05    0.5462052    0.0000149  EM
             39 -0.36774452D+05    0.5182831    0.0000141  EM
             40 -0.36773959D+05    0.4924553    0.0000134  EM
             41 -0.36773491D+05    0.4685177    0.0000127  EM
             42 -0.36773044D+05    0.4462904    0.0000121  EM
             43 -0.36772619D+05    0.4256144    0.0000116  EM
             44 -0.36772212D+05    0.4063486    0.0000111  EM
             45 -0.36771824D+05    0.3883677    0.0000106  EM
             46 -0.36771452D+05    0.3715600    0.0000101  EM
             47 -0.36771097D+05    0.3558255    0.0000097  EM
             48 -0.36770755D+05    0.3410748    0.0000093  EM
             49 -0.36770428D+05    0.3272275    0.0000089  EM
             50 -0.36770114D+05    0.3142113    0.0000085  EM
             51 -0.36769812D+05    0.3019610    0.0000082  EM
             52 -0.36769522D+05    0.2904175    0.0000079  EM
             53 -0.36769242D+05    0.2795275    0.0000076  EM
             54 -0.36768973D+05    0.2692425    0.0000073  EM
             55 -0.36768713D+05    0.2595185    0.0000071  EM
             56 -0.36768463D+05    0.2503153    0.0000068  EM
             57 -0.36768221D+05    0.2415963    0.0000066  EM
             58 -0.36767988D+05    0.2333282    0.0000063  EM
             59 -0.36767763D+05    0.2254804    0.0000061  EM
             60 -0.36767545D+05    0.2180247    0.0000059  EM
             61 -0.36767334D+05    0.2109354    0.0000057  EM
             62 -0.36767130D+05    0.2041889    0.0000056  EM
             63 -0.36766932D+05    0.1977634    0.0000054  EM
             64 -0.36766740D+05    0.1916387    0.0000052  EM
             65 -0.36766554D+05    0.1857965    0.0000051  EM
             66 -0.36766374D+05    0.1802195    0.0000049  EM
             67 -0.36766199D+05    0.1748918    0.0000048  EM
             68 -0.36766029D+05    0.1697989    0.0000046  EM
             69 -0.36765864D+05    0.1649271    0.0000045  EM
             70 -0.36765704D+05    0.1602637    0.0000044  EM
             71 -0.36765548D+05    0.1557970    0.0000042  EM
             72 -0.36765397D+05    0.1515160    0.0000041  EM
             73 -0.36765249D+05    0.1474107    0.0000040  EM
             74 -0.36765106D+05    0.1434714    0.0000039  EM
             75 -0.36764966D+05    0.1396893    0.0000038  EM
             76 -0.36764830D+05    0.1360562    0.0000037  EM
             77 -0.36764698D+05    0.1325643    0.0000036  EM
             78 -0.36764569D+05    0.1292063    0.0000035  EM
             79 -0.36764443D+05    0.1259755    0.0000034  EM
             80 -0.36764320D+05    0.1228656    0.0000033  EM
             81 -0.36764200D+05    0.1198705    0.0000033  EM
             82 -0.36764083D+05    0.1169846    0.0000032  EM
             83 -0.36763969D+05    0.1142027    0.0000031  EM
             84 -0.36763857D+05    0.1115198    0.0000030  EM
             85 -0.36763748D+05    0.1089314    0.0000030  EM
             86 -0.36763642D+05    0.1064329    0.0000029  EM
             87 -0.36763538D+05    0.1040202    0.0000028  EM
             88 -0.36763436D+05    0.1016895    0.0000028  EM
             89 -0.36763337D+05    0.0994371    0.0000027  EM
             90 -0.36763239D+05    0.0972594    0.0000026  EM
             91 -0.36763144D+05    0.0951533    0.0000026  EM
             92 -0.36763051D+05    0.0931155    0.0000025  EM
             93 -0.36762960D+05    0.0911432    0.0000025  EM
             94 -0.36762871D+05    0.0892336    0.0000024  EM
             95 -0.36762783D+05    0.0873840    0.0000024  EM
             96 -0.36762698D+05    0.0855920    0.0000023  EM
             97 -0.36762614D+05    0.0838552    0.0000023  EM
             98 -0.36762532D+05    0.0821712    0.0000022  EM
             99 -0.36762451D+05    0.0805380    0.0000022  EM
            100 -0.36762372D+05    0.0789536    0.0000021  EM
            101 -0.36762295D+05    0.0774161    0.0000021  EM
            102 -0.36762219D+05    0.0759235    0.0000021  EM
            103 -0.36762144D+05    0.0744742    0.0000020  EM
            104 -0.36762071D+05    0.0730664    0.0000020  EM
            105 -0.36762000D+05    0.0716987    0.0000020  EM
            106 -0.36761929D+05    0.0703694    0.0000019  EM
            107 -0.36761860D+05    0.0690773    0.0000019  EM
            108 -0.36761792D+05    0.0678208    0.0000018  EM
            109 -0.36761726D+05    0.0665987    0.0000018  EM
            110 -0.36761660D+05    0.0654097    0.0000018  EM
            111 -0.36761596D+05    0.0642527    0.0000017  EM
            112 -0.36761533D+05    0.0631265    0.0000017  EM
            113 -0.36761471D+05    0.0620300    0.0000017  EM
            114 -0.36761410D+05    0.0609622    0.0000017  EM
            115 -0.36761350D+05    0.0599220    0.0000016  EM
            116 -0.36761291D+05    0.0589086    0.0000016  EM
            117 -0.36761233D+05    0.0579210    0.0000016  EM
            118 -0.36761176D+05    0.0569584    0.0000015  EM
            119 -0.36761120D+05    0.0560199    0.0000015  EM
            120 -0.36761065D+05    0.0551046    0.0000015  EM
            121 -0.36761011D+05    0.0542119    0.0000015  EM
            122 -0.36760958D+05    0.0533411    0.0000015  EM
            123 -0.36760905D+05    0.0524913    0.0000014  EM
            124 -0.36760853D+05    0.0516619    0.0000014  EM
            125 -0.36760803D+05    0.0508523    0.0000014  EM
            126 -0.36760753D+05    0.0500618    0.0000014  EM
            127 -0.36760703D+05    0.0492899    0.0000013  EM
            128 -0.36760655D+05    0.0485359    0.0000013  EM
            129 -0.36760607D+05    0.0477994    0.0000013  EM
            130 -0.36760560D+05    0.0470797    0.0000013  EM
            131 -0.36760513D+05    0.0463763    0.0000013  EM
            132 -0.36760468D+05    0.0456888    0.0000012  EM
            133 -0.36760423D+05    0.0450168    0.0000012  EM
            134 -0.36760378D+05    0.0443596    0.0000012  EM
            135 -0.36760335D+05    0.0437169    0.0000012  EM
            136 -0.36760292D+05    0.0430883    0.0000012  EM
            137 -0.36760249D+05    0.0424734    0.0000012  EM
            138 -0.36760207D+05    0.0418717    0.0000011  EM
            139 -0.36760166D+05    0.0412829    0.0000011  EM
            140 -0.36760125D+05    0.0407066    0.0000011  EM
            141 -0.36760085D+05    0.0401425    0.0000011  EM
            142 -0.36760045D+05    0.0395902    0.0000011  EM
            143 -0.36760006D+05    0.0390493    0.0000011  EM
            144 -0.36759968D+05    0.0385197    0.0000010  EM
            145 -0.36759930D+05    0.0380009    0.0000010  EM
            146 -0.36759892D+05    0.0374927    0.0000010  EM
            147 -0.36759855D+05    0.0369947    0.0000010  EM
            148 -0.36759819D+05    0.0365068    0.0000010  EM
            149 -0.36759783D+05    0.0360286    0.0000010  EM
            150 -0.36759747D+05    0.0355599    0.0000010  EM
            151 -0.36759712D+05    0.0351004    0.0000010  EM
            152 -0.36759678D+05    0.0346499    0.0000009  EM
            153 -0.36759643D+05    0.0342081    0.0000009  EM
            154 -0.36759610D+05    0.0337749    0.0000009  EM
            155 -0.36759576D+05    0.0333500    0.0000009  EM
            156 -0.36759543D+05    0.0329331    0.0000009  EM
            157 -0.36759511D+05    0.0325242    0.0000009  EM
            158 -0.36759479D+05    0.0321229    0.0000009  EM
            159 -0.36759447D+05    0.0317292    0.0000009  EM
            160 -0.36759416D+05    0.0313427    0.0000009  EM
            161 -0.36759385D+05    0.0309634    0.0000008  EM
            162 -0.36759354D+05    0.0305911    0.0000008  EM
            163 -0.36759324D+05    0.0302255    0.0000008  EM
            164 -0.36759294D+05    0.0298665    0.0000008  EM
            165 -0.36759264D+05    0.0295140    0.0000008  EM
            166 -0.36759235D+05    0.0291679    0.0000008  EM
            167 -0.36759206D+05    0.0288278    0.0000008  EM
            168 -0.36759178D+05    0.0284938    0.0000008  EM
            169 -0.36759150D+05    0.0281656    0.0000008  EM
            170 -0.36759122D+05    0.0278432    0.0000008  EM
            171 -0.36759094D+05    0.0275264    0.0000007  EM
            172 -0.36759067D+05    0.0272150    0.0000007  EM
            173 -0.36759040D+05    0.0269090    0.0000007  EM
            174 -0.36759014D+05    0.0266082    0.0000007  EM
            175 -0.36758987D+05    0.0263125    0.0000007  EM
            176 -0.36758961D+05    0.0260218    0.0000007  EM
            177 -0.36758936D+05    0.0257359    0.0000007  EM
            178 -0.36758910D+05    0.0254548    0.0000007  EM
            179 -0.36758885D+05    0.0251784    0.0000007  EM
            180 -0.36758860D+05    0.0249065    0.0000007  EM
            181 -0.36758835D+05    0.0246391    0.0000007  EM
            182 -0.36758811D+05    0.0243760    0.0000007  EM
            183 -0.36758787D+05    0.0241172    0.0000007  EM
            184 -0.36758763D+05    0.0238626    0.0000006  EM
            185 -0.36758739D+05    0.0236121    0.0000006  EM
            186 -0.36758716D+05    0.0233655    0.0000006  EM
            187 -0.36758693D+05    0.0231229    0.0000006  EM
            188 -0.36758670D+05    0.0228840    0.0000006  EM
            189 -0.36758647D+05    0.0226490    0.0000006  EM
            190 -0.36758625D+05    0.0224176    0.0000006  EM
            191 -0.36758603D+05    0.0221897    0.0000006  EM
            192 -0.36758581D+05    0.0219654    0.0000006  EM
            193 -0.36758559D+05    0.0217446    0.0000006  EM
            194 -0.36758538D+05    0.0215271    0.0000006  EM
            195 -0.36758516D+05    0.0213129    0.0000006  EM
            196 -0.36758495D+05    0.0211019    0.0000006  EM
            197 -0.36758474D+05    0.0208942    0.0000006  EM
            198 -0.36758454D+05    0.0206895    0.0000006  EM
            199 -0.36758433D+05    0.0204878    0.0000006  EM
            200 -0.36758413D+05    0.0202892    0.0000006  EM
            201 -0.36758393D+05    0.0200935    0.0000005  EM
            202 -0.36758373D+05    0.0199006    0.0000005  EM
            203 -0.36758353D+05    0.0197106    0.0000005  EM
            204 -0.36758334D+05    0.0195233    0.0000005  EM
            205 -0.36758314D+05    0.0193387    0.0000005  EM
            206 -0.36758295D+05    0.0191568    0.0000005  EM
            207 -0.36758276D+05    0.0189775    0.0000005  EM
            208 -0.36758257D+05    0.0188007    0.0000005  EM
            209 -0.36758239D+05    0.0186264    0.0000005  EM
            210 -0.36758220D+05    0.0184546    0.0000005  EM
            211 -0.36758202D+05    0.0182852    0.0000005  EM
            212 -0.36758184D+05    0.0181182    0.0000005  EM
            213 -0.36758166D+05    0.0179534    0.0000005  EM
            214 -0.36758148D+05    0.0177910    0.0000005  EM
            215 -0.36758130D+05    0.0176308    0.0000005  EM
            216 -0.36758113D+05    0.0174728    0.0000005  EM
            217 -0.36758096D+05    0.0173169    0.0000005  EM
            218 -0.36758079D+05    0.0171631    0.0000005  EM
            219 -0.36758061D+05    0.0170114    0.0000005  EM
            220 -0.36758045D+05    0.0168618    0.0000005  EM
            221 -0.36758028D+05    0.0167142    0.0000005  EM
            222 -0.36758011D+05    0.0165685    0.0000005  EM
            223 -0.36757995D+05    0.0164247    0.0000004  EM
            224 -0.36757979D+05    0.0162829    0.0000004  EM
            225 -0.36757962D+05    0.0161429    0.0000004  EM
            226 -0.36757946D+05    0.0160047    0.0000004  EM
            227 -0.36757931D+05    0.0158684    0.0000004  EM
            228 -0.36757915D+05    0.0157338    0.0000004  EM
            229 -0.36757899D+05    0.0156009    0.0000004  EM
            230 -0.36757884D+05    0.0154697    0.0000004  EM
            231 -0.36757868D+05    0.0153403    0.0000004  EM
            232 -0.36757853D+05    0.0152124    0.0000004  EM
            233 -0.36757838D+05    0.0150862    0.0000004  EM
            234 -0.36757823D+05    0.0149616    0.0000004  EM
            235 -0.36757808D+05    0.0148385    0.0000004  EM
            236 -0.36757794D+05    0.0147170    0.0000004  EM
            237 -0.36757779D+05    0.0145970    0.0000004  EM
            238 -0.36757765D+05    0.0144785    0.0000004  EM
            239 -0.36757750D+05    0.0143614    0.0000004  EM
            240 -0.36757736D+05    0.0142458    0.0000004  EM
            241 -0.36757722D+05    0.0141316    0.0000004  EM
            242 -0.36757708D+05    0.0140188    0.0000004  EM
            243 -0.36757694D+05    0.0139074    0.0000004  EM
            244 -0.36757680D+05    0.0137973    0.0000004  EM
            245 -0.36757666D+05    0.0136885    0.0000004  EM
            246 -0.36757653D+05    0.0135811    0.0000004  EM
            247 -0.36757639D+05    0.0134749    0.0000004  EM
            248 -0.36757626D+05    0.0133700    0.0000004  EM
            249 -0.36757613D+05    0.0132663    0.0000004  EM
            250 -0.36757600D+05    0.0131638    0.0000004  EM
            251 -0.36757587D+05    0.0130626    0.0000004  EM
            252 -0.36757574D+05    0.0129625    0.0000004  EM
            253 -0.36757561D+05    0.0128636    0.0000003  EM
            254 -0.36757548D+05    0.0127659    0.0000003  EM
            255 -0.36757535D+05    0.0126692    0.0000003  EM
            256 -0.36757523D+05    0.0125737    0.0000003  EM
            257 -0.36757510D+05    0.0124793    0.0000003  EM
            258 -0.36757498D+05    0.0123860    0.0000003  EM
            259 -0.36757486D+05    0.0122937    0.0000003  EM
            260 -0.36757473D+05    0.0122024    0.0000003  EM
            261 -0.36757461D+05    0.0121123    0.0000003  EM
            262 -0.36757449D+05    0.0120231    0.0000003  EM
            263 -0.36757437D+05    0.0119349    0.0000003  EM
            264 -0.36757425D+05    0.0118477    0.0000003  EM
            265 -0.36757414D+05    0.0117614    0.0000003  EM
            266 -0.36757402D+05    0.0116761    0.0000003  EM
            267 -0.36757390D+05    0.0115918    0.0000003  EM
            268 -0.36757379D+05    0.0115084    0.0000003  EM
            269 -0.36757367D+05    0.0114259    0.0000003  EM
            270 -0.36757356D+05    0.0113443    0.0000003  EM
            271 -0.36757345D+05    0.0112635    0.0000003  EM
            272 -0.36757334D+05    0.0111837    0.0000003  EM
            273 -0.36757323D+05    0.0111047    0.0000003  EM
            274 -0.36757312D+05    0.0110266    0.0000003  EM
            275 -0.36757301D+05    0.0109493    0.0000003  EM
            276 -0.36757290D+05    0.0108728    0.0000003  EM
            277 -0.36757279D+05    0.0107971    0.0000003  EM
            278 -0.36757268D+05    0.0107223    0.0000003  EM
            279 -0.36757258D+05    0.0106482    0.0000003  EM
            280 -0.36757247D+05    0.0105749    0.0000003  EM
            281 -0.36757236D+05    0.0105023    0.0000003  EM
            282 -0.36757226D+05    0.0104306    0.0000003  EM
            283 -0.36757216D+05    0.0103595    0.0000003  EM
            284 -0.36757205D+05    0.0102892    0.0000003  EM
            285 -0.36757195D+05    0.0102197    0.0000003  EM
            286 -0.36757185D+05    0.0101508    0.0000003  EM
            287 -0.36757175D+05    0.0100827    0.0000003  EM
            288 -0.36757165D+05    0.0100152    0.0000003  EM
            289 -0.36757155D+05    0.0099484    0.0000003  EM
            290 -0.36757145D+05    0.0098823    0.0000003  EM
            291 -0.36757135D+05    0.0098169    0.0000003  EM
            292 -0.36757126D+05    0.0097522    0.0000003  EM
            293 -0.36757116D+05    0.0096880    0.0000003  EM
            294 -0.36757106D+05    0.0096246    0.0000003  EM
            295 -0.36757097D+05    0.0095617    0.0000003  EM
            296 -0.36757087D+05    0.0094995    0.0000003  EM
            297 -0.36757078D+05    0.0094379    0.0000003  EM
            298 -0.36757068D+05    0.0093769    0.0000003  EM
            299 -0.36757059D+05    0.0093165    0.0000003  EM
            300 -0.36757050D+05    0.0092567    0.0000003  EM
            301 -0.36757041D+05    0.0091975    0.0000003  EM
            302 -0.36757031D+05    0.0091388    0.0000002  EM
            303 -0.36757022D+05    0.0090807    0.0000002  EM
            304 -0.36757013D+05    0.0090232    0.0000002  EM
            305 -0.36757004D+05    0.0089662    0.0000002  EM
            306 -0.36756995D+05    0.0089098    0.0000002  EM
            307 -0.36756987D+05    0.0088539    0.0000002  EM
            308 -0.36756978D+05    0.0087986    0.0000002  EM
            309 -0.36756969D+05    0.0087438    0.0000002  EM
            310 -0.36756960D+05    0.0086895    0.0000002  EM
            311 -0.36756952D+05    0.0086357    0.0000002  EM
            312 -0.36756943D+05    0.0085824    0.0000002  EM
            313 -0.36756935D+05    0.0085296    0.0000002  EM
            314 -0.36756926D+05    0.0084773    0.0000002  EM
            315 -0.36756918D+05    0.0084255    0.0000002  EM
            316 -0.36756909D+05    0.0083742    0.0000002  EM
            317 -0.36756901D+05    0.0083233    0.0000002  EM
            318 -0.36756893D+05    0.0082729    0.0000002  EM
            319 -0.36756884D+05    0.0082230    0.0000002  EM
            320 -0.36756876D+05    0.0081736    0.0000002  EM
            321 -0.36756868D+05    0.0081246    0.0000002  EM
            322 -0.36756860D+05    0.0080760    0.0000002  EM
            323 -0.36756852D+05    0.0080279    0.0000002  EM
            324 -0.36756844D+05    0.0079802    0.0000002  EM
            325 -0.36756836D+05    0.0079329    0.0000002  EM
            326 -0.36756828D+05    0.0078861    0.0000002  EM
            327 -0.36756820D+05    0.0078397    0.0000002  EM
            328 -0.36756813D+05    0.0077937    0.0000002  EM
            329 -0.36756805D+05    0.0077481    0.0000002  EM
            330 -0.36756797D+05    0.0077029    0.0000002  EM
            331 -0.36756790D+05    0.0076581    0.0000002  EM
            332 -0.36756782D+05    0.0076138    0.0000002  EM
            333 -0.36756774D+05    0.0075698    0.0000002  EM
            334 -0.36756767D+05    0.0075262    0.0000002  EM
            335 -0.36756759D+05    0.0074829    0.0000002  EM
            336 -0.36756752D+05    0.0074401    0.0000002  EM
            337 -0.36756745D+05    0.0073976    0.0000002  EM
            338 -0.36756737D+05    0.0073555    0.0000002  EM
            339 -0.36756730D+05    0.0073137    0.0000002  EM
            340 -0.36756723D+05    0.0072724    0.0000002  EM
            341 -0.36756715D+05    0.0072313    0.0000002  EM
            342 -0.36756708D+05    0.0071907    0.0000002  EM
            343 -0.36756701D+05    0.0071503    0.0000002  EM
            344 -0.36756694D+05    0.0071103    0.0000002  EM
            345 -0.36756687D+05    0.0070707    0.0000002  EM
            346 -0.36756680D+05    0.0070314    0.0000002  EM
            347 -0.36756673D+05    0.0069924    0.0000002  EM
            348 -0.36756666D+05    0.0069537    0.0000002  EM
            349 -0.36756659D+05    0.0069154    0.0000002  EM
            350 -0.36756652D+05    0.0068774    0.0000002  EM
            351 -0.36756645D+05    0.0068397    0.0000002  EM
            352 -0.36756638D+05    0.0068023    0.0000002  EM
            353 -0.36756632D+05    0.0067653    0.0000002  EM
            354 -0.36756625D+05    0.0067285    0.0000002  EM
            355 -0.36756618D+05    0.0066920    0.0000002  EM
            356 -0.36756612D+05    0.0066559    0.0000002  EM
            357 -0.36756605D+05    0.0066200    0.0000002  EM
            358 -0.36756598D+05    0.0065845    0.0000002  EM
            359 -0.36756592D+05    0.0065492    0.0000002  EM
            360 -0.36756585D+05    0.0065142    0.0000002  EM
            361 -0.36756579D+05    0.0064795    0.0000002  EM
            362 -0.36756572D+05    0.0064451    0.0000002  EM
            363 -0.36756566D+05    0.0064109    0.0000002  EM
            364 -0.36756560D+05    0.0063770    0.0000002  EM
            365 -0.36756553D+05    0.0063434    0.0000002  EM
            366 -0.36756547D+05    0.0063101    0.0000002  EM
            367 -0.36756541D+05    0.0062770    0.0000002  EM
            368 -0.36756534D+05    0.0062442    0.0000002  EM
            369 -0.36756528D+05    0.0062117    0.0000002  EM
            370 -0.36756522D+05    0.0061794    0.0000002  EM
            371 -0.36756516D+05    0.0061473    0.0000002  EM
            372 -0.36756510D+05    0.0061156    0.0000002  EM
            373 -0.36756504D+05    0.0060840    0.0000002  EM
            374 -0.36756498D+05    0.0060527    0.0000002  EM
            375 -0.36756492D+05    0.0060217    0.0000002  EM
            376 -0.36756486D+05    0.0059909    0.0000002  EM
            377 -0.36756480D+05    0.0059603    0.0000002  EM
            378 -0.36756474D+05    0.0059300    0.0000002  EM
            379 -0.36756468D+05    0.0058999    0.0000002  EM
            380 -0.36756462D+05    0.0058701    0.0000002  EM
            381 -0.36756456D+05    0.0058404    0.0000002  EM
            382 -0.36756450D+05    0.0058110    0.0000002  EM
            383 -0.36756445D+05    0.0057819    0.0000002  EM
            384 -0.36756439D+05    0.0057529    0.0000002  EM
            385 -0.36756433D+05    0.0057242    0.0000002  EM
            386 -0.36756427D+05    0.0056957    0.0000002  EM
            387 -0.36756422D+05    0.0056673    0.0000002  EM
            388 -0.36756416D+05    0.0056393    0.0000002  EM
            389 -0.36756410D+05    0.0056114    0.0000002  EM
            390 -0.36756405D+05    0.0055837    0.0000002  EM
            391 -0.36756399D+05    0.0055562    0.0000002  EM
            392 -0.36756394D+05    0.0055290    0.0000002  EM
            393 -0.36756388D+05    0.0055019    0.0000001  EM
            394 -0.36756383D+05    0.0054751    0.0000001  EM
            395 -0.36756377D+05    0.0054484    0.0000001  EM
            396 -0.36756372D+05    0.0054220    0.0000001  EM
            397 -0.36756367D+05    0.0053957    0.0000001  EM
            398 -0.36756361D+05    0.0053696    0.0000001  EM
            399 -0.36756356D+05    0.0053438    0.0000001  EM
            400 -0.36756350D+05    0.0053181    0.0000001  EM
            401 -0.36756345D+05    0.0052926    0.0000001  EM
            402 -0.36756340D+05    0.0052672    0.0000001  EM
            403 -0.36756335D+05    0.0052421    0.0000001  EM
            404 -0.36756329D+05    0.0052172    0.0000001  EM
            405 -0.36756324D+05    0.0051924    0.0000001  EM
            406 -0.36756319D+05    0.0051678    0.0000001  EM
            407 -0.36756314D+05    0.0051434    0.0000001  EM
            408 -0.36756309D+05    0.0051191    0.0000001  EM
            409 -0.36756304D+05    0.0050951    0.0000001  EM
            410 -0.36756299D+05    0.0050712    0.0000001  EM
            411 -0.36756294D+05    0.0050474    0.0000001  EM
            412 -0.36756289D+05    0.0050239    0.0000001  EM
            413 -0.36756284D+05    0.0050005    0.0000001  EM
            414 -0.36756279D+05    0.0049773    0.0000001  EM
            415 -0.36756274D+05    0.0049542    0.0000001  EM
            416 -0.36756269D+05    0.0049313    0.0000001  EM
            417 -0.36756264D+05    0.0049086    0.0000001  EM
            418 -0.36756259D+05    0.0048860    0.0000001  EM
            419 -0.36756254D+05    0.0048636    0.0000001  EM
            420 -0.36756249D+05    0.0048413    0.0000001  EM
            421 -0.36756244D+05    0.0048192    0.0000001  EM
            422 -0.36756240D+05    0.0047972    0.0000001  EM
            423 -0.36756235D+05    0.0047754    0.0000001  EM
            424 -0.36756230D+05    0.0047538    0.0000001  EM
            425 -0.36756225D+05    0.0047322    0.0000001  EM
            426 -0.36756221D+05    0.0047109    0.0000001  EM
            427 -0.36756216D+05    0.0046897    0.0000001  EM
            428 -0.36756211D+05    0.0046686    0.0000001  EM
            429 -0.36756207D+05    0.0046477    0.0000001  EM
            430 -0.36756202D+05    0.0046269    0.0000001  EM
            431 -0.36756197D+05    0.0046062    0.0000001  EM
            432 -0.36756193D+05    0.0045857    0.0000001  EM
            433 -0.36756188D+05    0.0045654    0.0000001  EM
            434 -0.36756184D+05    0.0045451    0.0000001  EM
            435 -0.36756179D+05    0.0045250    0.0000001  EM
            436 -0.36756175D+05    0.0045051    0.0000001  EM
            437 -0.36756170D+05    0.0044853    0.0000001  EM
            438 -0.36756166D+05    0.0044656    0.0000001  EM
            439 -0.36756161D+05    0.0044460    0.0000001  EM
            440 -0.36756157D+05    0.0044266    0.0000001  EM
            441 -0.36756152D+05    0.0044073    0.0000001  EM
            442 -0.36756148D+05    0.0043881    0.0000001  EM
            443 -0.36756144D+05    0.0043690    0.0000001  EM
            444 -0.36756139D+05    0.0043501    0.0000001  EM
            445 -0.36756135D+05    0.0043313    0.0000001  EM
            446 -0.36756131D+05    0.0043126    0.0000001  EM
            447 -0.36756126D+05    0.0042941    0.0000001  EM
            448 -0.36756122D+05    0.0042756    0.0000001  EM
            449 -0.36756118D+05    0.0042573    0.0000001  EM
            450 -0.36756114D+05    0.0042391    0.0000001  EM
            451 -0.36756109D+05    0.0042211    0.0000001  EM
            452 -0.36756105D+05    0.0042031    0.0000001  EM
            453 -0.36756101D+05    0.0041853    0.0000001  EM
            454 -0.36756097D+05    0.0041675    0.0000001  EM
            455 -0.36756093D+05    0.0041499    0.0000001  EM
            456 -0.36756089D+05    0.0041324    0.0000001  EM
            457 -0.36756084D+05    0.0041150    0.0000001  EM
            458 -0.36756080D+05    0.0040977    0.0000001  EM
            459 -0.36756076D+05    0.0040806    0.0000001  EM
            460 -0.36756072D+05    0.0040635    0.0000001  EM
            461 -0.36756068D+05    0.0040466    0.0000001  EM
            462 -0.36756064D+05    0.0040297    0.0000001  EM
            463 -0.36756060D+05    0.0040130    0.0000001  EM
            464 -0.36756056D+05    0.0039963    0.0000001  EM
            465 -0.36756052D+05    0.0039798    0.0000001  EM
            466 -0.36756048D+05    0.0039634    0.0000001  EM
            467 -0.36756044D+05    0.0039471    0.0000001  EM
            468 -0.36756040D+05    0.0039308    0.0000001  EM
            469 -0.36756036D+05    0.0039147    0.0000001  EM
            470 -0.36756033D+05    0.0038987    0.0000001  EM
            471 -0.36756029D+05    0.0038828    0.0000001  EM
            472 -0.36756025D+05    0.0038670    0.0000001  EM
            473 -0.36756021D+05    0.0038512    0.0000001  EM
            474 -0.36756017D+05    0.0038356    0.0000001  EM
            475 -0.36756013D+05    0.0038201    0.0000001  EM
            476 -0.36756009D+05    0.0038046    0.0000001  EM
            477 -0.36756006D+05    0.0037893    0.0000001  EM
            478 -0.36756002D+05    0.0037740    0.0000001  EM
            479 -0.36755998D+05    0.0037589    0.0000001  EM
            480 -0.36755994D+05    0.0037438    0.0000001  EM
            481 -0.36755991D+05    0.0037288    0.0000001  EM
            482 -0.36755987D+05    0.0037140    0.0000001  EM
            483 -0.36755983D+05    0.0036992    0.0000001  EM
            484 -0.36755980D+05    0.0036845    0.0000001  EM
            485 -0.36755976D+05    0.0036699    0.0000001  EM
            486 -0.36755972D+05    0.0036553    0.0000001  EM
            487 -0.36755969D+05    0.0036409    0.0000001  EM
            488 -0.36755965D+05    0.0036265    0.0000001  EM
            489 -0.36755961D+05    0.0036123    0.0000001  EM
            490 -0.36755958D+05    0.0035981    0.0000001  EM
            491 -0.36755954D+05    0.0035840    0.0000001  EM
            492 -0.36755951D+05    0.0035700    0.0000001  EM
            493 -0.36755947D+05    0.0035561    0.0000001  EM
            494 -0.36755943D+05    0.0035422    0.0000001  EM
            495 -0.36755940D+05    0.0035285    0.0000001  EM
            496 -0.36755936D+05    0.0035148    0.0000001  EM
            497 -0.36755933D+05    0.0035012    0.0000001  EM
            498 -0.36755929D+05    0.0034876    0.0000001  EM
            499 -0.36755926D+05    0.0034742    0.0000001  EM
            500 -0.36755923D+05    0.0034608    0.0000001  EM
            501 -0.36755919D+05    0.0034475    0.0000001  EM
            502 -0.36755916D+05    0.0034343    0.0000001  EM
            503 -0.36755912D+05    0.0034212    0.0000001  EM
            504 -0.36755909D+05    0.0034081    0.0000001  EM
            505 -0.36755905D+05    0.0033951    0.0000001  EM
            506 -0.36755902D+05    0.0033822    0.0000001  EM
            507 -0.36755899D+05    0.0033694    0.0000001  EM
            508 -0.36755895D+05    0.0033566    0.0000001  EM
            509 -0.36755892D+05    0.0033439    0.0000001  EM
            510 -0.36755889D+05    0.0033313    0.0000001  EM
            511 -0.36755885D+05    0.0033188    0.0000001  EM
            512 -0.36755882D+05    0.0033063    0.0000001  EM
            513 -0.36755879D+05    0.0032939    0.0000001  EM
            514 -0.36755875D+05    0.0032816    0.0000001  EM
            515 -0.36755872D+05    0.0032693    0.0000001  EM
            516 -0.36755869D+05    0.0032572    0.0000001  EM
            517 -0.36755866D+05    0.0032450    0.0000001  EM
            518 -0.36755862D+05    0.0032330    0.0000001  EM
            519 -0.36755859D+05    0.0032210    0.0000001  EM
            520 -0.36755856D+05    0.0032091    0.0000001  EM
            521 -0.36755853D+05    0.0031972    0.0000001  EM
            522 -0.36755850D+05    0.0031854    0.0000001  EM
            523 -0.36755846D+05    0.0031737    0.0000001  EM
            524 -0.36755843D+05    0.0031621    0.0000001  EM
            525 -0.36755840D+05    0.0031505    0.0000001  EM
            526 -0.36755837D+05    0.0031389    0.0000001  EM
            527 -0.36755834D+05    0.0031275    0.0000001  EM
            528 -0.36755831D+05    0.0031161    0.0000001  EM
            529 -0.36755828D+05    0.0031048    0.0000001  EM
            530 -0.36755825D+05    0.0030935    0.0000001  EM
            531 -0.36755821D+05    0.0030823    0.0000001  EM
            532 -0.36755818D+05    0.0030711    0.0000001  EM
            533 -0.36755815D+05    0.0030600    0.0000001  EM
            534 -0.36755812D+05    0.0030490    0.0000001  EM
            535 -0.36755809D+05    0.0030380    0.0000001  EM
            536 -0.36755806D+05    0.0030271    0.0000001  EM
            537 -0.36755803D+05    0.0030163    0.0000001  EM
            538 -0.36755800D+05    0.0030055    0.0000001  EM
            539 -0.36755797D+05    0.0029948    0.0000001  EM
            540 -0.36755794D+05    0.0029841    0.0000001  EM
            541 -0.36755791D+05    0.0029735    0.0000001  EM
            542 -0.36755788D+05    0.0029629    0.0000001  EM
            543 -0.36755785D+05    0.0029524    0.0000001  EM
            544 -0.36755782D+05    0.0029420    0.0000001  EM
            545 -0.36755779D+05    0.0029316    0.0000001  EM
            546 -0.36755777D+05    0.0029213    0.0000001  EM
            547 -0.36755774D+05    0.0029110    0.0000001  EM
            548 -0.36755771D+05    0.0029008    0.0000001  EM
            549 -0.36755768D+05    0.0028906    0.0000001  EM
            550 -0.36755765D+05    0.0028805    0.0000001  EM
            551 -0.36755762D+05    0.0028704    0.0000001  EM
            552 -0.36755759D+05    0.0028604    0.0000001  EM
            553 -0.36755756D+05    0.0028505    0.0000001  EM
            554 -0.36755754D+05    0.0028406    0.0000001  EM
            555 -0.36755751D+05    0.0028307    0.0000001  EM
            556 -0.36755748D+05    0.0028209    0.0000001  EM
            557 -0.36755745D+05    0.0028112    0.0000001  EM
            558 -0.36755742D+05    0.0028015    0.0000001  EM
            559 -0.36755739D+05    0.0027918    0.0000001  EM
            560 -0.36755737D+05    0.0027822    0.0000001  EM
            561 -0.36755734D+05    0.0027727    0.0000001  EM
            562 -0.36755731D+05    0.0027632    0.0000001  EM
            563 -0.36755728D+05    0.0027537    0.0000001  EM
            564 -0.36755726D+05    0.0027443    0.0000001  EM
            565 -0.36755723D+05    0.0027350    0.0000001  EM
            566 -0.36755720D+05    0.0027257    0.0000001  EM
            567 -0.36755717D+05    0.0027164    0.0000001  EM
            568 -0.36755715D+05    0.0027072    0.0000001  EM
            569 -0.36755712D+05    0.0026981    0.0000001  EM
            570 -0.36755709D+05    0.0026890    0.0000001  EM
            571 -0.36755707D+05    0.0026799    0.0000001  EM
            572 -0.36755704D+05    0.0026709    0.0000001  EM
            573 -0.36755701D+05    0.0026619    0.0000001  EM
            574 -0.36755699D+05    0.0026530    0.0000001  EM
            575 -0.36755696D+05    0.0026441    0.0000001  EM
            576 -0.36755693D+05    0.0026353    0.0000001  EM
            577 -0.36755691D+05    0.0026265    0.0000001  EM
            578 -0.36755688D+05    0.0026177    0.0000001  EM
            579 -0.36755686D+05    0.0026090    0.0000001  EM
            580 -0.36755683D+05    0.0026004    0.0000001  EM
            581 -0.36755680D+05    0.0025917    0.0000001  EM
            582 -0.36755678D+05    0.0025832    0.0000001  EM
            583 -0.36755675D+05    0.0025747    0.0000001  EM
            584 -0.36755673D+05    0.0025662    0.0000001  EM
            585 -0.36755670D+05    0.0025577    0.0000001  EM
            586 -0.36755668D+05    0.0025493    0.0000001  EM
            587 -0.36755665D+05    0.0025409    0.0000001  EM
            588 -0.36755663D+05    0.0025326    0.0000001  EM
            589 -0.36755660D+05    0.0025244    0.0000001  EM
            590 -0.36755657D+05    0.0025161    0.0000001  EM
            591 -0.36755655D+05    0.0025079    0.0000001  EM
            592 -0.36755652D+05    0.0024998    0.0000001  EM
            593 -0.36755650D+05    0.0024917    0.0000001  EM
            594 -0.36755647D+05    0.0024836    0.0000001  EM
            595 -0.36755645D+05    0.0024755    0.0000001  EM
            596 -0.36755643D+05    0.0024676    0.0000001  EM
            597 -0.36755640D+05    0.0024596    0.0000001  EM
            598 -0.36755638D+05    0.0024517    0.0000001  EM
            599 -0.36755635D+05    0.0024438    0.0000001  EM
            600 -0.36755633D+05    0.0024360    0.0000001  EM
            601 -0.36755630D+05    0.0024281    0.0000001  EM
            602 -0.36755628D+05    0.0024204    0.0000001  EM
            603 -0.36755625D+05    0.0024127    0.0000001  EM
            604 -0.36755623D+05    0.0024050    0.0000001  EM
            605 -0.36755621D+05    0.0023973    0.0000001  EM
            606 -0.36755618D+05    0.0023897    0.0000001  EM
            607 -0.36755616D+05    0.0023821    0.0000001  EM
            608 -0.36755614D+05    0.0023746    0.0000001  EM
            609 -0.36755611D+05    0.0023671    0.0000001  EM
            610 -0.36755609D+05    0.0023596    0.0000001  EM
            611 -0.36755606D+05    0.0023522    0.0000001  EM
            612 -0.36755604D+05    0.0023448    0.0000001  EM
            613 -0.36755602D+05    0.0023374    0.0000001  EM
            614 -0.36755599D+05    0.0023301    0.0000001  EM
            615 -0.36755597D+05    0.0023228    0.0000001  EM
            616 -0.36755595D+05    0.0023155    0.0000001  EM
            617 -0.36755592D+05    0.0023083    0.0000001  EM
            618 -0.36755590D+05    0.0023011    0.0000001  EM
            619 -0.36755588D+05    0.0022939    0.0000001  EM
            620 -0.36755586D+05    0.0022868    0.0000001  EM
            621 -0.36755583D+05    0.0022797    0.0000001  EM
            622 -0.36755581D+05    0.0022727    0.0000001  EM
            623 -0.36755579D+05    0.0022656    0.0000001  EM
            624 -0.36755577D+05    0.0022586    0.0000001  EM
            625 -0.36755574D+05    0.0022517    0.0000001  EM
            626 -0.36755572D+05    0.0022448    0.0000001  EM
            627 -0.36755570D+05    0.0022379    0.0000001  EM
            628 -0.36755568D+05    0.0022310    0.0000001  EM
            629 -0.36755565D+05    0.0022242    0.0000001  EM
            630 -0.36755563D+05    0.0022174    0.0000001  EM
            631 -0.36755561D+05    0.0022106    0.0000001  EM
            632 -0.36755559D+05    0.0022039    0.0000001  EM
            633 -0.36755557D+05    0.0021972    0.0000001  EM
            634 -0.36755554D+05    0.0021905    0.0000001  EM
            635 -0.36755552D+05    0.0021838    0.0000001  EM
            636 -0.36755550D+05    0.0021772    0.0000001  EM
            637 -0.36755548D+05    0.0021707    0.0000001  EM
            638 -0.36755546D+05    0.0021641    0.0000001  EM
            639 -0.36755543D+05    0.0021576    0.0000001  EM
            640 -0.36755541D+05    0.0021511    0.0000001  EM
            641 -0.36755539D+05    0.0021446    0.0000001  EM
            642 -0.36755537D+05    0.0021382    0.0000001  EM
            643 -0.36755535D+05    0.0021318    0.0000001  EM
            644 -0.36755533D+05    0.0021254    0.0000001  EM
            645 -0.36755531D+05    0.0021191    0.0000001  EM
            646 -0.36755529D+05    0.0021128    0.0000001  EM
            647 -0.36755526D+05    0.0021065    0.0000001  EM
            648 -0.36755524D+05    0.0021002    0.0000001  EM
            649 -0.36755522D+05    0.0020940    0.0000001  EM
            650 -0.36755520D+05    0.0020878    0.0000001  EM
            651 -0.36755518D+05    0.0020816    0.0000001  EM
            652 -0.36755516D+05    0.0020754    0.0000001  EM
            653 -0.36755514D+05    0.0020693    0.0000001  EM
            654 -0.36755512D+05    0.0020632    0.0000001  EM
            655 -0.36755510D+05    0.0020572    0.0000001  EM
            656 -0.36755508D+05    0.0020511    0.0000001  EM
            657 -0.36755506D+05    0.0020451    0.0000001  EM
            658 -0.36755504D+05    0.0020391    0.0000001  EM
            659 -0.36755502D+05    0.0020332    0.0000001  EM
            660 -0.36755500D+05    0.0020272    0.0000001  EM
            661 -0.36755498D+05    0.0020213    0.0000001  EM
            662 -0.36755496D+05    0.0020154    0.0000001  EM
            663 -0.36755494D+05    0.0020096    0.0000001  EM
            664 -0.36755492D+05    0.0020038    0.0000001  EM
            665 -0.36755490D+05    0.0019980    0.0000001  EM
            666 -0.36755488D+05    0.0019922    0.0000001  EM
            667 -0.36755486D+05    0.0019864    0.0000001  EM
            668 -0.36755484D+05    0.0019807    0.0000001  EM
            669 -0.36755482D+05    0.0019750    0.0000001  EM
            670 -0.36755480D+05    0.0019693    0.0000001  EM
            671 -0.36755478D+05    0.0019637    0.0000001  EM
            672 -0.36755476D+05    0.0019580    0.0000001  EM
            673 -0.36755474D+05    0.0019524    0.0000001  EM
            674 -0.36755472D+05    0.0019469    0.0000001  EM
            675 -0.36755470D+05    0.0019413    0.0000001  EM
            676 -0.36755468D+05    0.0019358    0.0000001  EM
            677 -0.36755466D+05    0.0019303    0.0000001  EM
            678 -0.36755464D+05    0.0019248    0.0000001  EM
            679 -0.36755462D+05    0.0019193    0.0000001  EM
            680 -0.36755460D+05    0.0019139    0.0000001  EM
            681 -0.36755458D+05    0.0019085    0.0000001  EM
            682 -0.36755456D+05    0.0019031    0.0000001  EM
            683 -0.36755455D+05    0.0018977    0.0000001  EM
            684 -0.36755453D+05    0.0018924    0.0000001  EM
            685 -0.36755451D+05    0.0018870    0.0000001  EM
            686 -0.36755449D+05    0.0018817    0.0000001  EM
            687 -0.36755447D+05    0.0018765    0.0000001  EM
            688 -0.36755445D+05    0.0018712    0.0000001  EM
            689 -0.36755443D+05    0.0018660    0.0000001  EM
            690 -0.36755441D+05    0.0018608    0.0000001  EM
            691 -0.36755440D+05    0.0018556    0.0000001  EM
            692 -0.36755438D+05    0.0018504    0.0000001  EM
            693 -0.36755436D+05    0.0018453    0.0000001  EM
            694 -0.36755434D+05    0.0018402    0.0000001  EM
            695 -0.36755432D+05    0.0018350    0.0000000  EM
            696 -0.36755430D+05    0.0018300    0.0000000  EM
            697 -0.36755429D+05    0.0018249    0.0000000  EM
            698 -0.36755427D+05    0.0018199    0.0000000  EM
            699 -0.36755425D+05    0.0018149    0.0000000  EM
            700 -0.36755423D+05    0.0018099    0.0000000  EM
            701 -0.36755421D+05    0.0018049    0.0000000  EM
            702 -0.36755420D+05    0.0018000    0.0000000  EM
            703 -0.36755418D+05    0.0017950    0.0000000  EM
            704 -0.36755416D+05    0.0017901    0.0000000  EM
            705 -0.36755414D+05    0.0017852    0.0000000  EM
            706 -0.36755412D+05    0.0017803    0.0000000  EM
            707 -0.36755411D+05    0.0017755    0.0000000  EM
            708 -0.36755409D+05    0.0017706    0.0000000  EM
            709 -0.36755407D+05    0.0017658    0.0000000  EM
            710 -0.36755405D+05    0.0017610    0.0000000  EM
            711 -0.36755404D+05    0.0017563    0.0000000  EM
            712 -0.36755402D+05    0.0017515    0.0000000  EM
            713 -0.36755400D+05    0.0017468    0.0000000  EM
            714 -0.36755398D+05    0.0017421    0.0000000  EM
            715 -0.36755397D+05    0.0017374    0.0000000  EM
            716 -0.36755395D+05    0.0017327    0.0000000  EM
            717 -0.36755393D+05    0.0017280    0.0000000  EM
            718 -0.36755391D+05    0.0017234    0.0000000  EM
            719 -0.36755390D+05    0.0017188    0.0000000  EM
            720 -0.36755388D+05    0.0017142    0.0000000  EM
            721 -0.36755386D+05    0.0017096    0.0000000  EM
            722 -0.36755385D+05    0.0017050    0.0000000  EM
            723 -0.36755383D+05    0.0017005    0.0000000  EM
            724 -0.36755381D+05    0.0016960    0.0000000  EM
            725 -0.36755379D+05    0.0016915    0.0000000  EM
            726 -0.36755378D+05    0.0016870    0.0000000  EM
            727 -0.36755376D+05    0.0016825    0.0000000  EM
            728 -0.36755374D+05    0.0016781    0.0000000  EM
            729 -0.36755373D+05    0.0016736    0.0000000  EM
            730 -0.36755371D+05    0.0016692    0.0000000  EM
            731 -0.36755369D+05    0.0016648    0.0000000  EM
            732 -0.36755368D+05    0.0016604    0.0000000  EM
            733 -0.36755366D+05    0.0016561    0.0000000  EM
            734 -0.36755364D+05    0.0016517    0.0000000  EM
            735 -0.36755363D+05    0.0016474    0.0000000  EM
            736 -0.36755361D+05    0.0016431    0.0000000  EM
            737 -0.36755359D+05    0.0016388    0.0000000  EM
            738 -0.36755358D+05    0.0016345    0.0000000  EM
            739 -0.36755356D+05    0.0016302    0.0000000  EM
            740 -0.36755355D+05    0.0016260    0.0000000  EM
            741 -0.36755353D+05    0.0016218    0.0000000  EM
            742 -0.36755351D+05    0.0016176    0.0000000  EM
            743 -0.36755350D+05    0.0016133    0.0000000  EM
            744 -0.36755348D+05    0.0016092    0.0000000  EM
            745 -0.36755347D+05    0.0016050    0.0000000  EM
            746 -0.36755345D+05    0.0016009    0.0000000  EM
            747 -0.36755343D+05    0.0015967    0.0000000  EM
            748 -0.36755342D+05    0.0015926    0.0000000  EM
            749 -0.36755340D+05    0.0015885    0.0000000  EM
            750 -0.36755339D+05    0.0015845    0.0000000  EM
            751 -0.36755337D+05    0.0015804    0.0000000  EM
            752 -0.36755335D+05    0.0015763    0.0000000  EM
            753 -0.36755334D+05    0.0015723    0.0000000  EM
            754 -0.36755332D+05    0.0015683    0.0000000  EM
            755 -0.36755331D+05    0.0015643    0.0000000  EM
            756 -0.36755329D+05    0.0015603    0.0000000  EM
            757 -0.36755328D+05    0.0015563    0.0000000  EM
            758 -0.36755326D+05    0.0015524    0.0000000  EM
            759 -0.36755324D+05    0.0015484    0.0000000  EM
            760 -0.36755323D+05    0.0015445    0.0000000  EM
            761 -0.36755321D+05    0.0015406    0.0000000  EM
            762 -0.36755320D+05    0.0015367    0.0000000  EM
            763 -0.36755318D+05    0.0015328    0.0000000  EM
            764 -0.36755317D+05    0.0015289    0.0000000  EM
            765 -0.36755315D+05    0.0015251    0.0000000  EM
            766 -0.36755314D+05    0.0015212    0.0000000  EM
            767 -0.36755312D+05    0.0015174    0.0000000  EM
            768 -0.36755311D+05    0.0015136    0.0000000  EM
            769 -0.36755309D+05    0.0015098    0.0000000  EM
            770 -0.36755308D+05    0.0015060    0.0000000  EM
            771 -0.36755306D+05    0.0015023    0.0000000  EM
            772 -0.36755305D+05    0.0014985    0.0000000  EM
            773 -0.36755303D+05    0.0014948    0.0000000  EM
            774 -0.36755302D+05    0.0014911    0.0000000  EM
            775 -0.36755300D+05    0.0014874    0.0000000  EM
            776 -0.36755299D+05    0.0014837    0.0000000  EM
            777 -0.36755297D+05    0.0014800    0.0000000  EM
            778 -0.36755296D+05    0.0014763    0.0000000  EM
            779 -0.36755294D+05    0.0014727    0.0000000  EM
            780 -0.36755293D+05    0.0014690    0.0000000  EM
            781 -0.36755291D+05    0.0014654    0.0000000  EM
            782 -0.36755290D+05    0.0014618    0.0000000  EM
            783 -0.36755288D+05    0.0014582    0.0000000  EM
            784 -0.36755287D+05    0.0014546    0.0000000  EM
            785 -0.36755286D+05    0.0014510    0.0000000  EM
            786 -0.36755284D+05    0.0014475    0.0000000  EM
            787 -0.36755283D+05    0.0014439    0.0000000  EM
            788 -0.36755281D+05    0.0014404    0.0000000  EM
            789 -0.36755280D+05    0.0014369    0.0000000  EM
            790 -0.36755278D+05    0.0014334    0.0000000  EM
            791 -0.36755277D+05    0.0014299    0.0000000  EM
            792 -0.36755275D+05    0.0014264    0.0000000  EM
            793 -0.36755274D+05    0.0014229    0.0000000  EM
            794 -0.36755273D+05    0.0014195    0.0000000  EM
            795 -0.36755271D+05    0.0014160    0.0000000  EM
            796 -0.36755270D+05    0.0014126    0.0000000  EM
            797 -0.36755268D+05    0.0014092    0.0000000  EM
            798 -0.36755267D+05    0.0014058    0.0000000  EM
            799 -0.36755266D+05    0.0014024    0.0000000  EM
            800 -0.36755264D+05    0.0013990    0.0000000  EM
            801 -0.36755263D+05    0.0013957    0.0000000  EM
            802 -0.36755261D+05    0.0013923    0.0000000  EM
            803 -0.36755260D+05    0.0013890    0.0000000  EM
            804 -0.36755259D+05    0.0013856    0.0000000  EM
            805 -0.36755257D+05    0.0013823    0.0000000  EM
            806 -0.36755256D+05    0.0013790    0.0000000  EM
            807 -0.36755255D+05    0.0013757    0.0000000  EM
            808 -0.36755253D+05    0.0013724    0.0000000  EM
            809 -0.36755252D+05    0.0013692    0.0000000  EM
            810 -0.36755250D+05    0.0013659    0.0000000  EM
            811 -0.36755249D+05    0.0013627    0.0000000  EM
            812 -0.36755248D+05    0.0013594    0.0000000  EM
            813 -0.36755246D+05    0.0013562    0.0000000  EM
            814 -0.36755245D+05    0.0013530    0.0000000  EM
            815 -0.36755244D+05    0.0013498    0.0000000  EM
            816 -0.36755242D+05    0.0013466    0.0000000  EM
            817 -0.36755241D+05    0.0013434    0.0000000  EM
            818 -0.36755240D+05    0.0013403    0.0000000  EM
            819 -0.36755238D+05    0.0013371    0.0000000  EM
            820 -0.36755237D+05    0.0013340    0.0000000  EM
            821 -0.36755236D+05    0.0013308    0.0000000  EM
            822 -0.36755234D+05    0.0013277    0.0000000  EM
            823 -0.36755233D+05    0.0013246    0.0000000  EM
            824 -0.36755232D+05    0.0013215    0.0000000  EM
            825 -0.36755230D+05    0.0013184    0.0000000  EM
            826 -0.36755229D+05    0.0013153    0.0000000  EM
            827 -0.36755228D+05    0.0013123    0.0000000  EM
            828 -0.36755226D+05    0.0013092    0.0000000  EM
            829 -0.36755225D+05    0.0013062    0.0000000  EM
            830 -0.36755224D+05    0.0013031    0.0000000  EM
            831 -0.36755222D+05    0.0013001    0.0000000  EM
            832 -0.36755221D+05    0.0012971    0.0000000  EM
            833 -0.36755220D+05    0.0012941    0.0000000  EM
            834 -0.36755219D+05    0.0012911    0.0000000  EM
            835 -0.36755217D+05    0.0012881    0.0000000  EM
            836 -0.36755216D+05    0.0012852    0.0000000  EM
            837 -0.36755215D+05    0.0012822    0.0000000  EM
            838 -0.36755213D+05    0.0012792    0.0000000  EM
            839 -0.36755212D+05    0.0012763    0.0000000  EM
            840 -0.36755211D+05    0.0012734    0.0000000  EM
            841 -0.36755210D+05    0.0012705    0.0000000  EM
            842 -0.36755208D+05    0.0012675    0.0000000  EM
            843 -0.36755207D+05    0.0012646    0.0000000  EM
            844 -0.36755206D+05    0.0012618    0.0000000  EM
            845 -0.36755205D+05    0.0012589    0.0000000  EM
            846 -0.36755203D+05    0.0012560    0.0000000  EM
            847 -0.36755202D+05    0.0012531    0.0000000  EM
            848 -0.36755201D+05    0.0012503    0.0000000  EM
            849 -0.36755200D+05    0.0012475    0.0000000  EM
            850 -0.36755198D+05    0.0012446    0.0000000  EM
            851 -0.36755197D+05    0.0012418    0.0000000  EM
            852 -0.36755196D+05    0.0012390    0.0000000  EM
            853 -0.36755195D+05    0.0012362    0.0000000  EM
            854 -0.36755193D+05    0.0012334    0.0000000  EM
            855 -0.36755192D+05    0.0012306    0.0000000  EM
            856 -0.36755191D+05    0.0012279    0.0000000  EM
            857 -0.36755190D+05    0.0012251    0.0000000  EM
            858 -0.36755188D+05    0.0012223    0.0000000  EM
            859 -0.36755187D+05    0.0012196    0.0000000  EM
            860 -0.36755186D+05    0.0012169    0.0000000  EM
            861 -0.36755185D+05    0.0012141    0.0000000  EM
            862 -0.36755184D+05    0.0012114    0.0000000  EM
            863 -0.36755182D+05    0.0012087    0.0000000  EM
            864 -0.36755181D+05    0.0012060    0.0000000  EM
            865 -0.36755180D+05    0.0012033    0.0000000  EM
            866 -0.36755179D+05    0.0012007    0.0000000  EM
            867 -0.36755178D+05    0.0011980    0.0000000  EM
            868 -0.36755176D+05    0.0011953    0.0000000  EM
            869 -0.36755175D+05    0.0011927    0.0000000  EM
            870 -0.36755174D+05    0.0011900    0.0000000  EM
            871 -0.36755173D+05    0.0011874    0.0000000  EM
            872 -0.36755172D+05    0.0011848    0.0000000  EM
            873 -0.36755170D+05    0.0011822    0.0000000  EM
            874 -0.36755169D+05    0.0011795    0.0000000  EM
            875 -0.36755168D+05    0.0011769    0.0000000  EM
            876 -0.36755167D+05    0.0011744    0.0000000  EM
            877 -0.36755166D+05    0.0011718    0.0000000  EM
            878 -0.36755165D+05    0.0011692    0.0000000  EM
            879 -0.36755163D+05    0.0011666    0.0000000  EM
            880 -0.36755162D+05    0.0011641    0.0000000  EM
            881 -0.36755161D+05    0.0011615    0.0000000  EM
            882 -0.36755160D+05    0.0011590    0.0000000  EM
            883 -0.36755159D+05    0.0011565    0.0000000  EM
            884 -0.36755158D+05    0.0011539    0.0000000  EM
            885 -0.36755156D+05    0.0011514    0.0000000  EM
            886 -0.36755155D+05    0.0011489    0.0000000  EM
            887 -0.36755154D+05    0.0011464    0.0000000  EM
            888 -0.36755153D+05    0.0011439    0.0000000  EM
            889 -0.36755152D+05    0.0011414    0.0000000  EM
            890 -0.36755151D+05    0.0011390    0.0000000  EM
            891 -0.36755150D+05    0.0011365    0.0000000  EM
            892 -0.36755148D+05    0.0011341    0.0000000  EM
            893 -0.36755147D+05    0.0011316    0.0000000  EM
            894 -0.36755146D+05    0.0011292    0.0000000  EM
            895 -0.36755145D+05    0.0011267    0.0000000  EM
            896 -0.36755144D+05    0.0011243    0.0000000  EM
            897 -0.36755143D+05    0.0011219    0.0000000  EM
            898 -0.36755142D+05    0.0011195    0.0000000  EM
            899 -0.36755141D+05    0.0011171    0.0000000  EM
            900 -0.36755139D+05    0.0011147    0.0000000  EM
            901 -0.36755138D+05    0.0011123    0.0000000  EM
            902 -0.36755137D+05    0.0011099    0.0000000  EM
            903 -0.36755136D+05    0.0011076    0.0000000  EM
            904 -0.36755135D+05    0.0011052    0.0000000  EM
            905 -0.36755134D+05    0.0011028    0.0000000  EM
            906 -0.36755133D+05    0.0011005    0.0000000  EM
            907 -0.36755132D+05    0.0010982    0.0000000  EM
            908 -0.36755131D+05    0.0010958    0.0000000  EM
            909 -0.36755130D+05    0.0010935    0.0000000  EM
            910 -0.36755128D+05    0.0010912    0.0000000  EM
            911 -0.36755127D+05    0.0010889    0.0000000  EM
            912 -0.36755126D+05    0.0010866    0.0000000  EM
            913 -0.36755125D+05    0.0010843    0.0000000  EM
            914 -0.36755124D+05    0.0010820    0.0000000  EM
            915 -0.36755123D+05    0.0010797    0.0000000  EM
            916 -0.36755122D+05    0.0010774    0.0000000  EM
            917 -0.36755121D+05    0.0010752    0.0000000  EM
            918 -0.36755120D+05    0.0010729    0.0000000  EM
            919 -0.36755119D+05    0.0010707    0.0000000  EM
            920 -0.36755118D+05    0.0010684    0.0000000  EM
            921 -0.36755117D+05    0.0010662    0.0000000  EM
            922 -0.36755116D+05    0.0010639    0.0000000  EM
            923 -0.36755114D+05    0.0010617    0.0000000  EM
            924 -0.36755113D+05    0.0010595    0.0000000  EM
            925 -0.36755112D+05    0.0010573    0.0000000  EM
            926 -0.36755111D+05    0.0010551    0.0000000  EM
            927 -0.36755110D+05    0.0010529    0.0000000  EM
            928 -0.36755109D+05    0.0010507    0.0000000  EM
            929 -0.36755108D+05    0.0010485    0.0000000  EM
            930 -0.36755107D+05    0.0010463    0.0000000  EM
            931 -0.36755106D+05    0.0010442    0.0000000  EM
            932 -0.36755105D+05    0.0010420    0.0000000  EM
            933 -0.36755104D+05    0.0010399    0.0000000  EM
            934 -0.36755103D+05    0.0010377    0.0000000  EM
            935 -0.36755102D+05    0.0010356    0.0000000  EM
            936 -0.36755101D+05    0.0010334    0.0000000  EM
            937 -0.36755100D+05    0.0010313    0.0000000  EM
            938 -0.36755099D+05    0.0010292    0.0000000  EM
            939 -0.36755098D+05    0.0010271    0.0000000  EM
            940 -0.36755097D+05    0.0010250    0.0000000  EM
            941 -0.36755096D+05    0.0010229    0.0000000  EM
            942 -0.36755095D+05    0.0010208    0.0000000  EM
            943 -0.36755094D+05    0.0010187    0.0000000  EM
            944 -0.36755093D+05    0.0010166    0.0000000  EM
            945 -0.36755092D+05    0.0010145    0.0000000  EM
            946 -0.36755091D+05    0.0010125    0.0000000  EM
            947 -0.36755090D+05    0.0010104    0.0000000  EM
            948 -0.36755089D+05    0.0010084    0.0000000  EM
            949 -0.36755088D+05    0.0010063    0.0000000  EM
            950 -0.36755087D+05    0.0010043    0.0000000  EM
            951 -0.36755086D+05    0.0010022    0.0000000  EM
            952 -0.36755085D+05    0.0010002    0.0000000  EM
            953 -0.36755084D+05    0.0009982    0.0000000  EM
            954 -0.36755083D+05    0.0009961    0.0000000  EM
            955 -0.36755082D+05    0.0009942    0.0000000  EM
            956 -0.36755081D+05    0.0009921    0.0000000  EM
            957 -0.36755080D+05    0.0009901    0.0000000  EM
            958 -0.36755079D+05    0.0009881    0.0000000  EM
            959 -0.36755078D+05    0.0009862    0.0000000  EM
            960 -0.36755077D+05    0.0009842    0.0000000  EM
            961 -0.36755076D+05    0.0009822    0.0000000  EM
            962 -0.36755075D+05    0.0009802    0.0000000  EM
            963 -0.36755074D+05    0.0009783    0.0000000  EM
            964 -0.36755073D+05    0.0009763    0.0000000  EM
            965 -0.36755072D+05    0.0009744    0.0000000  EM
            966 -0.36755071D+05    0.0009724    0.0000000  EM
            967 -0.36755070D+05    0.0009705    0.0000000  EM
            968 -0.36755069D+05    0.0009685    0.0000000  EM
            969 -0.36755068D+05    0.0009666    0.0000000  EM
            970 -0.36755067D+05    0.0009647    0.0000000  EM
            971 -0.36755066D+05    0.0009628    0.0000000  EM
            972 -0.36755065D+05    0.0009609    0.0000000  EM
            973 -0.36755064D+05    0.0009590    0.0000000  EM
            974 -0.36755063D+05    0.0009571    0.0000000  EM
            975 -0.36755062D+05    0.0009552    0.0000000  EM
            976 -0.36755061D+05    0.0009533    0.0000000  EM
            977 -0.36755060D+05    0.0009514    0.0000000  EM
            978 -0.36755059D+05    0.0009495    0.0000000  EM
            979 -0.36755058D+05    0.0009477    0.0000000  EM
            980 -0.36755057D+05    0.0009458    0.0000000  EM
            981 -0.36755056D+05    0.0009439    0.0000000  EM
            982 -0.36755056D+05    0.0009421    0.0000000  EM
            983 -0.36755055D+05    0.0009402    0.0000000  EM
            984 -0.36755054D+05    0.0009384    0.0000000  EM
            985 -0.36755053D+05    0.0009365    0.0000000  EM
            986 -0.36755052D+05    0.0009347    0.0000000  EM
            987 -0.36755051D+05    0.0009329    0.0000000  EM
            988 -0.36755050D+05    0.0009311    0.0000000  EM
            989 -0.36755049D+05    0.0009292    0.0000000  EM
            990 -0.36755048D+05    0.0009275    0.0000000  EM
            991 -0.36755047D+05    0.0009256    0.0000000  EM
            992 -0.36755046D+05    0.0009238    0.0000000  EM
            993 -0.36755045D+05    0.0009220    0.0000000  EM
            994 -0.36755044D+05    0.0009203    0.0000000  EM
            995 -0.36755043D+05    0.0009185    0.0000000  EM
            996 -0.36755043D+05    0.0009167    0.0000000  EM
            997 -0.36755042D+05    0.0009149    0.0000000  EM
            998 -0.36755041D+05    0.0009132    0.0000000  EM
            999 -0.36755040D+05    0.0009114    0.0000000  EM
           1000 -0.36755039D+05    0.0009096    0.0000000  EM
           1001 -0.36755038D+05    0.0009079    0.0000000  EM
           1002 -0.36755037D+05    0.0009061    0.0000000  EM
           1003 -0.36755036D+05    0.0009044    0.0000000  EM
           1004 -0.36755035D+05    0.0009027    0.0000000  EM
           1005 -0.36755034D+05    0.0009009    0.0000000  EM
           1006 -0.36755033D+05    0.0008992    0.0000000  EM
           1007 -0.36755033D+05    0.0008975    0.0000000  EM
           1008 -0.36755032D+05    0.0008958    0.0000000  EM
           1009 -0.36755031D+05    0.0008940    0.0000000  EM
           1010 -0.36755030D+05    0.0008923    0.0000000  EM
           1011 -0.36755029D+05    0.0008906    0.0000000  EM
           1012 -0.36755028D+05    0.0008889    0.0000000  EM
           1013 -0.36755027D+05    0.0008872    0.0000000  EM
           1014 -0.36755026D+05    0.0008855    0.0000000  EM
           1015 -0.36755025D+05    0.0008839    0.0000000  EM
           1016 -0.36755025D+05    0.0008822    0.0000000  EM
           1017 -0.36755024D+05    0.0008805    0.0000000  EM
           1018 -0.36755023D+05    0.0008788    0.0000000  EM
           1019 -0.36755022D+05    0.0008772    0.0000000  EM
           1020 -0.36755021D+05    0.0008755    0.0000000  EM
           1021 -0.36755020D+05    0.0008739    0.0000000  EM
           1022 -0.36755019D+05    0.0008722    0.0000000  EM
           1023 -0.36755018D+05    0.0008706    0.0000000  EM
           1024 -0.36755018D+05    0.0008689    0.0000000  EM
           1025 -0.36755017D+05    0.0008673    0.0000000  EM
           1026 -0.36755016D+05    0.0008657    0.0000000  EM
           1027 -0.36755015D+05    0.0008640    0.0000000  EM
           1028 -0.36755014D+05    0.0008624    0.0000000  EM
           1029 -0.36755013D+05    0.0008608    0.0000000  EM
           1030 -0.36755012D+05    0.0008592    0.0000000  EM
           1031 -0.36755012D+05    0.0008576    0.0000000  EM
           1032 -0.36755011D+05    0.0008560    0.0000000  EM
           1033 -0.36755010D+05    0.0008544    0.0000000  EM
           1034 -0.36755009D+05    0.0008528    0.0000000  EM
           1035 -0.36755008D+05    0.0008512    0.0000000  EM
           1036 -0.36755007D+05    0.0008496    0.0000000  EM
           1037 -0.36755006D+05    0.0008480    0.0000000  EM
           1038 -0.36755006D+05    0.0008465    0.0000000  EM
           1039 -0.36755005D+05    0.0008449    0.0000000  EM
           1040 -0.36755004D+05    0.0008433    0.0000000  EM
           1041 -0.36755003D+05    0.0008417    0.0000000  EM
           1042 -0.36755002D+05    0.0008402    0.0000000  EM
           1043 -0.36755001D+05    0.0008386    0.0000000  EM
           1044 -0.36755001D+05    0.0008371    0.0000000  EM
           1045 -0.36755000D+05    0.0008356    0.0000000  EM
           1046 -0.36754999D+05    0.0008340    0.0000000  EM
           1047 -0.36754998D+05    0.0008325    0.0000000  EM
           1048 -0.36754997D+05    0.0008309    0.0000000  EM
           1049 -0.36754996D+05    0.0008294    0.0000000  EM
           1050 -0.36754996D+05    0.0008279    0.0000000  EM
           1051 -0.36754995D+05    0.0008264    0.0000000  EM
           1052 -0.36754994D+05    0.0008249    0.0000000  EM
           1053 -0.36754993D+05    0.0008234    0.0000000  EM
           1054 -0.36754992D+05    0.0008218    0.0000000  EM
           1055 -0.36754991D+05    0.0008203    0.0000000  EM
           1056 -0.36754991D+05    0.0008188    0.0000000  EM
           1057 -0.36754990D+05    0.0008173    0.0000000  EM
           1058 -0.36754989D+05    0.0008158    0.0000000  EM
           1059 -0.36754988D+05    0.0008144    0.0000000  EM
           1060 -0.36754987D+05    0.0008129    0.0000000  EM
           1061 -0.36754987D+05    0.0008114    0.0000000  EM
           1062 -0.36754986D+05    0.0008099    0.0000000  EM
           1063 -0.36754985D+05    0.0008085    0.0000000  EM
           1064 -0.36754984D+05    0.0008070    0.0000000  EM
           1065 -0.36754983D+05    0.0008055    0.0000000  EM
           1066 -0.36754983D+05    0.0008041    0.0000000  EM
           1067 -0.36754982D+05    0.0008026    0.0000000  EM
           1068 -0.36754981D+05    0.0008012    0.0000000  EM
           1069 -0.36754980D+05    0.0007997    0.0000000  EM
           1070 -0.36754979D+05    0.0007983    0.0000000  EM
           1071 -0.36754979D+05    0.0007968    0.0000000  EM
           1072 -0.36754978D+05    0.0007954    0.0000000  EM
           1073 -0.36754977D+05    0.0007940    0.0000000  EM
           1074 -0.36754976D+05    0.0007925    0.0000000  EM
           1075 -0.36754975D+05    0.0007911    0.0000000  EM
           1076 -0.36754975D+05    0.0007897    0.0000000  EM
           1077 -0.36754974D+05    0.0007883    0.0000000  EM
           1078 -0.36754973D+05    0.0007869    0.0000000  EM
           1079 -0.36754972D+05    0.0007855    0.0000000  EM
           1080 -0.36754971D+05    0.0007841    0.0000000  EM
           1081 -0.36754971D+05    0.0007827    0.0000000  EM
           1082 -0.36754970D+05    0.0007813    0.0000000  EM
           1083 -0.36754969D+05    0.0007799    0.0000000  EM
           1084 -0.36754968D+05    0.0007785    0.0000000  EM
           1085 -0.36754967D+05    0.0007771    0.0000000  EM
           1086 -0.36754967D+05    0.0007758    0.0000000  EM
           1087 -0.36754966D+05    0.0007744    0.0000000  EM
           1088 -0.36754965D+05    0.0007730    0.0000000  EM
           1089 -0.36754964D+05    0.0007716    0.0000000  EM
           1090 -0.36754964D+05    0.0007702    0.0000000  EM
           1091 -0.36754963D+05    0.0007689    0.0000000  EM
           1092 -0.36754962D+05    0.0007675    0.0000000  EM
           1093 -0.36754961D+05    0.0007662    0.0000000  EM
           1094 -0.36754961D+05    0.0007648    0.0000000  EM
           1095 -0.36754960D+05    0.0007635    0.0000000  EM
           1096 -0.36754959D+05    0.0007621    0.0000000  EM
           1097 -0.36754958D+05    0.0007608    0.0000000  EM
           1098 -0.36754958D+05    0.0007594    0.0000000  EM
           1099 -0.36754957D+05    0.0007581    0.0000000  EM
           1100 -0.36754956D+05    0.0007568    0.0000000  EM
           1101 -0.36754955D+05    0.0007555    0.0000000  EM
           1102 -0.36754954D+05    0.0007541    0.0000000  EM
           1103 -0.36754954D+05    0.0007528    0.0000000  EM
           1104 -0.36754953D+05    0.0007515    0.0000000  EM
           1105 -0.36754952D+05    0.0007502    0.0000000  EM
           1106 -0.36754951D+05    0.0007489    0.0000000  EM
           1107 -0.36754951D+05    0.0007476    0.0000000  EM
           1108 -0.36754950D+05    0.0007463    0.0000000  EM
           1109 -0.36754949D+05    0.0007450    0.0000000  EM
           1110 -0.36754949D+05    0.0007437    0.0000000  EM
           1111 -0.36754948D+05    0.0007424    0.0000000  EM
           1112 -0.36754947D+05    0.0007411    0.0000000  EM
           1113 -0.36754946D+05    0.0007398    0.0000000  EM
           1114 -0.36754946D+05    0.0007386    0.0000000  EM
           1115 -0.36754945D+05    0.0007373    0.0000000  EM
           1116 -0.36754944D+05    0.0007360    0.0000000  EM
           1117 -0.36754943D+05    0.0007347    0.0000000  EM
           1118 -0.36754943D+05    0.0007335    0.0000000  EM
           1119 -0.36754942D+05    0.0007322    0.0000000  EM
           1120 -0.36754941D+05    0.0007309    0.0000000  EM
           1121 -0.36754940D+05    0.0007297    0.0000000  EM
           1122 -0.36754940D+05    0.0007284    0.0000000  EM
           1123 -0.36754939D+05    0.0007272    0.0000000  EM
           1124 -0.36754938D+05    0.0007259    0.0000000  EM
           1125 -0.36754938D+05    0.0007247    0.0000000  EM
           1126 -0.36754937D+05    0.0007234    0.0000000  EM
           1127 -0.36754936D+05    0.0007222    0.0000000  EM
           1128 -0.36754935D+05    0.0007210    0.0000000  EM
           1129 -0.36754935D+05    0.0007197    0.0000000  EM
           1130 -0.36754934D+05    0.0007185    0.0000000  EM
           1131 -0.36754933D+05    0.0007173    0.0000000  EM
           1132 -0.36754932D+05    0.0007160    0.0000000  EM
           1133 -0.36754932D+05    0.0007148    0.0000000  EM
           1134 -0.36754931D+05    0.0007136    0.0000000  EM
           1135 -0.36754930D+05    0.0007124    0.0000000  EM
           1136 -0.36754930D+05    0.0007112    0.0000000  EM
           1137 -0.36754929D+05    0.0007100    0.0000000  EM
           1138 -0.36754928D+05    0.0007088    0.0000000  EM
           1139 -0.36754927D+05    0.0007076    0.0000000  EM
           1140 -0.36754927D+05    0.0007064    0.0000000  EM
           1141 -0.36754926D+05    0.0007052    0.0000000  EM
           1142 -0.36754925D+05    0.0007040    0.0000000  EM
           1143 -0.36754925D+05    0.0007028    0.0000000  EM
           1144 -0.36754924D+05    0.0007016    0.0000000  EM
           1145 -0.36754923D+05    0.0007004    0.0000000  EM
           1146 -0.36754923D+05    0.0006993    0.0000000  EM
           1147 -0.36754922D+05    0.0006981    0.0000000  EM
           1148 -0.36754921D+05    0.0006969    0.0000000  EM
           1149 -0.36754920D+05    0.0006957    0.0000000  EM
           1150 -0.36754920D+05    0.0006946    0.0000000  EM
           1151 -0.36754919D+05    0.0006934    0.0000000  EM
           1152 -0.36754918D+05    0.0006923    0.0000000  EM
           1153 -0.36754918D+05    0.0006911    0.0000000  EM
           1154 -0.36754917D+05    0.0006899    0.0000000  EM
           1155 -0.36754916D+05    0.0006888    0.0000000  EM
           1156 -0.36754916D+05    0.0006876    0.0000000  EM
           1157 -0.36754915D+05    0.0006865    0.0000000  EM
           1158 -0.36754914D+05    0.0006853    0.0000000  EM
           1159 -0.36754914D+05    0.0006842    0.0000000  EM
           1160 -0.36754913D+05    0.0006831    0.0000000  EM
           1161 -0.36754912D+05    0.0006819    0.0000000  EM
           1162 -0.36754912D+05    0.0006808    0.0000000  EM
           1163 -0.36754911D+05    0.0006797    0.0000000  EM
           1164 -0.36754910D+05    0.0006785    0.0000000  EM
           1165 -0.36754910D+05    0.0006774    0.0000000  EM
           1166 -0.36754909D+05    0.0006763    0.0000000  EM
           1167 -0.36754908D+05    0.0006752    0.0000000  EM
           1168 -0.36754907D+05    0.0006741    0.0000000  EM
           1169 -0.36754907D+05    0.0006729    0.0000000  EM
           1170 -0.36754906D+05    0.0006718    0.0000000  EM
           1171 -0.36754905D+05    0.0006707    0.0000000  EM
           1172 -0.36754905D+05    0.0006696    0.0000000  EM
           1173 -0.36754904D+05    0.0006685    0.0000000  EM
           1174 -0.36754903D+05    0.0006674    0.0000000  EM
           1175 -0.36754903D+05    0.0006663    0.0000000  EM
           1176 -0.36754902D+05    0.0006652    0.0000000  EM
           1177 -0.36754901D+05    0.0006641    0.0000000  EM
           1178 -0.36754901D+05    0.0006631    0.0000000  EM
           1179 -0.36754900D+05    0.0006620    0.0000000  EM
           1180 -0.36754899D+05    0.0006609    0.0000000  EM
           1181 -0.36754899D+05    0.0006598    0.0000000  EM
           1182 -0.36754898D+05    0.0006587    0.0000000  EM
           1183 -0.36754898D+05    0.0006577    0.0000000  EM
           1184 -0.36754897D+05    0.0006566    0.0000000  EM
           1185 -0.36754896D+05    0.0006555    0.0000000  EM
           1186 -0.36754896D+05    0.0006545    0.0000000  EM
           1187 -0.36754895D+05    0.0006534    0.0000000  EM
           1188 -0.36754894D+05    0.0006523    0.0000000  EM
           1189 -0.36754894D+05    0.0006513    0.0000000  EM
           1190 -0.36754893D+05    0.0006502    0.0000000  EM
           1191 -0.36754892D+05    0.0006492    0.0000000  EM
           1192 -0.36754892D+05    0.0006481    0.0000000  EM
           1193 -0.36754891D+05    0.0006471    0.0000000  EM
           1194 -0.36754890D+05    0.0006460    0.0000000  EM
           1195 -0.36754890D+05    0.0006450    0.0000000  EM
           1196 -0.36754889D+05    0.0006439    0.0000000  EM
           1197 -0.36754888D+05    0.0006429    0.0000000  EM
           1198 -0.36754888D+05    0.0006419    0.0000000  EM
           1199 -0.36754887D+05    0.0006408    0.0000000  EM
           1200 -0.36754886D+05    0.0006398    0.0000000  EM
           1201 -0.36754886D+05    0.0006388    0.0000000  EM
           1202 -0.36754885D+05    0.0006377    0.0000000  EM
           1203 -0.36754885D+05    0.0006367    0.0000000  EM
           1204 -0.36754884D+05    0.0006357    0.0000000  EM
           1205 -0.36754883D+05    0.0006347    0.0000000  EM
           1206 -0.36754883D+05    0.0006337    0.0000000  EM
           1207 -0.36754882D+05    0.0006327    0.0000000  EM
           1208 -0.36754881D+05    0.0006316    0.0000000  EM
           1209 -0.36754881D+05    0.0006307    0.0000000  EM
           1210 -0.36754880D+05    0.0006296    0.0000000  EM
           1211 -0.36754880D+05    0.0006286    0.0000000  EM
           1212 -0.36754879D+05    0.0006276    0.0000000  EM
           1213 -0.36754878D+05    0.0006266    0.0000000  EM
           1214 -0.36754878D+05    0.0006256    0.0000000  EM
           1215 -0.36754877D+05    0.0006247    0.0000000  EM
           1216 -0.36754876D+05    0.0006236    0.0000000  EM
           1217 -0.36754876D+05    0.0006226    0.0000000  EM
           1218 -0.36754875D+05    0.0006217    0.0000000  EM
           1219 -0.36754875D+05    0.0006207    0.0000000  EM
           1220 -0.36754874D+05    0.0006197    0.0000000  EM
           1221 -0.36754873D+05    0.0006187    0.0000000  EM
           1222 -0.36754873D+05    0.0006178    0.0000000  EM
           1223 -0.36754872D+05    0.0006168    0.0000000  EM
           1224 -0.36754871D+05    0.0006158    0.0000000  EM
           1225 -0.36754871D+05    0.0006148    0.0000000  EM
           1226 -0.36754870D+05    0.0006139    0.0000000  EM
           1227 -0.36754870D+05    0.0006129    0.0000000  EM
           1228 -0.36754869D+05    0.0006119    0.0000000  EM
           1229 -0.36754868D+05    0.0006110    0.0000000  EM
           1230 -0.36754868D+05    0.0006100    0.0000000  EM
           1231 -0.36754867D+05    0.0006091    0.0000000  EM
           1232 -0.36754867D+05    0.0006081    0.0000000  EM
           1233 -0.36754866D+05    0.0006072    0.0000000  EM
           1234 -0.36754865D+05    0.0006062    0.0000000  EM
           1235 -0.36754865D+05    0.0006052    0.0000000  EM
           1236 -0.36754864D+05    0.0006043    0.0000000  EM
           1237 -0.36754864D+05    0.0006034    0.0000000  EM
           1238 -0.36754863D+05    0.0006024    0.0000000  EM
           1239 -0.36754862D+05    0.0006015    0.0000000  EM
           1240 -0.36754862D+05    0.0006006    0.0000000  EM
           1241 -0.36754861D+05    0.0005996    0.0000000  EM
           1242 -0.36754861D+05    0.0005987    0.0000000  EM
           1243 -0.36754860D+05    0.0005978    0.0000000  EM
           1244 -0.36754859D+05    0.0005968    0.0000000  EM
           1245 -0.36754859D+05    0.0005959    0.0000000  EM
           1246 -0.36754858D+05    0.0005950    0.0000000  EM
           1247 -0.36754858D+05    0.0005941    0.0000000  EM
           1248 -0.36754857D+05    0.0005932    0.0000000  EM
           1249 -0.36754856D+05    0.0005922    0.0000000  EM
           1250 -0.36754856D+05    0.0005913    0.0000000  EM
           1251 -0.36754855D+05    0.0005904    0.0000000  EM
           1252 -0.36754855D+05    0.0005895    0.0000000  EM
           1253 -0.36754854D+05    0.0005886    0.0000000  EM
           1254 -0.36754853D+05    0.0005877    0.0000000  EM
           1255 -0.36754853D+05    0.0005868    0.0000000  EM
           1256 -0.36754852D+05    0.0005859    0.0000000  EM
           1257 -0.36754852D+05    0.0005850    0.0000000  EM
           1258 -0.36754851D+05    0.0005841    0.0000000  EM
           1259 -0.36754850D+05    0.0005832    0.0000000  EM
           1260 -0.36754850D+05    0.0005823    0.0000000  EM
           1261 -0.36754849D+05    0.0005814    0.0000000  EM
           1262 -0.36754849D+05    0.0005805    0.0000000  EM
           1263 -0.36754848D+05    0.0005796    0.0000000  EM
           1264 -0.36754848D+05    0.0005788    0.0000000  EM
           1265 -0.36754847D+05    0.0005779    0.0000000  EM
           1266 -0.36754846D+05    0.0005770    0.0000000  EM
           1267 -0.36754846D+05    0.0005761    0.0000000  EM
           1268 -0.36754845D+05    0.0005752    0.0000000  EM
           1269 -0.36754845D+05    0.0005743    0.0000000  EM
           1270 -0.36754844D+05    0.0005735    0.0000000  EM
           1271 -0.36754844D+05    0.0005726    0.0000000  EM
           1272 -0.36754843D+05    0.0005717    0.0000000  EM
           1273 -0.36754842D+05    0.0005709    0.0000000  EM
           1274 -0.36754842D+05    0.0005700    0.0000000  EM
           1275 -0.36754841D+05    0.0005691    0.0000000  EM
           1276 -0.36754841D+05    0.0005683    0.0000000  EM
           1277 -0.36754840D+05    0.0005674    0.0000000  EM
           1278 -0.36754840D+05    0.0005666    0.0000000  EM
           1279 -0.36754839D+05    0.0005657    0.0000000  EM
           1280 -0.36754838D+05    0.0005649    0.0000000  EM
           1281 -0.36754838D+05    0.0005640    0.0000000  EM
           1282 -0.36754837D+05    0.0005632    0.0000000  EM
           1283 -0.36754837D+05    0.0005623    0.0000000  EM
           1284 -0.36754836D+05    0.0005615    0.0000000  EM
           1285 -0.36754836D+05    0.0005606    0.0000000  EM
           1286 -0.36754835D+05    0.0005598    0.0000000  EM
           1287 -0.36754834D+05    0.0005589    0.0000000  EM
           1288 -0.36754834D+05    0.0005581    0.0000000  EM
           1289 -0.36754833D+05    0.0005573    0.0000000  EM
           1290 -0.36754833D+05    0.0005564    0.0000000  EM
           1291 -0.36754832D+05    0.0005556    0.0000000  EM
           1292 -0.36754832D+05    0.0005548    0.0000000  EM
           1293 -0.36754831D+05    0.0005540    0.0000000  EM
           1294 -0.36754831D+05    0.0005531    0.0000000  EM
           1295 -0.36754830D+05    0.0005523    0.0000000  EM
           1296 -0.36754830D+05    0.0005515    0.0000000  EM
           1297 -0.36754829D+05    0.0005507    0.0000000  EM
           1298 -0.36754828D+05    0.0005498    0.0000000  EM
           1299 -0.36754828D+05    0.0005490    0.0000000  EM
           1300 -0.36754827D+05    0.0005482    0.0000000  EM
           1301 -0.36754827D+05    0.0005474    0.0000000  EM
           1302 -0.36754826D+05    0.0005466    0.0000000  EM
           1303 -0.36754826D+05    0.0005458    0.0000000  EM
           1304 -0.36754825D+05    0.0005450    0.0000000  EM
           1305 -0.36754825D+05    0.0005442    0.0000000  EM
           1306 -0.36754824D+05    0.0005434    0.0000000  EM
           1307 -0.36754823D+05    0.0005426    0.0000000  EM
           1308 -0.36754823D+05    0.0005417    0.0000000  EM
           1309 -0.36754822D+05    0.0005410    0.0000000  EM
           1310 -0.36754822D+05    0.0005402    0.0000000  EM
           1311 -0.36754821D+05    0.0005394    0.0000000  EM
           1312 -0.36754821D+05    0.0005386    0.0000000  EM
           1313 -0.36754820D+05    0.0005378    0.0000000  EM
           1314 -0.36754820D+05    0.0005370    0.0000000  EM
           1315 -0.36754819D+05    0.0005362    0.0000000  EM
           1316 -0.36754819D+05    0.0005354    0.0000000  EM
           1317 -0.36754818D+05    0.0005346    0.0000000  EM
           1318 -0.36754818D+05    0.0005339    0.0000000  EM
           1319 -0.36754817D+05    0.0005331    0.0000000  EM
           1320 -0.36754817D+05    0.0005323    0.0000000  EM
           1321 -0.36754816D+05    0.0005315    0.0000000  EM
           1322 -0.36754815D+05    0.0005307    0.0000000  EM
           1323 -0.36754815D+05    0.0005299    0.0000000  EM
           1324 -0.36754814D+05    0.0005292    0.0000000  EM
           1325 -0.36754814D+05    0.0005284    0.0000000  EM
           1326 -0.36754813D+05    0.0005276    0.0000000  EM
           1327 -0.36754813D+05    0.0005269    0.0000000  EM
           1328 -0.36754812D+05    0.0005261    0.0000000  EM
           1329 -0.36754812D+05    0.0005254    0.0000000  EM
           1330 -0.36754811D+05    0.0005246    0.0000000  EM
           1331 -0.36754811D+05    0.0005238    0.0000000  EM
           1332 -0.36754810D+05    0.0005230    0.0000000  EM
           1333 -0.36754810D+05    0.0005223    0.0000000  EM
           1334 -0.36754809D+05    0.0005215    0.0000000  EM
           1335 -0.36754809D+05    0.0005208    0.0000000  EM
           1336 -0.36754808D+05    0.0005201    0.0000000  EM
           1337 -0.36754808D+05    0.0005193    0.0000000  EM
           1338 -0.36754807D+05    0.0005185    0.0000000  EM
           1339 -0.36754807D+05    0.0005178    0.0000000  EM
           1340 -0.36754806D+05    0.0005171    0.0000000  EM
           1341 -0.36754806D+05    0.0005163    0.0000000  EM
           1342 -0.36754805D+05    0.0005156    0.0000000  EM
           1343 -0.36754804D+05    0.0005148    0.0000000  EM
           1344 -0.36754804D+05    0.0005141    0.0000000  EM
           1345 -0.36754803D+05    0.0005133    0.0000000  EM
           1346 -0.36754803D+05    0.0005126    0.0000000  EM
           1347 -0.36754802D+05    0.0005119    0.0000000  EM
           1348 -0.36754802D+05    0.0005111    0.0000000  EM
           1349 -0.36754801D+05    0.0005104    0.0000000  EM
           1350 -0.36754801D+05    0.0005097    0.0000000  EM
           1351 -0.36754800D+05    0.0005090    0.0000000  EM
           1352 -0.36754800D+05    0.0005082    0.0000000  EM
           1353 -0.36754799D+05    0.0005075    0.0000000  EM
           1354 -0.36754799D+05    0.0005068    0.0000000  EM
           1355 -0.36754798D+05    0.0005061    0.0000000  EM
           1356 -0.36754798D+05    0.0005053    0.0000000  EM
           1357 -0.36754797D+05    0.0005046    0.0000000  EM
           1358 -0.36754797D+05    0.0005039    0.0000000  EM
           1359 -0.36754796D+05    0.0005032    0.0000000  EM
           1360 -0.36754796D+05    0.0005025    0.0000000  EM
           1361 -0.36754795D+05    0.0005018    0.0000000  EM
           1362 -0.36754795D+05    0.0005010    0.0000000  EM
           1363 -0.36754794D+05    0.0005003    0.0000000  EM
           1364 -0.36754794D+05    0.0004996    0.0000000  EM
           1365 -0.36754793D+05    0.0004989    0.0000000  EM
           1366 -0.36754793D+05    0.0004982    0.0000000  EM
           1367 -0.36754792D+05    0.0004975    0.0000000  EM
           1368 -0.36754792D+05    0.0004968    0.0000000  EM
           1369 -0.36754791D+05    0.0004961    0.0000000  EM
           1370 -0.36754791D+05    0.0004954    0.0000000  EM
           1371 -0.36754790D+05    0.0004947    0.0000000  EM
           1372 -0.36754790D+05    0.0004940    0.0000000  EM
           1373 -0.36754789D+05    0.0004933    0.0000000  EM
           1374 -0.36754789D+05    0.0004926    0.0000000  EM
           1375 -0.36754788D+05    0.0004920    0.0000000  EM
           1376 -0.36754788D+05    0.0004912    0.0000000  EM
           1377 -0.36754787D+05    0.0004906    0.0000000  EM
           1378 -0.36754787D+05    0.0004899    0.0000000  EM
           1379 -0.36754786D+05    0.0004892    0.0000000  EM
           1380 -0.36754786D+05    0.0004885    0.0000000  EM
           1381 -0.36754785D+05    0.0004878    0.0000000  EM
           1382 -0.36754785D+05    0.0004871    0.0000000  EM
           1383 -0.36754784D+05    0.0004865    0.0000000  EM
           1384 -0.36754784D+05    0.0004858    0.0000000  EM
           1385 -0.36754784D+05    0.0004851    0.0000000  EM
           1386 -0.36754783D+05    0.0004844    0.0000000  EM
           1387 -0.36754783D+05    0.0004838    0.0000000  EM
           1388 -0.36754782D+05    0.0004831    0.0000000  EM
           1389 -0.36754782D+05    0.0004824    0.0000000  EM
           1390 -0.36754781D+05    0.0004818    0.0000000  EM
           1391 -0.36754781D+05    0.0004811    0.0000000  EM
           1392 -0.36754780D+05    0.0004804    0.0000000  EM
           1393 -0.36754780D+05    0.0004797    0.0000000  EM
           1394 -0.36754779D+05    0.0004791    0.0000000  EM
           1395 -0.36754779D+05    0.0004784    0.0000000  EM
           1396 -0.36754778D+05    0.0004778    0.0000000  EM
           1397 -0.36754778D+05    0.0004771    0.0000000  EM
           1398 -0.36754777D+05    0.0004764    0.0000000  EM
           1399 -0.36754777D+05    0.0004758    0.0000000  EM
           1400 -0.36754776D+05    0.0004751    0.0000000  EM
           1401 -0.36754776D+05    0.0004745    0.0000000  EM
           1402 -0.36754775D+05    0.0004738    0.0000000  EM
           1403 -0.36754775D+05    0.0004732    0.0000000  EM
           1404 -0.36754774D+05    0.0004725    0.0000000  EM
           1405 -0.36754774D+05    0.0004718    0.0000000  EM
           1406 -0.36754773D+05    0.0004712    0.0000000  EM
           1407 -0.36754773D+05    0.0004706    0.0000000  EM
           1408 -0.36754773D+05    0.0004699    0.0000000  EM
           1409 -0.36754772D+05    0.0004693    0.0000000  EM
           1410 -0.36754772D+05    0.0004686    0.0000000  EM
           1411 -0.36754771D+05    0.0004680    0.0000000  EM
           1412 -0.36754771D+05    0.0004674    0.0000000  EM
           1413 -0.36754770D+05    0.0004667    0.0000000  EM
           1414 -0.36754770D+05    0.0004661    0.0000000  EM
           1415 -0.36754769D+05    0.0004655    0.0000000  EM
           1416 -0.36754769D+05    0.0004648    0.0000000  EM
           1417 -0.36754768D+05    0.0004642    0.0000000  EM
           1418 -0.36754768D+05    0.0004635    0.0000000  EM
           1419 -0.36754767D+05    0.0004629    0.0000000  EM
           1420 -0.36754767D+05    0.0004623    0.0000000  EM
           1421 -0.36754766D+05    0.0004617    0.0000000  EM
           1422 -0.36754766D+05    0.0004610    0.0000000  EM
           1423 -0.36754766D+05    0.0004604    0.0000000  EM
           1424 -0.36754765D+05    0.0004598    0.0000000  EM
           1425 -0.36754765D+05    0.0004592    0.0000000  EM
           1426 -0.36754764D+05    0.0004586    0.0000000  EM
           1427 -0.36754764D+05    0.0004579    0.0000000  EM
           1428 -0.36754763D+05    0.0004573    0.0000000  EM
           1429 -0.36754763D+05    0.0004567    0.0000000  EM
           1430 -0.36754762D+05    0.0004561    0.0000000  EM
           1431 -0.36754762D+05    0.0004554    0.0000000  EM
           1432 -0.36754761D+05    0.0004549    0.0000000  EM
           1433 -0.36754761D+05    0.0004542    0.0000000  EM
           1434 -0.36754761D+05    0.0004536    0.0000000  EM
           1435 -0.36754760D+05    0.0004530    0.0000000  EM
           1436 -0.36754760D+05    0.0004524    0.0000000  EM
           1437 -0.36754759D+05    0.0004518    0.0000000  EM
           1438 -0.36754759D+05    0.0004512    0.0000000  EM
           1439 -0.36754758D+05    0.0004506    0.0000000  EM
           1440 -0.36754758D+05    0.0004500    0.0000000  EM
           1441 -0.36754757D+05    0.0004494    0.0000000  EM
           1442 -0.36754757D+05    0.0004488    0.0000000  EM
           1443 -0.36754756D+05    0.0004482    0.0000000  EM
           1444 -0.36754756D+05    0.0004476    0.0000000  EM
           1445 -0.36754756D+05    0.0004470    0.0000000  EM
           1446 -0.36754755D+05    0.0004464    0.0000000  EM
           1447 -0.36754755D+05    0.0004458    0.0000000  EM
           1448 -0.36754754D+05    0.0004452    0.0000000  EM
           1449 -0.36754754D+05    0.0004446    0.0000000  EM
           1450 -0.36754753D+05    0.0004440    0.0000000  EM
           1451 -0.36754753D+05    0.0004434    0.0000000  EM
           1452 -0.36754752D+05    0.0004428    0.0000000  EM
           1453 -0.36754752D+05    0.0004422    0.0000000  EM
           1454 -0.36754752D+05    0.0004416    0.0000000  EM
           1455 -0.36754751D+05    0.0004411    0.0000000  EM
           1456 -0.36754751D+05    0.0004405    0.0000000  EM
           1457 -0.36754750D+05    0.0004399    0.0000000  EM
           1458 -0.36754750D+05    0.0004393    0.0000000  EM
           1459 -0.36754749D+05    0.0004387    0.0000000  EM
           1460 -0.36754749D+05    0.0004382    0.0000000  EM
           1461 -0.36754749D+05    0.0004376    0.0000000  EM
           1462 -0.36754748D+05    0.0004370    0.0000000  EM
           1463 -0.36754748D+05    0.0004364    0.0000000  EM
           1464 -0.36754747D+05    0.0004358    0.0000000  EM
           1465 -0.36754747D+05    0.0004353    0.0000000  EM
           1466 -0.36754746D+05    0.0004347    0.0000000  EM
           1467 -0.36754746D+05    0.0004341    0.0000000  EM
           1468 -0.36754745D+05    0.0004336    0.0000000  EM
           1469 -0.36754745D+05    0.0004330    0.0000000  EM
           1470 -0.36754745D+05    0.0004324    0.0000000  EM
           1471 -0.36754744D+05    0.0004318    0.0000000  EM
           1472 -0.36754744D+05    0.0004313    0.0000000  EM
           1473 -0.36754743D+05    0.0004307    0.0000000  EM
           1474 -0.36754743D+05    0.0004302    0.0000000  EM
           1475 -0.36754742D+05    0.0004296    0.0000000  EM
           1476 -0.36754742D+05    0.0004290    0.0000000  EM
           1477 -0.36754742D+05    0.0004285    0.0000000  EM
           1478 -0.36754741D+05    0.0004279    0.0000000  EM
           1479 -0.36754741D+05    0.0004274    0.0000000  EM
           1480 -0.36754740D+05    0.0004268    0.0000000  EM
           1481 -0.36754740D+05    0.0004262    0.0000000  EM
           1482 -0.36754739D+05    0.0004257    0.0000000  EM
           1483 -0.36754739D+05    0.0004251    0.0000000  EM
           1484 -0.36754739D+05    0.0004246    0.0000000  EM
           1485 -0.36754738D+05    0.0004240    0.0000000  EM
           1486 -0.36754738D+05    0.0004235    0.0000000  EM
           1487 -0.36754737D+05    0.0004229    0.0000000  EM
           1488 -0.36754737D+05    0.0004224    0.0000000  EM
           1489 -0.36754736D+05    0.0004218    0.0000000  EM
           1490 -0.36754736D+05    0.0004213    0.0000000  EM
           1491 -0.36754736D+05    0.0004207    0.0000000  EM
           1492 -0.36754735D+05    0.0004202    0.0000000  EM
           1493 -0.36754735D+05    0.0004197    0.0000000  EM
           1494 -0.36754734D+05    0.0004191    0.0000000  EM
           1495 -0.36754734D+05    0.0004186    0.0000000  EM
           1496 -0.36754734D+05    0.0004180    0.0000000  EM
           1497 -0.36754733D+05    0.0004175    0.0000000  EM
           1498 -0.36754733D+05    0.0004170    0.0000000  EM
           1499 -0.36754732D+05    0.0004164    0.0000000  EM
           1500 -0.36754732D+05    0.0004159    0.0000000  EM
           1501 -0.36754731D+05    0.0004153    0.0000000  EM
           1502 -0.36754731D+05    0.0004148    0.0000000  EM
           1503 -0.36754731D+05    0.0004143    0.0000000  EM
           1504 -0.36754730D+05    0.0004137    0.0000000  EM
           1505 -0.36754730D+05    0.0004132    0.0000000  EM
           1506 -0.36754729D+05    0.0004127    0.0000000  EM
           1507 -0.36754729D+05    0.0004122    0.0000000  EM
           1508 -0.36754729D+05    0.0004116    0.0000000  EM
           1509 -0.36754728D+05    0.0004111    0.0000000  EM
           1510 -0.36754728D+05    0.0004106    0.0000000  EM
           1511 -0.36754727D+05    0.0004101    0.0000000  EM
           1512 -0.36754727D+05    0.0004095    0.0000000  EM
           1513 -0.36754727D+05    0.0004090    0.0000000  EM
           1514 -0.36754726D+05    0.0004085    0.0000000  EM
           1515 -0.36754726D+05    0.0004079    0.0000000  EM
           1516 -0.36754725D+05    0.0004075    0.0000000  EM
           1517 -0.36754725D+05    0.0004069    0.0000000  EM
           1518 -0.36754724D+05    0.0004064    0.0000000  EM
           1519 -0.36754724D+05    0.0004059    0.0000000  EM
           1520 -0.36754724D+05    0.0004054    0.0000000  EM
           1521 -0.36754723D+05    0.0004049    0.0000000  EM
           1522 -0.36754723D+05    0.0004044    0.0000000  EM
           1523 -0.36754722D+05    0.0004038    0.0000000  EM
           1524 -0.36754722D+05    0.0004033    0.0000000  EM
           1525 -0.36754722D+05    0.0004028    0.0000000  EM
           1526 -0.36754721D+05    0.0004023    0.0000000  EM
           1527 -0.36754721D+05    0.0004018    0.0000000  EM
           1528 -0.36754720D+05    0.0004013    0.0000000  EM
           1529 -0.36754720D+05    0.0004008    0.0000000  EM
           1530 -0.36754720D+05    0.0004003    0.0000000  EM
           1531 -0.36754719D+05    0.0003998    0.0000000  EM
           1532 -0.36754719D+05    0.0003993    0.0000000  EM
           1533 -0.36754718D+05    0.0003988    0.0000000  EM
           1534 -0.36754718D+05    0.0003983    0.0000000  EM
           1535 -0.36754718D+05    0.0003978    0.0000000  EM
           1536 -0.36754717D+05    0.0003973    0.0000000  EM
           1537 -0.36754717D+05    0.0003968    0.0000000  EM
           1538 -0.36754716D+05    0.0003963    0.0000000  EM
           1539 -0.36754716D+05    0.0003958    0.0000000  EM
           1540 -0.36754716D+05    0.0003953    0.0000000  EM
           1541 -0.36754715D+05    0.0003948    0.0000000  EM
           1542 -0.36754715D+05    0.0003943    0.0000000  EM
           1543 -0.36754714D+05    0.0003938    0.0000000  EM
           1544 -0.36754714D+05    0.0003933    0.0000000  EM
           1545 -0.36754714D+05    0.0003928    0.0000000  EM
           1546 -0.36754713D+05    0.0003923    0.0000000  EM
           1547 -0.36754713D+05    0.0003918    0.0000000  EM
           1548 -0.36754713D+05    0.0003913    0.0000000  EM
           1549 -0.36754712D+05    0.0003908    0.0000000  EM
           1550 -0.36754712D+05    0.0003904    0.0000000  EM
           1551 -0.36754711D+05    0.0003899    0.0000000  EM
           1552 -0.36754711D+05    0.0003894    0.0000000  EM
           1553 -0.36754711D+05    0.0003889    0.0000000  EM
           1554 -0.36754710D+05    0.0003884    0.0000000  EM
           1555 -0.36754710D+05    0.0003879    0.0000000  EM
           1556 -0.36754709D+05    0.0003875    0.0000000  EM
           1557 -0.36754709D+05    0.0003870    0.0000000  EM
           1558 -0.36754709D+05    0.0003865    0.0000000  EM
           1559 -0.36754708D+05    0.0003861    0.0000000  EM
           1560 -0.36754708D+05    0.0003855    0.0000000  EM
           1561 -0.36754707D+05    0.0003851    0.0000000  EM
           1562 -0.36754707D+05    0.0003846    0.0000000  EM
           1563 -0.36754707D+05    0.0003841    0.0000000  EM
           1564 -0.36754706D+05    0.0003836    0.0000000  EM
           1565 -0.36754706D+05    0.0003832    0.0000000  EM
           1566 -0.36754706D+05    0.0003827    0.0000000  EM
           1567 -0.36754705D+05    0.0003822    0.0000000  EM
           1568 -0.36754705D+05    0.0003818    0.0000000  EM
           1569 -0.36754704D+05    0.0003813    0.0000000  EM
           1570 -0.36754704D+05    0.0003808    0.0000000  EM
           1571 -0.36754704D+05    0.0003804    0.0000000  EM
           1572 -0.36754703D+05    0.0003799    0.0000000  EM
           1573 -0.36754703D+05    0.0003794    0.0000000  EM
           1574 -0.36754703D+05    0.0003790    0.0000000  EM
           1575 -0.36754702D+05    0.0003785    0.0000000  EM
           1576 -0.36754702D+05    0.0003780    0.0000000  EM
           1577 -0.36754701D+05    0.0003776    0.0000000  EM
           1578 -0.36754701D+05    0.0003771    0.0000000  EM
           1579 -0.36754701D+05    0.0003766    0.0000000  EM
           1580 -0.36754700D+05    0.0003762    0.0000000  EM
           1581 -0.36754700D+05    0.0003757    0.0000000  EM
           1582 -0.36754700D+05    0.0003753    0.0000000  EM
           1583 -0.36754699D+05    0.0003748    0.0000000  EM
           1584 -0.36754699D+05    0.0003743    0.0000000  EM
           1585 -0.36754698D+05    0.0003739    0.0000000  EM
           1586 -0.36754698D+05    0.0003734    0.0000000  EM
           1587 -0.36754698D+05    0.0003730    0.0000000  EM
           1588 -0.36754697D+05    0.0003726    0.0000000  EM
           1589 -0.36754697D+05    0.0003721    0.0000000  EM
           1590 -0.36754697D+05    0.0003716    0.0000000  EM
           1591 -0.36754696D+05    0.0003712    0.0000000  EM
           1592 -0.36754696D+05    0.0003707    0.0000000  EM
           1593 -0.36754695D+05    0.0003703    0.0000000  EM
           1594 -0.36754695D+05    0.0003698    0.0000000  EM
           1595 -0.36754695D+05    0.0003694    0.0000000  EM
           1596 -0.36754694D+05    0.0003689    0.0000000  EM
           1597 -0.36754694D+05    0.0003685    0.0000000  EM
           1598 -0.36754694D+05    0.0003681    0.0000000  EM
           1599 -0.36754693D+05    0.0003676    0.0000000  EM
           1600 -0.36754693D+05    0.0003672    0.0000000  EM
           1601 -0.36754692D+05    0.0003667    0.0000000  EM
           1602 -0.36754692D+05    0.0003663    0.0000000  EM
           1603 -0.36754692D+05    0.0003659    0.0000000  EM
           1604 -0.36754691D+05    0.0003654    0.0000000  EM
           1605 -0.36754691D+05    0.0003650    0.0000000  EM
           1606 -0.36754691D+05    0.0003645    0.0000000  EM
           1607 -0.36754690D+05    0.0003641    0.0000000  EM
           1608 -0.36754690D+05    0.0003636    0.0000000  EM
           1609 -0.36754690D+05    0.0003632    0.0000000  EM
           1610 -0.36754689D+05    0.0003628    0.0000000  EM
           1611 -0.36754689D+05    0.0003623    0.0000000  EM
           1612 -0.36754688D+05    0.0003619    0.0000000  EM
           1613 -0.36754688D+05    0.0003615    0.0000000  EM
           1614 -0.36754688D+05    0.0003610    0.0000000  EM
           1615 -0.36754687D+05    0.0003606    0.0000000  EM
           1616 -0.36754687D+05    0.0003602    0.0000000  EM
           1617 -0.36754687D+05    0.0003597    0.0000000  EM
           1618 -0.36754686D+05    0.0003593    0.0000000  EM
           1619 -0.36754686D+05    0.0003589    0.0000000  EM
           1620 -0.36754686D+05    0.0003585    0.0000000  EM
           1621 -0.36754685D+05    0.0003580    0.0000000  EM
           1622 -0.36754685D+05    0.0003576    0.0000000  EM
           1623 -0.36754685D+05    0.0003572    0.0000000  EM
           1624 -0.36754684D+05    0.0003568    0.0000000  EM
           1625 -0.36754684D+05    0.0003563    0.0000000  EM
           1626 -0.36754683D+05    0.0003559    0.0000000  EM
           1627 -0.36754683D+05    0.0003555    0.0000000  EM
           1628 -0.36754683D+05    0.0003551    0.0000000  EM
           1629 -0.36754682D+05    0.0003546    0.0000000  EM
           1630 -0.36754682D+05    0.0003542    0.0000000  EM
           1631 -0.36754682D+05    0.0003538    0.0000000  EM
           1632 -0.36754681D+05    0.0003534    0.0000000  EM
           1633 -0.36754681D+05    0.0003530    0.0000000  EM
           1634 -0.36754681D+05    0.0003526    0.0000000  EM
           1635 -0.36754680D+05    0.0003521    0.0000000  EM
           1636 -0.36754680D+05    0.0003517    0.0000000  EM
           1637 -0.36754680D+05    0.0003513    0.0000000  EM
           1638 -0.36754679D+05    0.0003509    0.0000000  EM
           1639 -0.36754679D+05    0.0003505    0.0000000  EM
           1640 -0.36754679D+05    0.0003501    0.0000000  EM
           1641 -0.36754678D+05    0.0003497    0.0000000  EM
           1642 -0.36754678D+05    0.0003492    0.0000000  EM
           1643 -0.36754677D+05    0.0003488    0.0000000  EM
           1644 -0.36754677D+05    0.0003484    0.0000000  EM
           1645 -0.36754677D+05    0.0003480    0.0000000  EM
           1646 -0.36754676D+05    0.0003476    0.0000000  EM
           1647 -0.36754676D+05    0.0003472    0.0000000  EM
           1648 -0.36754676D+05    0.0003468    0.0000000  EM
           1649 -0.36754675D+05    0.0003464    0.0000000  EM
           1650 -0.36754675D+05    0.0003460    0.0000000  EM
           1651 -0.36754675D+05    0.0003456    0.0000000  EM
           1652 -0.36754674D+05    0.0003452    0.0000000  EM
           1653 -0.36754674D+05    0.0003448    0.0000000  EM
           1654 -0.36754674D+05    0.0003444    0.0000000  EM
           1655 -0.36754673D+05    0.0003440    0.0000000  EM
           1656 -0.36754673D+05    0.0003436    0.0000000  EM
           1657 -0.36754673D+05    0.0003432    0.0000000  EM
           1658 -0.36754672D+05    0.0003428    0.0000000  EM
           1659 -0.36754672D+05    0.0003424    0.0000000  EM
           1660 -0.36754672D+05    0.0003420    0.0000000  EM
           1661 -0.36754671D+05    0.0003416    0.0000000  EM
           1662 -0.36754671D+05    0.0003412    0.0000000  EM
           1663 -0.36754671D+05    0.0003408    0.0000000  EM
           1664 -0.36754670D+05    0.0003404    0.0000000  EM
           1665 -0.36754670D+05    0.0003400    0.0000000  EM
           1666 -0.36754670D+05    0.0003396    0.0000000  EM
           1667 -0.36754669D+05    0.0003392    0.0000000  EM
           1668 -0.36754669D+05    0.0003388    0.0000000  EM
           1669 -0.36754669D+05    0.0003384    0.0000000  EM
           1670 -0.36754668D+05    0.0003380    0.0000000  EM
           1671 -0.36754668D+05    0.0003376    0.0000000  EM
           1672 -0.36754668D+05    0.0003372    0.0000000  EM
           1673 -0.36754667D+05    0.0003369    0.0000000  EM
           1674 -0.36754667D+05    0.0003365    0.0000000  EM
           1675 -0.36754667D+05    0.0003361    0.0000000  EM
           1676 -0.36754666D+05    0.0003357    0.0000000  EM
           1677 -0.36754666D+05    0.0003353    0.0000000  EM
           1678 -0.36754666D+05    0.0003349    0.0000000  EM
           1679 -0.36754665D+05    0.0003346    0.0000000  EM
           1680 -0.36754665D+05    0.0003341    0.0000000  EM
           1681 -0.36754664D+05    0.0003338    0.0000000  EM
           1682 -0.36754664D+05    0.0003334    0.0000000  EM
           1683 -0.36754664D+05    0.0003330    0.0000000  EM
           1684 -0.36754663D+05    0.0003326    0.0000000  EM
           1685 -0.36754663D+05    0.0003323    0.0000000  EM
           1686 -0.36754663D+05    0.0003319    0.0000000  EM
           1687 -0.36754663D+05    0.0003315    0.0000000  EM
           1688 -0.36754662D+05    0.0003311    0.0000000  EM
           1689 -0.36754662D+05    0.0003307    0.0000000  EM
           1690 -0.36754662D+05    0.0003303    0.0000000  EM
           1691 -0.36754661D+05    0.0003300    0.0000000  EM
           1692 -0.36754661D+05    0.0003296    0.0000000  EM
           1693 -0.36754661D+05    0.0003292    0.0000000  EM
           1694 -0.36754660D+05    0.0003289    0.0000000  EM
           1695 -0.36754660D+05    0.0003285    0.0000000  EM
           1696 -0.36754660D+05    0.0003281    0.0000000  EM
           1697 -0.36754659D+05    0.0003277    0.0000000  EM
           1698 -0.36754659D+05    0.0003273    0.0000000  EM
           1699 -0.36754659D+05    0.0003270    0.0000000  EM
           1700 -0.36754658D+05    0.0003266    0.0000000  EM
           1701 -0.36754658D+05    0.0003262    0.0000000  EM
           1702 -0.36754658D+05    0.0003259    0.0000000  EM
           1703 -0.36754657D+05    0.0003255    0.0000000  EM
           1704 -0.36754657D+05    0.0003251    0.0000000  EM
           1705 -0.36754657D+05    0.0003247    0.0000000  EM
           1706 -0.36754656D+05    0.0003244    0.0000000  EM
           1707 -0.36754656D+05    0.0003240    0.0000000  EM
           1708 -0.36754656D+05    0.0003237    0.0000000  EM
           1709 -0.36754655D+05    0.0003233    0.0000000  EM
           1710 -0.36754655D+05    0.0003229    0.0000000  EM
           1711 -0.36754655D+05    0.0003226    0.0000000  EM
           1712 -0.36754654D+05    0.0003222    0.0000000  EM
           1713 -0.36754654D+05    0.0003218    0.0000000  EM
           1714 -0.36754654D+05    0.0003215    0.0000000  EM
           1715 -0.36754653D+05    0.0003211    0.0000000  EM
           1716 -0.36754653D+05    0.0003207    0.0000000  EM
           1717 -0.36754653D+05    0.0003204    0.0000000  EM
           1718 -0.36754652D+05    0.0003200    0.0000000  EM
           1719 -0.36754652D+05    0.0003197    0.0000000  EM
           1720 -0.36754652D+05    0.0003193    0.0000000  EM
           1721 -0.36754651D+05    0.0003190    0.0000000  EM
           1722 -0.36754651D+05    0.0003186    0.0000000  EM
           1723 -0.36754651D+05    0.0003183    0.0000000  EM
           1724 -0.36754651D+05    0.0003179    0.0000000  EM
           1725 -0.36754650D+05    0.0003175    0.0000000  EM
           1726 -0.36754650D+05    0.0003172    0.0000000  EM
           1727 -0.36754650D+05    0.0003168    0.0000000  EM
           1728 -0.36754649D+05    0.0003165    0.0000000  EM
           1729 -0.36754649D+05    0.0003161    0.0000000  EM
           1730 -0.36754649D+05    0.0003157    0.0000000  EM
           1731 -0.36754648D+05    0.0003154    0.0000000  EM
           1732 -0.36754648D+05    0.0003151    0.0000000  EM
           1733 -0.36754648D+05    0.0003147    0.0000000  EM
           1734 -0.36754647D+05    0.0003143    0.0000000  EM
           1735 -0.36754647D+05    0.0003140    0.0000000  EM
           1736 -0.36754647D+05    0.0003137    0.0000000  EM
           1737 -0.36754646D+05    0.0003133    0.0000000  EM
           1738 -0.36754646D+05    0.0003130    0.0000000  EM
           1739 -0.36754646D+05    0.0003126    0.0000000  EM
           1740 -0.36754645D+05    0.0003123    0.0000000  EM
           1741 -0.36754645D+05    0.0003119    0.0000000  EM
           1742 -0.36754645D+05    0.0003116    0.0000000  EM
           1743 -0.36754645D+05    0.0003113    0.0000000  EM
           1744 -0.36754644D+05    0.0003109    0.0000000  EM
           1745 -0.36754644D+05    0.0003106    0.0000000  EM
           1746 -0.36754644D+05    0.0003102    0.0000000  EM
           1747 -0.36754643D+05    0.0003098    0.0000000  EM
           1748 -0.36754643D+05    0.0003095    0.0000000  EM
           1749 -0.36754643D+05    0.0003092    0.0000000  EM
           1750 -0.36754642D+05    0.0003088    0.0000000  EM
           1751 -0.36754642D+05    0.0003085    0.0000000  EM
           1752 -0.36754642D+05    0.0003082    0.0000000  EM
           1753 -0.36754641D+05    0.0003078    0.0000000  EM
           1754 -0.36754641D+05    0.0003075    0.0000000  EM
           1755 -0.36754641D+05    0.0003071    0.0000000  EM
           1756 -0.36754641D+05    0.0003068    0.0000000  EM
           1757 -0.36754640D+05    0.0003065    0.0000000  EM
           1758 -0.36754640D+05    0.0003061    0.0000000  EM
           1759 -0.36754640D+05    0.0003058    0.0000000  EM
           1760 -0.36754639D+05    0.0003055    0.0000000  EM
           1761 -0.36754639D+05    0.0003051    0.0000000  EM
           1762 -0.36754639D+05    0.0003048    0.0000000  EM
           1763 -0.36754638D+05    0.0003044    0.0000000  EM
           1764 -0.36754638D+05    0.0003041    0.0000000  EM
           1765 -0.36754638D+05    0.0003038    0.0000000  EM
           1766 -0.36754637D+05    0.0003035    0.0000000  EM
           1767 -0.36754637D+05    0.0003031    0.0000000  EM
           1768 -0.36754637D+05    0.0003028    0.0000000  EM
           1769 -0.36754637D+05    0.0003025    0.0000000  EM
           1770 -0.36754636D+05    0.0003021    0.0000000  EM
           1771 -0.36754636D+05    0.0003018    0.0000000  EM
           1772 -0.36754636D+05    0.0003014    0.0000000  EM
           1773 -0.36754635D+05    0.0003012    0.0000000  EM
           1774 -0.36754635D+05    0.0003008    0.0000000  EM
           1775 -0.36754635D+05    0.0003005    0.0000000  EM
           1776 -0.36754634D+05    0.0003002    0.0000000  EM
           1777 -0.36754634D+05    0.0002999    0.0000000  EM
           1778 -0.36754634D+05    0.0002995    0.0000000  EM
           1779 -0.36754634D+05    0.0002992    0.0000000  EM
           1780 -0.36754633D+05    0.0002988    0.0000000  EM
           1781 -0.36754633D+05    0.0002985    0.0000000  EM
           1782 -0.36754633D+05    0.0002982    0.0000000  EM
           1783 -0.36754632D+05    0.0002979    0.0000000  EM
           1784 -0.36754632D+05    0.0002976    0.0000000  EM
           1785 -0.36754632D+05    0.0002973    0.0000000  EM
           1786 -0.36754631D+05    0.0002969    0.0000000  EM
           1787 -0.36754631D+05    0.0002966    0.0000000  EM
           1788 -0.36754631D+05    0.0002963    0.0000000  EM
           1789 -0.36754631D+05    0.0002960    0.0000000  EM
           1790 -0.36754630D+05    0.0002957    0.0000000  EM
           1791 -0.36754630D+05    0.0002953    0.0000000  EM
           1792 -0.36754630D+05    0.0002950    0.0000000  EM
           1793 -0.36754629D+05    0.0002947    0.0000000  EM
           1794 -0.36754629D+05    0.0002944    0.0000000  EM
           1795 -0.36754629D+05    0.0002941    0.0000000  EM
           1796 -0.36754629D+05    0.0002937    0.0000000  EM
           1797 -0.36754628D+05    0.0002934    0.0000000  EM
           1798 -0.36754628D+05    0.0002931    0.0000000  EM
           1799 -0.36754628D+05    0.0002928    0.0000000  EM
           1800 -0.36754627D+05    0.0002925    0.0000000  EM
           1801 -0.36754627D+05    0.0002922    0.0000000  EM
           1802 -0.36754627D+05    0.0002919    0.0000000  EM
           1803 -0.36754626D+05    0.0002915    0.0000000  EM
           1804 -0.36754626D+05    0.0002912    0.0000000  EM
           1805 -0.36754626D+05    0.0002909    0.0000000  EM
           1806 -0.36754626D+05    0.0002906    0.0000000  EM
           1807 -0.36754625D+05    0.0002903    0.0000000  EM
           1808 -0.36754625D+05    0.0002900    0.0000000  EM
           1809 -0.36754625D+05    0.0002897    0.0000000  EM
           1810 -0.36754624D+05    0.0002894    0.0000000  EM
           1811 -0.36754624D+05    0.0002891    0.0000000  EM
           1812 -0.36754624D+05    0.0002888    0.0000000  EM
           1813 -0.36754624D+05    0.0002884    0.0000000  EM
           1814 -0.36754623D+05    0.0002882    0.0000000  EM
           1815 -0.36754623D+05    0.0002878    0.0000000  EM
           1816 -0.36754623D+05    0.0002875    0.0000000  EM
           1817 -0.36754622D+05    0.0002872    0.0000000  EM
           1818 -0.36754622D+05    0.0002869    0.0000000  EM
           1819 -0.36754622D+05    0.0002866    0.0000000  EM
           1820 -0.36754622D+05    0.0002863    0.0000000  EM
           1821 -0.36754621D+05    0.0002860    0.0000000  EM
           1822 -0.36754621D+05    0.0002857    0.0000000  EM
           1823 -0.36754621D+05    0.0002854    0.0000000  EM
           1824 -0.36754620D+05    0.0002851    0.0000000  EM
           1825 -0.36754620D+05    0.0002848    0.0000000  EM
           1826 -0.36754620D+05    0.0002845    0.0000000  EM
           1827 -0.36754620D+05    0.0002842    0.0000000  EM
           1828 -0.36754619D+05    0.0002839    0.0000000  EM
           1829 -0.36754619D+05    0.0002836    0.0000000  EM
           1830 -0.36754619D+05    0.0002833    0.0000000  EM
           1831 -0.36754618D+05    0.0002830    0.0000000  EM
           1832 -0.36754618D+05    0.0002827    0.0000000  EM
           1833 -0.36754618D+05    0.0002824    0.0000000  EM
           1834 -0.36754618D+05    0.0002821    0.0000000  EM
           1835 -0.36754617D+05    0.0002818    0.0000000  EM
           1836 -0.36754617D+05    0.0002815    0.0000000  EM
           1837 -0.36754617D+05    0.0002812    0.0000000  EM
           1838 -0.36754616D+05    0.0002809    0.0000000  EM
           1839 -0.36754616D+05    0.0002806    0.0000000  EM
           1840 -0.36754616D+05    0.0002804    0.0000000  EM
           1841 -0.36754616D+05    0.0002800    0.0000000  EM
           1842 -0.36754615D+05    0.0002797    0.0000000  EM
           1843 -0.36754615D+05    0.0002795    0.0000000  EM
           1844 -0.36754615D+05    0.0002791    0.0000000  EM
           1845 -0.36754614D+05    0.0002789    0.0000000  EM
           1846 -0.36754614D+05    0.0002786    0.0000000  EM
           1847 -0.36754614D+05    0.0002783    0.0000000  EM
           1848 -0.36754614D+05    0.0002780    0.0000000  EM
           1849 -0.36754613D+05    0.0002777    0.0000000  EM
           1850 -0.36754613D+05    0.0002774    0.0000000  EM
           1851 -0.36754613D+05    0.0002771    0.0000000  EM
           1852 -0.36754613D+05    0.0002768    0.0000000  EM
           1853 -0.36754612D+05    0.0002765    0.0000000  EM
           1854 -0.36754612D+05    0.0002763    0.0000000  EM
           1855 -0.36754612D+05    0.0002760    0.0000000  EM
           1856 -0.36754611D+05    0.0002757    0.0000000  EM
           1857 -0.36754611D+05    0.0002754    0.0000000  EM
           1858 -0.36754611D+05    0.0002751    0.0000000  EM
           1859 -0.36754611D+05    0.0002748    0.0000000  EM
           1860 -0.36754610D+05    0.0002745    0.0000000  EM
           1861 -0.36754610D+05    0.0002743    0.0000000  EM
           1862 -0.36754610D+05    0.0002740    0.0000000  EM
           1863 -0.36754610D+05    0.0002737    0.0000000  EM
           1864 -0.36754609D+05    0.0002734    0.0000000  EM
           1865 -0.36754609D+05    0.0002731    0.0000000  EM
           1866 -0.36754609D+05    0.0002728    0.0000000  EM
           1867 -0.36754608D+05    0.0002726    0.0000000  EM
           1868 -0.36754608D+05    0.0002723    0.0000000  EM
           1869 -0.36754608D+05    0.0002720    0.0000000  EM
           1870 -0.36754608D+05    0.0002717    0.0000000  EM
           1871 -0.36754607D+05    0.0002714    0.0000000  EM
           1872 -0.36754607D+05    0.0002711    0.0000000  EM
           1873 -0.36754607D+05    0.0002709    0.0000000  EM
           1874 -0.36754607D+05    0.0002706    0.0000000  EM
           1875 -0.36754606D+05    0.0002703    0.0000000  EM
           1876 -0.36754606D+05    0.0002701    0.0000000  EM
           1877 -0.36754606D+05    0.0002698    0.0000000  EM
           1878 -0.36754605D+05    0.0002695    0.0000000  EM
           1879 -0.36754605D+05    0.0002692    0.0000000  EM
           1880 -0.36754605D+05    0.0002689    0.0000000  EM
           1881 -0.36754605D+05    0.0002687    0.0000000  EM
           1882 -0.36754604D+05    0.0002684    0.0000000  EM
           1883 -0.36754604D+05    0.0002681    0.0000000  EM
           1884 -0.36754604D+05    0.0002678    0.0000000  EM
           1885 -0.36754604D+05    0.0002676    0.0000000  EM
           1886 -0.36754603D+05    0.0002673    0.0000000  EM
           1887 -0.36754603D+05    0.0002670    0.0000000  EM
           1888 -0.36754603D+05    0.0002667    0.0000000  EM
           1889 -0.36754603D+05    0.0002665    0.0000000  EM
           1890 -0.36754602D+05    0.0002662    0.0000000  EM
           1891 -0.36754602D+05    0.0002659    0.0000000  EM
           1892 -0.36754602D+05    0.0002656    0.0000000  EM
           1893 -0.36754601D+05    0.0002654    0.0000000  EM
           1894 -0.36754601D+05    0.0002651    0.0000000  EM
           1895 -0.36754601D+05    0.0002648    0.0000000  EM
           1896 -0.36754601D+05    0.0002646    0.0000000  EM
           1897 -0.36754600D+05    0.0002643    0.0000000  EM
           1898 -0.36754600D+05    0.0002640    0.0000000  EM
           1899 -0.36754600D+05    0.0002638    0.0000000  EM
           1900 -0.36754600D+05    0.0002635    0.0000000  EM
           1901 -0.36754599D+05    0.0002632    0.0000000  EM
           1902 -0.36754599D+05    0.0002629    0.0000000  EM
           1903 -0.36754599D+05    0.0002627    0.0000000  EM
           1904 -0.36754599D+05    0.0002624    0.0000000  EM
           1905 -0.36754598D+05    0.0002622    0.0000000  EM
           1906 -0.36754598D+05    0.0002619    0.0000000  EM
           1907 -0.36754598D+05    0.0002616    0.0000000  EM
           1908 -0.36754597D+05    0.0002613    0.0000000  EM
           1909 -0.36754597D+05    0.0002611    0.0000000  EM
           1910 -0.36754597D+05    0.0002608    0.0000000  EM
           1911 -0.36754597D+05    0.0002606    0.0000000  EM
           1912 -0.36754596D+05    0.0002603    0.0000000  EM
           1913 -0.36754596D+05    0.0002600    0.0000000  EM
           1914 -0.36754596D+05    0.0002598    0.0000000  EM
           1915 -0.36754596D+05    0.0002595    0.0000000  EM
           1916 -0.36754595D+05    0.0002593    0.0000000  EM
           1917 -0.36754595D+05    0.0002590    0.0000000  EM
           1918 -0.36754595D+05    0.0002588    0.0000000  EM
           1919 -0.36754595D+05    0.0002584    0.0000000  EM
           1920 -0.36754594D+05    0.0002582    0.0000000  EM
           1921 -0.36754594D+05    0.0002580    0.0000000  EM
           1922 -0.36754594D+05    0.0002577    0.0000000  EM
           1923 -0.36754594D+05    0.0002574    0.0000000  EM
           1924 -0.36754593D+05    0.0002572    0.0000000  EM
           1925 -0.36754593D+05    0.0002569    0.0000000  EM
           1926 -0.36754593D+05    0.0002567    0.0000000  EM
           1927 -0.36754593D+05    0.0002564    0.0000000  EM
           1928 -0.36754592D+05    0.0002561    0.0000000  EM
           1929 -0.36754592D+05    0.0002559    0.0000000  EM
           1930 -0.36754592D+05    0.0002556    0.0000000  EM
           1931 -0.36754592D+05    0.0002554    0.0000000  EM
           1932 -0.36754591D+05    0.0002552    0.0000000  EM
           1933 -0.36754591D+05    0.0002549    0.0000000  EM
           1934 -0.36754591D+05    0.0002546    0.0000000  EM
           1935 -0.36754591D+05    0.0002544    0.0000000  EM
           1936 -0.36754590D+05    0.0002541    0.0000000  EM
           1937 -0.36754590D+05    0.0002538    0.0000000  EM
           1938 -0.36754590D+05    0.0002536    0.0000000  EM
           1939 -0.36754590D+05    0.0002534    0.0000000  EM
           1940 -0.36754589D+05    0.0002531    0.0000000  EM
           1941 -0.36754589D+05    0.0002528    0.0000000  EM
           1942 -0.36754589D+05    0.0002526    0.0000000  EM
           1943 -0.36754589D+05    0.0002523    0.0000000  EM
           1944 -0.36754588D+05    0.0002521    0.0000000  EM
           1945 -0.36754588D+05    0.0002519    0.0000000  EM
           1946 -0.36754588D+05    0.0002516    0.0000000  EM
           1947 -0.36754588D+05    0.0002514    0.0000000  EM
           1948 -0.36754587D+05    0.0002511    0.0000000  EM
           1949 -0.36754587D+05    0.0002509    0.0000000  EM
           1950 -0.36754587D+05    0.0002506    0.0000000  EM
           1951 -0.36754587D+05    0.0002504    0.0000000  EM
           1952 -0.36754586D+05    0.0002501    0.0000000  EM
           1953 -0.36754586D+05    0.0002499    0.0000000  EM
           1954 -0.36754586D+05    0.0002496    0.0000000  EM
           1955 -0.36754586D+05    0.0002494    0.0000000  EM
           1956 -0.36754585D+05    0.0002491    0.0000000  EM
           1957 -0.36754585D+05    0.0002489    0.0000000  EM
           1958 -0.36754585D+05    0.0002486    0.0000000  EM
           1959 -0.36754585D+05    0.0002484    0.0000000  EM
           1960 -0.36754584D+05    0.0002481    0.0000000  EM
           1961 -0.36754584D+05    0.0002479    0.0000000  EM
           1962 -0.36754584D+05    0.0002477    0.0000000  EM
           1963 -0.36754584D+05    0.0002474    0.0000000  EM
           1964 -0.36754583D+05    0.0002472    0.0000000  EM
           1965 -0.36754583D+05    0.0002469    0.0000000  EM
           1966 -0.36754583D+05    0.0002467    0.0000000  EM
           1967 -0.36754583D+05    0.0002464    0.0000000  EM
           1968 -0.36754582D+05    0.0002462    0.0000000  EM
           1969 -0.36754582D+05    0.0002460    0.0000000  EM
           1970 -0.36754582D+05    0.0002457    0.0000000  EM
           1971 -0.36754582D+05    0.0002455    0.0000000  EM
           1972 -0.36754581D+05    0.0002452    0.0000000  EM
           1973 -0.36754581D+05    0.0002450    0.0000000  EM
           1974 -0.36754581D+05    0.0002448    0.0000000  EM
           1975 -0.36754581D+05    0.0002445    0.0000000  EM
           1976 -0.36754580D+05    0.0002443    0.0000000  EM
           1977 -0.36754580D+05    0.0002440    0.0000000  EM
           1978 -0.36754580D+05    0.0002438    0.0000000  EM
           1979 -0.36754580D+05    0.0002436    0.0000000  EM
           1980 -0.36754579D+05    0.0002433    0.0000000  EM
           1981 -0.36754579D+05    0.0002431    0.0000000  EM
           1982 -0.36754579D+05    0.0002428    0.0000000  EM
           1983 -0.36754579D+05    0.0002426    0.0000000  EM
           1984 -0.36754578D+05    0.0002424    0.0000000  EM
           1985 -0.36754578D+05    0.0002421    0.0000000  EM
           1986 -0.36754578D+05    0.0002419    0.0000000  EM
           1987 -0.36754578D+05    0.0002417    0.0000000  EM
           1988 -0.36754577D+05    0.0002415    0.0000000  EM
           1989 -0.36754577D+05    0.0002412    0.0000000  EM
           1990 -0.36754577D+05    0.0002410    0.0000000  EM
           1991 -0.36754577D+05    0.0002408    0.0000000  EM
           1992 -0.36754576D+05    0.0002405    0.0000000  EM
           1993 -0.36754576D+05    0.0002403    0.0000000  EM
           1994 -0.36754576D+05    0.0002400    0.0000000  EM
           1995 -0.36754576D+05    0.0002398    0.0000000  EM
           1996 -0.36754575D+05    0.0002396    0.0000000  EM
           1997 -0.36754575D+05    0.0002393    0.0000000  EM
           1998 -0.36754575D+05    0.0002391    0.0000000  EM
           1999 -0.36754575D+05    0.0002389    0.0000000  EM
           2000 -0.36754575D+05    0.0002386    0.0000000  EM


   TECHNICAL 8 OUTPUT FOR THE BASELINE MODEL


   E STEP  ITER  LOGLIKELIHOOD    ABS CHANGE   REL CHANGE  ALGORITHM
              1 -0.45804614D+05    0.0000000    0.0000000  EM
              2 -0.45789751D+05   14.8633329    0.0003245  EM
              3 -0.45782959D+05    6.7914660    0.0001483  EM
              4 -0.45777821D+05    5.1381797    0.0001122  EM
              5 -0.45773739D+05    4.0822141    0.0000892  EM
              6 -0.45770399D+05    3.3399562    0.0000730  EM
              7 -0.45767602D+05    2.7970996    0.0000611  EM
              8 -0.45765214D+05    2.3872123    0.0000522  EM
              9 -0.45763145D+05    2.0693158    0.0000452  EM
             10 -0.45761328D+05    1.8170828    0.0000397  EM
             11 -0.45759715D+05    1.6130031    0.0000352  EM
             12 -0.45758270D+05    1.4450763    0.0000316  EM
             13 -0.45756965D+05    1.3048591    0.0000285  EM
             14 -0.45755779D+05    1.1862711    0.0000259  EM
             15 -0.45754694D+05    1.0848424    0.0000237  EM
             16 -0.45753697D+05    0.9972253    0.0000218  EM
             17 -0.45752776D+05    0.9208708    0.0000201  EM
             18 -0.45751922D+05    0.8538082    0.0000187  EM
             19 -0.45751128D+05    0.7944932    0.0000174  EM
             20 -0.45750386D+05    0.7417004    0.0000162  EM
             21 -0.45749691D+05    0.6944464    0.0000152  EM
             22 -0.45749039D+05    0.6519333    0.0000143  EM
             23 -0.45748426D+05    0.6135079    0.0000134  EM
             24 -0.45747847D+05    0.5786305    0.0000126  EM
             25 -0.45747301D+05    0.5468513    0.0000120  EM
             26 -0.45746783D+05    0.5177929    0.0000113  EM
             27 -0.45746292D+05    0.4911360    0.0000107  EM
             28 -0.45745825D+05    0.4666092    0.0000102  EM
             29 -0.45745381D+05    0.4439797    0.0000097  EM
             30 -0.45744958D+05    0.4230472    0.0000092  EM
             31 -0.45744554D+05    0.4036384    0.0000088  EM
             32 -0.45744169D+05    0.3856023    0.0000084  EM
             33 -0.45743800D+05    0.3688069    0.0000081  EM
             34 -0.45743447D+05    0.3531365    0.0000077  EM
             35 -0.45743108D+05    0.3384889    0.0000074  EM
             36 -0.45742783D+05    0.3247737    0.0000071  EM
             37 -0.45742472D+05    0.3119107    0.0000068  EM
             38 -0.45742172D+05    0.2998284    0.0000066  EM
             39 -0.45741883D+05    0.2884627    0.0000063  EM
             40 -0.45741606D+05    0.2777565    0.0000061  EM
             41 -0.45741338D+05    0.2676581    0.0000059  EM
             42 -0.45741080D+05    0.2581210    0.0000056  EM
             43 -0.45740831D+05    0.2491033    0.0000054  EM
             44 -0.45740590D+05    0.2405670    0.0000053  EM
             45 -0.45740358D+05    0.2324775    0.0000051  EM
             46 -0.45740133D+05    0.2248034    0.0000049  EM
             47 -0.45739915D+05    0.2175160    0.0000048  EM
             48 -0.45739705D+05    0.2105892    0.0000046  EM
             49 -0.45739501D+05    0.2039990    0.0000045  EM
             50 -0.45739303D+05    0.1977234    0.0000043  EM
             51 -0.45739111D+05    0.1917424    0.0000042  EM
             52 -0.45738925D+05    0.1860374    0.0000041  EM
             53 -0.45738745D+05    0.1805913    0.0000039  EM
             54 -0.45738569D+05    0.1753884    0.0000038  EM
             55 -0.45738399D+05    0.1704141    0.0000037  EM
             56 -0.45738233D+05    0.1656548    0.0000036  EM
             57 -0.45738072D+05    0.1610983    0.0000035  EM
             58 -0.45737915D+05    0.1567329    0.0000034  EM
             59 -0.45737763D+05    0.1525478    0.0000033  EM
             60 -0.45737614D+05    0.1485331    0.0000032  EM
             61 -0.45737470D+05    0.1446795    0.0000032  EM
             62 -0.45737329D+05    0.1409783    0.0000031  EM
             63 -0.45737191D+05    0.1374215    0.0000030  EM
             64 -0.45737057D+05    0.1340014    0.0000029  EM
             65 -0.45736926D+05    0.1307111    0.0000029  EM
             66 -0.45736799D+05    0.1275440    0.0000028  EM
             67 -0.45736674D+05    0.1244939    0.0000027  EM
             68 -0.45736553D+05    0.1215549    0.0000027  EM
             69 -0.45736434D+05    0.1187218    0.0000026  EM
             70 -0.45736318D+05    0.1159893    0.0000025  EM
             71 -0.45736205D+05    0.1133526    0.0000025  EM
             72 -0.45736094D+05    0.1108074    0.0000024  EM
             73 -0.45735986D+05    0.1083492    0.0000024  EM
             74 -0.45735880D+05    0.1059742    0.0000023  EM
             75 -0.45735776D+05    0.1036785    0.0000023  EM
             76 -0.45735675D+05    0.1014587    0.0000022  EM
             77 -0.45735575D+05    0.0993113    0.0000022  EM
             78 -0.45735478D+05    0.0972332    0.0000021  EM
             79 -0.45735383D+05    0.0952213    0.0000021  EM
             80 -0.45735289D+05    0.0932730    0.0000020  EM
             81 -0.45735198D+05    0.0913853    0.0000020  EM
             82 -0.45735109D+05    0.0895560    0.0000020  EM
             83 -0.45735021D+05    0.0877824    0.0000019  EM
             84 -0.45734935D+05    0.0860624    0.0000019  EM
             85 -0.45734850D+05    0.0843938    0.0000018  EM
             86 -0.45734768D+05    0.0827745    0.0000018  EM
             87 -0.45734686D+05    0.0812025    0.0000018  EM
             88 -0.45734607D+05    0.0796761    0.0000017  EM
             89 -0.45734528D+05    0.0781934    0.0000017  EM
             90 -0.45734452D+05    0.0767527    0.0000017  EM
             91 -0.45734376D+05    0.0753525    0.0000016  EM
             92 -0.45734302D+05    0.0739913    0.0000016  EM
             93 -0.45734230D+05    0.0726675    0.0000016  EM
             94 -0.45734158D+05    0.0713798    0.0000016  EM
             95 -0.45734088D+05    0.0701269    0.0000015  EM
             96 -0.45734019D+05    0.0689075    0.0000015  EM
             97 -0.45733952D+05    0.0677205    0.0000015  EM
             98 -0.45733885D+05    0.0665646    0.0000015  EM
             99 -0.45733820D+05    0.0654388    0.0000014  EM
            100 -0.45733755D+05    0.0643420    0.0000014  EM
            101 -0.45733692D+05    0.0632732    0.0000014  EM
            102 -0.45733630D+05    0.0622315    0.0000014  EM
            103 -0.45733568D+05    0.0612159    0.0000013  EM
            104 -0.45733508D+05    0.0602255    0.0000013  EM
            105 -0.45733449D+05    0.0592596    0.0000013  EM
            106 -0.45733391D+05    0.0583173    0.0000013  EM
            107 -0.45733333D+05    0.0573979    0.0000013  EM
            108 -0.45733277D+05    0.0565005    0.0000012  EM
            109 -0.45733221D+05    0.0556245    0.0000012  EM
            110 -0.45733166D+05    0.0547692    0.0000012  EM
            111 -0.45733112D+05    0.0539339    0.0000012  EM
            112 -0.45733059D+05    0.0531181    0.0000012  EM
            113 -0.45733007D+05    0.0523210    0.0000011  EM
            114 -0.45732955D+05    0.0515422    0.0000011  EM
            115 -0.45732905D+05    0.0507811    0.0000011  EM
            116 -0.45732855D+05    0.0500370    0.0000011  EM
            117 -0.45732805D+05    0.0493096    0.0000011  EM
            118 -0.45732757D+05    0.0485983    0.0000011  EM
            119 -0.45732709D+05    0.0479026    0.0000010  EM
            120 -0.45732662D+05    0.0472221    0.0000010  EM
            121 -0.45732615D+05    0.0465563    0.0000010  EM
            122 -0.45732569D+05    0.0459049    0.0000010  EM
            123 -0.45732524D+05    0.0452673    0.0000010  EM
            124 -0.45732479D+05    0.0446432    0.0000010  EM
            125 -0.45732435D+05    0.0440322    0.0000010  EM
            126 -0.45732392D+05    0.0434339    0.0000009  EM
            127 -0.45732349D+05    0.0428481    0.0000009  EM
            128 -0.45732307D+05    0.0422742    0.0000009  EM
            129 -0.45732265D+05    0.0417121    0.0000009  EM
            130 -0.45732224D+05    0.0411614    0.0000009  EM
            131 -0.45732183D+05    0.0406217    0.0000009  EM
            132 -0.45732143D+05    0.0400928    0.0000009  EM
            133 -0.45732104D+05    0.0395744    0.0000009  EM
            134 -0.45732064D+05    0.0390662    0.0000009  EM
            135 -0.45732026D+05    0.0385679    0.0000008  EM
            136 -0.45731988D+05    0.0380793    0.0000008  EM
            137 -0.45731950D+05    0.0376002    0.0000008  EM
            138 -0.45731913D+05    0.0371302    0.0000008  EM
            139 -0.45731876D+05    0.0366692    0.0000008  EM
            140 -0.45731840D+05    0.0362169    0.0000008  EM
            141 -0.45731804D+05    0.0357731    0.0000008  EM
            142 -0.45731769D+05    0.0353375    0.0000008  EM
            143 -0.45731734D+05    0.0349100    0.0000008  EM
            144 -0.45731700D+05    0.0344904    0.0000008  EM
            145 -0.45731666D+05    0.0340785    0.0000007  EM
            146 -0.45731632D+05    0.0336741    0.0000007  EM
            147 -0.45731599D+05    0.0332770    0.0000007  EM
            148 -0.45731566D+05    0.0328870    0.0000007  EM
            149 -0.45731533D+05    0.0325040    0.0000007  EM
            150 -0.45731501D+05    0.0321277    0.0000007  EM
            151 -0.45731469D+05    0.0317581    0.0000007  EM
            152 -0.45731438D+05    0.0313949    0.0000007  EM
            153 -0.45731407D+05    0.0310381    0.0000007  EM
            154 -0.45731376D+05    0.0306875    0.0000007  EM
            155 -0.45731346D+05    0.0303429    0.0000007  EM
            156 -0.45731316D+05    0.0300041    0.0000007  EM
            157 -0.45731286D+05    0.0296711    0.0000006  EM
            158 -0.45731257D+05    0.0293438    0.0000006  EM
            159 -0.45731228D+05    0.0290219    0.0000006  EM
            160 -0.45731199D+05    0.0287054    0.0000006  EM
            161 -0.45731171D+05    0.0283942    0.0000006  EM
            162 -0.45731143D+05    0.0280881    0.0000006  EM
            163 -0.45731115D+05    0.0277870    0.0000006  EM
            164 -0.45731087D+05    0.0274909    0.0000006  EM
            165 -0.45731060D+05    0.0271995    0.0000006  EM
            166 -0.45731033D+05    0.0269128    0.0000006  EM
            167 -0.45731007D+05    0.0266307    0.0000006  EM
            168 -0.45730980D+05    0.0263532    0.0000006  EM
            169 -0.45730954D+05    0.0260800    0.0000006  EM
            170 -0.45730928D+05    0.0258111    0.0000006  EM
            171 -0.45730903D+05    0.0255465    0.0000006  EM
            172 -0.45730878D+05    0.0252859    0.0000006  EM
            173 -0.45730853D+05    0.0250294    0.0000005  EM
            174 -0.45730828D+05    0.0247769    0.0000005  EM
            175 -0.45730803D+05    0.0245282    0.0000005  EM
            176 -0.45730779D+05    0.0242834    0.0000005  EM
            177 -0.45730755D+05    0.0240422    0.0000005  EM
            178 -0.45730731D+05    0.0238048    0.0000005  EM
            179 -0.45730708D+05    0.0235708    0.0000005  EM
            180 -0.45730684D+05    0.0233404    0.0000005  EM
            181 -0.45730661D+05    0.0231134    0.0000005  EM
            182 -0.45730638D+05    0.0228897    0.0000005  EM
            183 -0.45730616D+05    0.0226693    0.0000005  EM
            184 -0.45730593D+05    0.0224522    0.0000005  EM
            185 -0.45730571D+05    0.0222382    0.0000005  EM
            186 -0.45730549D+05    0.0220273    0.0000005  EM
            187 -0.45730527D+05    0.0218195    0.0000005  EM
            188 -0.45730505D+05    0.0216147    0.0000005  EM
            189 -0.45730484D+05    0.0214127    0.0000005  EM
            190 -0.45730463D+05    0.0212136    0.0000005  EM
            191 -0.45730442D+05    0.0210174    0.0000005  EM
            192 -0.45730421D+05    0.0208239    0.0000005  EM
            193 -0.45730400D+05    0.0206331    0.0000005  EM
            194 -0.45730380D+05    0.0204450    0.0000004  EM
            195 -0.45730360D+05    0.0202594    0.0000004  EM
            196 -0.45730339D+05    0.0200765    0.0000004  EM
            197 -0.45730320D+05    0.0198960    0.0000004  EM
            198 -0.45730300D+05    0.0197180    0.0000004  EM
            199 -0.45730280D+05    0.0195424    0.0000004  EM
            200 -0.45730261D+05    0.0193692    0.0000004  EM
            201 -0.45730242D+05    0.0191984    0.0000004  EM
            202 -0.45730223D+05    0.0190298    0.0000004  EM
            203 -0.45730204D+05    0.0188635    0.0000004  EM
            204 -0.45730185D+05    0.0186994    0.0000004  EM
            205 -0.45730167D+05    0.0185374    0.0000004  EM
            206 -0.45730148D+05    0.0183776    0.0000004  EM
            207 -0.45730130D+05    0.0182198    0.0000004  EM
            208 -0.45730112D+05    0.0180642    0.0000004  EM
            209 -0.45730094D+05    0.0179105    0.0000004  EM
            210 -0.45730076D+05    0.0177589    0.0000004  EM
            211 -0.45730059D+05    0.0176091    0.0000004  EM
            212 -0.45730041D+05    0.0174613    0.0000004  EM
            213 -0.45730024D+05    0.0173154    0.0000004  EM
            214 -0.45730007D+05    0.0171713    0.0000004  EM
            215 -0.45729990D+05    0.0170291    0.0000004  EM
            216 -0.45729973D+05    0.0168886    0.0000004  EM
            217 -0.45729956D+05    0.0167500    0.0000004  EM
            218 -0.45729939D+05    0.0166130    0.0000004  EM
            219 -0.45729923D+05    0.0164777    0.0000004  EM
            220 -0.45729907D+05    0.0163441    0.0000004  EM
            221 -0.45729890D+05    0.0162122    0.0000004  EM
            222 -0.45729874D+05    0.0160818    0.0000004  EM
            223 -0.45729858D+05    0.0159531    0.0000003  EM
            224 -0.45729843D+05    0.0158259    0.0000003  EM
            225 -0.45729827D+05    0.0157003    0.0000003  EM
            226 -0.45729811D+05    0.0155762    0.0000003  EM
            227 -0.45729796D+05    0.0154535    0.0000003  EM
            228 -0.45729781D+05    0.0153324    0.0000003  EM
            229 -0.45729765D+05    0.0152126    0.0000003  EM
            230 -0.45729750D+05    0.0150943    0.0000003  EM
            231 -0.45729735D+05    0.0149774    0.0000003  EM
            232 -0.45729720D+05    0.0148619    0.0000003  EM
            233 -0.45729706D+05    0.0147477    0.0000003  EM
            234 -0.45729691D+05    0.0146348    0.0000003  EM
            235 -0.45729676D+05    0.0145233    0.0000003  EM
            236 -0.45729662D+05    0.0144130    0.0000003  EM
            237 -0.45729648D+05    0.0143040    0.0000003  EM
            238 -0.45729634D+05    0.0141963    0.0000003  EM
            239 -0.45729619D+05    0.0140898    0.0000003  EM
            240 -0.45729605D+05    0.0139845    0.0000003  EM
            241 -0.45729592D+05    0.0138804    0.0000003  EM
            242 -0.45729578D+05    0.0137775    0.0000003  EM
            243 -0.45729564D+05    0.0136757    0.0000003  EM
            244 -0.45729551D+05    0.0135751    0.0000003  EM
            245 -0.45729537D+05    0.0134756    0.0000003  EM
            246 -0.45729524D+05    0.0133772    0.0000003  EM
            247 -0.45729510D+05    0.0132799    0.0000003  EM
            248 -0.45729497D+05    0.0131836    0.0000003  EM
            249 -0.45729484D+05    0.0130884    0.0000003  EM
            250 -0.45729471D+05    0.0129943    0.0000003  EM
            251 -0.45729458D+05    0.0129012    0.0000003  EM
            252 -0.45729445D+05    0.0128091    0.0000003  EM
            253 -0.45729433D+05    0.0127180    0.0000003  EM
            254 -0.45729420D+05    0.0126279    0.0000003  EM
            255 -0.45729408D+05    0.0125388    0.0000003  EM
            256 -0.45729395D+05    0.0124506    0.0000003  EM
            257 -0.45729383D+05    0.0123633    0.0000003  EM
            258 -0.45729370D+05    0.0122770    0.0000003  EM
            259 -0.45729358D+05    0.0121916    0.0000003  EM
            260 -0.45729346D+05    0.0121071    0.0000003  EM
            261 -0.45729334D+05    0.0120234    0.0000003  EM
            262 -0.45729322D+05    0.0119407    0.0000003  EM
            263 -0.45729310D+05    0.0118588    0.0000003  EM
            264 -0.45729299D+05    0.0117778    0.0000003  EM
            265 -0.45729287D+05    0.0116976    0.0000003  EM
            266 -0.45729275D+05    0.0116182    0.0000003  EM
            267 -0.45729264D+05    0.0115397    0.0000003  EM
            268 -0.45729252D+05    0.0114619    0.0000003  EM
            269 -0.45729241D+05    0.0113850    0.0000002  EM
            270 -0.45729230D+05    0.0113088    0.0000002  EM
            271 -0.45729218D+05    0.0112334    0.0000002  EM
            272 -0.45729207D+05    0.0111588    0.0000002  EM
            273 -0.45729196D+05    0.0110849    0.0000002  EM
            274 -0.45729185D+05    0.0110117    0.0000002  EM
            275 -0.45729174D+05    0.0109393    0.0000002  EM
            276 -0.45729163D+05    0.0108677    0.0000002  EM
            277 -0.45729152D+05    0.0107967    0.0000002  EM
            278 -0.45729142D+05    0.0107264    0.0000002  EM
            279 -0.45729131D+05    0.0106568    0.0000002  EM
            280 -0.45729121D+05    0.0105879    0.0000002  EM
            281 -0.45729110D+05    0.0105197    0.0000002  EM
            282 -0.45729100D+05    0.0104522    0.0000002  EM
            283 -0.45729089D+05    0.0103852    0.0000002  EM
            284 -0.45729079D+05    0.0103190    0.0000002  EM
            285 -0.45729069D+05    0.0102534    0.0000002  EM
            286 -0.45729058D+05    0.0101884    0.0000002  EM
            287 -0.45729048D+05    0.0101240    0.0000002  EM
            288 -0.45729038D+05    0.0100603    0.0000002  EM
            289 -0.45729028D+05    0.0099972    0.0000002  EM
            290 -0.45729018D+05    0.0099347    0.0000002  EM
            291 -0.45729008D+05    0.0098727    0.0000002  EM
            292 -0.45728999D+05    0.0098114    0.0000002  EM
            293 -0.45728989D+05    0.0097506    0.0000002  EM
            294 -0.45728979D+05    0.0096904    0.0000002  EM
            295 -0.45728970D+05    0.0096307    0.0000002  EM
            296 -0.45728960D+05    0.0095717    0.0000002  EM
            297 -0.45728950D+05    0.0095131    0.0000002  EM
            298 -0.45728941D+05    0.0094551    0.0000002  EM
            299 -0.45728932D+05    0.0093977    0.0000002  EM
            300 -0.45728922D+05    0.0093407    0.0000002  EM
            301 -0.45728913D+05    0.0092843    0.0000002  EM
            302 -0.45728904D+05    0.0092284    0.0000002  EM
            303 -0.45728895D+05    0.0091731    0.0000002  EM
            304 -0.45728885D+05    0.0091182    0.0000002  EM
            305 -0.45728876D+05    0.0090638    0.0000002  EM
            306 -0.45728867D+05    0.0090099    0.0000002  EM
            307 -0.45728858D+05    0.0089565    0.0000002  EM
            308 -0.45728849D+05    0.0089036    0.0000002  EM
            309 -0.45728841D+05    0.0088511    0.0000002  EM
            310 -0.45728832D+05    0.0087991    0.0000002  EM
            311 -0.45728823D+05    0.0087476    0.0000002  EM
            312 -0.45728814D+05    0.0086965    0.0000002  EM
            313 -0.45728806D+05    0.0086459    0.0000002  EM
            314 -0.45728797D+05    0.0085958    0.0000002  EM
            315 -0.45728789D+05    0.0085460    0.0000002  EM
            316 -0.45728780D+05    0.0084967    0.0000002  EM
            317 -0.45728772D+05    0.0084479    0.0000002  EM
            318 -0.45728763D+05    0.0083994    0.0000002  EM
            319 -0.45728755D+05    0.0083514    0.0000002  EM
            320 -0.45728747D+05    0.0083038    0.0000002  EM
            321 -0.45728738D+05    0.0082566    0.0000002  EM
            322 -0.45728730D+05    0.0082098    0.0000002  EM
            323 -0.45728722D+05    0.0081634    0.0000002  EM
            324 -0.45728714D+05    0.0081175    0.0000002  EM
            325 -0.45728706D+05    0.0080719    0.0000002  EM
            326 -0.45728698D+05    0.0080267    0.0000002  EM
            327 -0.45728690D+05    0.0079818    0.0000002  EM
            328 -0.45728682D+05    0.0079374    0.0000002  EM
            329 -0.45728674D+05    0.0078933    0.0000002  EM
            330 -0.45728666D+05    0.0078496    0.0000002  EM
            331 -0.45728658D+05    0.0078063    0.0000002  EM
            332 -0.45728651D+05    0.0077633    0.0000002  EM
            333 -0.45728643D+05    0.0077207    0.0000002  EM
            334 -0.45728635D+05    0.0076785    0.0000002  EM
            335 -0.45728628D+05    0.0076365    0.0000002  EM
            336 -0.45728620D+05    0.0075950    0.0000002  EM
            337 -0.45728612D+05    0.0075538    0.0000002  EM
            338 -0.45728605D+05    0.0075129    0.0000002  EM
            339 -0.45728597D+05    0.0074723    0.0000002  EM
            340 -0.45728590D+05    0.0074321    0.0000002  EM
            341 -0.45728583D+05    0.0073922    0.0000002  EM
            342 -0.45728575D+05    0.0073526    0.0000002  EM
            343 -0.45728568D+05    0.0073134    0.0000002  EM
            344 -0.45728561D+05    0.0072745    0.0000002  EM
            345 -0.45728553D+05    0.0072359    0.0000002  EM
            346 -0.45728546D+05    0.0071976    0.0000002  EM
            347 -0.45728539D+05    0.0071596    0.0000002  EM
            348 -0.45728532D+05    0.0071219    0.0000002  EM
            349 -0.45728525D+05    0.0070845    0.0000002  EM
            350 -0.45728518D+05    0.0070474    0.0000002  EM
            351 -0.45728511D+05    0.0070105    0.0000002  EM
            352 -0.45728504D+05    0.0069741    0.0000002  EM
            353 -0.45728497D+05    0.0069378    0.0000002  EM
            354 -0.45728490D+05    0.0069019    0.0000002  EM
            355 -0.45728483D+05    0.0068662    0.0000002  EM
            356 -0.45728476D+05    0.0068309    0.0000001  EM
            357 -0.45728469D+05    0.0067958    0.0000001  EM
            358 -0.45728463D+05    0.0067609    0.0000001  EM
            359 -0.45728456D+05    0.0067264    0.0000001  EM
            360 -0.45728449D+05    0.0066921    0.0000001  EM
            361 -0.45728443D+05    0.0066580    0.0000001  EM
            362 -0.45728436D+05    0.0066243    0.0000001  EM
            363 -0.45728429D+05    0.0065908    0.0000001  EM
            364 -0.45728423D+05    0.0065575    0.0000001  EM
            365 -0.45728416D+05    0.0065245    0.0000001  EM
            366 -0.45728410D+05    0.0064918    0.0000001  EM
            367 -0.45728403D+05    0.0064593    0.0000001  EM
            368 -0.45728397D+05    0.0064270    0.0000001  EM
            369 -0.45728391D+05    0.0063950    0.0000001  EM
            370 -0.45728384D+05    0.0063632    0.0000001  EM
            371 -0.45728378D+05    0.0063317    0.0000001  EM
            372 -0.45728372D+05    0.0063004    0.0000001  EM
            373 -0.45728365D+05    0.0062694    0.0000001  EM
            374 -0.45728359D+05    0.0062385    0.0000001  EM
            375 -0.45728353D+05    0.0062080    0.0000001  EM
            376 -0.45728347D+05    0.0061776    0.0000001  EM
            377 -0.45728340D+05    0.0061474    0.0000001  EM
            378 -0.45728334D+05    0.0061175    0.0000001  EM
            379 -0.45728328D+05    0.0060878    0.0000001  EM
            380 -0.45728322D+05    0.0060583    0.0000001  EM
            381 -0.45728316D+05    0.0060290    0.0000001  EM
            382 -0.45728310D+05    0.0060000    0.0000001  EM
            383 -0.45728304D+05    0.0059712    0.0000001  EM
            384 -0.45728298D+05    0.0059425    0.0000001  EM
            385 -0.45728292D+05    0.0059141    0.0000001  EM
            386 -0.45728286D+05    0.0058859    0.0000001  EM
            387 -0.45728281D+05    0.0058579    0.0000001  EM
            388 -0.45728275D+05    0.0058300    0.0000001  EM
            389 -0.45728269D+05    0.0058024    0.0000001  EM
            390 -0.45728263D+05    0.0057750    0.0000001  EM
            391 -0.45728257D+05    0.0057478    0.0000001  EM
            392 -0.45728252D+05    0.0057207    0.0000001  EM
            393 -0.45728246D+05    0.0056939    0.0000001  EM
            394 -0.45728240D+05    0.0056673    0.0000001  EM
            395 -0.45728235D+05    0.0056408    0.0000001  EM
            396 -0.45728229D+05    0.0056146    0.0000001  EM
            397 -0.45728224D+05    0.0055885    0.0000001  EM
            398 -0.45728218D+05    0.0055626    0.0000001  EM
            399 -0.45728212D+05    0.0055368    0.0000001  EM
            400 -0.45728207D+05    0.0055113    0.0000001  EM
            401 -0.45728201D+05    0.0054859    0.0000001  EM
            402 -0.45728196D+05    0.0054608    0.0000001  EM
            403 -0.45728191D+05    0.0054357    0.0000001  EM
            404 -0.45728185D+05    0.0054109    0.0000001  EM
            405 -0.45728180D+05    0.0053862    0.0000001  EM
            406 -0.45728174D+05    0.0053618    0.0000001  EM
            407 -0.45728169D+05    0.0053374    0.0000001  EM
            408 -0.45728164D+05    0.0053133    0.0000001  EM
            409 -0.45728158D+05    0.0052892    0.0000001  EM
            410 -0.45728153D+05    0.0052654    0.0000001  EM
            411 -0.45728148D+05    0.0052418    0.0000001  EM
            412 -0.45728143D+05    0.0052183    0.0000001  EM
            413 -0.45728138D+05    0.0051949    0.0000001  EM
            414 -0.45728132D+05    0.0051717    0.0000001  EM
            415 -0.45728127D+05    0.0051487    0.0000001  EM
            416 -0.45728122D+05    0.0051258    0.0000001  EM
            417 -0.45728117D+05    0.0051031    0.0000001  EM
            418 -0.45728112D+05    0.0050805    0.0000001  EM
            419 -0.45728107D+05    0.0050581    0.0000001  EM
            420 -0.45728102D+05    0.0050358    0.0000001  EM
            421 -0.45728097D+05    0.0050137    0.0000001  EM
            422 -0.45728092D+05    0.0049917    0.0000001  EM
            423 -0.45728087D+05    0.0049699    0.0000001  EM
            424 -0.45728082D+05    0.0049482    0.0000001  EM
            425 -0.45728077D+05    0.0049266    0.0000001  EM
            426 -0.45728072D+05    0.0049053    0.0000001  EM
            427 -0.45728067D+05    0.0048840    0.0000001  EM
            428 -0.45728062D+05    0.0048629    0.0000001  EM
            429 -0.45728057D+05    0.0048419    0.0000001  EM
            430 -0.45728053D+05    0.0048210    0.0000001  EM
            431 -0.45728048D+05    0.0048003    0.0000001  EM
            432 -0.45728043D+05    0.0047798    0.0000001  EM
            433 -0.45728038D+05    0.0047593    0.0000001  EM
            434 -0.45728034D+05    0.0047390    0.0000001  EM
            435 -0.45728029D+05    0.0047188    0.0000001  EM
            436 -0.45728024D+05    0.0046987    0.0000001  EM
            437 -0.45728019D+05    0.0046788    0.0000001  EM
            438 -0.45728015D+05    0.0046590    0.0000001  EM
            439 -0.45728010D+05    0.0046393    0.0000001  EM
            440 -0.45728006D+05    0.0046198    0.0000001  EM
            441 -0.45728001D+05    0.0046004    0.0000001  EM
            442 -0.45727996D+05    0.0045811    0.0000001  EM
            443 -0.45727992D+05    0.0045619    0.0000001  EM
            444 -0.45727987D+05    0.0045429    0.0000001  EM
            445 -0.45727983D+05    0.0045240    0.0000001  EM
            446 -0.45727978D+05    0.0045052    0.0000001  EM
            447 -0.45727974D+05    0.0044864    0.0000001  EM
            448 -0.45727969D+05    0.0044679    0.0000001  EM
            449 -0.45727965D+05    0.0044494    0.0000001  EM
            450 -0.45727960D+05    0.0044311    0.0000001  EM
            451 -0.45727956D+05    0.0044128    0.0000001  EM
            452 -0.45727952D+05    0.0043947    0.0000001  EM
            453 -0.45727947D+05    0.0043767    0.0000001  EM
            454 -0.45727943D+05    0.0043588    0.0000001  EM
            455 -0.45727939D+05    0.0043410    0.0000001  EM
            456 -0.45727934D+05    0.0043234    0.0000001  EM
            457 -0.45727930D+05    0.0043058    0.0000001  EM
            458 -0.45727926D+05    0.0042883    0.0000001  EM
            459 -0.45727921D+05    0.0042710    0.0000001  EM
            460 -0.45727917D+05    0.0042538    0.0000001  EM
            461 -0.45727913D+05    0.0042366    0.0000001  EM
            462 -0.45727909D+05    0.0042196    0.0000001  EM
            463 -0.45727904D+05    0.0042027    0.0000001  EM
            464 -0.45727900D+05    0.0041858    0.0000001  EM
            465 -0.45727896D+05    0.0041691    0.0000001  EM
            466 -0.45727892D+05    0.0041525    0.0000001  EM
            467 -0.45727888D+05    0.0041360    0.0000001  EM
            468 -0.45727884D+05    0.0041195    0.0000001  EM
            469 -0.45727880D+05    0.0041032    0.0000001  EM
            470 -0.45727875D+05    0.0040870    0.0000001  EM
            471 -0.45727871D+05    0.0040708    0.0000001  EM
            472 -0.45727867D+05    0.0040548    0.0000001  EM
            473 -0.45727863D+05    0.0040389    0.0000001  EM
            474 -0.45727859D+05    0.0040230    0.0000001  EM
            475 -0.45727855D+05    0.0040073    0.0000001  EM
            476 -0.45727851D+05    0.0039916    0.0000001  EM
            477 -0.45727847D+05    0.0039760    0.0000001  EM
            478 -0.45727843D+05    0.0039605    0.0000001  EM
            479 -0.45727839D+05    0.0039452    0.0000001  EM
            480 -0.45727835D+05    0.0039299    0.0000001  EM
            481 -0.45727832D+05    0.0039147    0.0000001  EM
            482 -0.45727828D+05    0.0038996    0.0000001  EM
            483 -0.45727824D+05    0.0038845    0.0000001  EM
            484 -0.45727820D+05    0.0038696    0.0000001  EM
            485 -0.45727816D+05    0.0038547    0.0000001  EM
            486 -0.45727812D+05    0.0038400    0.0000001  EM
            487 -0.45727808D+05    0.0038253    0.0000001  EM
            488 -0.45727805D+05    0.0038107    0.0000001  EM
            489 -0.45727801D+05    0.0037962    0.0000001  EM
            490 -0.45727797D+05    0.0037818    0.0000001  EM
            491 -0.45727793D+05    0.0037674    0.0000001  EM
            492 -0.45727789D+05    0.0037532    0.0000001  EM
            493 -0.45727786D+05    0.0037390    0.0000001  EM
            494 -0.45727782D+05    0.0037249    0.0000001  EM
            495 -0.45727778D+05    0.0037109    0.0000001  EM
            496 -0.45727775D+05    0.0036969    0.0000001  EM
            497 -0.45727771D+05    0.0036831    0.0000001  EM
            498 -0.45727767D+05    0.0036693    0.0000001  EM
            499 -0.45727764D+05    0.0036556    0.0000001  EM
            500 -0.45727760D+05    0.0036419    0.0000001  EM
            501 -0.45727756D+05    0.0036284    0.0000001  EM
            502 -0.45727753D+05    0.0036149    0.0000001  EM
            503 -0.45727749D+05    0.0036015    0.0000001  EM
            504 -0.45727746D+05    0.0035882    0.0000001  EM
            505 -0.45727742D+05    0.0035750    0.0000001  EM
            506 -0.45727738D+05    0.0035617    0.0000001  EM
            507 -0.45727735D+05    0.0035487    0.0000001  EM
            508 -0.45727731D+05    0.0035356    0.0000001  EM
            509 -0.45727728D+05    0.0035227    0.0000001  EM
            510 -0.45727724D+05    0.0035098    0.0000001  EM
            511 -0.45727721D+05    0.0034970    0.0000001  EM
            512 -0.45727717D+05    0.0034842    0.0000001  EM
            513 -0.45727714D+05    0.0034716    0.0000001  EM
            514 -0.45727710D+05    0.0034590    0.0000001  EM
            515 -0.45727707D+05    0.0034465    0.0000001  EM
            516 -0.45727703D+05    0.0034340    0.0000001  EM
            517 -0.45727700D+05    0.0034216    0.0000001  EM
            518 -0.45727697D+05    0.0034093    0.0000001  EM
            519 -0.45727693D+05    0.0033970    0.0000001  EM
            520 -0.45727690D+05    0.0033848    0.0000001  EM
            521 -0.45727686D+05    0.0033727    0.0000001  EM
            522 -0.45727683D+05    0.0033606    0.0000001  EM
            523 -0.45727680D+05    0.0033486    0.0000001  EM
            524 -0.45727676D+05    0.0033366    0.0000001  EM
            525 -0.45727673D+05    0.0033248    0.0000001  EM
            526 -0.45727670D+05    0.0033130    0.0000001  EM
            527 -0.45727666D+05    0.0033012    0.0000001  EM
            528 -0.45727663D+05    0.0032896    0.0000001  EM
            529 -0.45727660D+05    0.0032779    0.0000001  EM
            530 -0.45727657D+05    0.0032664    0.0000001  EM
            531 -0.45727653D+05    0.0032549    0.0000001  EM
            532 -0.45727650D+05    0.0032435    0.0000001  EM
            533 -0.45727647D+05    0.0032321    0.0000001  EM
            534 -0.45727644D+05    0.0032208    0.0000001  EM
            535 -0.45727641D+05    0.0032095    0.0000001  EM
            536 -0.45727637D+05    0.0031983    0.0000001  EM
            537 -0.45727634D+05    0.0031872    0.0000001  EM
            538 -0.45727631D+05    0.0031761    0.0000001  EM
            539 -0.45727628D+05    0.0031651    0.0000001  EM
            540 -0.45727625D+05    0.0031542    0.0000001  EM
            541 -0.45727621D+05    0.0031433    0.0000001  EM
            542 -0.45727618D+05    0.0031324    0.0000001  EM
            543 -0.45727615D+05    0.0031216    0.0000001  EM
            544 -0.45727612D+05    0.0031109    0.0000001  EM
            545 -0.45727609D+05    0.0031002    0.0000001  EM
            546 -0.45727606D+05    0.0030896    0.0000001  EM
            547 -0.45727603D+05    0.0030790    0.0000001  EM
            548 -0.45727600D+05    0.0030685    0.0000001  EM
            549 -0.45727597D+05    0.0030581    0.0000001  EM
            550 -0.45727594D+05    0.0030476    0.0000001  EM
            551 -0.45727591D+05    0.0030373    0.0000001  EM
            552 -0.45727588D+05    0.0030270    0.0000001  EM
            553 -0.45727585D+05    0.0030167    0.0000001  EM
            554 -0.45727582D+05    0.0030065    0.0000001  EM
            555 -0.45727579D+05    0.0029964    0.0000001  EM
            556 -0.45727576D+05    0.0029864    0.0000001  EM
            557 -0.45727573D+05    0.0029763    0.0000001  EM
            558 -0.45727570D+05    0.0029663    0.0000001  EM
            559 -0.45727567D+05    0.0029564    0.0000001  EM
            560 -0.45727564D+05    0.0029465    0.0000001  EM
            561 -0.45727561D+05    0.0029367    0.0000001  EM
            562 -0.45727558D+05    0.0029268    0.0000001  EM
            563 -0.45727555D+05    0.0029171    0.0000001  EM
            564 -0.45727552D+05    0.0029075    0.0000001  EM
            565 -0.45727549D+05    0.0028978    0.0000001  EM
            566 -0.45727546D+05    0.0028882    0.0000001  EM
            567 -0.45727543D+05    0.0028787    0.0000001  EM
            568 -0.45727541D+05    0.0028692    0.0000001  EM
            569 -0.45727538D+05    0.0028597    0.0000001  EM
            570 -0.45727535D+05    0.0028503    0.0000001  EM
            571 -0.45727532D+05    0.0028409    0.0000001  EM
            572 -0.45727529D+05    0.0028317    0.0000001  EM
            573 -0.45727526D+05    0.0028224    0.0000001  EM
            574 -0.45727524D+05    0.0028132    0.0000001  EM
            575 -0.45727521D+05    0.0028040    0.0000001  EM
            576 -0.45727518D+05    0.0027949    0.0000001  EM
            577 -0.45727515D+05    0.0027859    0.0000001  EM
            578 -0.45727512D+05    0.0027768    0.0000001  EM
            579 -0.45727510D+05    0.0027678    0.0000001  EM
            580 -0.45727507D+05    0.0027588    0.0000001  EM
            581 -0.45727504D+05    0.0027500    0.0000001  EM
            582 -0.45727501D+05    0.0027411    0.0000001  EM
            583 -0.45727499D+05    0.0027323    0.0000001  EM
            584 -0.45727496D+05    0.0027235    0.0000001  EM
            585 -0.45727493D+05    0.0027147    0.0000001  EM
            586 -0.45727490D+05    0.0027061    0.0000001  EM
            587 -0.45727488D+05    0.0026974    0.0000001  EM
            588 -0.45727485D+05    0.0026888    0.0000001  EM
            589 -0.45727482D+05    0.0026802    0.0000001  EM
            590 -0.45727480D+05    0.0026717    0.0000001  EM
            591 -0.45727477D+05    0.0026633    0.0000001  EM
            592 -0.45727474D+05    0.0026548    0.0000001  EM
            593 -0.45727472D+05    0.0026464    0.0000001  EM
            594 -0.45727469D+05    0.0026381    0.0000001  EM
            595 -0.45727466D+05    0.0026297    0.0000001  EM
            596 -0.45727464D+05    0.0026214    0.0000001  EM
            597 -0.45727461D+05    0.0026132    0.0000001  EM
            598 -0.45727459D+05    0.0026050    0.0000001  EM
            599 -0.45727456D+05    0.0025968    0.0000001  EM
            600 -0.45727453D+05    0.0025887    0.0000001  EM
            601 -0.45727451D+05    0.0025806    0.0000001  EM
            602 -0.45727448D+05    0.0025726    0.0000001  EM
            603 -0.45727446D+05    0.0025645    0.0000001  EM
            604 -0.45727443D+05    0.0025566    0.0000001  EM
            605 -0.45727441D+05    0.0025487    0.0000001  EM
            606 -0.45727438D+05    0.0025408    0.0000001  EM
            607 -0.45727436D+05    0.0025329    0.0000001  EM
            608 -0.45727433D+05    0.0025251    0.0000001  EM
            609 -0.45727431D+05    0.0025173    0.0000001  EM
            610 -0.45727428D+05    0.0025095    0.0000001  EM
            611 -0.45727426D+05    0.0025018    0.0000001  EM
            612 -0.45727423D+05    0.0024941    0.0000001  EM
            613 -0.45727421D+05    0.0024865    0.0000001  EM
            614 -0.45727418D+05    0.0024789    0.0000001  EM
            615 -0.45727416D+05    0.0024713    0.0000001  EM
            616 -0.45727413D+05    0.0024638    0.0000001  EM
            617 -0.45727411D+05    0.0024562    0.0000001  EM
            618 -0.45727408D+05    0.0024488    0.0000001  EM
            619 -0.45727406D+05    0.0024414    0.0000001  EM
            620 -0.45727403D+05    0.0024340    0.0000001  EM
            621 -0.45727401D+05    0.0024266    0.0000001  EM
            622 -0.45727398D+05    0.0024192    0.0000001  EM
            623 -0.45727396D+05    0.0024120    0.0000001  EM
            624 -0.45727394D+05    0.0024047    0.0000001  EM
            625 -0.45727391D+05    0.0023975    0.0000001  EM
            626 -0.45727389D+05    0.0023902    0.0000001  EM
            627 -0.45727387D+05    0.0023830    0.0000001  EM
            628 -0.45727384D+05    0.0023760    0.0000001  EM
            629 -0.45727382D+05    0.0023688    0.0000001  EM
            630 -0.45727379D+05    0.0023618    0.0000001  EM
            631 -0.45727377D+05    0.0023547    0.0000001  EM
            632 -0.45727375D+05    0.0023477    0.0000001  EM
            633 -0.45727372D+05    0.0023408    0.0000001  EM
            634 -0.45727370D+05    0.0023338    0.0000001  EM
            635 -0.45727368D+05    0.0023269    0.0000001  EM
            636 -0.45727365D+05    0.0023200    0.0000001  EM
            637 -0.45727363D+05    0.0023131    0.0000001  EM
            638 -0.45727361D+05    0.0023064    0.0000001  EM
            639 -0.45727358D+05    0.0022995    0.0000001  EM
            640 -0.45727356D+05    0.0022928    0.0000001  EM
            641 -0.45727354D+05    0.0022860    0.0000000  EM
            642 -0.45727352D+05    0.0022793    0.0000000  EM
            643 -0.45727349D+05    0.0022727    0.0000000  EM
            644 -0.45727347D+05    0.0022660    0.0000000  EM
            645 -0.45727345D+05    0.0022594    0.0000000  EM
            646 -0.45727343D+05    0.0022528    0.0000000  EM
            647 -0.45727340D+05    0.0022463    0.0000000  EM
            648 -0.45727338D+05    0.0022398    0.0000000  EM
            649 -0.45727336D+05    0.0022332    0.0000000  EM
            650 -0.45727334D+05    0.0022268    0.0000000  EM
            651 -0.45727331D+05    0.0022203    0.0000000  EM
            652 -0.45727329D+05    0.0022139    0.0000000  EM
            653 -0.45727327D+05    0.0022076    0.0000000  EM
            654 -0.45727325D+05    0.0022012    0.0000000  EM
            655 -0.45727323D+05    0.0021949    0.0000000  EM
            656 -0.45727320D+05    0.0021886    0.0000000  EM
            657 -0.45727318D+05    0.0021823    0.0000000  EM
            658 -0.45727316D+05    0.0021761    0.0000000  EM
            659 -0.45727314D+05    0.0021698    0.0000000  EM
            660 -0.45727312D+05    0.0021636    0.0000000  EM
            661 -0.45727310D+05    0.0021575    0.0000000  EM
            662 -0.45727307D+05    0.0021513    0.0000000  EM
            663 -0.45727305D+05    0.0021452    0.0000000  EM
            664 -0.45727303D+05    0.0021392    0.0000000  EM
            665 -0.45727301D+05    0.0021331    0.0000000  EM
            666 -0.45727299D+05    0.0021270    0.0000000  EM
            667 -0.45727297D+05    0.0021210    0.0000000  EM
            668 -0.45727295D+05    0.0021151    0.0000000  EM
            669 -0.45727292D+05    0.0021091    0.0000000  EM
            670 -0.45727290D+05    0.0021032    0.0000000  EM
            671 -0.45727288D+05    0.0020972    0.0000000  EM
            672 -0.45727286D+05    0.0020914    0.0000000  EM
            673 -0.45727284D+05    0.0020855    0.0000000  EM
            674 -0.45727282D+05    0.0020797    0.0000000  EM
            675 -0.45727280D+05    0.0020739    0.0000000  EM
            676 -0.45727278D+05    0.0020681    0.0000000  EM
            677 -0.45727276D+05    0.0020623    0.0000000  EM
            678 -0.45727274D+05    0.0020566    0.0000000  EM
            679 -0.45727272D+05    0.0020509    0.0000000  EM
            680 -0.45727270D+05    0.0020452    0.0000000  EM
            681 -0.45727268D+05    0.0020395    0.0000000  EM
            682 -0.45727266D+05    0.0020339    0.0000000  EM
            683 -0.45727264D+05    0.0020283    0.0000000  EM
            684 -0.45727262D+05    0.0020227    0.0000000  EM
            685 -0.45727260D+05    0.0020171    0.0000000  EM
            686 -0.45727258D+05    0.0020116    0.0000000  EM
            687 -0.45727256D+05    0.0020060    0.0000000  EM
            688 -0.45727254D+05    0.0020005    0.0000000  EM
            689 -0.45727252D+05    0.0019950    0.0000000  EM
            690 -0.45727250D+05    0.0019896    0.0000000  EM
            691 -0.45727248D+05    0.0019842    0.0000000  EM
            692 -0.45727246D+05    0.0019788    0.0000000  EM
            693 -0.45727244D+05    0.0019733    0.0000000  EM
            694 -0.45727242D+05    0.0019680    0.0000000  EM
            695 -0.45727240D+05    0.0019627    0.0000000  EM
            696 -0.45727238D+05    0.0019573    0.0000000  EM
            697 -0.45727236D+05    0.0019520    0.0000000  EM
            698 -0.45727234D+05    0.0019468    0.0000000  EM
            699 -0.45727232D+05    0.0019415    0.0000000  EM
            700 -0.45727230D+05    0.0019363    0.0000000  EM
            701 -0.45727228D+05    0.0019311    0.0000000  EM
            702 -0.45727226D+05    0.0019259    0.0000000  EM
            703 -0.45727224D+05    0.0019207    0.0000000  EM
            704 -0.45727222D+05    0.0019156    0.0000000  EM
            705 -0.45727220D+05    0.0019104    0.0000000  EM
            706 -0.45727218D+05    0.0019053    0.0000000  EM
            707 -0.45727217D+05    0.0019003    0.0000000  EM
            708 -0.45727215D+05    0.0018952    0.0000000  EM
            709 -0.45727213D+05    0.0018901    0.0000000  EM
            710 -0.45727211D+05    0.0018851    0.0000000  EM
            711 -0.45727209D+05    0.0018801    0.0000000  EM
            712 -0.45727207D+05    0.0018751    0.0000000  EM
            713 -0.45727205D+05    0.0018701    0.0000000  EM
            714 -0.45727203D+05    0.0018652    0.0000000  EM
            715 -0.45727201D+05    0.0018603    0.0000000  EM
            716 -0.45727200D+05    0.0018553    0.0000000  EM
            717 -0.45727198D+05    0.0018504    0.0000000  EM
            718 -0.45727196D+05    0.0018456    0.0000000  EM
            719 -0.45727194D+05    0.0018408    0.0000000  EM
            720 -0.45727192D+05    0.0018359    0.0000000  EM
            721 -0.45727190D+05    0.0018311    0.0000000  EM
            722 -0.45727189D+05    0.0018263    0.0000000  EM
            723 -0.45727187D+05    0.0018216    0.0000000  EM
            724 -0.45727185D+05    0.0018167    0.0000000  EM
            725 -0.45727183D+05    0.0018121    0.0000000  EM
            726 -0.45727181D+05    0.0018073    0.0000000  EM
            727 -0.45727180D+05    0.0018026    0.0000000  EM
            728 -0.45727178D+05    0.0017980    0.0000000  EM
            729 -0.45727176D+05    0.0017933    0.0000000  EM
            730 -0.45727174D+05    0.0017886    0.0000000  EM
            731 -0.45727172D+05    0.0017841    0.0000000  EM
            732 -0.45727171D+05    0.0017794    0.0000000  EM
            733 -0.45727169D+05    0.0017748    0.0000000  EM
            734 -0.45727167D+05    0.0017702    0.0000000  EM
            735 -0.45727165D+05    0.0017657    0.0000000  EM
            736 -0.45727164D+05    0.0017611    0.0000000  EM
            737 -0.45727162D+05    0.0017567    0.0000000  EM
            738 -0.45727160D+05    0.0017521    0.0000000  EM
            739 -0.45727158D+05    0.0017477    0.0000000  EM
            740 -0.45727157D+05    0.0017432    0.0000000  EM
            741 -0.45727155D+05    0.0017388    0.0000000  EM
            742 -0.45727153D+05    0.0017343    0.0000000  EM
            743 -0.45727151D+05    0.0017299    0.0000000  EM
            744 -0.45727150D+05    0.0017255    0.0000000  EM
            745 -0.45727148D+05    0.0017212    0.0000000  EM
            746 -0.45727146D+05    0.0017167    0.0000000  EM
            747 -0.45727144D+05    0.0017124    0.0000000  EM
            748 -0.45727143D+05    0.0017080    0.0000000  EM
            749 -0.45727141D+05    0.0017038    0.0000000  EM
            750 -0.45727139D+05    0.0016995    0.0000000  EM
            751 -0.45727138D+05    0.0016952    0.0000000  EM
            752 -0.45727136D+05    0.0016909    0.0000000  EM
            753 -0.45727134D+05    0.0016867    0.0000000  EM
            754 -0.45727133D+05    0.0016824    0.0000000  EM
            755 -0.45727131D+05    0.0016783    0.0000000  EM
            756 -0.45727129D+05    0.0016740    0.0000000  EM
            757 -0.45727128D+05    0.0016699    0.0000000  EM
            758 -0.45727126D+05    0.0016657    0.0000000  EM
            759 -0.45727124D+05    0.0016615    0.0000000  EM
            760 -0.45727123D+05    0.0016574    0.0000000  EM
            761 -0.45727121D+05    0.0016532    0.0000000  EM
            762 -0.45727119D+05    0.0016492    0.0000000  EM
            763 -0.45727118D+05    0.0016451    0.0000000  EM
            764 -0.45727116D+05    0.0016410    0.0000000  EM
            765 -0.45727114D+05    0.0016370    0.0000000  EM
            766 -0.45727113D+05    0.0016329    0.0000000  EM
            767 -0.45727111D+05    0.0016288    0.0000000  EM
            768 -0.45727109D+05    0.0016249    0.0000000  EM
            769 -0.45727108D+05    0.0016208    0.0000000  EM
            770 -0.45727106D+05    0.0016169    0.0000000  EM
            771 -0.45727105D+05    0.0016129    0.0000000  EM
            772 -0.45727103D+05    0.0016089    0.0000000  EM
            773 -0.45727101D+05    0.0016050    0.0000000  EM
            774 -0.45727100D+05    0.0016011    0.0000000  EM
            775 -0.45727098D+05    0.0015971    0.0000000  EM
            776 -0.45727097D+05    0.0015933    0.0000000  EM
            777 -0.45727095D+05    0.0015894    0.0000000  EM
            778 -0.45727093D+05    0.0015855    0.0000000  EM
            779 -0.45727092D+05    0.0015817    0.0000000  EM
            780 -0.45727090D+05    0.0015778    0.0000000  EM
            781 -0.45727089D+05    0.0015740    0.0000000  EM
            782 -0.45727087D+05    0.0015702    0.0000000  EM
            783 -0.45727086D+05    0.0015664    0.0000000  EM
            784 -0.45727084D+05    0.0015626    0.0000000  EM
            785 -0.45727082D+05    0.0015588    0.0000000  EM
            786 -0.45727081D+05    0.0015551    0.0000000  EM
            787 -0.45727079D+05    0.0015513    0.0000000  EM
            788 -0.45727078D+05    0.0015476    0.0000000  EM
            789 -0.45727076D+05    0.0015439    0.0000000  EM
            790 -0.45727075D+05    0.0015402    0.0000000  EM
            791 -0.45727073D+05    0.0015365    0.0000000  EM
            792 -0.45727072D+05    0.0015328    0.0000000  EM
            793 -0.45727070D+05    0.0015292    0.0000000  EM
            794 -0.45727069D+05    0.0015255    0.0000000  EM
            795 -0.45727067D+05    0.0015219    0.0000000  EM
            796 -0.45727066D+05    0.0015182    0.0000000  EM
            797 -0.45727064D+05    0.0015146    0.0000000  EM
            798 -0.45727063D+05    0.0015110    0.0000000  EM
            799 -0.45727061D+05    0.0015074    0.0000000  EM
            800 -0.45727060D+05    0.0015039    0.0000000  EM
            801 -0.45727058D+05    0.0015003    0.0000000  EM
            802 -0.45727057D+05    0.0014968    0.0000000  EM
            803 -0.45727055D+05    0.0014932    0.0000000  EM
            804 -0.45727054D+05    0.0014897    0.0000000  EM
            805 -0.45727052D+05    0.0014862    0.0000000  EM
            806 -0.45727051D+05    0.0014828    0.0000000  EM
            807 -0.45727049D+05    0.0014792    0.0000000  EM
            808 -0.45727048D+05    0.0014757    0.0000000  EM
            809 -0.45727046D+05    0.0014723    0.0000000  EM
            810 -0.45727045D+05    0.0014688    0.0000000  EM
            811 -0.45727043D+05    0.0014655    0.0000000  EM
            812 -0.45727042D+05    0.0014620    0.0000000  EM
            813 -0.45727040D+05    0.0014586    0.0000000  EM
            814 -0.45727039D+05    0.0014552    0.0000000  EM
            815 -0.45727037D+05    0.0014518    0.0000000  EM
            816 -0.45727036D+05    0.0014484    0.0000000  EM
            817 -0.45727034D+05    0.0014451    0.0000000  EM
            818 -0.45727033D+05    0.0014417    0.0000000  EM
            819 -0.45727032D+05    0.0014383    0.0000000  EM
            820 -0.45727030D+05    0.0014351    0.0000000  EM
            821 -0.45727029D+05    0.0014317    0.0000000  EM
            822 -0.45727027D+05    0.0014284    0.0000000  EM
            823 -0.45727026D+05    0.0014252    0.0000000  EM
            824 -0.45727024D+05    0.0014218    0.0000000  EM
            825 -0.45727023D+05    0.0014186    0.0000000  EM
            826 -0.45727022D+05    0.0014153    0.0000000  EM
            827 -0.45727020D+05    0.0014121    0.0000000  EM
            828 -0.45727019D+05    0.0014088    0.0000000  EM
            829 -0.45727017D+05    0.0014056    0.0000000  EM
            830 -0.45727016D+05    0.0014024    0.0000000  EM
            831 -0.45727015D+05    0.0013992    0.0000000  EM
            832 -0.45727013D+05    0.0013961    0.0000000  EM
            833 -0.45727012D+05    0.0013928    0.0000000  EM
            834 -0.45727010D+05    0.0013897    0.0000000  EM
            835 -0.45727009D+05    0.0013865    0.0000000  EM
            836 -0.45727008D+05    0.0013833    0.0000000  EM
            837 -0.45727006D+05    0.0013802    0.0000000  EM
            838 -0.45727005D+05    0.0013772    0.0000000  EM
            839 -0.45727004D+05    0.0013740    0.0000000  EM
            840 -0.45727002D+05    0.0013709    0.0000000  EM
            841 -0.45727001D+05    0.0013678    0.0000000  EM
            842 -0.45726999D+05    0.0013647    0.0000000  EM
            843 -0.45726998D+05    0.0013616    0.0000000  EM
            844 -0.45726997D+05    0.0013586    0.0000000  EM
            845 -0.45726995D+05    0.0013555    0.0000000  EM
            846 -0.45726994D+05    0.0013525    0.0000000  EM
            847 -0.45726993D+05    0.0013495    0.0000000  EM
            848 -0.45726991D+05    0.0013464    0.0000000  EM
            849 -0.45726990D+05    0.0013434    0.0000000  EM
            850 -0.45726989D+05    0.0013404    0.0000000  EM
            851 -0.45726987D+05    0.0013374    0.0000000  EM
            852 -0.45726986D+05    0.0013345    0.0000000  EM
            853 -0.45726985D+05    0.0013315    0.0000000  EM
            854 -0.45726983D+05    0.0013285    0.0000000  EM
            855 -0.45726982D+05    0.0013255    0.0000000  EM
            856 -0.45726981D+05    0.0013226    0.0000000  EM
            857 -0.45726979D+05    0.0013196    0.0000000  EM
            858 -0.45726978D+05    0.0013168    0.0000000  EM
            859 -0.45726977D+05    0.0013138    0.0000000  EM
            860 -0.45726975D+05    0.0013109    0.0000000  EM
            861 -0.45726974D+05    0.0013081    0.0000000  EM
            862 -0.45726973D+05    0.0013052    0.0000000  EM
            863 -0.45726971D+05    0.0013022    0.0000000  EM
            864 -0.45726970D+05    0.0012995    0.0000000  EM
            865 -0.45726969D+05    0.0012966    0.0000000  EM
            866 -0.45726968D+05    0.0012937    0.0000000  EM
            867 -0.45726966D+05    0.0012909    0.0000000  EM
            868 -0.45726965D+05    0.0012881    0.0000000  EM
            869 -0.45726964D+05    0.0012852    0.0000000  EM
            870 -0.45726962D+05    0.0012825    0.0000000  EM
            871 -0.45726961D+05    0.0012797    0.0000000  EM
            872 -0.45726960D+05    0.0012769    0.0000000  EM
            873 -0.45726959D+05    0.0012741    0.0000000  EM
            874 -0.45726957D+05    0.0012713    0.0000000  EM
            875 -0.45726956D+05    0.0012686    0.0000000  EM
            876 -0.45726955D+05    0.0012658    0.0000000  EM
            877 -0.45726954D+05    0.0012631    0.0000000  EM
            878 -0.45726952D+05    0.0012603    0.0000000  EM
            879 -0.45726951D+05    0.0012576    0.0000000  EM
            880 -0.45726950D+05    0.0012549    0.0000000  EM
            881 -0.45726948D+05    0.0012522    0.0000000  EM
            882 -0.45726947D+05    0.0012495    0.0000000  EM
            883 -0.45726946D+05    0.0012468    0.0000000  EM
            884 -0.45726945D+05    0.0012440    0.0000000  EM
            885 -0.45726944D+05    0.0012415    0.0000000  EM
            886 -0.45726942D+05    0.0012387    0.0000000  EM
            887 -0.45726941D+05    0.0012361    0.0000000  EM
            888 -0.45726940D+05    0.0012335    0.0000000  EM
            889 -0.45726939D+05    0.0012308    0.0000000  EM
            890 -0.45726937D+05    0.0012282    0.0000000  EM
            891 -0.45726936D+05    0.0012256    0.0000000  EM
            892 -0.45726935D+05    0.0012230    0.0000000  EM
            893 -0.45726934D+05    0.0012204    0.0000000  EM
            894 -0.45726932D+05    0.0012178    0.0000000  EM
            895 -0.45726931D+05    0.0012152    0.0000000  EM
            896 -0.45726930D+05    0.0012126    0.0000000  EM
            897 -0.45726929D+05    0.0012100    0.0000000  EM
            898 -0.45726928D+05    0.0012075    0.0000000  EM
            899 -0.45726926D+05    0.0012049    0.0000000  EM
            900 -0.45726925D+05    0.0012024    0.0000000  EM
            901 -0.45726924D+05    0.0011998    0.0000000  EM
            902 -0.45726923D+05    0.0011973    0.0000000  EM
            903 -0.45726922D+05    0.0011948    0.0000000  EM
            904 -0.45726920D+05    0.0011923    0.0000000  EM
            905 -0.45726919D+05    0.0011897    0.0000000  EM
            906 -0.45726918D+05    0.0011873    0.0000000  EM
            907 -0.45726917D+05    0.0011848    0.0000000  EM
            908 -0.45726916D+05    0.0011823    0.0000000  EM
            909 -0.45726914D+05    0.0011798    0.0000000  EM
            910 -0.45726913D+05    0.0011774    0.0000000  EM
            911 -0.45726912D+05    0.0011749    0.0000000  EM
            912 -0.45726911D+05    0.0011724    0.0000000  EM
            913 -0.45726910D+05    0.0011700    0.0000000  EM
            914 -0.45726909D+05    0.0011676    0.0000000  EM
            915 -0.45726907D+05    0.0011651    0.0000000  EM
            916 -0.45726906D+05    0.0011628    0.0000000  EM
            917 -0.45726905D+05    0.0011603    0.0000000  EM
            918 -0.45726904D+05    0.0011579    0.0000000  EM
            919 -0.45726903D+05    0.0011556    0.0000000  EM
            920 -0.45726902D+05    0.0011531    0.0000000  EM
            921 -0.45726901D+05    0.0011508    0.0000000  EM
            922 -0.45726899D+05    0.0011483    0.0000000  EM
            923 -0.45726898D+05    0.0011460    0.0000000  EM
            924 -0.45726897D+05    0.0011436    0.0000000  EM
            925 -0.45726896D+05    0.0011413    0.0000000  EM
            926 -0.45726895D+05    0.0011390    0.0000000  EM
            927 -0.45726894D+05    0.0011366    0.0000000  EM
            928 -0.45726893D+05    0.0011342    0.0000000  EM
            929 -0.45726891D+05    0.0011320    0.0000000  EM
            930 -0.45726890D+05    0.0011297    0.0000000  EM
            931 -0.45726889D+05    0.0011273    0.0000000  EM
            932 -0.45726888D+05    0.0011250    0.0000000  EM
            933 -0.45726887D+05    0.0011227    0.0000000  EM
            934 -0.45726886D+05    0.0011204    0.0000000  EM
            935 -0.45726885D+05    0.0011182    0.0000000  EM
            936 -0.45726884D+05    0.0011159    0.0000000  EM
            937 -0.45726882D+05    0.0011136    0.0000000  EM
            938 -0.45726881D+05    0.0011113    0.0000000  EM
            939 -0.45726880D+05    0.0011091    0.0000000  EM
            940 -0.45726879D+05    0.0011069    0.0000000  EM
            941 -0.45726878D+05    0.0011046    0.0000000  EM
            942 -0.45726877D+05    0.0011024    0.0000000  EM
            943 -0.45726876D+05    0.0011002    0.0000000  EM
            944 -0.45726875D+05    0.0010979    0.0000000  EM
            945 -0.45726874D+05    0.0010957    0.0000000  EM
            946 -0.45726873D+05    0.0010935    0.0000000  EM
            947 -0.45726871D+05    0.0010913    0.0000000  EM
            948 -0.45726870D+05    0.0010892    0.0000000  EM
            949 -0.45726869D+05    0.0010869    0.0000000  EM
            950 -0.45726868D+05    0.0010848    0.0000000  EM
            951 -0.45726867D+05    0.0010826    0.0000000  EM
            952 -0.45726866D+05    0.0010804    0.0000000  EM
            953 -0.45726865D+05    0.0010783    0.0000000  EM
            954 -0.45726864D+05    0.0010761    0.0000000  EM
            955 -0.45726863D+05    0.0010740    0.0000000  EM
            956 -0.45726862D+05    0.0010718    0.0000000  EM
            957 -0.45726861D+05    0.0010698    0.0000000  EM
            958 -0.45726860D+05    0.0010675    0.0000000  EM
            959 -0.45726858D+05    0.0010654    0.0000000  EM
            960 -0.45726857D+05    0.0010633    0.0000000  EM
            961 -0.45726856D+05    0.0010612    0.0000000  EM
            962 -0.45726855D+05    0.0010591    0.0000000  EM
            963 -0.45726854D+05    0.0010570    0.0000000  EM
            964 -0.45726853D+05    0.0010550    0.0000000  EM
            965 -0.45726852D+05    0.0010528    0.0000000  EM
            966 -0.45726851D+05    0.0010508    0.0000000  EM
            967 -0.45726850D+05    0.0010488    0.0000000  EM
            968 -0.45726849D+05    0.0010466    0.0000000  EM
            969 -0.45726848D+05    0.0010446    0.0000000  EM
            970 -0.45726847D+05    0.0010425    0.0000000  EM
            971 -0.45726846D+05    0.0010405    0.0000000  EM
            972 -0.45726845D+05    0.0010384    0.0000000  EM
            973 -0.45726844D+05    0.0010365    0.0000000  EM
            974 -0.45726843D+05    0.0010344    0.0000000  EM
            975 -0.45726842D+05    0.0010323    0.0000000  EM
            976 -0.45726841D+05    0.0010303    0.0000000  EM
            977 -0.45726840D+05    0.0010284    0.0000000  EM
            978 -0.45726839D+05    0.0010263    0.0000000  EM
            979 -0.45726838D+05    0.0010243    0.0000000  EM
            980 -0.45726837D+05    0.0010224    0.0000000  EM
            981 -0.45726836D+05    0.0010204    0.0000000  EM
            982 -0.45726835D+05    0.0010184    0.0000000  EM
            983 -0.45726834D+05    0.0010164    0.0000000  EM
            984 -0.45726833D+05    0.0010145    0.0000000  EM
            985 -0.45726832D+05    0.0010125    0.0000000  EM
            986 -0.45726830D+05    0.0010105    0.0000000  EM
            987 -0.45726829D+05    0.0010086    0.0000000  EM
            988 -0.45726828D+05    0.0010066    0.0000000  EM
            989 -0.45726827D+05    0.0010046    0.0000000  EM
            990 -0.45726826D+05    0.0010028    0.0000000  EM
            991 -0.45726825D+05    0.0010008    0.0000000  EM
            992 -0.45726824D+05    0.0009989    0.0000000  EM
            993 -0.45726823D+05    0.0009970    0.0000000  EM
            994 -0.45726822D+05    0.0009951    0.0000000  EM
            995 -0.45726821D+05    0.0009932    0.0000000  EM
            996 -0.45726821D+05    0.0009912    0.0000000  EM
            997 -0.45726820D+05    0.0009894    0.0000000  EM
            998 -0.45726819D+05    0.0009875    0.0000000  EM
            999 -0.45726818D+05    0.0009855    0.0000000  EM
           1000 -0.45726817D+05    0.0009837    0.0000000  EM
           1001 -0.45726816D+05    0.0009818    0.0000000  EM
           1002 -0.45726815D+05    0.0009799    0.0000000  EM
           1003 -0.45726814D+05    0.0009781    0.0000000  EM
           1004 -0.45726813D+05    0.0009763    0.0000000  EM
           1005 -0.45726812D+05    0.0009744    0.0000000  EM
           1006 -0.45726811D+05    0.0009725    0.0000000  EM
           1007 -0.45726810D+05    0.0009707    0.0000000  EM
           1008 -0.45726809D+05    0.0009689    0.0000000  EM
           1009 -0.45726808D+05    0.0009671    0.0000000  EM
           1010 -0.45726807D+05    0.0009652    0.0000000  EM
           1011 -0.45726806D+05    0.0009634    0.0000000  EM
           1012 -0.45726805D+05    0.0009616    0.0000000  EM
           1013 -0.45726804D+05    0.0009598    0.0000000  EM
           1014 -0.45726803D+05    0.0009579    0.0000000  EM
           1015 -0.45726802D+05    0.0009561    0.0000000  EM
           1016 -0.45726801D+05    0.0009544    0.0000000  EM
           1017 -0.45726800D+05    0.0009526    0.0000000  EM
           1018 -0.45726799D+05    0.0009508    0.0000000  EM
           1019 -0.45726798D+05    0.0009490    0.0000000  EM
           1020 -0.45726797D+05    0.0009472    0.0000000  EM
           1021 -0.45726796D+05    0.0009454    0.0000000  EM
           1022 -0.45726795D+05    0.0009437    0.0000000  EM
           1023 -0.45726794D+05    0.0009419    0.0000000  EM
           1024 -0.45726793D+05    0.0009402    0.0000000  EM
           1025 -0.45726793D+05    0.0009384    0.0000000  EM
           1026 -0.45726792D+05    0.0009367    0.0000000  EM
           1027 -0.45726791D+05    0.0009350    0.0000000  EM
           1028 -0.45726790D+05    0.0009331    0.0000000  EM
           1029 -0.45726789D+05    0.0009315    0.0000000  EM
           1030 -0.45726788D+05    0.0009297    0.0000000  EM
           1031 -0.45726787D+05    0.0009280    0.0000000  EM
           1032 -0.45726786D+05    0.0009263    0.0000000  EM
           1033 -0.45726785D+05    0.0009246    0.0000000  EM
           1034 -0.45726784D+05    0.0009229    0.0000000  EM
           1035 -0.45726783D+05    0.0009212    0.0000000  EM
           1036 -0.45726782D+05    0.0009195    0.0000000  EM
           1037 -0.45726781D+05    0.0009178    0.0000000  EM
           1038 -0.45726781D+05    0.0009161    0.0000000  EM
           1039 -0.45726780D+05    0.0009144    0.0000000  EM
           1040 -0.45726779D+05    0.0009128    0.0000000  EM
           1041 -0.45726778D+05    0.0009111    0.0000000  EM
           1042 -0.45726777D+05    0.0009094    0.0000000  EM
           1043 -0.45726776D+05    0.0009077    0.0000000  EM
           1044 -0.45726775D+05    0.0009061    0.0000000  EM
           1045 -0.45726774D+05    0.0009044    0.0000000  EM
           1046 -0.45726773D+05    0.0009027    0.0000000  EM
           1047 -0.45726772D+05    0.0009012    0.0000000  EM
           1048 -0.45726771D+05    0.0008995    0.0000000  EM
           1049 -0.45726771D+05    0.0008978    0.0000000  EM
           1050 -0.45726770D+05    0.0008962    0.0000000  EM
           1051 -0.45726769D+05    0.0008946    0.0000000  EM
           1052 -0.45726768D+05    0.0008930    0.0000000  EM
           1053 -0.45726767D+05    0.0008913    0.0000000  EM
           1054 -0.45726766D+05    0.0008898    0.0000000  EM
           1055 -0.45726765D+05    0.0008881    0.0000000  EM
           1056 -0.45726764D+05    0.0008865    0.0000000  EM
           1057 -0.45726763D+05    0.0008849    0.0000000  EM
           1058 -0.45726763D+05    0.0008834    0.0000000  EM
           1059 -0.45726762D+05    0.0008817    0.0000000  EM
           1060 -0.45726761D+05    0.0008801    0.0000000  EM
           1061 -0.45726760D+05    0.0008786    0.0000000  EM
           1062 -0.45726759D+05    0.0008770    0.0000000  EM
           1063 -0.45726758D+05    0.0008753    0.0000000  EM
           1064 -0.45726757D+05    0.0008738    0.0000000  EM
           1065 -0.45726756D+05    0.0008723    0.0000000  EM
           1066 -0.45726756D+05    0.0008707    0.0000000  EM
           1067 -0.45726755D+05    0.0008692    0.0000000  EM
           1068 -0.45726754D+05    0.0008675    0.0000000  EM
           1069 -0.45726753D+05    0.0008661    0.0000000  EM
           1070 -0.45726752D+05    0.0008645    0.0000000  EM
           1071 -0.45726751D+05    0.0008629    0.0000000  EM
           1072 -0.45726750D+05    0.0008615    0.0000000  EM
           1073 -0.45726749D+05    0.0008598    0.0000000  EM
           1074 -0.45726749D+05    0.0008584    0.0000000  EM
           1075 -0.45726748D+05    0.0008568    0.0000000  EM
           1076 -0.45726747D+05    0.0008553    0.0000000  EM
           1077 -0.45726746D+05    0.0008538    0.0000000  EM
           1078 -0.45726745D+05    0.0008522    0.0000000  EM
           1079 -0.45726744D+05    0.0008508    0.0000000  EM
           1080 -0.45726744D+05    0.0008492    0.0000000  EM
           1081 -0.45726743D+05    0.0008477    0.0000000  EM
           1082 -0.45726742D+05    0.0008463    0.0000000  EM
           1083 -0.45726741D+05    0.0008447    0.0000000  EM
           1084 -0.45726740D+05    0.0008433    0.0000000  EM
           1085 -0.45726739D+05    0.0008417    0.0000000  EM
           1086 -0.45726738D+05    0.0008404    0.0000000  EM
           1087 -0.45726738D+05    0.0008388    0.0000000  EM
           1088 -0.45726737D+05    0.0008374    0.0000000  EM
           1089 -0.45726736D+05    0.0008359    0.0000000  EM
           1090 -0.45726735D+05    0.0008345    0.0000000  EM
           1091 -0.45726734D+05    0.0008330    0.0000000  EM
           1092 -0.45726733D+05    0.0008315    0.0000000  EM
           1093 -0.45726733D+05    0.0008300    0.0000000  EM
           1094 -0.45726732D+05    0.0008286    0.0000000  EM
           1095 -0.45726731D+05    0.0008272    0.0000000  EM
           1096 -0.45726730D+05    0.0008257    0.0000000  EM
           1097 -0.45726729D+05    0.0008243    0.0000000  EM
           1098 -0.45726728D+05    0.0008228    0.0000000  EM
           1099 -0.45726728D+05    0.0008214    0.0000000  EM
           1100 -0.45726727D+05    0.0008200    0.0000000  EM
           1101 -0.45726726D+05    0.0008186    0.0000000  EM
           1102 -0.45726725D+05    0.0008171    0.0000000  EM
           1103 -0.45726724D+05    0.0008156    0.0000000  EM
           1104 -0.45726724D+05    0.0008144    0.0000000  EM
           1105 -0.45726723D+05    0.0008129    0.0000000  EM
           1106 -0.45726722D+05    0.0008114    0.0000000  EM
           1107 -0.45726721D+05    0.0008102    0.0000000  EM
           1108 -0.45726720D+05    0.0008087    0.0000000  EM
           1109 -0.45726720D+05    0.0008073    0.0000000  EM
           1110 -0.45726719D+05    0.0008059    0.0000000  EM
           1111 -0.45726718D+05    0.0008045    0.0000000  EM
           1112 -0.45726717D+05    0.0008031    0.0000000  EM
           1113 -0.45726716D+05    0.0008018    0.0000000  EM
           1114 -0.45726715D+05    0.0008004    0.0000000  EM
           1115 -0.45726715D+05    0.0007990    0.0000000  EM
           1116 -0.45726714D+05    0.0007977    0.0000000  EM
           1117 -0.45726713D+05    0.0007963    0.0000000  EM
           1118 -0.45726712D+05    0.0007950    0.0000000  EM
           1119 -0.45726712D+05    0.0007935    0.0000000  EM
           1120 -0.45726711D+05    0.0007922    0.0000000  EM
           1121 -0.45726710D+05    0.0007908    0.0000000  EM
           1122 -0.45726709D+05    0.0007895    0.0000000  EM
           1123 -0.45726708D+05    0.0007881    0.0000000  EM
           1124 -0.45726708D+05    0.0007868    0.0000000  EM
           1125 -0.45726707D+05    0.0007855    0.0000000  EM
           1126 -0.45726706D+05    0.0007841    0.0000000  EM
           1127 -0.45726705D+05    0.0007828    0.0000000  EM
           1128 -0.45726704D+05    0.0007815    0.0000000  EM
           1129 -0.45726704D+05    0.0007802    0.0000000  EM
           1130 -0.45726703D+05    0.0007788    0.0000000  EM
           1131 -0.45726702D+05    0.0007776    0.0000000  EM
           1132 -0.45726701D+05    0.0007762    0.0000000  EM
           1133 -0.45726701D+05    0.0007749    0.0000000  EM
           1134 -0.45726700D+05    0.0007736    0.0000000  EM
           1135 -0.45726699D+05    0.0007723    0.0000000  EM
           1136 -0.45726698D+05    0.0007710    0.0000000  EM
           1137 -0.45726697D+05    0.0007697    0.0000000  EM
           1138 -0.45726697D+05    0.0007684    0.0000000  EM
           1139 -0.45726696D+05    0.0007672    0.0000000  EM
           1140 -0.45726695D+05    0.0007659    0.0000000  EM
           1141 -0.45726694D+05    0.0007645    0.0000000  EM
           1142 -0.45726694D+05    0.0007632    0.0000000  EM
           1143 -0.45726693D+05    0.0007620    0.0000000  EM
           1144 -0.45726692D+05    0.0007607    0.0000000  EM
           1145 -0.45726691D+05    0.0007595    0.0000000  EM
           1146 -0.45726691D+05    0.0007581    0.0000000  EM
           1147 -0.45726690D+05    0.0007569    0.0000000  EM
           1148 -0.45726689D+05    0.0007557    0.0000000  EM
           1149 -0.45726688D+05    0.0007544    0.0000000  EM
           1150 -0.45726688D+05    0.0007531    0.0000000  EM
           1151 -0.45726687D+05    0.0007519    0.0000000  EM
           1152 -0.45726686D+05    0.0007507    0.0000000  EM
           1153 -0.45726685D+05    0.0007494    0.0000000  EM
           1154 -0.45726685D+05    0.0007482    0.0000000  EM
           1155 -0.45726684D+05    0.0007469    0.0000000  EM
           1156 -0.45726683D+05    0.0007456    0.0000000  EM
           1157 -0.45726682D+05    0.0007444    0.0000000  EM
           1158 -0.45726682D+05    0.0007432    0.0000000  EM
           1159 -0.45726681D+05    0.0007420    0.0000000  EM
           1160 -0.45726680D+05    0.0007408    0.0000000  EM
           1161 -0.45726679D+05    0.0007396    0.0000000  EM
           1162 -0.45726679D+05    0.0007383    0.0000000  EM
           1163 -0.45726678D+05    0.0007370    0.0000000  EM
           1164 -0.45726677D+05    0.0007359    0.0000000  EM
           1165 -0.45726676D+05    0.0007347    0.0000000  EM
           1166 -0.45726676D+05    0.0007335    0.0000000  EM
           1167 -0.45726675D+05    0.0007322    0.0000000  EM
           1168 -0.45726674D+05    0.0007312    0.0000000  EM
           1169 -0.45726673D+05    0.0007298    0.0000000  EM
           1170 -0.45726673D+05    0.0007287    0.0000000  EM
           1171 -0.45726672D+05    0.0007275    0.0000000  EM
           1172 -0.45726671D+05    0.0007263    0.0000000  EM
           1173 -0.45726671D+05    0.0007251    0.0000000  EM
           1174 -0.45726670D+05    0.0007240    0.0000000  EM
           1175 -0.45726669D+05    0.0007227    0.0000000  EM
           1176 -0.45726668D+05    0.0007215    0.0000000  EM
           1177 -0.45726668D+05    0.0007204    0.0000000  EM
           1178 -0.45726667D+05    0.0007192    0.0000000  EM
           1179 -0.45726666D+05    0.0007181    0.0000000  EM
           1180 -0.45726666D+05    0.0007169    0.0000000  EM
           1181 -0.45726665D+05    0.0007157    0.0000000  EM
           1182 -0.45726664D+05    0.0007146    0.0000000  EM
           1183 -0.45726663D+05    0.0007134    0.0000000  EM
           1184 -0.45726663D+05    0.0007123    0.0000000  EM
           1185 -0.45726662D+05    0.0007111    0.0000000  EM
           1186 -0.45726661D+05    0.0007100    0.0000000  EM
           1187 -0.45726661D+05    0.0007088    0.0000000  EM
           1188 -0.45726660D+05    0.0007077    0.0000000  EM
           1189 -0.45726659D+05    0.0007065    0.0000000  EM
           1190 -0.45726658D+05    0.0007054    0.0000000  EM
           1191 -0.45726658D+05    0.0007043    0.0000000  EM
           1192 -0.45726657D+05    0.0007031    0.0000000  EM
           1193 -0.45726656D+05    0.0007020    0.0000000  EM
           1194 -0.45726656D+05    0.0007010    0.0000000  EM
           1195 -0.45726655D+05    0.0006997    0.0000000  EM
           1196 -0.45726654D+05    0.0006987    0.0000000  EM
           1197 -0.45726654D+05    0.0006975    0.0000000  EM
           1198 -0.45726653D+05    0.0006964    0.0000000  EM
           1199 -0.45726652D+05    0.0006953    0.0000000  EM
           1200 -0.45726651D+05    0.0006942    0.0000000  EM
           1201 -0.45726651D+05    0.0006931    0.0000000  EM
           1202 -0.45726650D+05    0.0006920    0.0000000  EM
           1203 -0.45726649D+05    0.0006908    0.0000000  EM
           1204 -0.45726649D+05    0.0006897    0.0000000  EM
           1205 -0.45726648D+05    0.0006888    0.0000000  EM
           1206 -0.45726647D+05    0.0006875    0.0000000  EM
           1207 -0.45726647D+05    0.0006865    0.0000000  EM
           1208 -0.45726646D+05    0.0006854    0.0000000  EM
           1209 -0.45726645D+05    0.0006844    0.0000000  EM
           1210 -0.45726645D+05    0.0006833    0.0000000  EM
           1211 -0.45726644D+05    0.0006821    0.0000000  EM
           1212 -0.45726643D+05    0.0006811    0.0000000  EM
           1213 -0.45726643D+05    0.0006800    0.0000000  EM
           1214 -0.45726642D+05    0.0006789    0.0000000  EM
           1215 -0.45726641D+05    0.0006779    0.0000000  EM
           1216 -0.45726640D+05    0.0006768    0.0000000  EM
           1217 -0.45726640D+05    0.0006757    0.0000000  EM
           1218 -0.45726639D+05    0.0006747    0.0000000  EM
           1219 -0.45726638D+05    0.0006736    0.0000000  EM
           1220 -0.45726638D+05    0.0006726    0.0000000  EM
           1221 -0.45726637D+05    0.0006715    0.0000000  EM
           1222 -0.45726636D+05    0.0006704    0.0000000  EM
           1223 -0.45726636D+05    0.0006694    0.0000000  EM
           1224 -0.45726635D+05    0.0006684    0.0000000  EM
           1225 -0.45726634D+05    0.0006672    0.0000000  EM
           1226 -0.45726634D+05    0.0006663    0.0000000  EM
           1227 -0.45726633D+05    0.0006652    0.0000000  EM
           1228 -0.45726632D+05    0.0006642    0.0000000  EM
           1229 -0.45726632D+05    0.0006631    0.0000000  EM
           1230 -0.45726631D+05    0.0006621    0.0000000  EM
           1231 -0.45726630D+05    0.0006611    0.0000000  EM
           1232 -0.45726630D+05    0.0006600    0.0000000  EM
           1233 -0.45726629D+05    0.0006591    0.0000000  EM
           1234 -0.45726628D+05    0.0006580    0.0000000  EM
           1235 -0.45726628D+05    0.0006570    0.0000000  EM
           1236 -0.45726627D+05    0.0006559    0.0000000  EM
           1237 -0.45726627D+05    0.0006550    0.0000000  EM
           1238 -0.45726626D+05    0.0006539    0.0000000  EM
           1239 -0.45726625D+05    0.0006528    0.0000000  EM
           1240 -0.45726625D+05    0.0006520    0.0000000  EM
           1241 -0.45726624D+05    0.0006509    0.0000000  EM
           1242 -0.45726623D+05    0.0006499    0.0000000  EM
           1243 -0.45726623D+05    0.0006489    0.0000000  EM
           1244 -0.45726622D+05    0.0006479    0.0000000  EM
           1245 -0.45726621D+05    0.0006469    0.0000000  EM
           1246 -0.45726621D+05    0.0006459    0.0000000  EM
           1247 -0.45726620D+05    0.0006449    0.0000000  EM
           1248 -0.45726619D+05    0.0006440    0.0000000  EM
           1249 -0.45726619D+05    0.0006429    0.0000000  EM
           1250 -0.45726618D+05    0.0006420    0.0000000  EM
           1251 -0.45726617D+05    0.0006410    0.0000000  EM
           1252 -0.45726617D+05    0.0006400    0.0000000  EM
           1253 -0.45726616D+05    0.0006390    0.0000000  EM
           1254 -0.45726616D+05    0.0006381    0.0000000  EM
           1255 -0.45726615D+05    0.0006370    0.0000000  EM
           1256 -0.45726614D+05    0.0006361    0.0000000  EM
           1257 -0.45726614D+05    0.0006352    0.0000000  EM
           1258 -0.45726613D+05    0.0006341    0.0000000  EM
           1259 -0.45726612D+05    0.0006332    0.0000000  EM
           1260 -0.45726612D+05    0.0006323    0.0000000  EM
           1261 -0.45726611D+05    0.0006312    0.0000000  EM
           1262 -0.45726610D+05    0.0006302    0.0000000  EM
           1263 -0.45726610D+05    0.0006294    0.0000000  EM
           1264 -0.45726609D+05    0.0006284    0.0000000  EM
           1265 -0.45726609D+05    0.0006274    0.0000000  EM
           1266 -0.45726608D+05    0.0006265    0.0000000  EM
           1267 -0.45726607D+05    0.0006255    0.0000000  EM
           1268 -0.45726607D+05    0.0006246    0.0000000  EM
           1269 -0.45726606D+05    0.0006237    0.0000000  EM
           1270 -0.45726605D+05    0.0006227    0.0000000  EM
           1271 -0.45726605D+05    0.0006218    0.0000000  EM
           1272 -0.45726604D+05    0.0006208    0.0000000  EM
           1273 -0.45726604D+05    0.0006200    0.0000000  EM
           1274 -0.45726603D+05    0.0006190    0.0000000  EM
           1275 -0.45726602D+05    0.0006180    0.0000000  EM
           1276 -0.45726602D+05    0.0006171    0.0000000  EM
           1277 -0.45726601D+05    0.0006162    0.0000000  EM
           1278 -0.45726601D+05    0.0006152    0.0000000  EM
           1279 -0.45726600D+05    0.0006143    0.0000000  EM
           1280 -0.45726599D+05    0.0006134    0.0000000  EM
           1281 -0.45726599D+05    0.0006125    0.0000000  EM
           1282 -0.45726598D+05    0.0006115    0.0000000  EM
           1283 -0.45726597D+05    0.0006107    0.0000000  EM
           1284 -0.45726597D+05    0.0006098    0.0000000  EM
           1285 -0.45726596D+05    0.0006088    0.0000000  EM
           1286 -0.45726596D+05    0.0006078    0.0000000  EM
           1287 -0.45726595D+05    0.0006071    0.0000000  EM
           1288 -0.45726594D+05    0.0006061    0.0000000  EM
           1289 -0.45726594D+05    0.0006052    0.0000000  EM
           1290 -0.45726593D+05    0.0006044    0.0000000  EM
           1291 -0.45726593D+05    0.0006034    0.0000000  EM
           1292 -0.45726592D+05    0.0006025    0.0000000  EM
           1293 -0.45726591D+05    0.0006016    0.0000000  EM
           1294 -0.45726591D+05    0.0006007    0.0000000  EM
           1295 -0.45726590D+05    0.0005999    0.0000000  EM
           1296 -0.45726590D+05    0.0005989    0.0000000  EM
           1297 -0.45726589D+05    0.0005980    0.0000000  EM
           1298 -0.45726588D+05    0.0005972    0.0000000  EM
           1299 -0.45726588D+05    0.0005963    0.0000000  EM
           1300 -0.45726587D+05    0.0005955    0.0000000  EM
           1301 -0.45726587D+05    0.0005946    0.0000000  EM
           1302 -0.45726586D+05    0.0005936    0.0000000  EM
           1303 -0.45726585D+05    0.0005928    0.0000000  EM
           1304 -0.45726585D+05    0.0005920    0.0000000  EM
           1305 -0.45726584D+05    0.0005910    0.0000000  EM
           1306 -0.45726584D+05    0.0005902    0.0000000  EM
           1307 -0.45726583D+05    0.0005893    0.0000000  EM
           1308 -0.45726582D+05    0.0005885    0.0000000  EM
           1309 -0.45726582D+05    0.0005876    0.0000000  EM
           1310 -0.45726581D+05    0.0005867    0.0000000  EM
           1311 -0.45726581D+05    0.0005859    0.0000000  EM
           1312 -0.45726580D+05    0.0005850    0.0000000  EM
           1313 -0.45726580D+05    0.0005841    0.0000000  EM
           1314 -0.45726579D+05    0.0005833    0.0000000  EM
           1315 -0.45726578D+05    0.0005824    0.0000000  EM
           1316 -0.45726578D+05    0.0005817    0.0000000  EM
           1317 -0.45726577D+05    0.0005808    0.0000000  EM
           1318 -0.45726577D+05    0.0005799    0.0000000  EM
           1319 -0.45726576D+05    0.0005791    0.0000000  EM
           1320 -0.45726575D+05    0.0005783    0.0000000  EM
           1321 -0.45726575D+05    0.0005774    0.0000000  EM
           1322 -0.45726574D+05    0.0005765    0.0000000  EM
           1323 -0.45726574D+05    0.0005758    0.0000000  EM
           1324 -0.45726573D+05    0.0005749    0.0000000  EM
           1325 -0.45726573D+05    0.0005740    0.0000000  EM
           1326 -0.45726572D+05    0.0005732    0.0000000  EM
           1327 -0.45726571D+05    0.0005723    0.0000000  EM
           1328 -0.45726571D+05    0.0005716    0.0000000  EM
           1329 -0.45726570D+05    0.0005708    0.0000000  EM
           1330 -0.45726570D+05    0.0005699    0.0000000  EM
           1331 -0.45726569D+05    0.0005691    0.0000000  EM
           1332 -0.45726569D+05    0.0005683    0.0000000  EM
           1333 -0.45726568D+05    0.0005674    0.0000000  EM
           1334 -0.45726567D+05    0.0005667    0.0000000  EM
           1335 -0.45726567D+05    0.0005658    0.0000000  EM
           1336 -0.45726566D+05    0.0005650    0.0000000  EM
           1337 -0.45726566D+05    0.0005642    0.0000000  EM
           1338 -0.45726565D+05    0.0005635    0.0000000  EM
           1339 -0.45726565D+05    0.0005625    0.0000000  EM
           1340 -0.45726564D+05    0.0005618    0.0000000  EM
           1341 -0.45726564D+05    0.0005609    0.0000000  EM
           1342 -0.45726563D+05    0.0005602    0.0000000  EM
           1343 -0.45726562D+05    0.0005594    0.0000000  EM
           1344 -0.45726562D+05    0.0005585    0.0000000  EM
           1345 -0.45726561D+05    0.0005577    0.0000000  EM
           1346 -0.45726561D+05    0.0005570    0.0000000  EM
           1347 -0.45726560D+05    0.0005563    0.0000000  EM
           1348 -0.45726560D+05    0.0005553    0.0000000  EM
           1349 -0.45726559D+05    0.0005545    0.0000000  EM
           1350 -0.45726559D+05    0.0005539    0.0000000  EM
           1351 -0.45726558D+05    0.0005530    0.0000000  EM
           1352 -0.45726557D+05    0.0005523    0.0000000  EM
           1353 -0.45726557D+05    0.0005515    0.0000000  EM
           1354 -0.45726556D+05    0.0005507    0.0000000  EM
           1355 -0.45726556D+05    0.0005499    0.0000000  EM
           1356 -0.45726555D+05    0.0005491    0.0000000  EM
           1357 -0.45726555D+05    0.0005484    0.0000000  EM
           1358 -0.45726554D+05    0.0005476    0.0000000  EM
           1359 -0.45726554D+05    0.0005468    0.0000000  EM
           1360 -0.45726553D+05    0.0005460    0.0000000  EM
           1361 -0.45726552D+05    0.0005452    0.0000000  EM
           1362 -0.45726552D+05    0.0005445    0.0000000  EM
           1363 -0.45726551D+05    0.0005437    0.0000000  EM
           1364 -0.45726551D+05    0.0005429    0.0000000  EM
           1365 -0.45726550D+05    0.0005422    0.0000000  EM
           1366 -0.45726550D+05    0.0005415    0.0000000  EM
           1367 -0.45726549D+05    0.0005406    0.0000000  EM
           1368 -0.45726549D+05    0.0005399    0.0000000  EM
           1369 -0.45726548D+05    0.0005392    0.0000000  EM
           1370 -0.45726548D+05    0.0005384    0.0000000  EM
           1371 -0.45726547D+05    0.0005376    0.0000000  EM
           1372 -0.45726547D+05    0.0005368    0.0000000  EM
           1373 -0.45726546D+05    0.0005362    0.0000000  EM
           1374 -0.45726545D+05    0.0005354    0.0000000  EM
           1375 -0.45726545D+05    0.0005346    0.0000000  EM
           1376 -0.45726544D+05    0.0005340    0.0000000  EM
           1377 -0.45726544D+05    0.0005331    0.0000000  EM
           1378 -0.45726543D+05    0.0005324    0.0000000  EM
           1379 -0.45726543D+05    0.0005317    0.0000000  EM
           1380 -0.45726542D+05    0.0005310    0.0000000  EM
           1381 -0.45726542D+05    0.0005302    0.0000000  EM
           1382 -0.45726541D+05    0.0005294    0.0000000  EM
           1383 -0.45726541D+05    0.0005287    0.0000000  EM
           1384 -0.45726540D+05    0.0005280    0.0000000  EM
           1385 -0.45726540D+05    0.0005272    0.0000000  EM
           1386 -0.45726539D+05    0.0005265    0.0000000  EM
           1387 -0.45726539D+05    0.0005258    0.0000000  EM
           1388 -0.45726538D+05    0.0005250    0.0000000  EM
           1389 -0.45726538D+05    0.0005244    0.0000000  EM
           1390 -0.45726537D+05    0.0005236    0.0000000  EM
           1391 -0.45726536D+05    0.0005229    0.0000000  EM
           1392 -0.45726536D+05    0.0005221    0.0000000  EM
           1393 -0.45726535D+05    0.0005214    0.0000000  EM
           1394 -0.45726535D+05    0.0005208    0.0000000  EM
           1395 -0.45726534D+05    0.0005200    0.0000000  EM
           1396 -0.45726534D+05    0.0005192    0.0000000  EM
           1397 -0.45726533D+05    0.0005186    0.0000000  EM
           1398 -0.45726533D+05    0.0005179    0.0000000  EM
           1399 -0.45726532D+05    0.0005171    0.0000000  EM
           1400 -0.45726532D+05    0.0005164    0.0000000  EM
           1401 -0.45726531D+05    0.0005158    0.0000000  EM
           1402 -0.45726531D+05    0.0005150    0.0000000  EM
           1403 -0.45726530D+05    0.0005142    0.0000000  EM
           1404 -0.45726530D+05    0.0005137    0.0000000  EM
           1405 -0.45726529D+05    0.0005130    0.0000000  EM
           1406 -0.45726529D+05    0.0005122    0.0000000  EM
           1407 -0.45726528D+05    0.0005115    0.0000000  EM
           1408 -0.45726528D+05    0.0005109    0.0000000  EM
           1409 -0.45726527D+05    0.0005101    0.0000000  EM
           1410 -0.45726527D+05    0.0005094    0.0000000  EM
           1411 -0.45726526D+05    0.0005087    0.0000000  EM
           1412 -0.45726526D+05    0.0005080    0.0000000  EM
           1413 -0.45726525D+05    0.0005074    0.0000000  EM
           1414 -0.45726525D+05    0.0005067    0.0000000  EM
           1415 -0.45726524D+05    0.0005060    0.0000000  EM
           1416 -0.45726524D+05    0.0005053    0.0000000  EM
           1417 -0.45726523D+05    0.0005046    0.0000000  EM
           1418 -0.45726523D+05    0.0005039    0.0000000  EM
           1419 -0.45726522D+05    0.0005032    0.0000000  EM
           1420 -0.45726522D+05    0.0005026    0.0000000  EM
           1421 -0.45726521D+05    0.0005018    0.0000000  EM
           1422 -0.45726521D+05    0.0005012    0.0000000  EM
           1423 -0.45726520D+05    0.0005005    0.0000000  EM
           1424 -0.45726520D+05    0.0004999    0.0000000  EM
           1425 -0.45726519D+05    0.0004991    0.0000000  EM
           1426 -0.45726519D+05    0.0004985    0.0000000  EM
           1427 -0.45726518D+05    0.0004978    0.0000000  EM
           1428 -0.45726518D+05    0.0004972    0.0000000  EM
           1429 -0.45726517D+05    0.0004965    0.0000000  EM
           1430 -0.45726517D+05    0.0004958    0.0000000  EM
           1431 -0.45726516D+05    0.0004952    0.0000000  EM
           1432 -0.45726516D+05    0.0004944    0.0000000  EM
           1433 -0.45726515D+05    0.0004939    0.0000000  EM
           1434 -0.45726515D+05    0.0004931    0.0000000  EM
           1435 -0.45726514D+05    0.0004925    0.0000000  EM
           1436 -0.45726514D+05    0.0004918    0.0000000  EM
           1437 -0.45726513D+05    0.0004912    0.0000000  EM
           1438 -0.45726513D+05    0.0004906    0.0000000  EM
           1439 -0.45726512D+05    0.0004898    0.0000000  EM
           1440 -0.45726512D+05    0.0004892    0.0000000  EM
           1441 -0.45726511D+05    0.0004886    0.0000000  EM
           1442 -0.45726511D+05    0.0004879    0.0000000  EM
           1443 -0.45726510D+05    0.0004873    0.0000000  EM
           1444 -0.45726510D+05    0.0004866    0.0000000  EM
           1445 -0.45726509D+05    0.0004860    0.0000000  EM
           1446 -0.45726509D+05    0.0004853    0.0000000  EM
           1447 -0.45726508D+05    0.0004847    0.0000000  EM
           1448 -0.45726508D+05    0.0004840    0.0000000  EM
           1449 -0.45726507D+05    0.0004834    0.0000000  EM
           1450 -0.45726507D+05    0.0004829    0.0000000  EM
           1451 -0.45726506D+05    0.0004820    0.0000000  EM
           1452 -0.45726506D+05    0.0004814    0.0000000  EM
           1453 -0.45726505D+05    0.0004809    0.0000000  EM
           1454 -0.45726505D+05    0.0004803    0.0000000  EM
           1455 -0.45726504D+05    0.0004794    0.0000000  EM
           1456 -0.45726504D+05    0.0004789    0.0000000  EM
           1457 -0.45726503D+05    0.0004783    0.0000000  EM
           1458 -0.45726503D+05    0.0004777    0.0000000  EM
           1459 -0.45726503D+05    0.0004770    0.0000000  EM
           1460 -0.45726502D+05    0.0004765    0.0000000  EM
           1461 -0.45726502D+05    0.0004758    0.0000000  EM
           1462 -0.45726501D+05    0.0004751    0.0000000  EM
           1463 -0.45726501D+05    0.0004746    0.0000000  EM
           1464 -0.45726500D+05    0.0004739    0.0000000  EM
           1465 -0.45726500D+05    0.0004733    0.0000000  EM
           1466 -0.45726499D+05    0.0004727    0.0000000  EM
           1467 -0.45726499D+05    0.0004720    0.0000000  EM
           1468 -0.45726498D+05    0.0004714    0.0000000  EM
           1469 -0.45726498D+05    0.0004709    0.0000000  EM
           1470 -0.45726497D+05    0.0004701    0.0000000  EM
           1471 -0.45726497D+05    0.0004697    0.0000000  EM
           1472 -0.45726496D+05    0.0004690    0.0000000  EM
           1473 -0.45726496D+05    0.0004684    0.0000000  EM
           1474 -0.45726495D+05    0.0004677    0.0000000  EM
           1475 -0.45726495D+05    0.0004671    0.0000000  EM
           1476 -0.45726495D+05    0.0004665    0.0000000  EM
           1477 -0.45726494D+05    0.0004660    0.0000000  EM
           1478 -0.45726494D+05    0.0004653    0.0000000  EM
           1479 -0.45726493D+05    0.0004648    0.0000000  EM
           1480 -0.45726493D+05    0.0004641    0.0000000  EM
           1481 -0.45726492D+05    0.0004635    0.0000000  EM
           1482 -0.45726492D+05    0.0004629    0.0000000  EM
           1483 -0.45726491D+05    0.0004623    0.0000000  EM
           1484 -0.45726491D+05    0.0004617    0.0000000  EM
           1485 -0.45726490D+05    0.0004611    0.0000000  EM
           1486 -0.45726490D+05    0.0004604    0.0000000  EM
           1487 -0.45726489D+05    0.0004600    0.0000000  EM
           1488 -0.45726489D+05    0.0004592    0.0000000  EM
           1489 -0.45726489D+05    0.0004587    0.0000000  EM
           1490 -0.45726488D+05    0.0004581    0.0000000  EM
           1491 -0.45726488D+05    0.0004576    0.0000000  EM
           1492 -0.45726487D+05    0.0004568    0.0000000  EM
           1493 -0.45726487D+05    0.0004564    0.0000000  EM
           1494 -0.45726486D+05    0.0004558    0.0000000  EM
           1495 -0.45726486D+05    0.0004552    0.0000000  EM
           1496 -0.45726485D+05    0.0004547    0.0000000  EM
           1497 -0.45726485D+05    0.0004539    0.0000000  EM
           1498 -0.45726484D+05    0.0004534    0.0000000  EM
           1499 -0.45726484D+05    0.0004530    0.0000000  EM
           1500 -0.45726483D+05    0.0004523    0.0000000  EM
           1501 -0.45726483D+05    0.0004516    0.0000000  EM
           1502 -0.45726483D+05    0.0004512    0.0000000  EM
           1503 -0.45726482D+05    0.0004505    0.0000000  EM
           1504 -0.45726482D+05    0.0004500    0.0000000  EM
           1505 -0.45726481D+05    0.0004494    0.0000000  EM
           1506 -0.45726481D+05    0.0004488    0.0000000  EM
           1507 -0.45726480D+05    0.0004483    0.0000000  EM
           1508 -0.45726480D+05    0.0004476    0.0000000  EM
           1509 -0.45726479D+05    0.0004471    0.0000000  EM
           1510 -0.45726479D+05    0.0004466    0.0000000  EM
           1511 -0.45726479D+05    0.0004459    0.0000000  EM
           1512 -0.45726478D+05    0.0004454    0.0000000  EM
           1513 -0.45726478D+05    0.0004449    0.0000000  EM
           1514 -0.45726477D+05    0.0004443    0.0000000  EM
           1515 -0.45726477D+05    0.0004437    0.0000000  EM
           1516 -0.45726476D+05    0.0004431    0.0000000  EM
           1517 -0.45726476D+05    0.0004426    0.0000000  EM
           1518 -0.45726475D+05    0.0004420    0.0000000  EM
           1519 -0.45726475D+05    0.0004414    0.0000000  EM
           1520 -0.45726475D+05    0.0004409    0.0000000  EM
           1521 -0.45726474D+05    0.0004404    0.0000000  EM
           1522 -0.45726474D+05    0.0004397    0.0000000  EM
           1523 -0.45726473D+05    0.0004393    0.0000000  EM
           1524 -0.45726473D+05    0.0004386    0.0000000  EM
           1525 -0.45726472D+05    0.0004382    0.0000000  EM
           1526 -0.45726472D+05    0.0004375    0.0000000  EM
           1527 -0.45726471D+05    0.0004371    0.0000000  EM
           1528 -0.45726471D+05    0.0004364    0.0000000  EM
           1529 -0.45726471D+05    0.0004359    0.0000000  EM
           1530 -0.45726470D+05    0.0004354    0.0000000  EM
           1531 -0.45726470D+05    0.0004348    0.0000000  EM
           1532 -0.45726469D+05    0.0004342    0.0000000  EM
           1533 -0.45726469D+05    0.0004337    0.0000000  EM
           1534 -0.45726468D+05    0.0004332    0.0000000  EM
           1535 -0.45726468D+05    0.0004326    0.0000000  EM
           1536 -0.45726468D+05    0.0004321    0.0000000  EM
           1537 -0.45726467D+05    0.0004316    0.0000000  EM
           1538 -0.45726467D+05    0.0004310    0.0000000  EM
           1539 -0.45726466D+05    0.0004304    0.0000000  EM
           1540 -0.45726466D+05    0.0004300    0.0000000  EM
           1541 -0.45726465D+05    0.0004294    0.0000000  EM
           1542 -0.45726465D+05    0.0004289    0.0000000  EM
           1543 -0.45726465D+05    0.0004283    0.0000000  EM
           1544 -0.45726464D+05    0.0004278    0.0000000  EM
           1545 -0.45726464D+05    0.0004272    0.0000000  EM
           1546 -0.45726463D+05    0.0004268    0.0000000  EM
           1547 -0.45726463D+05    0.0004262    0.0000000  EM
           1548 -0.45726462D+05    0.0004257    0.0000000  EM
           1549 -0.45726462D+05    0.0004251    0.0000000  EM
           1550 -0.45726462D+05    0.0004246    0.0000000  EM
           1551 -0.45726461D+05    0.0004241    0.0000000  EM
           1552 -0.45726461D+05    0.0004235    0.0000000  EM
           1553 -0.45726460D+05    0.0004231    0.0000000  EM
           1554 -0.45726460D+05    0.0004225    0.0000000  EM
           1555 -0.45726459D+05    0.0004220    0.0000000  EM
           1556 -0.45726459D+05    0.0004214    0.0000000  EM
           1557 -0.45726459D+05    0.0004210    0.0000000  EM
           1558 -0.45726458D+05    0.0004204    0.0000000  EM
           1559 -0.45726458D+05    0.0004199    0.0000000  EM
           1560 -0.45726457D+05    0.0004194    0.0000000  EM
           1561 -0.45726457D+05    0.0004188    0.0000000  EM
           1562 -0.45726457D+05    0.0004185    0.0000000  EM
           1563 -0.45726456D+05    0.0004177    0.0000000  EM
           1564 -0.45726456D+05    0.0004174    0.0000000  EM
           1565 -0.45726455D+05    0.0004168    0.0000000  EM
           1566 -0.45726455D+05    0.0004164    0.0000000  EM
           1567 -0.45726454D+05    0.0004157    0.0000000  EM
           1568 -0.45726454D+05    0.0004153    0.0000000  EM
           1569 -0.45726454D+05    0.0004148    0.0000000  EM
           1570 -0.45726453D+05    0.0004143    0.0000000  EM
           1571 -0.45726453D+05    0.0004138    0.0000000  EM
           1572 -0.45726452D+05    0.0004132    0.0000000  EM
           1573 -0.45726452D+05    0.0004127    0.0000000  EM
           1574 -0.45726452D+05    0.0004123    0.0000000  EM
           1575 -0.45726451D+05    0.0004116    0.0000000  EM
           1576 -0.45726451D+05    0.0004112    0.0000000  EM
           1577 -0.45726450D+05    0.0004108    0.0000000  EM
           1578 -0.45726450D+05    0.0004102    0.0000000  EM
           1579 -0.45726450D+05    0.0004098    0.0000000  EM
           1580 -0.45726449D+05    0.0004092    0.0000000  EM
           1581 -0.45726449D+05    0.0004087    0.0000000  EM
           1582 -0.45726448D+05    0.0004082    0.0000000  EM
           1583 -0.45726448D+05    0.0004077    0.0000000  EM
           1584 -0.45726447D+05    0.0004073    0.0000000  EM
           1585 -0.45726447D+05    0.0004067    0.0000000  EM
           1586 -0.45726447D+05    0.0004062    0.0000000  EM
           1587 -0.45726446D+05    0.0004058    0.0000000  EM
           1588 -0.45726446D+05    0.0004053    0.0000000  EM
           1589 -0.45726445D+05    0.0004048    0.0000000  EM
           1590 -0.45726445D+05    0.0004042    0.0000000  EM
           1591 -0.45726445D+05    0.0004038    0.0000000  EM
           1592 -0.45726444D+05    0.0004033    0.0000000  EM
           1593 -0.45726444D+05    0.0004028    0.0000000  EM
           1594 -0.45726443D+05    0.0004024    0.0000000  EM
           1595 -0.45726443D+05    0.0004019    0.0000000  EM
           1596 -0.45726443D+05    0.0004013    0.0000000  EM
           1597 -0.45726442D+05    0.0004010    0.0000000  EM
           1598 -0.45726442D+05    0.0004003    0.0000000  EM
           1599 -0.45726441D+05    0.0003999    0.0000000  EM
           1600 -0.45726441D+05    0.0003994    0.0000000  EM
           1601 -0.45726441D+05    0.0003990    0.0000000  EM
           1602 -0.45726440D+05    0.0003985    0.0000000  EM
           1603 -0.45726440D+05    0.0003980    0.0000000  EM
           1604 -0.45726439D+05    0.0003976    0.0000000  EM
           1605 -0.45726439D+05    0.0003970    0.0000000  EM
           1606 -0.45726439D+05    0.0003966    0.0000000  EM
           1607 -0.45726438D+05    0.0003961    0.0000000  EM
           1608 -0.45726438D+05    0.0003956    0.0000000  EM
           1609 -0.45726437D+05    0.0003951    0.0000000  EM
           1610 -0.45726437D+05    0.0003947    0.0000000  EM
           1611 -0.45726437D+05    0.0003942    0.0000000  EM
           1612 -0.45726436D+05    0.0003938    0.0000000  EM
           1613 -0.45726436D+05    0.0003932    0.0000000  EM
           1614 -0.45726435D+05    0.0003928    0.0000000  EM
           1615 -0.45726435D+05    0.0003924    0.0000000  EM
           1616 -0.45726435D+05    0.0003919    0.0000000  EM
           1617 -0.45726434D+05    0.0003913    0.0000000  EM
           1618 -0.45726434D+05    0.0003909    0.0000000  EM
           1619 -0.45726434D+05    0.0003904    0.0000000  EM
           1620 -0.45726433D+05    0.0003900    0.0000000  EM
           1621 -0.45726433D+05    0.0003896    0.0000000  EM
           1622 -0.45726432D+05    0.0003890    0.0000000  EM
           1623 -0.45726432D+05    0.0003886    0.0000000  EM
           1624 -0.45726432D+05    0.0003882    0.0000000  EM
           1625 -0.45726431D+05    0.0003876    0.0000000  EM
           1626 -0.45726431D+05    0.0003872    0.0000000  EM
           1627 -0.45726430D+05    0.0003867    0.0000000  EM
           1628 -0.45726430D+05    0.0003863    0.0000000  EM
           1629 -0.45726430D+05    0.0003858    0.0000000  EM
           1630 -0.45726429D+05    0.0003854    0.0000000  EM
           1631 -0.45726429D+05    0.0003850    0.0000000  EM
           1632 -0.45726428D+05    0.0003845    0.0000000  EM
           1633 -0.45726428D+05    0.0003841    0.0000000  EM
           1634 -0.45726428D+05    0.0003836    0.0000000  EM
           1635 -0.45726427D+05    0.0003830    0.0000000  EM
           1636 -0.45726427D+05    0.0003828    0.0000000  EM
           1637 -0.45726427D+05    0.0003822    0.0000000  EM
           1638 -0.45726426D+05    0.0003818    0.0000000  EM
           1639 -0.45726426D+05    0.0003814    0.0000000  EM
           1640 -0.45726425D+05    0.0003808    0.0000000  EM
           1641 -0.45726425D+05    0.0003804    0.0000000  EM
           1642 -0.45726425D+05    0.0003799    0.0000000  EM
           1643 -0.45726424D+05    0.0003796    0.0000000  EM
           1644 -0.45726424D+05    0.0003790    0.0000000  EM
           1645 -0.45726424D+05    0.0003786    0.0000000  EM
           1646 -0.45726423D+05    0.0003782    0.0000000  EM
           1647 -0.45726423D+05    0.0003778    0.0000000  EM
           1648 -0.45726422D+05    0.0003773    0.0000000  EM
           1649 -0.45726422D+05    0.0003768    0.0000000  EM
           1650 -0.45726422D+05    0.0003765    0.0000000  EM
           1651 -0.45726421D+05    0.0003760    0.0000000  EM
           1652 -0.45726421D+05    0.0003757    0.0000000  EM
           1653 -0.45726421D+05    0.0003749    0.0000000  EM
           1654 -0.45726420D+05    0.0003748    0.0000000  EM
           1655 -0.45726420D+05    0.0003742    0.0000000  EM
           1656 -0.45726419D+05    0.0003738    0.0000000  EM
           1657 -0.45726419D+05    0.0003735    0.0000000  EM
           1658 -0.45726419D+05    0.0003729    0.0000000  EM
           1659 -0.45726418D+05    0.0003724    0.0000000  EM
           1660 -0.45726418D+05    0.0003721    0.0000000  EM
           1661 -0.45726418D+05    0.0003717    0.0000000  EM
           1662 -0.45726417D+05    0.0003712    0.0000000  EM
           1663 -0.45726417D+05    0.0003709    0.0000000  EM
           1664 -0.45726416D+05    0.0003704    0.0000000  EM
           1665 -0.45726416D+05    0.0003699    0.0000000  EM
           1666 -0.45726416D+05    0.0003696    0.0000000  EM
           1667 -0.45726415D+05    0.0003691    0.0000000  EM
           1668 -0.45726415D+05    0.0003686    0.0000000  EM
           1669 -0.45726415D+05    0.0003683    0.0000000  EM
           1670 -0.45726414D+05    0.0003677    0.0000000  EM
           1671 -0.45726414D+05    0.0003674    0.0000000  EM
           1672 -0.45726413D+05    0.0003669    0.0000000  EM
           1673 -0.45726413D+05    0.0003665    0.0000000  EM
           1674 -0.45726413D+05    0.0003661    0.0000000  EM
           1675 -0.45726412D+05    0.0003657    0.0000000  EM
           1676 -0.45726412D+05    0.0003653    0.0000000  EM
           1677 -0.45726412D+05    0.0003648    0.0000000  EM
           1678 -0.45726411D+05    0.0003644    0.0000000  EM
           1679 -0.45726411D+05    0.0003641    0.0000000  EM
           1680 -0.45726411D+05    0.0003636    0.0000000  EM
           1681 -0.45726410D+05    0.0003631    0.0000000  EM
           1682 -0.45726410D+05    0.0003628    0.0000000  EM
           1683 -0.45726409D+05    0.0003624    0.0000000  EM
           1684 -0.45726409D+05    0.0003619    0.0000000  EM
           1685 -0.45726409D+05    0.0003614    0.0000000  EM
           1686 -0.45726408D+05    0.0003611    0.0000000  EM
           1687 -0.45726408D+05    0.0003607    0.0000000  EM
           1688 -0.45726408D+05    0.0003603    0.0000000  EM
           1689 -0.45726407D+05    0.0003598    0.0000000  EM
           1690 -0.45726407D+05    0.0003595    0.0000000  EM
           1691 -0.45726407D+05    0.0003590    0.0000000  EM
           1692 -0.45726406D+05    0.0003586    0.0000000  EM
           1693 -0.45726406D+05    0.0003581    0.0000000  EM
           1694 -0.45726406D+05    0.0003579    0.0000000  EM
           1695 -0.45726405D+05    0.0003574    0.0000000  EM
           1696 -0.45726405D+05    0.0003570    0.0000000  EM
           1697 -0.45726404D+05    0.0003566    0.0000000  EM
           1698 -0.45726404D+05    0.0003562    0.0000000  EM
           1699 -0.45726404D+05    0.0003558    0.0000000  EM
           1700 -0.45726403D+05    0.0003554    0.0000000  EM
           1701 -0.45726403D+05    0.0003549    0.0000000  EM
           1702 -0.45726403D+05    0.0003545    0.0000000  EM
           1703 -0.45726402D+05    0.0003542    0.0000000  EM
           1704 -0.45726402D+05    0.0003539    0.0000000  EM
           1705 -0.45726402D+05    0.0003533    0.0000000  EM
           1706 -0.45726401D+05    0.0003530    0.0000000  EM
           1707 -0.45726401D+05    0.0003525    0.0000000  EM
           1708 -0.45726401D+05    0.0003522    0.0000000  EM
           1709 -0.45726400D+05    0.0003518    0.0000000  EM
           1710 -0.45726400D+05    0.0003513    0.0000000  EM
           1711 -0.45726399D+05    0.0003511    0.0000000  EM
           1712 -0.45726399D+05    0.0003505    0.0000000  EM
           1713 -0.45726399D+05    0.0003502    0.0000000  EM
           1714 -0.45726398D+05    0.0003499    0.0000000  EM
           1715 -0.45726398D+05    0.0003494    0.0000000  EM
           1716 -0.45726398D+05    0.0003490    0.0000000  EM
           1717 -0.45726397D+05    0.0003486    0.0000000  EM
           1718 -0.45726397D+05    0.0003483    0.0000000  EM
           1719 -0.45726397D+05    0.0003478    0.0000000  EM
           1720 -0.45726396D+05    0.0003475    0.0000000  EM
           1721 -0.45726396D+05    0.0003470    0.0000000  EM
           1722 -0.45726396D+05    0.0003467    0.0000000  EM
           1723 -0.45726395D+05    0.0003463    0.0000000  EM
           1724 -0.45726395D+05    0.0003460    0.0000000  EM
           1725 -0.45726395D+05    0.0003455    0.0000000  EM
           1726 -0.45726394D+05    0.0003451    0.0000000  EM
           1727 -0.45726394D+05    0.0003448    0.0000000  EM
           1728 -0.45726394D+05    0.0003443    0.0000000  EM
           1729 -0.45726393D+05    0.0003439    0.0000000  EM
           1730 -0.45726393D+05    0.0003436    0.0000000  EM
           1731 -0.45726393D+05    0.0003433    0.0000000  EM
           1732 -0.45726392D+05    0.0003429    0.0000000  EM
           1733 -0.45726392D+05    0.0003424    0.0000000  EM
           1734 -0.45726392D+05    0.0003421    0.0000000  EM
           1735 -0.45726391D+05    0.0003416    0.0000000  EM
           1736 -0.45726391D+05    0.0003413    0.0000000  EM
           1737 -0.45726390D+05    0.0003409    0.0000000  EM
           1738 -0.45726390D+05    0.0003406    0.0000000  EM
           1739 -0.45726390D+05    0.0003401    0.0000000  EM
           1740 -0.45726389D+05    0.0003398    0.0000000  EM
           1741 -0.45726389D+05    0.0003394    0.0000000  EM
           1742 -0.45726389D+05    0.0003391    0.0000000  EM
           1743 -0.45726388D+05    0.0003387    0.0000000  EM
           1744 -0.45726388D+05    0.0003381    0.0000000  EM
           1745 -0.45726388D+05    0.0003381    0.0000000  EM
           1746 -0.45726387D+05    0.0003375    0.0000000  EM
           1747 -0.45726387D+05    0.0003371    0.0000000  EM
           1748 -0.45726387D+05    0.0003368    0.0000000  EM
           1749 -0.45726386D+05    0.0003365    0.0000000  EM
           1750 -0.45726386D+05    0.0003361    0.0000000  EM
           1751 -0.45726386D+05    0.0003356    0.0000000  EM
           1752 -0.45726385D+05    0.0003354    0.0000000  EM
           1753 -0.45726385D+05    0.0003350    0.0000000  EM
           1754 -0.45726385D+05    0.0003345    0.0000000  EM
           1755 -0.45726384D+05    0.0003343    0.0000000  EM
           1756 -0.45726384D+05    0.0003339    0.0000000  EM
           1757 -0.45726384D+05    0.0003334    0.0000000  EM
           1758 -0.45726383D+05    0.0003332    0.0000000  EM
           1759 -0.45726383D+05    0.0003328    0.0000000  EM
           1760 -0.45726383D+05    0.0003323    0.0000000  EM
           1761 -0.45726382D+05    0.0003320    0.0000000  EM
           1762 -0.45726382D+05    0.0003316    0.0000000  EM
           1763 -0.45726382D+05    0.0003313    0.0000000  EM
           1764 -0.45726381D+05    0.0003310    0.0000000  EM
           1765 -0.45726381D+05    0.0003306    0.0000000  EM
           1766 -0.45726381D+05    0.0003302    0.0000000  EM
           1767 -0.45726380D+05    0.0003298    0.0000000  EM
           1768 -0.45726380D+05    0.0003297    0.0000000  EM
           1769 -0.45726380D+05    0.0003291    0.0000000  EM
           1770 -0.45726379D+05    0.0003288    0.0000000  EM
           1771 -0.45726379D+05    0.0003283    0.0000000  EM
           1772 -0.45726379D+05    0.0003282    0.0000000  EM
           1773 -0.45726378D+05    0.0003276    0.0000000  EM
           1774 -0.45726378D+05    0.0003273    0.0000000  EM
           1775 -0.45726378D+05    0.0003270    0.0000000  EM
           1776 -0.45726377D+05    0.0003267    0.0000000  EM
           1777 -0.45726377D+05    0.0003263    0.0000000  EM
           1778 -0.45726377D+05    0.0003259    0.0000000  EM
           1779 -0.45726377D+05    0.0003256    0.0000000  EM
           1780 -0.45726376D+05    0.0003253    0.0000000  EM
           1781 -0.45726376D+05    0.0003249    0.0000000  EM
           1782 -0.45726376D+05    0.0003246    0.0000000  EM
           1783 -0.45726375D+05    0.0003242    0.0000000  EM
           1784 -0.45726375D+05    0.0003238    0.0000000  EM
           1785 -0.45726375D+05    0.0003234    0.0000000  EM
           1786 -0.45726374D+05    0.0003231    0.0000000  EM
           1787 -0.45726374D+05    0.0003229    0.0000000  EM
           1788 -0.45726374D+05    0.0003224    0.0000000  EM
           1789 -0.45726373D+05    0.0003221    0.0000000  EM
           1790 -0.45726373D+05    0.0003217    0.0000000  EM
           1791 -0.45726373D+05    0.0003215    0.0000000  EM
           1792 -0.45726372D+05    0.0003208    0.0000000  EM
           1793 -0.45726372D+05    0.0003208    0.0000000  EM
           1794 -0.45726372D+05    0.0003203    0.0000000  EM
           1795 -0.45726371D+05    0.0003200    0.0000000  EM
           1796 -0.45726371D+05    0.0003195    0.0000000  EM
           1797 -0.45726371D+05    0.0003193    0.0000000  EM
           1798 -0.45726370D+05    0.0003190    0.0000000  EM
           1799 -0.45726370D+05    0.0003187    0.0000000  EM
           1800 -0.45726370D+05    0.0003182    0.0000000  EM
           1801 -0.45726369D+05    0.0003179    0.0000000  EM
           1802 -0.45726369D+05    0.0003176    0.0000000  EM
           1803 -0.45726369D+05    0.0003173    0.0000000  EM
           1804 -0.45726368D+05    0.0003168    0.0000000  EM
           1805 -0.45726368D+05    0.0003167    0.0000000  EM
           1806 -0.45726368D+05    0.0003162    0.0000000  EM
           1807 -0.45726368D+05    0.0003159    0.0000000  EM
           1808 -0.45726367D+05    0.0003156    0.0000000  EM
           1809 -0.45726367D+05    0.0003153    0.0000000  EM
           1810 -0.45726367D+05    0.0003149    0.0000000  EM
           1811 -0.45726366D+05    0.0003145    0.0000000  EM
           1812 -0.45726366D+05    0.0003143    0.0000000  EM
           1813 -0.45726366D+05    0.0003139    0.0000000  EM
           1814 -0.45726365D+05    0.0003135    0.0000000  EM
           1815 -0.45726365D+05    0.0003132    0.0000000  EM
           1816 -0.45726365D+05    0.0003129    0.0000000  EM
           1817 -0.45726364D+05    0.0003126    0.0000000  EM
           1818 -0.45726364D+05    0.0003123    0.0000000  EM
           1819 -0.45726364D+05    0.0003118    0.0000000  EM
           1820 -0.45726363D+05    0.0003115    0.0000000  EM
           1821 -0.45726363D+05    0.0003113    0.0000000  EM
           1822 -0.45726363D+05    0.0003109    0.0000000  EM
           1823 -0.45726363D+05    0.0003105    0.0000000  EM
           1824 -0.45726362D+05    0.0003102    0.0000000  EM
           1825 -0.45726362D+05    0.0003100    0.0000000  EM
           1826 -0.45726362D+05    0.0003096    0.0000000  EM
           1827 -0.45726361D+05    0.0003092    0.0000000  EM
           1828 -0.45726361D+05    0.0003090    0.0000000  EM
           1829 -0.45726361D+05    0.0003086    0.0000000  EM
           1830 -0.45726360D+05    0.0003084    0.0000000  EM
           1831 -0.45726360D+05    0.0003079    0.0000000  EM
           1832 -0.45726360D+05    0.0003076    0.0000000  EM
           1833 -0.45726359D+05    0.0003074    0.0000000  EM
           1834 -0.45726359D+05    0.0003070    0.0000000  EM
           1835 -0.45726359D+05    0.0003066    0.0000000  EM
           1836 -0.45726359D+05    0.0003063    0.0000000  EM
           1837 -0.45726358D+05    0.0003060    0.0000000  EM
           1838 -0.45726358D+05    0.0003057    0.0000000  EM
           1839 -0.45726358D+05    0.0003054    0.0000000  EM
           1840 -0.45726357D+05    0.0003051    0.0000000  EM
           1841 -0.45726357D+05    0.0003048    0.0000000  EM
           1842 -0.45726357D+05    0.0003044    0.0000000  EM
           1843 -0.45726356D+05    0.0003040    0.0000000  EM
           1844 -0.45726356D+05    0.0003038    0.0000000  EM
           1845 -0.45726356D+05    0.0003035    0.0000000  EM
           1846 -0.45726355D+05    0.0003032    0.0000000  EM
           1847 -0.45726355D+05    0.0003028    0.0000000  EM
           1848 -0.45726355D+05    0.0003025    0.0000000  EM
           1849 -0.45726355D+05    0.0003022    0.0000000  EM
           1850 -0.45726354D+05    0.0003019    0.0000000  EM
           1851 -0.45726354D+05    0.0003016    0.0000000  EM
           1852 -0.45726354D+05    0.0003013    0.0000000  EM
           1853 -0.45726353D+05    0.0003009    0.0000000  EM
           1854 -0.45726353D+05    0.0003006    0.0000000  EM
           1855 -0.45726353D+05    0.0003004    0.0000000  EM
           1856 -0.45726352D+05    0.0003000    0.0000000  EM
           1857 -0.45726352D+05    0.0002997    0.0000000  EM
           1858 -0.45726352D+05    0.0002994    0.0000000  EM
           1859 -0.45726352D+05    0.0002990    0.0000000  EM
           1860 -0.45726351D+05    0.0002989    0.0000000  EM
           1861 -0.45726351D+05    0.0002984    0.0000000  EM
           1862 -0.45726351D+05    0.0002981    0.0000000  EM
           1863 -0.45726350D+05    0.0002978    0.0000000  EM
           1864 -0.45726350D+05    0.0002975    0.0000000  EM
           1865 -0.45726350D+05    0.0002973    0.0000000  EM
           1866 -0.45726349D+05    0.0002969    0.0000000  EM
           1867 -0.45726349D+05    0.0002966    0.0000000  EM
           1868 -0.45726349D+05    0.0002963    0.0000000  EM
           1869 -0.45726349D+05    0.0002959    0.0000000  EM
           1870 -0.45726348D+05    0.0002957    0.0000000  EM
           1871 -0.45726348D+05    0.0002955    0.0000000  EM
           1872 -0.45726348D+05    0.0002949    0.0000000  EM
           1873 -0.45726347D+05    0.0002949    0.0000000  EM
           1874 -0.45726347D+05    0.0002943    0.0000000  EM
           1875 -0.45726347D+05    0.0002942    0.0000000  EM
           1876 -0.45726347D+05    0.0002939    0.0000000  EM
           1877 -0.45726346D+05    0.0002936    0.0000000  EM
           1878 -0.45726346D+05    0.0002932    0.0000000  EM
           1879 -0.45726346D+05    0.0002930    0.0000000  EM
           1880 -0.45726345D+05    0.0002927    0.0000000  EM
           1881 -0.45726345D+05    0.0002923    0.0000000  EM
           1882 -0.45726345D+05    0.0002920    0.0000000  EM
           1883 -0.45726344D+05    0.0002917    0.0000000  EM
           1884 -0.45726344D+05    0.0002915    0.0000000  EM
           1885 -0.45726344D+05    0.0002911    0.0000000  EM
           1886 -0.45726344D+05    0.0002908    0.0000000  EM
           1887 -0.45726343D+05    0.0002906    0.0000000  EM
           1888 -0.45726343D+05    0.0002902    0.0000000  EM
           1889 -0.45726343D+05    0.0002899    0.0000000  EM
           1890 -0.45726342D+05    0.0002897    0.0000000  EM
           1891 -0.45726342D+05    0.0002895    0.0000000  EM
           1892 -0.45726342D+05    0.0002889    0.0000000  EM
           1893 -0.45726342D+05    0.0002888    0.0000000  EM
           1894 -0.45726341D+05    0.0002885    0.0000000  EM
           1895 -0.45726341D+05    0.0002882    0.0000000  EM
           1896 -0.45726341D+05    0.0002879    0.0000000  EM
           1897 -0.45726340D+05    0.0002876    0.0000000  EM
           1898 -0.45726340D+05    0.0002874    0.0000000  EM
           1899 -0.45726340D+05    0.0002870    0.0000000  EM
           1900 -0.45726340D+05    0.0002867    0.0000000  EM
           1901 -0.45726339D+05    0.0002864    0.0000000  EM
           1902 -0.45726339D+05    0.0002862    0.0000000  EM
           1903 -0.45726339D+05    0.0002858    0.0000000  EM
           1904 -0.45726338D+05    0.0002857    0.0000000  EM
           1905 -0.45726338D+05    0.0002852    0.0000000  EM
           1906 -0.45726338D+05    0.0002850    0.0000000  EM
           1907 -0.45726338D+05    0.0002847    0.0000000  EM
           1908 -0.45726337D+05    0.0002843    0.0000000  EM
           1909 -0.45726337D+05    0.0002842    0.0000000  EM
           1910 -0.45726337D+05    0.0002839    0.0000000  EM
           1911 -0.45726336D+05    0.0002836    0.0000000  EM
           1912 -0.45726336D+05    0.0002832    0.0000000  EM
           1913 -0.45726336D+05    0.0002830    0.0000000  EM
           1914 -0.45726336D+05    0.0002827    0.0000000  EM
           1915 -0.45726335D+05    0.0002824    0.0000000  EM
           1916 -0.45726335D+05    0.0002821    0.0000000  EM
           1917 -0.45726335D+05    0.0002819    0.0000000  EM
           1918 -0.45726334D+05    0.0002815    0.0000000  EM
           1919 -0.45726334D+05    0.0002813    0.0000000  EM
           1920 -0.45726334D+05    0.0002809    0.0000000  EM
           1921 -0.45726334D+05    0.0002808    0.0000000  EM
           1922 -0.45726333D+05    0.0002804    0.0000000  EM
           1923 -0.45726333D+05    0.0002802    0.0000000  EM
           1924 -0.45726333D+05    0.0002800    0.0000000  EM
           1925 -0.45726332D+05    0.0002795    0.0000000  EM
           1926 -0.45726332D+05    0.0002793    0.0000000  EM
           1927 -0.45726332D+05    0.0002790    0.0000000  EM
           1928 -0.45726332D+05    0.0002787    0.0000000  EM
           1929 -0.45726331D+05    0.0002785    0.0000000  EM
           1930 -0.45726331D+05    0.0002781    0.0000000  EM
           1931 -0.45726331D+05    0.0002780    0.0000000  EM
           1932 -0.45726331D+05    0.0002776    0.0000000  EM
           1933 -0.45726330D+05    0.0002773    0.0000000  EM
           1934 -0.45726330D+05    0.0002771    0.0000000  EM
           1935 -0.45726330D+05    0.0002768    0.0000000  EM
           1936 -0.45726329D+05    0.0002766    0.0000000  EM
           1937 -0.45726329D+05    0.0002761    0.0000000  EM
           1938 -0.45726329D+05    0.0002760    0.0000000  EM
           1939 -0.45726329D+05    0.0002758    0.0000000  EM
           1940 -0.45726328D+05    0.0002754    0.0000000  EM
           1941 -0.45726328D+05    0.0002753    0.0000000  EM
           1942 -0.45726328D+05    0.0002747    0.0000000  EM
           1943 -0.45726327D+05    0.0002746    0.0000000  EM
           1944 -0.45726327D+05    0.0002744    0.0000000  EM
           1945 -0.45726327D+05    0.0002740    0.0000000  EM
           1946 -0.45726327D+05    0.0002738    0.0000000  EM
           1947 -0.45726326D+05    0.0002735    0.0000000  EM
           1948 -0.45726326D+05    0.0002733    0.0000000  EM
           1949 -0.45726326D+05    0.0002729    0.0000000  EM
           1950 -0.45726326D+05    0.0002728    0.0000000  EM
           1951 -0.45726325D+05    0.0002724    0.0000000  EM
           1952 -0.45726325D+05    0.0002721    0.0000000  EM
           1953 -0.45726325D+05    0.0002719    0.0000000  EM
           1954 -0.45726324D+05    0.0002717    0.0000000  EM
           1955 -0.45726324D+05    0.0002714    0.0000000  EM
           1956 -0.45726324D+05    0.0002710    0.0000000  EM
           1957 -0.45726324D+05    0.0002708    0.0000000  EM
           1958 -0.45726323D+05    0.0002705    0.0000000  EM
           1959 -0.45726323D+05    0.0002703    0.0000000  EM
           1960 -0.45726323D+05    0.0002700    0.0000000  EM
           1961 -0.45726323D+05    0.0002697    0.0000000  EM
           1962 -0.45726322D+05    0.0002695    0.0000000  EM
           1963 -0.45726322D+05    0.0002691    0.0000000  EM
           1964 -0.45726322D+05    0.0002691    0.0000000  EM
           1965 -0.45726322D+05    0.0002686    0.0000000  EM
           1966 -0.45726321D+05    0.0002684    0.0000000  EM
           1967 -0.45726321D+05    0.0002682    0.0000000  EM
           1968 -0.45726321D+05    0.0002679    0.0000000  EM
           1969 -0.45726320D+05    0.0002677    0.0000000  EM
           1970 -0.45726320D+05    0.0002673    0.0000000  EM
           1971 -0.45726320D+05    0.0002672    0.0000000  EM
           1972 -0.45726320D+05    0.0002668    0.0000000  EM
           1973 -0.45726319D+05    0.0002666    0.0000000  EM
           1974 -0.45726319D+05    0.0002665    0.0000000  EM
           1975 -0.45726319D+05    0.0002659    0.0000000  EM
           1976 -0.45726319D+05    0.0002659    0.0000000  EM
           1977 -0.45726318D+05    0.0002655    0.0000000  EM
           1978 -0.45726318D+05    0.0002653    0.0000000  EM
           1979 -0.45726318D+05    0.0002650    0.0000000  EM
           1980 -0.45726318D+05    0.0002649    0.0000000  EM
           1981 -0.45726317D+05    0.0002644    0.0000000  EM
           1982 -0.45726317D+05    0.0002642    0.0000000  EM
           1983 -0.45726317D+05    0.0002640    0.0000000  EM
           1984 -0.45726316D+05    0.0002637    0.0000000  EM
           1985 -0.45726316D+05    0.0002635    0.0000000  EM
           1986 -0.45726316D+05    0.0002632    0.0000000  EM
           1987 -0.45726316D+05    0.0002631    0.0000000  EM
           1988 -0.45726315D+05    0.0002626    0.0000000  EM
           1989 -0.45726315D+05    0.0002625    0.0000000  EM
           1990 -0.45726315D+05    0.0002621    0.0000000  EM
           1991 -0.45726315D+05    0.0002621    0.0000000  EM
           1992 -0.45726314D+05    0.0002615    0.0000000  EM
           1993 -0.45726314D+05    0.0002615    0.0000000  EM
           1994 -0.45726314D+05    0.0002613    0.0000000  EM
           1995 -0.45726314D+05    0.0002608    0.0000000  EM
           1996 -0.45726313D+05    0.0002607    0.0000000  EM
           1997 -0.45726313D+05    0.0002605    0.0000000  EM
           1998 -0.45726313D+05    0.0002602    0.0000000  EM
           1999 -0.45726313D+05    0.0002599    0.0000000  EM
           2000 -0.45726312D+05    0.0002598    0.0000000  EM


DIAGRAM INFORMATION

  Mplus diagrams are currently not available for multilevel analysis.
  No diagram output was produced.


     Beginning Time:  15:55:16
        Ending Time:  15:55:26
       Elapsed Time:  00:00:10



MUTHEN & MUTHEN
3463 Stoner Ave.
Los Angeles, CA  90066

Tel: (310) 391-9971
Fax: (310) 391-8971
Web: www.StatModel.com
Support: Support@StatModel.com

Copyright (c) 1998-2026 Muthen & Muthen
