Mplus VERSION 9.1
MUTHEN & MUTHEN
08/26/2026   3:49 PM

INPUT INSTRUCTIONS

  TITLE:
    S17 - REPEATED-EVALUATION METRIC INVARIANCE - SCENARIO A
    Travel-satisfaction measurement model; social street activation: commercial frontage and

  DATA:
    FILE = ../../data/Scenario_A_short_final_revised.txt;

  VARIABLE:
    NAMES =
    ID MODO_rango online V1 V2 V3 V4
    V5 V6 V7 V8 V9 V10 V11
    V12 V13 V14 V15 V16 V17 V18
    V19 AP1cc AP2cc AP3cc AP4cc AP5cc AN1cc
    AN2cc AN3cc AN4cc AN5cc S1cc S2cc S3cc
    S4cc S5cc AP1sc AP2sc AP3sc AP4sc AP5sc
    AN1sc AN2sc AN3sc AN4sc AN5sc S1sc S2sc
    S3sc S4sc S5sc AP1ct AP2ct AP3ct AP4ct
    AP5ct AN1ct AN2ct AN3ct AN4ct AN5ct S1ct
    S2ct S3ct S4ct S5ct AP1st AP2st AP3st
    AP4st AP5st AN1st AN2st AN3st AN4st AN5st
    S1st S2st S3st S4st S5st
    ;
    USEVARIABLES =
    S1cc S2cc S3cc S4cc S5cc S1sc S2sc
    S3sc S4sc S5sc S1ct S2ct S3ct S4ct
    S5ct S1st S2st S3st S4st S5st
    ;
    MISSING = ALL(-999);

  ANALYSIS:
    ESTIMATOR = MLR;
    ITERATIONS = 10000;

  MODEL:
    STcc BY S1cc@1;
    STcc BY S2cc (ls2);
    STcc BY S3cc (ls3);
    STcc BY S4cc (ls4);
    STcc BY S5cc (ls5);

    STsc BY S1sc@1;
    STsc BY S2sc (ls2);
    STsc BY S3sc (ls3);
    STsc BY S4sc (ls4);
    STsc BY S5sc (ls5);

    STct BY S1ct@1;
    STct BY S2ct (ls2);
    STct BY S3ct (ls3);
    STct BY S4ct (ls4);
    STct BY S5ct (ls5);

    STst BY S1st@1;
    STst BY S2st (ls2);
    STst BY S3st (ls3);
    STst BY S4st (ls4);
    STst BY S5st (ls5);

    ! Same-indicator residuals correlated across all repeated evaluations.
    S1cc WITH S1sc S1ct S1st;
    S1sc WITH S1ct S1st;
    S1ct WITH S1st;
    S2cc WITH S2sc S2ct S2st;
    S2sc WITH S2ct S2st;
    S2ct WITH S2st;
    S3cc WITH S3sc S3ct S3st;
    S3sc WITH S3ct S3st;
    S3ct WITH S3st;
    S4cc WITH S4sc S4ct S4st;
    S4sc WITH S4ct S4st;
    S4ct WITH S4st;
    S5cc WITH S5sc S5ct S5st;
    S5sc WITH S5ct S5st;
    S5ct WITH S5st;

  OUTPUT:
    SAMPSTAT STANDARDIZED CINTERVAL RESIDUAL TECH1 TECH4 MODINDICES(10);



INPUT READING TERMINATED NORMALLY




S17 - REPEATED-EVALUATION METRIC INVARIANCE - SCENARIO A
Travel-satisfaction measurement model; social street activation: commercial frontage and

SUMMARY OF ANALYSIS

Number of groups                                                 1
Number of observations                                         492

Number of dependent variables                                   20
Number of independent variables                                  0
Number of continuous latent variables                            4

Observed dependent variables

  Continuous
   S1CC        S2CC        S3CC        S4CC        S5CC        S1SC
   S2SC        S3SC        S4SC        S5SC        S1CT        S2CT
   S3CT        S4CT        S5CT        S1ST        S2ST        S3ST
   S4ST        S5ST

Continuous latent variables
   STCC        STSC        STCT        STST


Estimator                                                      MLR
Information matrix                                        OBSERVED
Maximum number of iterations                                 10000
Convergence criterion                                    0.500D-04
Maximum number of steepest descent iterations                   20
Maximum number of iterations for H1                           2000
Convergence criterion for H1                             0.100D-03

Input data file(s)
  ../../data/Scenario_A_short_final_revised.txt

Input data format  FREE


SUMMARY OF DATA

     Number of missing data patterns             1


COVARIANCE COVERAGE OF DATA

Minimum covariance coverage value   0.100


     PROPORTION OF DATA PRESENT


           Covariance Coverage
              S1CC          S2CC          S3CC          S4CC          S5CC
              ________      ________      ________      ________      ________
 S1CC           1.000
 S2CC           1.000         1.000
 S3CC           1.000         1.000         1.000
 S4CC           1.000         1.000         1.000         1.000
 S5CC           1.000         1.000         1.000         1.000         1.000
 S1SC           1.000         1.000         1.000         1.000         1.000
 S2SC           1.000         1.000         1.000         1.000         1.000
 S3SC           1.000         1.000         1.000         1.000         1.000
 S4SC           1.000         1.000         1.000         1.000         1.000
 S5SC           1.000         1.000         1.000         1.000         1.000
 S1CT           1.000         1.000         1.000         1.000         1.000
 S2CT           1.000         1.000         1.000         1.000         1.000
 S3CT           1.000         1.000         1.000         1.000         1.000
 S4CT           1.000         1.000         1.000         1.000         1.000
 S5CT           1.000         1.000         1.000         1.000         1.000
 S1ST           1.000         1.000         1.000         1.000         1.000
 S2ST           1.000         1.000         1.000         1.000         1.000
 S3ST           1.000         1.000         1.000         1.000         1.000
 S4ST           1.000         1.000         1.000         1.000         1.000
 S5ST           1.000         1.000         1.000         1.000         1.000


           Covariance Coverage
              S1SC          S2SC          S3SC          S4SC          S5SC
              ________      ________      ________      ________      ________
 S1SC           1.000
 S2SC           1.000         1.000
 S3SC           1.000         1.000         1.000
 S4SC           1.000         1.000         1.000         1.000
 S5SC           1.000         1.000         1.000         1.000         1.000
 S1CT           1.000         1.000         1.000         1.000         1.000
 S2CT           1.000         1.000         1.000         1.000         1.000
 S3CT           1.000         1.000         1.000         1.000         1.000
 S4CT           1.000         1.000         1.000         1.000         1.000
 S5CT           1.000         1.000         1.000         1.000         1.000
 S1ST           1.000         1.000         1.000         1.000         1.000
 S2ST           1.000         1.000         1.000         1.000         1.000
 S3ST           1.000         1.000         1.000         1.000         1.000
 S4ST           1.000         1.000         1.000         1.000         1.000
 S5ST           1.000         1.000         1.000         1.000         1.000


           Covariance Coverage
              S1CT          S2CT          S3CT          S4CT          S5CT
              ________      ________      ________      ________      ________
 S1CT           1.000
 S2CT           1.000         1.000
 S3CT           1.000         1.000         1.000
 S4CT           1.000         1.000         1.000         1.000
 S5CT           1.000         1.000         1.000         1.000         1.000
 S1ST           1.000         1.000         1.000         1.000         1.000
 S2ST           1.000         1.000         1.000         1.000         1.000
 S3ST           1.000         1.000         1.000         1.000         1.000
 S4ST           1.000         1.000         1.000         1.000         1.000
 S5ST           1.000         1.000         1.000         1.000         1.000


           Covariance Coverage
              S1ST          S2ST          S3ST          S4ST          S5ST
              ________      ________      ________      ________      ________
 S1ST           1.000
 S2ST           1.000         1.000
 S3ST           1.000         1.000         1.000
 S4ST           1.000         1.000         1.000         1.000
 S5ST           1.000         1.000         1.000         1.000         1.000


SAMPLE STATISTICS


     ESTIMATED SAMPLE STATISTICS


           Means
              S1CC          S2CC          S3CC          S4CC          S5CC
              ________      ________      ________      ________      ________
                3.640         3.598         3.793         3.236         3.681


           Means
              S1SC          S2SC          S3SC          S4SC          S5SC
              ________      ________      ________      ________      ________
                2.880         3.144         3.179         2.886         2.998


           Means
              S1CT          S2CT          S3CT          S4CT          S5CT
              ________      ________      ________      ________      ________
                2.978         2.919         3.108         2.823         2.902


           Means
              S1ST          S2ST          S3ST          S4ST          S5ST
              ________      ________      ________      ________      ________
                3.502         3.620         3.608         3.291         3.524


           Covariances
              S1CC          S2CC          S3CC          S4CC          S5CC
              ________      ________      ________      ________      ________
 S1CC           1.222
 S2CC           0.792         1.184
 S3CC           0.684         0.849         1.006
 S4CC           0.538         0.599         0.539         1.091
 S5CC           0.814         0.744         0.710         0.634         1.307
 S1SC          -0.431        -0.312        -0.269        -0.313        -0.473
 S2SC          -0.357        -0.261        -0.212        -0.243        -0.452
 S3SC          -0.387        -0.272        -0.180        -0.312        -0.431
 S4SC          -0.267        -0.174        -0.166         0.080        -0.195
 S5SC          -0.556        -0.483        -0.413        -0.298        -0.549
 S1CT           0.451         0.461         0.406         0.383         0.527
 S2CT           0.381         0.542         0.499         0.416         0.545
 S3CT           0.374         0.488         0.494         0.324         0.486
 S4CT           0.241         0.329         0.317         0.491         0.379
 S5CT           0.459         0.501         0.437         0.472         0.640
 S1ST          -0.147        -0.235        -0.140        -0.141        -0.214
 S2ST          -0.131        -0.179        -0.128        -0.152        -0.253
 S3ST          -0.125        -0.138        -0.077        -0.137        -0.192
 S4ST          -0.192        -0.139        -0.139         0.029        -0.165
 S5ST          -0.285        -0.263        -0.206        -0.142        -0.335


           Covariances
              S1SC          S2SC          S3SC          S4SC          S5SC
              ________      ________      ________      ________      ________
 S1SC           1.345
 S2SC           0.938         1.310
 S3SC           0.956         1.066         1.375
 S4SC           0.580         0.602         0.640         1.093
 S5SC           0.890         0.866         0.952         0.681         1.453
 S1CT          -0.171        -0.198        -0.193        -0.171        -0.335
 S2CT          -0.154        -0.218        -0.215        -0.143        -0.333
 S3CT          -0.105        -0.160        -0.125        -0.122        -0.280
 S4CT          -0.139        -0.194        -0.233         0.021        -0.167
 S5CT          -0.321        -0.268        -0.306        -0.164        -0.378
 S1ST           0.426         0.464         0.467         0.374         0.513
 S2ST           0.406         0.541         0.525         0.390         0.518
 S3ST           0.445         0.548         0.542         0.350         0.548
 S4ST           0.287         0.346         0.298         0.462         0.415
 S5ST           0.415         0.500         0.467         0.440         0.580


           Covariances
              S1CT          S2CT          S3CT          S4CT          S5CT
              ________      ________      ________      ________      ________
 S1CT           1.558
 S2CT           1.187         1.558
 S3CT           1.202         1.322         1.572
 S4CT           0.697         0.793         0.773         1.182
 S5CT           1.199         1.177         1.200         0.940         1.690
 S1ST          -0.578        -0.569        -0.503        -0.360        -0.612
 S2ST          -0.555        -0.567        -0.485        -0.403        -0.620
 S3ST          -0.564        -0.503        -0.541        -0.372        -0.595
 S4ST          -0.412        -0.391        -0.387        -0.103        -0.370
 S5ST          -0.675        -0.687        -0.654        -0.361        -0.770


           Covariances
              S1ST          S2ST          S3ST          S4ST          S5ST
              ________      ________      ________      ________      ________
 S1ST           1.071
 S2ST           0.799         1.097
 S3ST           0.776         0.881         1.116
 S4ST           0.472         0.513         0.484         0.979
 S5ST           0.720         0.807         0.817         0.646         1.229


           Correlations
              S1CC          S2CC          S3CC          S4CC          S5CC
              ________      ________      ________      ________      ________
 S1CC           1.000
 S2CC           0.659         1.000
 S3CC           0.617         0.779         1.000
 S4CC           0.466         0.527         0.514         1.000
 S5CC           0.644         0.598         0.620         0.531         1.000
 S1SC          -0.336        -0.248        -0.231        -0.259        -0.357
 S2SC          -0.282        -0.210        -0.185        -0.204        -0.345
 S3SC          -0.298        -0.213        -0.153        -0.255        -0.321
 S4SC          -0.231        -0.153        -0.158         0.073        -0.163
 S5SC          -0.417        -0.368        -0.342        -0.237        -0.399
 S1CT           0.327         0.339         0.324         0.294         0.370
 S2CT           0.276         0.399         0.399         0.319         0.382
 S3CT           0.270         0.358         0.393         0.248         0.339
 S4CT           0.201         0.278         0.291         0.432         0.305
 S5CT           0.319         0.355         0.335         0.348         0.430
 S1ST          -0.128        -0.209        -0.135        -0.130        -0.181
 S2ST          -0.113        -0.157        -0.121        -0.139        -0.212
 S3ST          -0.107        -0.120        -0.073        -0.124        -0.159
 S4ST          -0.176        -0.129        -0.140         0.028        -0.146
 S5ST          -0.232        -0.218        -0.186        -0.123        -0.264


           Correlations
              S1SC          S2SC          S3SC          S4SC          S5SC
              ________      ________      ________      ________      ________
 S1SC           1.000
 S2SC           0.706         1.000
 S3SC           0.703         0.794         1.000
 S4SC           0.478         0.503         0.522         1.000
 S5SC           0.637         0.628         0.673         0.540         1.000
 S1CT          -0.118        -0.139        -0.132        -0.131        -0.223
 S2CT          -0.106        -0.153        -0.147        -0.110        -0.222
 S3CT          -0.072        -0.111        -0.085        -0.093        -0.185
 S4CT          -0.110        -0.156        -0.182         0.018        -0.127
 S5CT          -0.213        -0.180        -0.201        -0.120        -0.241
 S1ST           0.355         0.392         0.385         0.346         0.411
 S2ST           0.334         0.451         0.428         0.356         0.410
 S3ST           0.363         0.453         0.437         0.317         0.430
 S4ST           0.250         0.306         0.257         0.447         0.348
 S5ST           0.322         0.394         0.359         0.379         0.434


           Correlations
              S1CT          S2CT          S3CT          S4CT          S5CT
              ________      ________      ________      ________      ________
 S1CT           1.000
 S2CT           0.762         1.000
 S3CT           0.768         0.845         1.000
 S4CT           0.514         0.584         0.567         1.000
 S5CT           0.739         0.725         0.736         0.665         1.000
 S1ST          -0.448        -0.440        -0.388        -0.320        -0.455
 S2ST          -0.425        -0.434        -0.370        -0.353        -0.456
 S3ST          -0.427        -0.382        -0.408        -0.324        -0.433
 S4ST          -0.334        -0.317        -0.312        -0.096        -0.288
 S5ST          -0.488        -0.496        -0.471        -0.299        -0.534


           Correlations
              S1ST          S2ST          S3ST          S4ST          S5ST
              ________      ________      ________      ________      ________
 S1ST           1.000
 S2ST           0.737         1.000
 S3ST           0.710         0.796         1.000
 S4ST           0.461         0.495         0.463         1.000
 S5ST           0.628         0.695         0.698         0.589         1.000


     MAXIMUM LOG-LIKELIHOOD VALUE FOR THE UNRESTRICTED (H1) MODEL IS -11411.045


UNIVARIATE SAMPLE STATISTICS


     UNIVARIATE HIGHER-ORDER MOMENT DESCRIPTIVE STATISTICS

         Variable/         Mean/     Skewness/   Minimum/ % with                Percentiles
        Sample Size      Variance    Kurtosis    Maximum  Min/Max      20%/60%    40%/80%    Median

     S1CC                  3.640      -0.781       1.000    6.50%       3.000      4.000      4.000
             492.000       1.222       0.046       5.000   21.75%       4.000      5.000
     S2CC                  3.598      -0.715       1.000    5.89%       3.000      4.000      4.000
             492.000       1.184      -0.054       5.000   19.51%       4.000      4.000
     S3CC                  3.793      -0.798       1.000    3.25%       3.000      4.000      4.000
             492.000       1.006       0.326       5.000   24.80%       4.000      5.000
     S4CC                  3.236      -0.343       1.000    8.54%       3.000      3.000      3.000
             492.000       1.091      -0.047       5.000   11.18%       3.000      4.000
     S5CC                  3.681      -0.742       1.000    6.50%       3.000      4.000      4.000
             492.000       1.307      -0.135       5.000   26.42%       4.000      5.000
     S1SC                  2.880      -0.008       1.000   15.24%       2.000      3.000      3.000
             492.000       1.345      -0.713       5.000    8.94%       3.000      4.000
     S2SC                  3.144      -0.260       1.000   10.98%       2.000      3.000      3.000
             492.000       1.310      -0.613       5.000   11.59%       3.000      4.000
     S3SC                  3.179      -0.237       1.000   10.77%       2.000      3.000      3.000
             492.000       1.375      -0.689       5.000   13.82%       4.000      4.000
     S4SC                  2.886       0.068       1.000   12.20%       2.000      3.000      3.000
             492.000       1.093       0.029       5.000    9.15%       3.000      3.000
     S5SC                  2.998      -0.003       1.000   13.21%       2.000      3.000      3.000
             492.000       1.453      -0.822       5.000   13.01%       3.000      4.000
     S1CT                  2.978      -0.089       1.000   15.85%       2.000      3.000      3.000
             492.000       1.558      -1.011       5.000   11.59%       3.000      4.000
     S2CT                  2.919      -0.015       1.000   16.46%       2.000      3.000      3.000
             492.000       1.558      -1.029       5.000   10.98%       3.000      4.000
     S3CT                  3.108      -0.321       1.000   15.65%       2.000      3.000      3.000
             492.000       1.572      -0.960       5.000   11.79%       4.000      4.000
     S4CT                  2.823      -0.044       1.000   15.24%       2.000      3.000      3.000
             492.000       1.182      -0.435       5.000    6.71%       3.000      4.000
     S5CT                  2.902      -0.002       1.000   19.31%       2.000      3.000      3.000
             492.000       1.690      -1.098       5.000   12.60%       3.000      4.000
     S1ST                  3.502      -0.478       1.000    5.49%       3.000      3.000      4.000
             492.000       1.071      -0.005       5.000   17.28%       4.000      4.000
     S2ST                  3.620      -0.658       1.000    5.28%       3.000      3.000      4.000
             492.000       1.097       0.117       5.000   20.33%       4.000      5.000
     S3ST                  3.608      -0.594       1.000    5.08%       3.000      3.000      4.000
             492.000       1.116      -0.031       5.000   20.93%       4.000      5.000
     S4ST                  3.291      -0.128       1.000    5.89%       3.000      3.000      3.000
             492.000       0.979       0.180       5.000   13.62%       3.000      4.000
     S5ST                  3.524      -0.496       1.000    6.10%       3.000      3.000      4.000
             492.000       1.229      -0.328       5.000   20.73%       4.000      5.000


THE MODEL ESTIMATION TERMINATED NORMALLY



MODEL FIT INFORMATION

Number of Free Parameters                       84

Loglikelihood

          H0 Value                      -11671.202
          H0 Scaling Correction Factor      1.6494
            for MLR
          H1 Value                      -11411.045
          H1 Scaling Correction Factor      1.3759
            for MLR

Information Criteria

          Akaike (AIC)                   23510.404
          Bayesian (BIC)                 23863.076
          Sample-Size Adjusted BIC       23596.460
            (n* = (n + 2) / 24)

Chi-Square Test of Model Fit

          Value                            427.009*
          Degrees of Freedom                   146
          P-Value                           0.0000
          Scaling Correction Factor         1.2185
            for MLR

*   The chi-square value for MLM, MLMV, MLR, ULSMV, WLSM and WLSMV cannot be used
    for chi-square difference testing in the regular way.  MLM, MLR and WLSM
    chi-square difference testing is described on the Mplus website.  MLMV, WLSMV,
    and ULSMV difference testing is done using the DIFFTEST option.

RMSEA (Root Mean Square Error Of Approximation)

          Estimate                           0.063
          90 Percent C.I.                    0.056  0.069
          Probability RMSEA <= .05           0.001

CFI/TLI

          CFI                                0.941
          TLI                                0.924

Chi-Square Test of Model Fit for the Baseline Model

          Value                           4984.964
          Degrees of Freedom                   190
          P-Value                           0.0000

SRMR (Standardized Root Mean Square Residual)

          Value                              0.051



MODEL RESULTS

                                                    Two-Tailed
                    Estimate       S.E.  Est./S.E.    P-Value

 STCC     BY
    S1CC               1.000      0.000    999.000    999.000
    S2CC               1.085      0.026     41.711      0.000
    S3CC               1.074      0.028     38.057      0.000
    S4CC               0.695      0.033     21.251      0.000
    S5CC               1.010      0.034     30.020      0.000

 STSC     BY
    S1SC               1.000      0.000    999.000    999.000
    S2SC               1.085      0.026     41.711      0.000
    S3SC               1.074      0.028     38.057      0.000
    S4SC               0.695      0.033     21.251      0.000
    S5SC               1.010      0.034     30.020      0.000

 STCT     BY
    S1CT               1.000      0.000    999.000    999.000
    S2CT               1.085      0.026     41.711      0.000
    S3CT               1.074      0.028     38.057      0.000
    S4CT               0.695      0.033     21.251      0.000
    S5CT               1.010      0.034     30.020      0.000

 STST     BY
    S1ST               1.000      0.000    999.000    999.000
    S2ST               1.085      0.026     41.711      0.000
    S3ST               1.074      0.028     38.057      0.000
    S4ST               0.695      0.033     21.251      0.000
    S5ST               1.010      0.034     30.020      0.000

 STSC     WITH
    STCC              -0.306      0.055     -5.572      0.000

 STCT     WITH
    STCC               0.427      0.054      7.963      0.000
    STSC              -0.196      0.058     -3.363      0.001

 STST     WITH
    STCC              -0.159      0.048     -3.343      0.001
    STSC               0.450      0.053      8.544      0.000
    STCT              -0.504      0.060     -8.428      0.000

 S1CC     WITH
    S1SC              -0.047      0.041     -1.155      0.248
    S1CT               0.085      0.033      2.561      0.010
    S1ST               0.029      0.024      1.200      0.230

 S1SC     WITH
    S1CT              -0.004      0.029     -0.126      0.899
    S1ST               0.032      0.023      1.393      0.164

 S1CT     WITH
    S1ST              -0.018      0.037     -0.491      0.623

 S2CC     WITH
    S2SC               0.030      0.038      0.791      0.429
    S2CT               0.016      0.021      0.768      0.443
    S2ST               0.002      0.022      0.106      0.916

 S2SC     WITH
    S2CT              -0.011      0.019     -0.590      0.555
    S2ST               0.014      0.023      0.604      0.546

 S2CT     WITH
    S2ST              -0.023      0.026     -0.877      0.381

 S3CC     WITH
    S3SC               0.081      0.026      3.140      0.002
    S3CT               0.054      0.026      2.080      0.037
    S3ST               0.016      0.018      0.894      0.371

 S3SC     WITH
    S3CT               0.032      0.023      1.389      0.165
    S3ST               0.013      0.017      0.734      0.463

 S3CT     WITH
    S3ST              -0.052      0.046     -1.118      0.263

 S4CC     WITH
    S4SC               0.243      0.052      4.718      0.000
    S4CT               0.228      0.045      5.119      0.000
    S4ST               0.146      0.041      3.526      0.000

 S4SC     WITH
    S4CT               0.151      0.042      3.606      0.000
    S4ST               0.215      0.040      5.384      0.000

 S4CT     WITH
    S4ST               0.160      0.051      3.136      0.002

 S5CC     WITH
    S5SC              -0.003      0.041     -0.077      0.938
    S5CT               0.122      0.043      2.830      0.005
    S5ST              -0.032      0.031     -1.013      0.311

 S5SC     WITH
    S5CT               0.021      0.035      0.597      0.550
    S5ST               0.081      0.030      2.722      0.006

 S5CT     WITH
    S5ST              -0.053      0.048     -1.118      0.264

 Intercepts
    S1CC               3.640      0.050     73.037      0.000
    S2CC               3.598      0.049     73.349      0.000
    S3CC               3.793      0.045     83.883      0.000
    S4CC               3.236      0.047     68.722      0.000
    S5CC               3.681      0.052     71.424      0.000
    S1SC               2.880      0.052     55.076      0.000
    S2SC               3.144      0.052     60.925      0.000
    S3SC               3.179      0.053     60.142      0.000
    S4SC               2.886      0.047     61.242      0.000
    S5SC               2.998      0.054     55.162      0.000
    S1CT               2.978      0.056     52.907      0.000
    S2CT               2.919      0.056     51.859      0.000
    S3CT               3.108      0.057     54.984      0.000
    S4CT               2.823      0.049     57.595      0.000
    S5CT               2.902      0.059     49.527      0.000
    S1ST               3.502      0.047     75.055      0.000
    S2ST               3.620      0.047     76.647      0.000
    S3ST               3.608      0.048     75.735      0.000
    S4ST               3.291      0.045     73.787      0.000
    S5ST               3.524      0.050     70.514      0.000

 Variances
    STCC               0.697      0.063     11.044      0.000
    STSC               0.861      0.065     13.336      0.000
    STCT               1.114      0.073     15.317      0.000
    STST               0.735      0.063     11.675      0.000

 Residual Variances
    S1CC               0.514      0.047     10.821      0.000
    S2CC               0.316      0.041      7.684      0.000
    S3CC               0.263      0.034      7.691      0.000
    S4CC               0.673      0.052     13.044      0.000
    S5CC               0.571      0.052     10.991      0.000
    S1SC               0.477      0.048     10.027      0.000
    S2SC               0.325      0.051      6.370      0.000
    S3SC               0.305      0.040      7.583      0.000
    S4SC               0.689      0.054     12.868      0.000
    S5SC               0.585      0.059      9.962      0.000
    S1CT               0.440      0.046      9.609      0.000
    S2CT               0.271      0.036      7.628      0.000
    S3CT               0.283      0.055      5.118      0.000
    S4CT               0.671      0.053     12.601      0.000
    S5CT               0.518      0.063      8.188      0.000
    S1ST               0.363      0.046      7.943      0.000
    S2ST               0.225      0.031      7.141      0.000
    S3ST               0.259      0.052      4.983      0.000
    S4ST               0.648      0.053     12.211      0.000
    S5ST               0.447      0.049      9.202      0.000


QUALITY OF NUMERICAL RESULTS

     Condition Number for the Information Matrix              0.733E-02
       (ratio of smallest to largest eigenvalue)


STANDARDIZED MODEL RESULTS


STDYX Standardization

                                                    Two-Tailed
                    Estimate       S.E.  Est./S.E.    P-Value

 STCC     BY
    S1CC               0.759      0.023     33.525      0.000
    S2CC               0.850      0.021     41.328      0.000
    S3CC               0.868      0.018     49.024      0.000
    S4CC               0.578      0.031     18.740      0.000
    S5CC               0.745      0.024     30.904      0.000

 STSC     BY
    S1SC               0.802      0.020     39.863      0.000
    S2SC               0.870      0.020     42.825      0.000
    S3SC               0.875      0.017     50.641      0.000
    S4SC               0.614      0.027     22.413      0.000
    S5SC               0.775      0.022     35.092      0.000

 STCT     BY
    S1CT               0.847      0.017     50.045      0.000
    S2CT               0.910      0.012     73.636      0.000
    S3CT               0.905      0.019     48.620      0.000
    S4CT               0.667      0.026     25.297      0.000
    S5CT               0.829      0.022     37.204      0.000

 STST     BY
    S1ST               0.818      0.023     35.711      0.000
    S2ST               0.891      0.016     54.666      0.000
    S3ST               0.875      0.024     36.654      0.000
    S4ST               0.595      0.030     19.838      0.000
    S5ST               0.792      0.024     32.709      0.000

 STSC     WITH
    STCC              -0.395      0.062     -6.412      0.000

 STCT     WITH
    STCC               0.485      0.048     10.050      0.000
    STSC              -0.200      0.057     -3.511      0.000

 STST     WITH
    STCC              -0.222      0.063     -3.528      0.000
    STSC               0.566      0.046     12.231      0.000
    STCT              -0.557      0.045    -12.237      0.000

 S1CC     WITH
    S1SC              -0.095      0.081     -1.171      0.242
    S1CT               0.178      0.064      2.764      0.006
    S1ST               0.068      0.056      1.216      0.224

 S1SC     WITH
    S1CT              -0.008      0.063     -0.126      0.899
    S1ST               0.078      0.055      1.410      0.159

 S1CT     WITH
    S1ST              -0.046      0.093     -0.497      0.619

 S2CC     WITH
    S2SC               0.094      0.118      0.801      0.423
    S2CT               0.055      0.071      0.782      0.434
    S2ST               0.009      0.081      0.106      0.915

 S2SC     WITH
    S2CT              -0.038      0.064     -0.586      0.558
    S2ST               0.052      0.084      0.623      0.533

 S2CT     WITH
    S2ST              -0.092      0.101     -0.910      0.363

 S3CC     WITH
    S3SC               0.285      0.089      3.210      0.001
    S3CT               0.198      0.087      2.280      0.023
    S3ST               0.063      0.069      0.913      0.361

 S3SC     WITH
    S3CT               0.108      0.074      1.471      0.141
    S3ST               0.045      0.061      0.738      0.461

 S3CT     WITH
    S3ST              -0.192      0.145     -1.323      0.186

 S4CC     WITH
    S4SC               0.357      0.059      6.011      0.000
    S4CT               0.340      0.056      6.076      0.000
    S4ST               0.221      0.057      3.857      0.000

 S4SC     WITH
    S4CT               0.222      0.056      3.960      0.000
    S4ST               0.322      0.051      6.323      0.000

 S4CT     WITH
    S4ST               0.242      0.069      3.497      0.000

 S5CC     WITH
    S5SC              -0.005      0.070     -0.077      0.938
    S5CT               0.225      0.075      2.984      0.003
    S5ST              -0.063      0.062     -1.017      0.309

 S5SC     WITH
    S5CT               0.038      0.064      0.600      0.548
    S5ST               0.159      0.056      2.828      0.005

 S5CT     WITH
    S5ST              -0.111      0.097     -1.145      0.252

 Intercepts
    S1CC               3.308      0.126     26.267      0.000
    S2CC               3.375      0.135     25.055      0.000
    S3CC               3.672      0.144     25.543      0.000
    S4CC               3.219      0.119     26.962      0.000
    S5CC               3.251      0.119     27.407      0.000
    S1SC               2.489      0.082     30.339      0.000
    S2SC               2.717      0.094     28.810      0.000
    S3SC               2.789      0.093     29.831      0.000
    S4SC               2.746      0.100     27.580      0.000
    S5SC               2.479      0.081     30.645      0.000
    S1CT               2.389      0.075     31.699      0.000
    S2CT               2.321      0.071     32.498      0.000
    S3CT               2.482      0.081     30.581      0.000
    S4CT               2.567      0.087     29.369      0.000
    S5CT               2.257      0.073     30.905      0.000
    S1ST               3.342      0.125     26.702      0.000
    S2ST               3.467      0.138     25.126      0.000
    S3ST               3.428      0.140     24.440      0.000
    S4ST               3.285      0.119     27.539      0.000
    S5ST               3.222      0.117     27.475      0.000

 Variances
    STCC               1.000      0.000    999.000    999.000
    STSC               1.000      0.000    999.000    999.000
    STCT               1.000      0.000    999.000    999.000
    STST               1.000      0.000    999.000    999.000

 Residual Variances
    S1CC               0.424      0.034     12.349      0.000
    S2CC               0.278      0.035      7.950      0.000
    S3CC               0.246      0.031      8.000      0.000
    S4CC               0.666      0.036     18.711      0.000
    S5CC               0.445      0.036     12.407      0.000
    S1SC               0.357      0.032     11.047      0.000
    S2SC               0.243      0.035      6.875      0.000
    S3SC               0.235      0.030      7.781      0.000
    S4SC               0.623      0.034     18.535      0.000
    S5SC               0.400      0.034     11.683      0.000
    S1CT               0.283      0.029      9.879      0.000
    S2CT               0.172      0.023      7.622      0.000
    S3CT               0.180      0.034      5.346      0.000
    S4CT               0.555      0.035     15.768      0.000
    S5CT               0.313      0.037      8.490      0.000
    S1ST               0.330      0.038      8.802      0.000
    S2ST               0.206      0.029      7.102      0.000
    S3ST               0.234      0.042      5.590      0.000
    S4ST               0.646      0.036     18.083      0.000
    S5ST               0.373      0.038      9.747      0.000


STDY Standardization

                                                    Two-Tailed
                    Estimate       S.E.  Est./S.E.    P-Value

 STCC     BY
    S1CC               0.759      0.023     33.525      0.000
    S2CC               0.850      0.021     41.328      0.000
    S3CC               0.868      0.018     49.024      0.000
    S4CC               0.578      0.031     18.740      0.000
    S5CC               0.745      0.024     30.904      0.000

 STSC     BY
    S1SC               0.802      0.020     39.863      0.000
    S2SC               0.870      0.020     42.825      0.000
    S3SC               0.875      0.017     50.641      0.000
    S4SC               0.614      0.027     22.413      0.000
    S5SC               0.775      0.022     35.092      0.000

 STCT     BY
    S1CT               0.847      0.017     50.045      0.000
    S2CT               0.910      0.012     73.636      0.000
    S3CT               0.905      0.019     48.620      0.000
    S4CT               0.667      0.026     25.297      0.000
    S5CT               0.829      0.022     37.204      0.000

 STST     BY
    S1ST               0.818      0.023     35.711      0.000
    S2ST               0.891      0.016     54.666      0.000
    S3ST               0.875      0.024     36.654      0.000
    S4ST               0.595      0.030     19.838      0.000
    S5ST               0.792      0.024     32.709      0.000

 STSC     WITH
    STCC              -0.395      0.062     -6.412      0.000

 STCT     WITH
    STCC               0.485      0.048     10.050      0.000
    STSC              -0.200      0.057     -3.511      0.000

 STST     WITH
    STCC              -0.222      0.063     -3.528      0.000
    STSC               0.566      0.046     12.231      0.000
    STCT              -0.557      0.045    -12.237      0.000

 S1CC     WITH
    S1SC              -0.095      0.081     -1.171      0.242
    S1CT               0.178      0.064      2.764      0.006
    S1ST               0.068      0.056      1.216      0.224

 S1SC     WITH
    S1CT              -0.008      0.063     -0.126      0.899
    S1ST               0.078      0.055      1.410      0.159

 S1CT     WITH
    S1ST              -0.046      0.093     -0.497      0.619

 S2CC     WITH
    S2SC               0.094      0.118      0.801      0.423
    S2CT               0.055      0.071      0.782      0.434
    S2ST               0.009      0.081      0.106      0.915

 S2SC     WITH
    S2CT              -0.038      0.064     -0.586      0.558
    S2ST               0.052      0.084      0.623      0.533

 S2CT     WITH
    S2ST              -0.092      0.101     -0.910      0.363

 S3CC     WITH
    S3SC               0.285      0.089      3.210      0.001
    S3CT               0.198      0.087      2.280      0.023
    S3ST               0.063      0.069      0.913      0.361

 S3SC     WITH
    S3CT               0.108      0.074      1.471      0.141
    S3ST               0.045      0.061      0.738      0.461

 S3CT     WITH
    S3ST              -0.192      0.145     -1.323      0.186

 S4CC     WITH
    S4SC               0.357      0.059      6.011      0.000
    S4CT               0.340      0.056      6.076      0.000
    S4ST               0.221      0.057      3.857      0.000

 S4SC     WITH
    S4CT               0.222      0.056      3.960      0.000
    S4ST               0.322      0.051      6.323      0.000

 S4CT     WITH
    S4ST               0.242      0.069      3.497      0.000

 S5CC     WITH
    S5SC              -0.005      0.070     -0.077      0.938
    S5CT               0.225      0.075      2.984      0.003
    S5ST              -0.063      0.062     -1.017      0.309

 S5SC     WITH
    S5CT               0.038      0.064      0.600      0.548
    S5ST               0.159      0.056      2.828      0.005

 S5CT     WITH
    S5ST              -0.111      0.097     -1.145      0.252

 Intercepts
    S1CC               3.308      0.126     26.267      0.000
    S2CC               3.375      0.135     25.055      0.000
    S3CC               3.672      0.144     25.543      0.000
    S4CC               3.219      0.119     26.962      0.000
    S5CC               3.251      0.119     27.407      0.000
    S1SC               2.489      0.082     30.339      0.000
    S2SC               2.717      0.094     28.810      0.000
    S3SC               2.789      0.093     29.831      0.000
    S4SC               2.746      0.100     27.580      0.000
    S5SC               2.479      0.081     30.645      0.000
    S1CT               2.389      0.075     31.699      0.000
    S2CT               2.321      0.071     32.498      0.000
    S3CT               2.482      0.081     30.581      0.000
    S4CT               2.567      0.087     29.369      0.000
    S5CT               2.257      0.073     30.905      0.000
    S1ST               3.342      0.125     26.702      0.000
    S2ST               3.467      0.138     25.126      0.000
    S3ST               3.428      0.140     24.440      0.000
    S4ST               3.285      0.119     27.539      0.000
    S5ST               3.222      0.117     27.475      0.000

 Variances
    STCC               1.000      0.000    999.000    999.000
    STSC               1.000      0.000    999.000    999.000
    STCT               1.000      0.000    999.000    999.000
    STST               1.000      0.000    999.000    999.000

 Residual Variances
    S1CC               0.424      0.034     12.349      0.000
    S2CC               0.278      0.035      7.950      0.000
    S3CC               0.246      0.031      8.000      0.000
    S4CC               0.666      0.036     18.711      0.000
    S5CC               0.445      0.036     12.407      0.000
    S1SC               0.357      0.032     11.047      0.000
    S2SC               0.243      0.035      6.875      0.000
    S3SC               0.235      0.030      7.781      0.000
    S4SC               0.623      0.034     18.535      0.000
    S5SC               0.400      0.034     11.683      0.000
    S1CT               0.283      0.029      9.879      0.000
    S2CT               0.172      0.023      7.622      0.000
    S3CT               0.180      0.034      5.346      0.000
    S4CT               0.555      0.035     15.768      0.000
    S5CT               0.313      0.037      8.490      0.000
    S1ST               0.330      0.038      8.802      0.000
    S2ST               0.206      0.029      7.102      0.000
    S3ST               0.234      0.042      5.590      0.000
    S4ST               0.646      0.036     18.083      0.000
    S5ST               0.373      0.038      9.747      0.000


STD Standardization

                                                    Two-Tailed
                    Estimate       S.E.  Est./S.E.    P-Value

 STCC     BY
    S1CC               0.835      0.038     22.088      0.000
    S2CC               0.906      0.039     23.287      0.000
    S3CC               0.897      0.037     24.406      0.000
    S4CC               0.581      0.037     15.552      0.000
    S5CC               0.843      0.038     21.907      0.000

 STSC     BY
    S1SC               0.928      0.035     26.673      0.000
    S2SC               1.007      0.035     28.447      0.000
    S3SC               0.997      0.034     29.104      0.000
    S4SC               0.645      0.037     17.482      0.000
    S5SC               0.937      0.036     25.681      0.000

 STCT     BY
    S1CT               1.055      0.034     30.633      0.000
    S2CT               1.145      0.033     34.835      0.000
    S3CT               1.134      0.035     32.288      0.000
    S4CT               0.734      0.038     19.418      0.000
    S5CT               1.066      0.040     26.392      0.000

 STST     BY
    S1ST               0.858      0.037     23.350      0.000
    S2ST               0.930      0.038     24.434      0.000
    S3ST               0.921      0.037     24.874      0.000
    S4ST               0.596      0.036     16.438      0.000
    S5ST               0.866      0.039     22.036      0.000

 STSC     WITH
    STCC              -0.395      0.062     -6.412      0.000

 STCT     WITH
    STCC               0.485      0.048     10.050      0.000
    STSC              -0.200      0.057     -3.511      0.000

 STST     WITH
    STCC              -0.222      0.063     -3.528      0.000
    STSC               0.566      0.046     12.231      0.000
    STCT              -0.557      0.045    -12.237      0.000

 S1CC     WITH
    S1SC              -0.047      0.041     -1.155      0.248
    S1CT               0.085      0.033      2.561      0.010
    S1ST               0.029      0.024      1.200      0.230

 S1SC     WITH
    S1CT              -0.004      0.029     -0.126      0.899
    S1ST               0.032      0.023      1.393      0.164

 S1CT     WITH
    S1ST              -0.018      0.037     -0.491      0.623

 S2CC     WITH
    S2SC               0.030      0.038      0.791      0.429
    S2CT               0.016      0.021      0.768      0.443
    S2ST               0.002      0.022      0.106      0.916

 S2SC     WITH
    S2CT              -0.011      0.019     -0.590      0.555
    S2ST               0.014      0.023      0.604      0.546

 S2CT     WITH
    S2ST              -0.023      0.026     -0.877      0.381

 S3CC     WITH
    S3SC               0.081      0.026      3.140      0.002
    S3CT               0.054      0.026      2.080      0.037
    S3ST               0.016      0.018      0.894      0.371

 S3SC     WITH
    S3CT               0.032      0.023      1.389      0.165
    S3ST               0.013      0.017      0.734      0.463

 S3CT     WITH
    S3ST              -0.052      0.046     -1.118      0.263

 S4CC     WITH
    S4SC               0.243      0.052      4.718      0.000
    S4CT               0.228      0.045      5.119      0.000
    S4ST               0.146      0.041      3.526      0.000

 S4SC     WITH
    S4CT               0.151      0.042      3.606      0.000
    S4ST               0.215      0.040      5.384      0.000

 S4CT     WITH
    S4ST               0.160      0.051      3.136      0.002

 S5CC     WITH
    S5SC              -0.003      0.041     -0.077      0.938
    S5CT               0.122      0.043      2.830      0.005
    S5ST              -0.032      0.031     -1.013      0.311

 S5SC     WITH
    S5CT               0.021      0.035      0.597      0.550
    S5ST               0.081      0.030      2.722      0.006

 S5CT     WITH
    S5ST              -0.053      0.048     -1.118      0.264

 Intercepts
    S1CC               3.640      0.050     73.037      0.000
    S2CC               3.598      0.049     73.349      0.000
    S3CC               3.793      0.045     83.883      0.000
    S4CC               3.236      0.047     68.722      0.000
    S5CC               3.681      0.052     71.424      0.000
    S1SC               2.880      0.052     55.076      0.000
    S2SC               3.144      0.052     60.925      0.000
    S3SC               3.179      0.053     60.142      0.000
    S4SC               2.886      0.047     61.242      0.000
    S5SC               2.998      0.054     55.162      0.000
    S1CT               2.978      0.056     52.907      0.000
    S2CT               2.919      0.056     51.859      0.000
    S3CT               3.108      0.057     54.984      0.000
    S4CT               2.823      0.049     57.595      0.000
    S5CT               2.902      0.059     49.527      0.000
    S1ST               3.502      0.047     75.055      0.000
    S2ST               3.620      0.047     76.647      0.000
    S3ST               3.608      0.048     75.735      0.000
    S4ST               3.291      0.045     73.787      0.000
    S5ST               3.524      0.050     70.514      0.000

 Variances
    STCC               1.000      0.000    999.000    999.000
    STSC               1.000      0.000    999.000    999.000
    STCT               1.000      0.000    999.000    999.000
    STST               1.000      0.000    999.000    999.000

 Residual Variances
    S1CC               0.514      0.047     10.821      0.000
    S2CC               0.316      0.041      7.684      0.000
    S3CC               0.263      0.034      7.691      0.000
    S4CC               0.673      0.052     13.044      0.000
    S5CC               0.571      0.052     10.991      0.000
    S1SC               0.477      0.048     10.027      0.000
    S2SC               0.325      0.051      6.370      0.000
    S3SC               0.305      0.040      7.583      0.000
    S4SC               0.689      0.054     12.868      0.000
    S5SC               0.585      0.059      9.962      0.000
    S1CT               0.440      0.046      9.609      0.000
    S2CT               0.271      0.036      7.628      0.000
    S3CT               0.283      0.055      5.118      0.000
    S4CT               0.671      0.053     12.601      0.000
    S5CT               0.518      0.063      8.188      0.000
    S1ST               0.363      0.046      7.943      0.000
    S2ST               0.225      0.031      7.141      0.000
    S3ST               0.259      0.052      4.983      0.000
    S4ST               0.648      0.053     12.211      0.000
    S5ST               0.447      0.049      9.202      0.000


R-SQUARE

    Observed                                        Two-Tailed
    Variable        Estimate       S.E.  Est./S.E.    P-Value

    S1CC               0.576      0.034     16.762      0.000
    S2CC               0.722      0.035     20.664      0.000
    S3CC               0.754      0.031     24.512      0.000
    S4CC               0.334      0.036      9.370      0.000
    S5CC               0.555      0.036     15.452      0.000
    S1SC               0.643      0.032     19.931      0.000
    S2SC               0.757      0.035     21.413      0.000
    S3SC               0.765      0.030     25.320      0.000
    S4SC               0.377      0.034     11.206      0.000
    S5SC               0.600      0.034     17.546      0.000
    S1CT               0.717      0.029     25.022      0.000
    S2CT               0.828      0.023     36.818      0.000
    S3CT               0.820      0.034     24.310      0.000
    S4CT               0.445      0.035     12.648      0.000
    S5CT               0.687      0.037     18.602      0.000
    S1ST               0.670      0.038     17.856      0.000
    S2ST               0.794      0.029     27.333      0.000
    S3ST               0.766      0.042     18.327      0.000
    S4ST               0.354      0.036      9.919      0.000
    S5ST               0.627      0.038     16.355      0.000


CONFIDENCE INTERVALS OF MODEL RESULTS

                  Lower .5%  Lower 2.5%    Lower 5%    Estimate    Upper 5%  Upper 2.5%   Upper .5%

 STCC     BY
    S1CC             1.000       1.000       1.000       1.000       1.000       1.000       1.000
    S2CC             1.018       1.034       1.042       1.085       1.128       1.136       1.152
    S3CC             1.001       1.019       1.028       1.074       1.121       1.129       1.147
    S4CC             0.611       0.631       0.641       0.695       0.749       0.759       0.780
    S5CC             0.923       0.944       0.954       1.010       1.065       1.076       1.096

 STSC     BY
    S1SC             1.000       1.000       1.000       1.000       1.000       1.000       1.000
    S2SC             1.018       1.034       1.042       1.085       1.128       1.136       1.152
    S3SC             1.001       1.019       1.028       1.074       1.121       1.129       1.147
    S4SC             0.611       0.631       0.641       0.695       0.749       0.759       0.780
    S5SC             0.923       0.944       0.954       1.010       1.065       1.076       1.096

 STCT     BY
    S1CT             1.000       1.000       1.000       1.000       1.000       1.000       1.000
    S2CT             1.018       1.034       1.042       1.085       1.128       1.136       1.152
    S3CT             1.001       1.019       1.028       1.074       1.121       1.129       1.147
    S4CT             0.611       0.631       0.641       0.695       0.749       0.759       0.780
    S5CT             0.923       0.944       0.954       1.010       1.065       1.076       1.096

 STST     BY
    S1ST             1.000       1.000       1.000       1.000       1.000       1.000       1.000
    S2ST             1.018       1.034       1.042       1.085       1.128       1.136       1.152
    S3ST             1.001       1.019       1.028       1.074       1.121       1.129       1.147
    S4ST             0.611       0.631       0.641       0.695       0.749       0.759       0.780
    S5ST             0.923       0.944       0.954       1.010       1.065       1.076       1.096

 STSC     WITH
    STCC            -0.447      -0.413      -0.396      -0.306      -0.216      -0.198      -0.164

 STCT     WITH
    STCC             0.289       0.322       0.339       0.427       0.515       0.532       0.565
    STSC            -0.346      -0.310      -0.292      -0.196      -0.100      -0.082      -0.046

 STST     WITH
    STCC            -0.282      -0.253      -0.238      -0.159      -0.081      -0.066      -0.037
    STSC             0.315       0.347       0.364       0.450       0.537       0.554       0.586
    STCT            -0.658      -0.621      -0.602      -0.504      -0.406      -0.387      -0.350

 S1CC     WITH
    S1SC            -0.152      -0.127      -0.114      -0.047       0.020       0.033       0.058
    S1CT             0.000       0.020       0.030       0.085       0.139       0.149       0.170
    S1ST            -0.034      -0.019      -0.011       0.029       0.070       0.077       0.092

 S1SC     WITH
    S1CT            -0.078      -0.060      -0.051      -0.004       0.044       0.053       0.071
    S1ST            -0.028      -0.013      -0.006       0.032       0.071       0.078       0.093

 S1CT     WITH
    S1ST            -0.115      -0.092      -0.080      -0.018       0.043       0.055       0.078

 S2CC     WITH
    S2SC            -0.068      -0.045      -0.033       0.030       0.093       0.105       0.129
    S2CT            -0.038      -0.025      -0.018       0.016       0.051       0.057       0.070
    S2ST            -0.053      -0.040      -0.033       0.002       0.038       0.044       0.058

 S2SC     WITH
    S2CT            -0.060      -0.049      -0.043      -0.011       0.020       0.026       0.038
    S2ST            -0.046      -0.032      -0.024       0.014       0.052       0.060       0.074

 S2CT     WITH
    S2ST            -0.089      -0.073      -0.065      -0.023       0.020       0.028       0.044

 S3CC     WITH
    S3SC             0.015       0.030       0.038       0.081       0.123       0.131       0.147
    S3CT            -0.013       0.003       0.011       0.054       0.097       0.105       0.121
    S3ST            -0.031      -0.019      -0.014       0.016       0.046       0.052       0.063

 S3SC     WITH
    S3CT            -0.027      -0.013      -0.006       0.032       0.069       0.077       0.091
    S3ST            -0.032      -0.021      -0.016       0.013       0.041       0.046       0.057

 S3CT     WITH
    S3ST            -0.171      -0.143      -0.128      -0.052       0.024       0.039       0.068

 S4CC     WITH
    S4SC             0.110       0.142       0.159       0.243       0.328       0.344       0.376
    S4CT             0.113       0.141       0.155       0.228       0.302       0.316       0.343
    S4ST             0.039       0.065       0.078       0.146       0.214       0.227       0.253

 S4SC     WITH
    S4CT             0.043       0.069       0.082       0.151       0.219       0.232       0.258
    S4ST             0.112       0.137       0.150       0.215       0.281       0.294       0.318

 S4CT     WITH
    S4ST             0.029       0.060       0.076       0.160       0.244       0.260       0.291

 S5CC     WITH
    S5SC            -0.108      -0.083      -0.070      -0.003       0.064       0.077       0.102
    S5CT             0.011       0.038       0.051       0.122       0.193       0.207       0.234
    S5ST            -0.113      -0.094      -0.084      -0.032       0.020       0.030       0.049

 S5SC     WITH
    S5CT            -0.070      -0.048      -0.037       0.021       0.079       0.090       0.112
    S5ST             0.004       0.023       0.032       0.081       0.130       0.140       0.158

 S5CT     WITH
    S5ST            -0.177      -0.147      -0.132      -0.053       0.025       0.040       0.070

 Intercepts
    S1CC             3.512       3.543       3.558       3.640       3.722       3.738       3.769
    S2CC             3.471       3.501       3.517       3.598       3.678       3.694       3.724
    S3CC             3.676       3.704       3.718       3.793       3.867       3.881       3.909
    S4CC             3.114       3.143       3.158       3.236       3.313       3.328       3.357
    S5CC             3.548       3.580       3.596       3.681       3.766       3.782       3.814
    S1SC             2.745       2.778       2.794       2.880       2.966       2.983       3.015
    S2SC             3.011       3.043       3.059       3.144       3.229       3.245       3.277
    S3SC             3.043       3.075       3.092       3.179       3.266       3.282       3.315
    S4SC             2.765       2.794       2.809       2.886       2.964       2.979       3.008
    S5SC             2.858       2.891       2.909       2.998       3.087       3.104       3.138
    S1CT             2.833       2.867       2.885       2.978       3.070       3.088       3.123
    S2CT             2.774       2.808       2.826       2.919       3.011       3.029       3.064
    S3CT             2.962       2.997       3.015       3.108       3.201       3.219       3.253
    S4CT             2.697       2.727       2.743       2.823       2.904       2.919       2.949
    S5CT             2.751       2.788       2.806       2.902       2.999       3.017       3.053
    S1ST             3.382       3.411       3.425       3.502       3.579       3.593       3.622
    S2ST             3.498       3.527       3.542       3.620       3.698       3.712       3.742
    S3ST             3.485       3.514       3.529       3.608       3.686       3.701       3.730
    S4ST             3.176       3.203       3.217       3.291       3.364       3.378       3.406
    S5ST             3.396       3.426       3.442       3.524       3.607       3.622       3.653

 Variances
    STCC             0.535       0.574       0.593       0.697       0.801       0.821       0.860
    STSC             0.695       0.735       0.755       0.861       0.968       0.988       1.028
    STCT             0.927       0.971       0.994       1.114       1.233       1.256       1.301
    STST             0.573       0.612       0.632       0.735       0.839       0.859       0.898

 Residual Variances
    S1CC             0.391       0.421       0.436       0.514       0.592       0.607       0.636
    S2CC             0.210       0.235       0.248       0.316       0.383       0.396       0.421
    S3CC             0.175       0.196       0.206       0.263       0.319       0.329       0.350
    S4CC             0.540       0.572       0.588       0.673       0.758       0.774       0.806
    S5CC             0.437       0.469       0.485       0.571       0.656       0.673       0.705
    S1SC             0.355       0.384       0.399       0.477       0.556       0.571       0.600
    S2SC             0.194       0.225       0.241       0.325       0.409       0.426       0.457
    S3SC             0.202       0.226       0.239       0.305       0.372       0.384       0.409
    S4SC             0.551       0.584       0.601       0.689       0.777       0.794       0.827
    S5SC             0.434       0.470       0.488       0.585       0.681       0.700       0.736
    S1CT             0.322       0.350       0.364       0.440       0.515       0.529       0.558
    S2CT             0.180       0.202       0.213       0.271       0.330       0.341       0.363
    S3CT             0.140       0.174       0.192       0.283       0.373       0.391       0.425
    S4CT             0.534       0.567       0.584       0.671       0.759       0.776       0.808
    S5CT             0.355       0.394       0.414       0.518       0.622       0.642       0.681
    S1ST             0.245       0.273       0.287       0.363       0.438       0.452       0.480
    S2ST             0.144       0.163       0.173       0.225       0.277       0.287       0.306
    S3ST             0.125       0.157       0.173       0.259       0.344       0.361       0.393
    S4ST             0.511       0.544       0.561       0.648       0.735       0.752       0.785
    S5ST             0.322       0.352       0.367       0.447       0.527       0.542       0.572


CONFIDENCE INTERVALS OF STANDARDIZED MODEL RESULTS


STDYX Standardization

                  Lower .5%  Lower 2.5%    Lower 5%    Estimate    Upper 5%  Upper 2.5%   Upper .5%

 STCC     BY
    S1CC             0.701       0.714       0.722       0.759       0.796       0.803       0.817
    S2CC             0.797       0.809       0.816       0.850       0.884       0.890       0.903
    S3CC             0.823       0.834       0.839       0.868       0.897       0.903       0.914
    S4CC             0.498       0.517       0.527       0.578       0.628       0.638       0.657
    S5CC             0.683       0.698       0.705       0.745       0.784       0.792       0.807

 STSC     BY
    S1SC             0.750       0.763       0.769       0.802       0.835       0.842       0.854
    S2SC             0.818       0.830       0.837       0.870       0.903       0.910       0.922
    S3SC             0.830       0.841       0.846       0.875       0.903       0.908       0.919
    S4SC             0.543       0.560       0.569       0.614       0.659       0.668       0.684
    S5SC             0.718       0.732       0.738       0.775       0.811       0.818       0.832

 STCT     BY
    S1CT             0.803       0.814       0.819       0.847       0.875       0.880       0.890
    S2CT             0.878       0.886       0.890       0.910       0.931       0.934       0.942
    S3CT             0.857       0.869       0.875       0.905       0.936       0.942       0.953
    S4CT             0.599       0.615       0.624       0.667       0.711       0.719       0.735
    S5CT             0.771       0.785       0.792       0.829       0.865       0.872       0.886

 STST     BY
    S1ST             0.759       0.774       0.781       0.818       0.856       0.863       0.877
    S2ST             0.849       0.859       0.864       0.891       0.918       0.923       0.933
    S3ST             0.814       0.829       0.836       0.875       0.915       0.922       0.937
    S4ST             0.518       0.536       0.546       0.595       0.645       0.654       0.672
    S5ST             0.729       0.744       0.752       0.792       0.831       0.839       0.854

 STSC     WITH
    STCC            -0.553      -0.515      -0.496      -0.395      -0.293      -0.274      -0.236

 STCT     WITH
    STCC             0.361       0.390       0.405       0.485       0.564       0.579       0.609
    STSC            -0.347      -0.312      -0.294      -0.200      -0.106      -0.088      -0.053

 STST     WITH
    STCC            -0.385      -0.346      -0.326      -0.222      -0.119      -0.099      -0.060
    STSC             0.447       0.475       0.490       0.566       0.642       0.657       0.685
    STCT            -0.674      -0.646      -0.632      -0.557      -0.482      -0.468      -0.440

 S1CC     WITH
    S1SC            -0.305      -0.255      -0.229      -0.095       0.039       0.064       0.114
    S1CT             0.012       0.052       0.072       0.178       0.284       0.304       0.344
    S1ST            -0.076      -0.042      -0.024       0.068       0.160       0.178       0.212

 S1SC     WITH
    S1CT            -0.170      -0.131      -0.111      -0.008       0.095       0.115       0.154
    S1ST            -0.065      -0.030      -0.013       0.078       0.169       0.187       0.221

 S1CT     WITH
    S1ST            -0.285      -0.228      -0.199      -0.046       0.106       0.136       0.193

 S2CC     WITH
    S2SC            -0.209      -0.137      -0.099       0.094       0.288       0.325       0.398
    S2CT            -0.127      -0.083      -0.061       0.055       0.171       0.194       0.237
    S2ST            -0.199      -0.149      -0.124       0.009       0.141       0.167       0.216

 S2SC     WITH
    S2CT            -0.204      -0.164      -0.144      -0.038       0.068       0.089       0.128
    S2ST            -0.163      -0.112      -0.085       0.052       0.190       0.216       0.267

 S2CT     WITH
    S2ST            -0.352      -0.290      -0.258      -0.092       0.074       0.106       0.168

 S3CC     WITH
    S3SC             0.056       0.111       0.139       0.285       0.432       0.460       0.515
    S3CT            -0.026       0.028       0.055       0.198       0.341       0.369       0.422
    S3ST            -0.114      -0.072      -0.050       0.063       0.176       0.197       0.239

 S3SC     WITH
    S3CT            -0.081      -0.036      -0.013       0.108       0.229       0.253       0.298
    S3ST            -0.112      -0.075      -0.055       0.045       0.145       0.165       0.202

 S3CT     WITH
    S3ST            -0.565      -0.476      -0.430      -0.192       0.047       0.092       0.182

 S4CC     WITH
    S4SC             0.204       0.241       0.260       0.357       0.455       0.474       0.511
    S4CT             0.196       0.230       0.248       0.340       0.432       0.449       0.484
    S4ST             0.073       0.109       0.127       0.221       0.316       0.334       0.369

 S4SC     WITH
    S4CT             0.077       0.112       0.129       0.222       0.314       0.331       0.366
    S4ST             0.191       0.222       0.239       0.322       0.406       0.422       0.454

 S4CT     WITH
    S4ST             0.064       0.106       0.128       0.242       0.356       0.378       0.421

 S5CC     WITH
    S5SC            -0.187      -0.143      -0.121      -0.005       0.110       0.133       0.176
    S5CT             0.031       0.077       0.101       0.225       0.349       0.373       0.419
    S5ST            -0.223      -0.185      -0.165      -0.063       0.039       0.059       0.097

 S5SC     WITH
    S5CT            -0.126      -0.087      -0.067       0.038       0.143       0.163       0.202
    S5ST             0.014       0.049       0.066       0.159       0.251       0.269       0.303

 S5CT     WITH
    S5ST            -0.361      -0.301      -0.271      -0.111       0.049       0.079       0.139

 Intercepts
    S1CC             2.984       3.061       3.101       3.308       3.515       3.555       3.632
    S2CC             3.028       3.111       3.154       3.375       3.597       3.639       3.722
    S3CC             3.301       3.390       3.435       3.672       3.908       3.953       4.042
    S4CC             2.912       2.985       3.023       3.219       3.416       3.453       3.527
    S5CC             2.946       3.019       3.056       3.251       3.446       3.484       3.557
    S1SC             2.278       2.328       2.354       2.489       2.624       2.650       2.701
    S2SC             2.474       2.533       2.562       2.717       2.873       2.902       2.960
    S3SC             2.548       2.606       2.635       2.789       2.943       2.972       3.030
    S4SC             2.489       2.550       2.582       2.746       2.909       2.941       3.002
    S5SC             2.270       2.320       2.346       2.479       2.612       2.637       2.687
    S1CT             2.195       2.241       2.265       2.389       2.513       2.537       2.583
    S2CT             2.137       2.181       2.203       2.321       2.438       2.461       2.504
    S3CT             2.273       2.323       2.348       2.482       2.616       2.641       2.691
    S4CT             2.342       2.396       2.423       2.567       2.711       2.738       2.792
    S5CT             2.069       2.114       2.137       2.257       2.377       2.400       2.445
    S1ST             3.020       3.097       3.136       3.342       3.548       3.588       3.665
    S2ST             3.112       3.197       3.240       3.467       3.694       3.737       3.822
    S3ST             3.067       3.154       3.198       3.428       3.659       3.703       3.790
    S4ST             2.977       3.051       3.088       3.285       3.481       3.518       3.592
    S5ST             2.920       2.992       3.029       3.222       3.415       3.451       3.524

 Variances
    STCC             1.000       1.000       1.000       1.000       1.000       1.000       1.000
    STSC             1.000       1.000       1.000       1.000       1.000       1.000       1.000
    STCT             1.000       1.000       1.000       1.000       1.000       1.000       1.000
    STST             1.000       1.000       1.000       1.000       1.000       1.000       1.000

 Residual Variances
    S1CC             0.336       0.357       0.368       0.424       0.481       0.492       0.513
    S2CC             0.188       0.209       0.220       0.278       0.335       0.346       0.368
    S3CC             0.167       0.186       0.195       0.246       0.297       0.306       0.325
    S4CC             0.575       0.597       0.608       0.666       0.725       0.736       0.758
    S5CC             0.353       0.375       0.386       0.445       0.504       0.516       0.538
    S1SC             0.273       0.293       0.303       0.357       0.410       0.420       0.440
    S2SC             0.152       0.174       0.185       0.243       0.301       0.312       0.334
    S3SC             0.157       0.176       0.185       0.235       0.285       0.294       0.313
    S4SC             0.537       0.557       0.568       0.623       0.679       0.689       0.710
    S5SC             0.312       0.333       0.343       0.400       0.456       0.467       0.488
    S1CT             0.209       0.227       0.236       0.283       0.330       0.339       0.357
    S2CT             0.114       0.127       0.135       0.172       0.209       0.216       0.229
    S3CT             0.093       0.114       0.125       0.180       0.236       0.246       0.267
    S4CT             0.464       0.486       0.497       0.555       0.613       0.624       0.646
    S5CT             0.218       0.241       0.253       0.313       0.374       0.386       0.408
    S1ST             0.234       0.257       0.268       0.330       0.392       0.404       0.427
    S2ST             0.131       0.149       0.158       0.206       0.254       0.263       0.281
    S3ST             0.126       0.152       0.165       0.234       0.303       0.316       0.341
    S4ST             0.554       0.576       0.587       0.646       0.705       0.716       0.738
    S5ST             0.275       0.298       0.310       0.373       0.436       0.449       0.472


STDY Standardization

                  Lower .5%  Lower 2.5%    Lower 5%    Estimate    Upper 5%  Upper 2.5%   Upper .5%

 STCC     BY
    S1CC             0.701       0.714       0.722       0.759       0.796       0.803       0.817
    S2CC             0.797       0.809       0.816       0.850       0.884       0.890       0.903
    S3CC             0.823       0.834       0.839       0.868       0.897       0.903       0.914
    S4CC             0.498       0.517       0.527       0.578       0.628       0.638       0.657
    S5CC             0.683       0.698       0.705       0.745       0.784       0.792       0.807

 STSC     BY
    S1SC             0.750       0.763       0.769       0.802       0.835       0.842       0.854
    S2SC             0.818       0.830       0.837       0.870       0.903       0.910       0.922
    S3SC             0.830       0.841       0.846       0.875       0.903       0.908       0.919
    S4SC             0.543       0.560       0.569       0.614       0.659       0.668       0.684
    S5SC             0.718       0.732       0.738       0.775       0.811       0.818       0.832

 STCT     BY
    S1CT             0.803       0.814       0.819       0.847       0.875       0.880       0.890
    S2CT             0.878       0.886       0.890       0.910       0.931       0.934       0.942
    S3CT             0.857       0.869       0.875       0.905       0.936       0.942       0.953
    S4CT             0.599       0.615       0.624       0.667       0.711       0.719       0.735
    S5CT             0.771       0.785       0.792       0.829       0.865       0.872       0.886

 STST     BY
    S1ST             0.759       0.774       0.781       0.818       0.856       0.863       0.877
    S2ST             0.849       0.859       0.864       0.891       0.918       0.923       0.933
    S3ST             0.814       0.829       0.836       0.875       0.915       0.922       0.937
    S4ST             0.518       0.536       0.546       0.595       0.645       0.654       0.672
    S5ST             0.729       0.744       0.752       0.792       0.831       0.839       0.854

 STSC     WITH
    STCC            -0.553      -0.515      -0.496      -0.395      -0.293      -0.274      -0.236

 STCT     WITH
    STCC             0.361       0.390       0.405       0.485       0.564       0.579       0.609
    STSC            -0.347      -0.312      -0.294      -0.200      -0.106      -0.088      -0.053

 STST     WITH
    STCC            -0.385      -0.346      -0.326      -0.222      -0.119      -0.099      -0.060
    STSC             0.447       0.475       0.490       0.566       0.642       0.657       0.685
    STCT            -0.674      -0.646      -0.632      -0.557      -0.482      -0.468      -0.440

 S1CC     WITH
    S1SC            -0.305      -0.255      -0.229      -0.095       0.039       0.064       0.114
    S1CT             0.012       0.052       0.072       0.178       0.284       0.304       0.344
    S1ST            -0.076      -0.042      -0.024       0.068       0.160       0.178       0.212

 S1SC     WITH
    S1CT            -0.170      -0.131      -0.111      -0.008       0.095       0.115       0.154
    S1ST            -0.065      -0.030      -0.013       0.078       0.169       0.187       0.221

 S1CT     WITH
    S1ST            -0.285      -0.228      -0.199      -0.046       0.106       0.136       0.193

 S2CC     WITH
    S2SC            -0.209      -0.137      -0.099       0.094       0.288       0.325       0.398
    S2CT            -0.127      -0.083      -0.061       0.055       0.171       0.194       0.237
    S2ST            -0.199      -0.149      -0.124       0.009       0.141       0.167       0.216

 S2SC     WITH
    S2CT            -0.204      -0.164      -0.144      -0.038       0.068       0.089       0.128
    S2ST            -0.163      -0.112      -0.085       0.052       0.190       0.216       0.267

 S2CT     WITH
    S2ST            -0.352      -0.290      -0.258      -0.092       0.074       0.106       0.168

 S3CC     WITH
    S3SC             0.056       0.111       0.139       0.285       0.432       0.460       0.515
    S3CT            -0.026       0.028       0.055       0.198       0.341       0.369       0.422
    S3ST            -0.114      -0.072      -0.050       0.063       0.176       0.197       0.239

 S3SC     WITH
    S3CT            -0.081      -0.036      -0.013       0.108       0.229       0.253       0.298
    S3ST            -0.112      -0.075      -0.055       0.045       0.145       0.165       0.202

 S3CT     WITH
    S3ST            -0.565      -0.476      -0.430      -0.192       0.047       0.092       0.182

 S4CC     WITH
    S4SC             0.204       0.241       0.260       0.357       0.455       0.474       0.511
    S4CT             0.196       0.230       0.248       0.340       0.432       0.449       0.484
    S4ST             0.073       0.109       0.127       0.221       0.316       0.334       0.369

 S4SC     WITH
    S4CT             0.077       0.112       0.129       0.222       0.314       0.331       0.366
    S4ST             0.191       0.222       0.239       0.322       0.406       0.422       0.454

 S4CT     WITH
    S4ST             0.064       0.106       0.128       0.242       0.356       0.378       0.421

 S5CC     WITH
    S5SC            -0.187      -0.143      -0.121      -0.005       0.110       0.133       0.176
    S5CT             0.031       0.077       0.101       0.225       0.349       0.373       0.419
    S5ST            -0.223      -0.185      -0.165      -0.063       0.039       0.059       0.097

 S5SC     WITH
    S5CT            -0.126      -0.087      -0.067       0.038       0.143       0.163       0.202
    S5ST             0.014       0.049       0.066       0.159       0.251       0.269       0.303

 S5CT     WITH
    S5ST            -0.361      -0.301      -0.271      -0.111       0.049       0.079       0.139

 Intercepts
    S1CC             2.984       3.061       3.101       3.308       3.515       3.555       3.632
    S2CC             3.028       3.111       3.154       3.375       3.597       3.639       3.722
    S3CC             3.301       3.390       3.435       3.672       3.908       3.953       4.042
    S4CC             2.912       2.985       3.023       3.219       3.416       3.453       3.527
    S5CC             2.946       3.019       3.056       3.251       3.446       3.484       3.557
    S1SC             2.278       2.328       2.354       2.489       2.624       2.650       2.701
    S2SC             2.474       2.533       2.562       2.717       2.873       2.902       2.960
    S3SC             2.548       2.606       2.635       2.789       2.943       2.972       3.030
    S4SC             2.489       2.550       2.582       2.746       2.909       2.941       3.002
    S5SC             2.270       2.320       2.346       2.479       2.612       2.637       2.687
    S1CT             2.195       2.241       2.265       2.389       2.513       2.537       2.583
    S2CT             2.137       2.181       2.203       2.321       2.438       2.461       2.504
    S3CT             2.273       2.323       2.348       2.482       2.616       2.641       2.691
    S4CT             2.342       2.396       2.423       2.567       2.711       2.738       2.792
    S5CT             2.069       2.114       2.137       2.257       2.377       2.400       2.445
    S1ST             3.020       3.097       3.136       3.342       3.548       3.588       3.665
    S2ST             3.112       3.197       3.240       3.467       3.694       3.737       3.822
    S3ST             3.067       3.154       3.198       3.428       3.659       3.703       3.790
    S4ST             2.977       3.051       3.088       3.285       3.481       3.518       3.592
    S5ST             2.920       2.992       3.029       3.222       3.415       3.451       3.524

 Variances
    STCC             1.000       1.000       1.000       1.000       1.000       1.000       1.000
    STSC             1.000       1.000       1.000       1.000       1.000       1.000       1.000
    STCT             1.000       1.000       1.000       1.000       1.000       1.000       1.000
    STST             1.000       1.000       1.000       1.000       1.000       1.000       1.000

 Residual Variances
    S1CC             0.336       0.357       0.368       0.424       0.481       0.492       0.513
    S2CC             0.188       0.209       0.220       0.278       0.335       0.346       0.368
    S3CC             0.167       0.186       0.195       0.246       0.297       0.306       0.325
    S4CC             0.575       0.597       0.608       0.666       0.725       0.736       0.758
    S5CC             0.353       0.375       0.386       0.445       0.504       0.516       0.538
    S1SC             0.273       0.293       0.303       0.357       0.410       0.420       0.440
    S2SC             0.152       0.174       0.185       0.243       0.301       0.312       0.334
    S3SC             0.157       0.176       0.185       0.235       0.285       0.294       0.313
    S4SC             0.537       0.557       0.568       0.623       0.679       0.689       0.710
    S5SC             0.312       0.333       0.343       0.400       0.456       0.467       0.488
    S1CT             0.209       0.227       0.236       0.283       0.330       0.339       0.357
    S2CT             0.114       0.127       0.135       0.172       0.209       0.216       0.229
    S3CT             0.093       0.114       0.125       0.180       0.236       0.246       0.267
    S4CT             0.464       0.486       0.497       0.555       0.613       0.624       0.646
    S5CT             0.218       0.241       0.253       0.313       0.374       0.386       0.408
    S1ST             0.234       0.257       0.268       0.330       0.392       0.404       0.427
    S2ST             0.131       0.149       0.158       0.206       0.254       0.263       0.281
    S3ST             0.126       0.152       0.165       0.234       0.303       0.316       0.341
    S4ST             0.554       0.576       0.587       0.646       0.705       0.716       0.738
    S5ST             0.275       0.298       0.310       0.373       0.436       0.449       0.472


STD Standardization

                  Lower .5%  Lower 2.5%    Lower 5%    Estimate    Upper 5%  Upper 2.5%   Upper .5%

 STCC     BY
    S1CC             0.738       0.761       0.773       0.835       0.897       0.909       0.932
    S2CC             0.806       0.830       0.842       0.906       0.970       0.982       1.006
    S3CC             0.802       0.825       0.836       0.897       0.957       0.969       0.992
    S4CC             0.484       0.507       0.519       0.581       0.642       0.654       0.677
    S5CC             0.744       0.768       0.780       0.843       0.907       0.919       0.942

 STSC     BY
    S1SC             0.838       0.860       0.871       0.928       0.985       0.996       1.018
    S2SC             0.916       0.937       0.948       1.007       1.065       1.076       1.098
    S3SC             0.909       0.930       0.941       0.997       1.053       1.064       1.085
    S4SC             0.550       0.573       0.585       0.645       0.706       0.718       0.740
    S5SC             0.843       0.866       0.877       0.937       0.997       1.009       1.031

 STCT     BY
    S1CT             0.967       0.988       0.999       1.055       1.112       1.123       1.144
    S2CT             1.060       1.080       1.091       1.145       1.199       1.209       1.229
    S3CT             1.043       1.065       1.076       1.134       1.191       1.202       1.224
    S4CT             0.636       0.660       0.672       0.734       0.796       0.808       0.831
    S5CT             0.962       0.987       0.999       1.066       1.132       1.145       1.170

 STST     BY
    S1ST             0.763       0.786       0.797       0.858       0.918       0.930       0.952
    S2ST             0.832       0.856       0.868       0.930       0.993       1.005       1.028
    S3ST             0.826       0.849       0.860       0.921       0.982       0.994       1.017
    S4ST             0.503       0.525       0.537       0.596       0.656       0.667       0.690
    S5ST             0.765       0.789       0.801       0.866       0.931       0.943       0.967

 STSC     WITH
    STCC            -0.553      -0.515      -0.496      -0.395      -0.293      -0.274      -0.236

 STCT     WITH
    STCC             0.361       0.390       0.405       0.485       0.564       0.579       0.609
    STSC            -0.347      -0.312      -0.294      -0.200      -0.106      -0.088      -0.053

 STST     WITH
    STCC            -0.385      -0.346      -0.326      -0.222      -0.119      -0.099      -0.060
    STSC             0.447       0.475       0.490       0.566       0.642       0.657       0.685
    STCT            -0.674      -0.646      -0.632      -0.557      -0.482      -0.468      -0.440

 S1CC     WITH
    S1SC            -0.152      -0.127      -0.114      -0.047       0.020       0.033       0.058
    S1CT             0.000       0.020       0.030       0.085       0.139       0.149       0.170
    S1ST            -0.034      -0.019      -0.011       0.029       0.070       0.077       0.092

 S1SC     WITH
    S1CT            -0.078      -0.060      -0.051      -0.004       0.044       0.053       0.071
    S1ST            -0.028      -0.013      -0.006       0.032       0.071       0.078       0.093

 S1CT     WITH
    S1ST            -0.115      -0.092      -0.080      -0.018       0.043       0.055       0.078

 S2CC     WITH
    S2SC            -0.068      -0.045      -0.033       0.030       0.093       0.105       0.129
    S2CT            -0.038      -0.025      -0.018       0.016       0.051       0.057       0.070
    S2ST            -0.053      -0.040      -0.033       0.002       0.038       0.044       0.058

 S2SC     WITH
    S2CT            -0.060      -0.049      -0.043      -0.011       0.020       0.026       0.038
    S2ST            -0.046      -0.032      -0.024       0.014       0.052       0.060       0.074

 S2CT     WITH
    S2ST            -0.089      -0.073      -0.065      -0.023       0.020       0.028       0.044

 S3CC     WITH
    S3SC             0.015       0.030       0.038       0.081       0.123       0.131       0.147
    S3CT            -0.013       0.003       0.011       0.054       0.097       0.105       0.121
    S3ST            -0.031      -0.019      -0.014       0.016       0.046       0.052       0.063

 S3SC     WITH
    S3CT            -0.027      -0.013      -0.006       0.032       0.069       0.077       0.091
    S3ST            -0.032      -0.021      -0.016       0.013       0.041       0.046       0.057

 S3CT     WITH
    S3ST            -0.171      -0.143      -0.128      -0.052       0.024       0.039       0.068

 S4CC     WITH
    S4SC             0.110       0.142       0.159       0.243       0.328       0.344       0.376
    S4CT             0.113       0.141       0.155       0.228       0.302       0.316       0.343
    S4ST             0.039       0.065       0.078       0.146       0.214       0.227       0.253

 S4SC     WITH
    S4CT             0.043       0.069       0.082       0.151       0.219       0.232       0.258
    S4ST             0.112       0.137       0.150       0.215       0.281       0.294       0.318

 S4CT     WITH
    S4ST             0.029       0.060       0.076       0.160       0.244       0.260       0.291

 S5CC     WITH
    S5SC            -0.108      -0.083      -0.070      -0.003       0.064       0.077       0.102
    S5CT             0.011       0.038       0.051       0.122       0.193       0.207       0.234
    S5ST            -0.113      -0.094      -0.084      -0.032       0.020       0.030       0.049

 S5SC     WITH
    S5CT            -0.070      -0.048      -0.037       0.021       0.079       0.090       0.112
    S5ST             0.004       0.023       0.032       0.081       0.130       0.140       0.158

 S5CT     WITH
    S5ST            -0.177      -0.147      -0.132      -0.053       0.025       0.040       0.070

 Intercepts
    S1CC             3.512       3.543       3.558       3.640       3.722       3.738       3.769
    S2CC             3.471       3.501       3.517       3.598       3.678       3.694       3.724
    S3CC             3.676       3.704       3.718       3.793       3.867       3.881       3.909
    S4CC             3.114       3.143       3.158       3.236       3.313       3.328       3.357
    S5CC             3.548       3.580       3.596       3.681       3.766       3.782       3.814
    S1SC             2.745       2.778       2.794       2.880       2.966       2.983       3.015
    S2SC             3.011       3.043       3.059       3.144       3.229       3.245       3.277
    S3SC             3.043       3.075       3.092       3.179       3.266       3.282       3.315
    S4SC             2.765       2.794       2.809       2.886       2.964       2.979       3.008
    S5SC             2.858       2.891       2.909       2.998       3.087       3.104       3.138
    S1CT             2.833       2.867       2.885       2.978       3.070       3.088       3.123
    S2CT             2.774       2.808       2.826       2.919       3.011       3.029       3.064
    S3CT             2.962       2.997       3.015       3.108       3.201       3.219       3.253
    S4CT             2.697       2.727       2.743       2.823       2.904       2.919       2.949
    S5CT             2.751       2.788       2.806       2.902       2.999       3.017       3.053
    S1ST             3.382       3.411       3.425       3.502       3.579       3.593       3.622
    S2ST             3.498       3.527       3.542       3.620       3.698       3.712       3.742
    S3ST             3.485       3.514       3.529       3.608       3.686       3.701       3.730
    S4ST             3.176       3.203       3.217       3.291       3.364       3.378       3.406
    S5ST             3.396       3.426       3.442       3.524       3.607       3.622       3.653

 Variances
    STCC             1.000       1.000       1.000       1.000       1.000       1.000       1.000
    STSC             1.000       1.000       1.000       1.000       1.000       1.000       1.000
    STCT             1.000       1.000       1.000       1.000       1.000       1.000       1.000
    STST             1.000       1.000       1.000       1.000       1.000       1.000       1.000

 Residual Variances
    S1CC             0.391       0.421       0.436       0.514       0.592       0.607       0.636
    S2CC             0.210       0.235       0.248       0.316       0.383       0.396       0.421
    S3CC             0.175       0.196       0.206       0.263       0.319       0.329       0.350
    S4CC             0.540       0.572       0.588       0.673       0.758       0.774       0.806
    S5CC             0.437       0.469       0.485       0.571       0.656       0.673       0.705
    S1SC             0.355       0.384       0.399       0.477       0.556       0.571       0.600
    S2SC             0.194       0.225       0.241       0.325       0.409       0.426       0.457
    S3SC             0.202       0.226       0.239       0.305       0.372       0.384       0.409
    S4SC             0.551       0.584       0.601       0.689       0.777       0.794       0.827
    S5SC             0.434       0.470       0.488       0.585       0.681       0.700       0.736
    S1CT             0.322       0.350       0.364       0.440       0.515       0.529       0.558
    S2CT             0.180       0.202       0.213       0.271       0.330       0.341       0.363
    S3CT             0.140       0.174       0.192       0.283       0.373       0.391       0.425
    S4CT             0.534       0.567       0.584       0.671       0.759       0.776       0.808
    S5CT             0.355       0.394       0.414       0.518       0.622       0.642       0.681
    S1ST             0.245       0.273       0.287       0.363       0.438       0.452       0.480
    S2ST             0.144       0.163       0.173       0.225       0.277       0.287       0.306
    S3ST             0.125       0.157       0.173       0.259       0.344       0.361       0.393
    S4ST             0.511       0.544       0.561       0.648       0.735       0.752       0.785
    S5ST             0.322       0.352       0.367       0.447       0.527       0.542       0.572


RESIDUAL OUTPUT


     ESTIMATED MODEL AND RESIDUALS (OBSERVED - ESTIMATED)


           Model Estimated Means
              S1CC          S2CC          S3CC          S4CC          S5CC
              ________      ________      ________      ________      ________
                3.640         3.598         3.793         3.236         3.681


           Model Estimated Means
              S1SC          S2SC          S3SC          S4SC          S5SC
              ________      ________      ________      ________      ________
                2.880         3.144         3.179         2.886         2.998


           Model Estimated Means
              S1CT          S2CT          S3CT          S4CT          S5CT
              ________      ________      ________      ________      ________
                2.978         2.919         3.108         2.823         2.902


           Model Estimated Means
              S1ST          S2ST          S3ST          S4ST          S5ST
              ________      ________      ________      ________      ________
                3.502         3.620         3.608         3.291         3.524


           Residuals for Means
              S1CC          S2CC          S3CC          S4CC          S5CC
              ________      ________      ________      ________      ________
                0.000         0.000         0.000         0.000         0.000


           Residuals for Means
              S1SC          S2SC          S3SC          S4SC          S5SC
              ________      ________      ________      ________      ________
                0.000         0.000         0.000         0.000         0.000


           Residuals for Means
              S1CT          S2CT          S3CT          S4CT          S5CT
              ________      ________      ________      ________      ________
                0.000         0.000         0.000         0.000         0.000


           Residuals for Means
              S1ST          S2ST          S3ST          S4ST          S5ST
              ________      ________      ________      ________      ________
                0.000         0.000         0.000         0.000         0.000


           Standardized Residuals (z-scores) for Means
              S1CC          S2CC          S3CC          S4CC          S5CC
              ________      ________      ________      ________      ________
                0.000         0.000         0.000         0.000         0.000


           Standardized Residuals (z-scores) for Means
              S1SC          S2SC          S3SC          S4SC          S5SC
              ________      ________      ________      ________      ________
                0.000         0.000         0.000         0.000         0.000


           Standardized Residuals (z-scores) for Means
              S1CT          S2CT          S3CT          S4CT          S5CT
              ________      ________      ________      ________      ________
                0.000         0.000         0.000         0.000         0.000


           Standardized Residuals (z-scores) for Means
              S1ST          S2ST          S3ST          S4ST          S5ST
              ________      ________      ________      ________      ________
                0.000         0.000         0.000         0.000         0.000


           Normalized Residuals for Means
              S1CC          S2CC          S3CC          S4CC          S5CC
              ________      ________      ________      ________      ________
                0.000         0.000         0.000         0.000         0.000


           Normalized Residuals for Means
              S1SC          S2SC          S3SC          S4SC          S5SC
              ________      ________      ________      ________      ________
                0.000         0.000         0.000         0.000         0.000


           Normalized Residuals for Means
              S1CT          S2CT          S3CT          S4CT          S5CT
              ________      ________      ________      ________      ________
                0.000         0.000         0.000         0.000         0.000


           Normalized Residuals for Means
              S1ST          S2ST          S3ST          S4ST          S5ST
              ________      ________      ________      ________      ________
                0.000         0.000         0.000         0.000         0.000


           Model Estimated Covariances
              S1CC          S2CC          S3CC          S4CC          S5CC
              ________      ________      ________      ________      ________
 S1CC           1.211
 S2CC           0.756         1.136
 S3CC           0.749         0.812         1.067
 S4CC           0.485         0.526         0.521         1.010
 S5CC           0.704         0.764         0.756         0.490         1.282
 S1SC          -0.353        -0.332        -0.328        -0.213        -0.309
 S2SC          -0.332        -0.330        -0.356        -0.231        -0.335
 S3SC          -0.328        -0.356        -0.272        -0.228        -0.332
 S4SC          -0.213        -0.231        -0.228         0.096        -0.215
 S5SC          -0.309        -0.335        -0.332        -0.215        -0.315
 S1CT           0.512         0.463         0.459         0.297         0.431
 S2CT           0.463         0.519         0.498         0.322         0.468
 S3CT           0.459         0.498         0.547         0.319         0.463
 S4CT           0.297         0.322         0.319         0.435         0.300
 S5CT           0.431         0.468         0.463         0.300         0.558
 S1ST          -0.130        -0.173        -0.171        -0.111        -0.161
 S2ST          -0.173        -0.185        -0.186        -0.120        -0.174
 S3ST          -0.171        -0.186        -0.167        -0.119        -0.173
 S4ST          -0.111        -0.120        -0.119         0.069        -0.112
 S5ST          -0.161        -0.174        -0.173        -0.112        -0.194


           Model Estimated Covariances
              S1SC          S2SC          S3SC          S4SC          S5SC
              ________      ________      ________      ________      ________
 S1SC           1.339
 S2SC           0.934         1.339
 S3SC           0.925         1.004         1.299
 S4SC           0.599         0.650         0.643         1.105
 S5SC           0.870         0.943         0.934         0.605         1.463
 S1CT          -0.199        -0.212        -0.210        -0.136        -0.198
 S2CT          -0.212        -0.242        -0.228        -0.148        -0.215
 S3CT          -0.210        -0.228        -0.194        -0.146        -0.212
 S4CT          -0.136        -0.148        -0.146         0.056        -0.138
 S5CT          -0.198        -0.215        -0.212        -0.138        -0.179
 S1ST           0.483         0.489         0.484         0.313         0.455
 S2ST           0.489         0.544         0.525         0.340         0.493
 S3ST           0.484         0.525         0.532         0.336         0.488
 S4ST           0.313         0.340         0.336         0.433         0.316
 S5ST           0.455         0.493         0.488         0.316         0.540


           Model Estimated Covariances
              S1CT          S2CT          S3CT          S4CT          S5CT
              ________      ________      ________      ________      ________
 S1CT           1.554
 S2CT           1.208         1.582
 S3CT           1.196         1.298         1.568
 S4CT           0.774         0.840         0.832         1.210
 S5CT           1.125         1.220         1.208         0.782         1.654
 S1ST          -0.522        -0.547        -0.541        -0.350        -0.509
 S2ST          -0.547        -0.616        -0.587        -0.380        -0.552
 S3ST          -0.541        -0.587        -0.633        -0.376        -0.547
 S4ST          -0.350        -0.380        -0.376        -0.084        -0.354
 S5ST          -0.509        -0.552        -0.547        -0.354        -0.567


           Model Estimated Covariances
              S1ST          S2ST          S3ST          S4ST          S5ST
              ________      ________      ________      ________      ________
 S1ST           1.098
 S2ST           0.798         1.090
 S3ST           0.790         0.857         1.107
 S4ST           0.511         0.555         0.549         1.004
 S5ST           0.743         0.806         0.798         0.516         1.197


           Model Estimated Correlations
              S1CC          S2CC          S3CC          S4CC          S5CC
              ________      ________      ________      ________      ________
 S1CC           1.000
 S2CC           0.645         1.000
 S3CC           0.659         0.738         1.000
 S4CC           0.438         0.491         0.502         1.000
 S5CC           0.565         0.633         0.647         0.430         1.000
 S1SC          -0.277        -0.269        -0.275        -0.183        -0.236
 S2SC          -0.260        -0.267        -0.298        -0.198        -0.256
 S3SC          -0.262        -0.293        -0.231        -0.199        -0.257
 S4SC          -0.184        -0.206        -0.210         0.090        -0.180
 S5SC          -0.232        -0.260        -0.265        -0.177        -0.230
 S1CT           0.373         0.349         0.356         0.237         0.306
 S2CT           0.335         0.387         0.383         0.255         0.329
 S3CT           0.333         0.373         0.423         0.254         0.327
 S4CT           0.245         0.275         0.281         0.393         0.241
 S5CT           0.305         0.341         0.349         0.232         0.383
 S1ST          -0.113        -0.155        -0.158        -0.105        -0.136
 S2ST          -0.150        -0.166        -0.172        -0.114        -0.148
 S3ST          -0.148        -0.165        -0.154        -0.112        -0.145
 S4ST          -0.100        -0.112        -0.115         0.069        -0.099
 S5ST          -0.134        -0.150        -0.153        -0.102        -0.157


           Model Estimated Correlations
              S1SC          S2SC          S3SC          S4SC          S5SC
              ________      ________      ________      ________      ________
 S1SC           1.000
 S2SC           0.698         1.000
 S3SC           0.702         0.761         1.000
 S4SC           0.492         0.534         0.537         1.000
 S5SC           0.621         0.674         0.678         0.476         1.000
 S1CT          -0.138        -0.147        -0.148        -0.104        -0.131
 S2CT          -0.146        -0.166        -0.159        -0.112        -0.141
 S3CT          -0.145        -0.158        -0.136        -0.111        -0.140
 S4CT          -0.107        -0.116        -0.117         0.048        -0.103
 S5CT          -0.133        -0.144        -0.145        -0.102        -0.115
 S1ST           0.398         0.403         0.405         0.284         0.359
 S2ST           0.404         0.450         0.441         0.309         0.391
 S3ST           0.397         0.431         0.444         0.304         0.384
 S4ST           0.270         0.293         0.295         0.411         0.261
 S5ST           0.359         0.390         0.392         0.275         0.408


           Model Estimated Correlations
              S1CT          S2CT          S3CT          S4CT          S5CT
              ________      ________      ________      ________      ________
 S1CT           1.000
 S2CT           0.771         1.000
 S3CT           0.767         0.824         1.000
 S4CT           0.565         0.607         0.604         1.000
 S5CT           0.702         0.754         0.750         0.553         1.000
 S1ST          -0.400        -0.415        -0.413        -0.304        -0.378
 S2ST          -0.420        -0.469        -0.449        -0.331        -0.411
 S3ST          -0.413        -0.444        -0.481        -0.325        -0.404
 S4ST          -0.281        -0.302        -0.300        -0.076        -0.275
 S5ST          -0.373        -0.401        -0.399        -0.294        -0.403


           Model Estimated Correlations
              S1ST          S2ST          S3ST          S4ST          S5ST
              ________      ________      ________      ________      ________
 S1ST           1.000
 S2ST           0.729         1.000
 S3ST           0.716         0.780         1.000
 S4ST           0.487         0.530         0.521         1.000
 S5ST           0.648         0.705         0.693         0.471         1.000


           Model Estimated Partial Correlations
              S1CC          S2CC          S3CC          S4CC          S5CC
              ________      ________      ________      ________      ________
 S1CC           1.000
 S2CC           0.213         1.000
 S3CC           0.253         0.385         1.000
 S4CC           0.090         0.138         0.176         1.000
 S5CC           0.142         0.205         0.246         0.089         1.000
 S1SC          -0.080         0.011        -0.035        -0.016         0.022
 S2SC           0.011         0.083        -0.123        -0.050        -0.009
 S3SC          -0.034        -0.122         0.172        -0.082        -0.051
 S4SC          -0.013        -0.049        -0.083         0.265        -0.022
 S5SC           0.021        -0.011        -0.053        -0.022        -0.002
 S1CT           0.188        -0.007        -0.042        -0.024        -0.031
 S2CT          -0.006         0.111        -0.020        -0.021        -0.019
 S3CT          -0.044        -0.019         0.199        -0.039        -0.050
 S4CT          -0.025        -0.020        -0.038         0.269        -0.030
 S5CT          -0.029        -0.015        -0.047        -0.025         0.217
 S1ST           0.088        -0.005        -0.025        -0.007         0.009
 S2ST           0.002         0.032        -0.011        -0.001         0.030
 S3ST          -0.018        -0.007         0.081        -0.015         0.007
 S4ST          -0.009        -0.005        -0.007         0.076         0.005
 S5ST           0.005         0.023         0.011         0.006        -0.019


           Model Estimated Partial Correlations
              S1SC          S2SC          S3SC          S4SC          S5SC
              ________      ________      ________      ________      ________
 S1SC           1.000
 S2SC           0.238         1.000
 S3SC           0.252         0.371         1.000
 S4SC           0.099         0.144         0.166         1.000
 S5SC           0.153         0.213         0.232         0.092         1.000
 S1CT           0.023         0.020        -0.008        -0.001         0.000
 S2CT           0.028        -0.004        -0.001         0.001         0.013
 S3CT          -0.001         0.018         0.066        -0.009        -0.012
 S4CT          -0.005         0.001        -0.013         0.072        -0.006
 S5CT          -0.001         0.011        -0.014        -0.004         0.059
 S1ST           0.099         0.005         0.013        -0.014        -0.013
 S2ST           0.011         0.088         0.027        -0.019        -0.009
 S3ST           0.010         0.026         0.087        -0.014        -0.009
 S4ST          -0.021        -0.026        -0.019         0.250        -0.024
 S5ST          -0.010        -0.012        -0.014        -0.023         0.165


           Model Estimated Partial Correlations
              S1CT          S2CT          S3CT          S4CT          S5CT
              ________      ________      ________      ________      ________
 S1CT           1.000
 S2CT           0.263         1.000
 S3CT           0.258         0.385         1.000
 S4CT           0.102         0.148         0.146         1.000
 S5CT           0.163         0.242         0.241         0.094         1.000
 S1ST          -0.081        -0.007         0.020        -0.027        -0.003
 S2ST          -0.007        -0.118         0.042        -0.038         0.003
 S3ST           0.026         0.052        -0.200        -0.014         0.033
 S4ST          -0.028        -0.039        -0.021         0.142        -0.021
 S5ST          -0.001         0.009         0.030        -0.021        -0.119


           Model Estimated Partial Correlations
              S1ST          S2ST          S3ST          S4ST          S5ST
              ________      ________      ________      ________      ________
 S1ST           1.000
 S2ST           0.261         1.000
 S3ST           0.236         0.356         1.000
 S4ST           0.093         0.136         0.120         1.000
 S5ST           0.157         0.236         0.213         0.083         1.000


           Residuals for Covariances
              S1CC          S2CC          S3CC          S4CC          S5CC
              ________      ________      ________      ________      ________
 S1CC           0.011
 S2CC           0.036         0.047
 S3CC          -0.065         0.037        -0.061
 S4CC           0.053         0.073         0.018         0.081
 S5CC           0.110        -0.020        -0.046         0.145         0.025
 S1SC          -0.078         0.019         0.060        -0.101        -0.164
 S2SC          -0.025         0.069         0.144        -0.013        -0.117
 S3SC          -0.058         0.085         0.092        -0.084        -0.099
 S4SC          -0.054         0.057         0.062        -0.016         0.020
 S5SC          -0.247        -0.148        -0.081        -0.084        -0.234
 S1CT          -0.060        -0.003        -0.053         0.086         0.096
 S2CT          -0.082         0.024         0.002         0.093         0.077
 S3CT          -0.085        -0.009        -0.053         0.005         0.022
 S4CT          -0.056         0.007        -0.002         0.056         0.079
 S5CT           0.027         0.033        -0.026         0.172         0.082
 S1ST          -0.017        -0.062         0.031        -0.030        -0.053
 S2ST           0.042         0.006         0.058        -0.032        -0.079
 S3ST           0.046         0.048         0.090        -0.018        -0.020
 S4ST          -0.081        -0.019        -0.020        -0.040        -0.054
 S5ST          -0.124        -0.088        -0.034        -0.030        -0.140


           Residuals for Covariances
              S1SC          S2SC          S3SC          S4SC          S5SC
              ________      ________      ________      ________      ________
 S1SC           0.007
 S2SC           0.004        -0.028
 S3SC           0.031         0.062         0.075
 S4SC          -0.019        -0.048        -0.003        -0.012
 S5SC           0.020        -0.077         0.017         0.076        -0.010
 S1CT           0.028         0.014         0.017        -0.035        -0.138
 S2CT           0.058         0.024         0.013         0.004        -0.119
 S3CT           0.105         0.068         0.069         0.024        -0.068
 S4CT          -0.003        -0.046        -0.086        -0.035        -0.030
 S5CT          -0.123        -0.054        -0.093        -0.026        -0.200
 S1ST          -0.057        -0.024        -0.017         0.061         0.058
 S2ST          -0.083        -0.003         0.001         0.050         0.024
 S3ST          -0.039         0.024         0.009         0.013         0.059
 S4ST          -0.026         0.007        -0.039         0.029         0.099
 S5ST          -0.040         0.006        -0.021         0.124         0.040


           Residuals for Covariances
              S1CT          S2CT          S3CT          S4CT          S5CT
              ________      ________      ________      ________      ________
 S1CT           0.005
 S2CT          -0.021        -0.024
 S3CT           0.005         0.024         0.004
 S4CT          -0.077        -0.048        -0.059        -0.028
 S5CT           0.074        -0.043        -0.009         0.158         0.036
 S1ST          -0.056        -0.022         0.038        -0.010        -0.103
 S2ST          -0.009         0.048         0.102        -0.023        -0.069
 S3ST          -0.022         0.084         0.092         0.004        -0.049
 S4ST          -0.062        -0.011        -0.011        -0.019        -0.016
 S5ST          -0.166        -0.135        -0.108        -0.007        -0.203


           Residuals for Covariances
              S1ST          S2ST          S3ST          S4ST          S5ST
              ________      ________      ________      ________      ________
 S1ST          -0.027
 S2ST           0.001         0.007
 S3ST          -0.014         0.025         0.009
 S4ST          -0.039        -0.042        -0.065        -0.025
 S5ST          -0.022         0.001         0.020         0.130         0.032


           Residuals for Correlations
              S1CC          S2CC          S3CC          S4CC          S5CC
              ________      ________      ________      ________      ________
 S1CC           0.000
 S2CC           0.014         0.000
 S3CC          -0.042         0.041         0.000
 S4CC           0.028         0.036         0.013         0.000
 S5CC           0.079        -0.035        -0.027         0.101         0.000
 S1SC          -0.059         0.021         0.044        -0.076        -0.121
 S2SC          -0.021         0.058         0.113        -0.005        -0.090
 S3SC          -0.037         0.080         0.078        -0.056        -0.064
 S4SC          -0.047         0.053         0.052        -0.017         0.017
 S5SC          -0.185        -0.108        -0.076        -0.060        -0.169
 S1CT          -0.046        -0.010        -0.032         0.057         0.064
 S2CT          -0.059         0.012         0.016         0.064         0.053
 S3CT          -0.063        -0.015        -0.030        -0.006         0.012
 S4CT          -0.045         0.004         0.010         0.039         0.064
 S5CT           0.014         0.013        -0.013         0.116         0.047
 S1ST          -0.016        -0.054         0.023        -0.025        -0.045
 S2ST           0.038         0.009         0.051        -0.025        -0.064
 S3ST           0.041         0.046         0.081        -0.012        -0.014
 S4ST          -0.075        -0.017        -0.025        -0.041        -0.048
 S5ST          -0.099        -0.068        -0.033        -0.021        -0.107


           Residuals for Correlations
              S1SC          S2SC          S3SC          S4SC          S5SC
              ________      ________      ________      ________      ________
 S1SC           0.000
 S2SC           0.009         0.000
 S3SC           0.002         0.033         0.000
 S4SC          -0.014        -0.031        -0.014         0.000
 S5SC           0.015        -0.046        -0.004         0.065         0.000
 S1CT           0.020         0.009         0.016        -0.027        -0.092
 S2CT           0.040         0.014         0.012         0.002        -0.081
 S3CT           0.073         0.046         0.051         0.018        -0.045
 S4CT          -0.003        -0.040        -0.066        -0.030        -0.024
 S5CT          -0.080        -0.036        -0.056        -0.019        -0.127
 S1ST          -0.043        -0.011        -0.020         0.062         0.053
 S2ST          -0.071         0.001        -0.013         0.046         0.019
 S3ST          -0.034         0.022        -0.006         0.013         0.046
 S4ST          -0.020         0.013        -0.038         0.035         0.087
 S5ST          -0.037         0.004        -0.032         0.105         0.026


           Residuals for Correlations
              S1CT          S2CT          S3CT          S4CT          S5CT
              ________      ________      ________      ________      ________
 S1CT           0.000
 S2CT          -0.009         0.000
 S3CT           0.001         0.020         0.000
 S4CT          -0.051        -0.023        -0.037         0.000
 S5CT           0.037        -0.029        -0.014         0.112         0.000
 S1ST          -0.048        -0.026         0.025        -0.016        -0.077
 S2ST          -0.005         0.035         0.079        -0.023        -0.045
 S3ST          -0.015         0.062         0.072         0.001        -0.030
 S4ST          -0.053        -0.015        -0.012        -0.020        -0.013
 S5ST          -0.115        -0.095        -0.072        -0.005        -0.131


           Residuals for Correlations
              S1ST          S2ST          S3ST          S4ST          S5ST
              ________      ________      ________      ________      ________
 S1ST           0.000
 S2ST           0.007         0.000
 S3ST          -0.007         0.016         0.000
 S4ST          -0.026        -0.035        -0.058         0.000
 S5ST          -0.020        -0.010         0.005         0.118         0.000


           Residuals for Partial Correlations
              S1CC          S2CC          S3CC          S4CC          S5CC
              ________      ________      ________      ________      ________
 S1CC           0.000
 S2CC           0.071         0.000
 S3CC          -0.156         0.133         0.000
 S4CC          -0.007        -0.004        -0.024         0.000
 S5CC           0.144        -0.168        -0.040         0.071         0.000
 S1SC           0.043         0.040        -0.007        -0.084        -0.055
 S2SC           0.016        -0.066         0.115         0.098        -0.129
 S3SC          -0.018         0.113        -0.019        -0.057         0.055
 S4SC          -0.048         0.055        -0.021        -0.014         0.086
 S5SC          -0.099        -0.054        -0.040         0.050        -0.040
 S1CT          -0.034        -0.028        -0.039         0.099         0.057
 S2CT          -0.108        -0.015         0.030         0.077         0.062
 S3CT           0.039        -0.008        -0.022        -0.105         0.005
 S4CT          -0.005        -0.033         0.093        -0.016        -0.039
 S5CT           0.045         0.037        -0.044         0.013        -0.045
 S1ST          -0.014        -0.127         0.073         0.031         0.061
 S2ST           0.086        -0.010        -0.027         0.007        -0.095
 S3ST           0.039         0.024        -0.011        -0.030         0.063
 S4ST          -0.053         0.056        -0.035        -0.012         0.020
 S5ST          -0.080        -0.012         0.017         0.018         0.011


           Residuals for Partial Correlations
              S1SC          S2SC          S3SC          S4SC          S5SC
              ________      ________      ________      ________      ________
 S1SC           0.000
 S2SC           0.060         0.000
 S3SC          -0.060         0.105         0.000
 S4SC          -0.002        -0.096         0.022         0.000
 S5SC           0.033        -0.175         0.026         0.071         0.000
 S1CT           0.031        -0.004         0.061        -0.038        -0.013
 S2CT           0.022         0.012        -0.054         0.028        -0.021
 S3CT           0.048        -0.057        -0.003         0.016         0.017
 S4CT           0.094        -0.058        -0.072        -0.021         0.067
 S5CT          -0.165         0.121        -0.001         0.014        -0.016
 S1ST           0.003        -0.033        -0.025         0.058         0.059
 S2ST          -0.105        -0.004         0.005         0.077        -0.020
 S3ST           0.031         0.021        -0.023        -0.089         0.088
 S4ST           0.019         0.055        -0.051        -0.027         0.044
 S5ST          -0.023         0.055        -0.038         0.076        -0.086


           Residuals for Partial Correlations
              S1CT          S2CT          S3CT          S4CT          S5CT
              ________      ________      ________      ________      ________
 S1CT           0.000
 S2CT          -0.028         0.000
 S3CT          -0.017         0.161         0.000
 S4CT          -0.167        -0.042        -0.058         0.000
 S5CT           0.111        -0.201        -0.031         0.290         0.000
 S1ST           0.000        -0.079         0.050         0.019        -0.040
 S2ST           0.006        -0.019         0.140        -0.053        -0.044
 S3ST          -0.094         0.162        -0.040        -0.018         0.029
 S4ST          -0.024         0.023        -0.028        -0.057         0.067
 S5ST           0.044        -0.116        -0.019         0.131        -0.091


           Residuals for Partial Correlations
              S1ST          S2ST          S3ST          S4ST          S5ST
              ________      ________      ________      ________      ________
 S1ST           0.000
 S2ST           0.034         0.000
 S3ST          -0.015         0.098         0.000
 S4ST          -0.034        -0.043        -0.127         0.000
 S5ST          -0.107        -0.074         0.043         0.197         0.000


           Standardized Residuals (z-scores) for Covariances
              S1CC          S2CC          S3CC          S4CC          S5CC
              ________      ________      ________      ________      ________
 S1CC           0.345
 S2CC           0.992         2.245
 S3CC          -2.227         5.458        -6.542
 S4CC           1.314         1.944         0.535         2.663
 S5CC           2.417        -0.622        -1.464         3.777         0.667
 S1SC          -4.785         0.556         2.681        -2.240        -4.313
 S2SC          -0.679         3.850         7.153        -0.274        -3.531
 S3SC          -1.709         2.484         5.656        -1.685        -3.181
 S4SC          -1.107         1.150         1.517        -0.510         0.380
 S5SC          -6.556        -4.969        -3.594        -1.709        -9.739
 S1CT          -1.668        -0.071        -1.679         1.797         2.162
 S2CT          -1.888         0.870         0.119         2.127         2.046
 S3CT          -1.852        -0.227        -3.893         0.111         0.544
 S4CT          -1.173         0.160        -0.056         1.922         1.646
 S5CT           0.676         0.914        -1.117         3.629       999.000
 S1ST          -0.669        -2.014         1.453        -0.736        -1.531
 S2ST           1.161         0.241         6.278        -0.754        -2.519
 S3ST           1.145         1.496         6.682        -0.422        -0.556
 S4ST          -1.779        -0.416        -0.493        -1.241        -1.099
 S5ST          -3.848        -3.426        -2.002        -0.679        -7.554


           Standardized Residuals (z-scores) for Covariances
              S1SC          S2SC          S3SC          S4SC          S5SC
              ________      ________      ________      ________      ________
 S1SC           1.123
 S2SC           0.159       999.000
 S3SC           1.192         2.720         3.069
 S4SC          -0.495        -1.207        -0.071        -0.902
 S5SC           0.663        -2.506         0.509         1.839       999.000
 S1CT           0.868         0.378         0.392        -0.692        -3.094
 S2CT           1.613         0.934         0.361         0.090        -3.051
 S3CT           2.773         1.986         2.017         0.532        -1.668
 S4CT          -0.059        -0.971        -1.728        -1.041        -0.573
 S5CT          -2.907        -1.385        -2.143        -0.482        -5.642
 S1ST          -2.300        -0.719        -0.441         1.527         1.549
 S2ST          -2.714        -0.185         0.020         1.240         0.672
 S3ST          -1.101         0.810         0.303         0.322         1.599
 S4ST          -0.618         0.154        -0.840         0.899         2.121
 S5ST          -1.125         0.185        -0.583         2.968         1.386


           Standardized Residuals (z-scores) for Covariances
              S1CT          S2CT          S3CT          S4CT          S5CT
              ________      ________      ________      ________      ________
 S1CT         999.000
 S2CT          -0.966       999.000
 S3CT           0.205       999.000       999.000
 S4CT          -1.749        -1.310        -1.476       999.000
 S5CT           3.117        -1.678        -0.433         4.655       999.000
 S1ST          -7.659        -0.698         1.171        -0.256        -3.419
 S2ST          -0.308         2.663         4.254        -0.607        -2.590
 S3ST          -0.650         2.495       999.000         0.105        -1.527
 S4ST          -1.357        -0.256        -0.239        -2.822        -0.351
 S5ST          -5.736        -4.251        -3.630        -0.153       999.000


           Standardized Residuals (z-scores) for Covariances
              S1ST          S2ST          S3ST          S4ST          S5ST
              ________      ________      ________      ________      ________
 S1ST          -2.810
 S2ST           0.035         0.545
 S3ST          -0.485         1.205       999.000
 S4ST          -1.284        -1.509        -2.210        -1.713
 S5ST          -0.853         0.061         0.758         3.950         1.594


           Normalized Residuals for Covariances
              S1CC          S2CC          S3CC          S4CC          S5CC
              ________      ________      ________      ________      ________
 S1CC           0.143
 S2CC           0.487         0.638
 S3CC          -0.958         0.555        -0.886
 S4CC           0.839         1.141         0.298         1.172
 S5CC           1.467        -0.286        -0.674         2.291         0.309
 S1SC          -1.074         0.288         0.994        -1.678        -2.428
 S2SC          -0.367         0.966         2.325        -0.204        -1.732
 S3SC          -0.893         1.248         1.450        -1.304        -1.512
 S4SC          -0.859         0.878         1.077        -0.216         0.298
 S5SC          -3.659        -2.239        -1.314        -1.306        -3.152
 S1CT          -0.853        -0.041        -0.826         1.374         1.356
 S2CT          -1.145         0.337         0.026         1.505         1.093
 S3CT          -1.175        -0.126        -0.814         0.082         0.311
 S4CT          -0.893         0.113        -0.036         0.919         1.223
 S5CT           0.401         0.477        -0.415         2.690         1.150
 S1ST          -0.274        -1.042         0.572        -0.565        -0.880
 S2ST           0.672         0.092         1.057        -0.572        -1.282
 S3ST           0.718         0.763         1.618        -0.324        -0.310
 S4ST          -1.428        -0.325        -0.369        -0.658        -0.890
 S5ST          -2.108        -1.496        -0.613        -0.531        -2.248


           Normalized Residuals for Covariances
              S1SC          S2SC          S3SC          S4SC          S5SC
              ________      ________      ________      ________      ________
 S1SC           0.098
 S2SC           0.055        -0.408
 S3SC           0.465         0.876         1.063
 S4SC          -0.299        -0.719        -0.044        -0.175
 S5SC           0.302        -1.106         0.248         1.132        -0.137
 S1CT           0.384         0.197         0.227        -0.535        -1.850
 S2CT           0.808         0.317         0.172         0.066        -1.583
 S3CT           1.454         0.912         0.904         0.383        -0.900
 S4CT          -0.045        -0.709        -1.295        -0.550        -0.441
 S5CT          -1.681        -0.718        -1.212        -0.378        -2.518
 S1ST          -0.920        -0.373        -0.251         1.090         0.897
 S2ST          -1.302        -0.051         0.008         0.854         0.357
 S3ST          -0.600         0.357         0.139         0.228         0.882
 S4ST          -0.454         0.110        -0.625         0.477         1.589
 S5ST          -0.629         0.093        -0.318         2.108         0.573


           Normalized Residuals for Covariances
              S1CT          S2CT          S3CT          S4CT          S5CT
              ________      ________      ________      ________      ________
 S1CT           0.069
 S2CT          -0.293        -0.340
 S3CT           0.070         0.330         0.055
 S4CT          -1.083        -0.698        -0.835        -0.414
 S5CT           1.002        -0.567        -0.113         2.241         0.491
 S1ST          -0.790        -0.325         0.555        -0.171        -1.512
 S2ST          -0.129         0.668         1.501        -0.381        -0.992
 S3ST          -0.324         1.167         1.316         0.068        -0.688
 S4ST          -0.976        -0.175        -0.168        -0.285        -0.247
 S5ST          -2.464        -1.896        -1.542        -0.105        -2.665


           Normalized Residuals for Covariances
              S1ST          S2ST          S3ST          S4ST          S5ST
              ________      ________      ________      ________      ________
 S1ST          -0.393
 S2ST           0.012         0.101
 S3ST          -0.201         0.347         0.129
 S4ST          -0.690        -0.718        -1.125        -0.385
 S5ST          -0.335         0.022         0.290         2.155         0.451


MODEL MODIFICATION INDICES

NOTE:  Modification indices for direct effects of observed dependent variables
regressed on covariates may not be included.  To include these, request
MODINDICES (ALL).

Minimum M.I. value for printing the modification index    10.000

                                   M.I.     E.P.C.  Std E.P.C.  StdYX E.P.C.

BY Statements

STCC     BY S5SC                  19.458    -0.234     -0.195       -0.162
STSC     BY S3CC                  10.039     0.116      0.108        0.104
STCT     BY S5ST                  11.960    -0.124     -0.131       -0.119

WITH Statements

S3CC     WITH S1CC                10.661    -0.083     -0.083       -0.225
S3CC     WITH S2CC                18.812     0.110      0.110        0.383
S5CC     WITH S2CC                11.656    -0.095     -0.095       -0.224
S3SC     WITH S2SC                10.648     0.090      0.090        0.284
S5SC     WITH S2SC                13.960    -0.109     -0.109       -0.250
S3CT     WITH S2CT                29.724     0.136      0.136        0.490
S5CT     WITH S2CT                19.343    -0.115     -0.115       -0.307
S5CT     WITH S4CT                32.622     0.169      0.169        0.287
S2ST     WITH S3CT                15.341     0.077      0.077        0.304
S3ST     WITH S2CT                14.457     0.078      0.078        0.295
S3ST     WITH S2ST                11.940     0.072      0.072        0.297
S5ST     WITH S4ST                19.413     0.120      0.120        0.223


TECHNICAL 1 OUTPUT


     PARAMETER SPECIFICATION


           NU
              S1CC          S2CC          S3CC          S4CC          S5CC
              ________      ________      ________      ________      ________
                  1             2             3             4             5


           NU
              S1SC          S2SC          S3SC          S4SC          S5SC
              ________      ________      ________      ________      ________
                  6             7             8             9            10


           NU
              S1CT          S2CT          S3CT          S4CT          S5CT
              ________      ________      ________      ________      ________
                 11            12            13            14            15


           NU
              S1ST          S2ST          S3ST          S4ST          S5ST
              ________      ________      ________      ________      ________
                 16            17            18            19            20


           LAMBDA
              STCC          STSC          STCT          STST
              ________      ________      ________      ________
 S1CC               0             0             0             0
 S2CC              21             0             0             0
 S3CC              22             0             0             0
 S4CC              23             0             0             0
 S5CC              24             0             0             0
 S1SC               0             0             0             0
 S2SC               0            21             0             0
 S3SC               0            22             0             0
 S4SC               0            23             0             0
 S5SC               0            24             0             0
 S1CT               0             0             0             0
 S2CT               0             0            21             0
 S3CT               0             0            22             0
 S4CT               0             0            23             0
 S5CT               0             0            24             0
 S1ST               0             0             0             0
 S2ST               0             0             0            21
 S3ST               0             0             0            22
 S4ST               0             0             0            23
 S5ST               0             0             0            24


           THETA
              S1CC          S2CC          S3CC          S4CC          S5CC
              ________      ________      ________      ________      ________
 S1CC              25
 S2CC               0            26
 S3CC               0             0            27
 S4CC               0             0             0            28
 S5CC               0             0             0             0            29
 S1SC              30             0             0             0             0
 S2SC               0            32             0             0             0
 S3SC               0             0            34             0             0
 S4SC               0             0             0            36             0
 S5SC               0             0             0             0            38
 S1CT              40             0             0             0             0
 S2CT               0            43             0             0             0
 S3CT               0             0            46             0             0
 S4CT               0             0             0            49             0
 S5CT               0             0             0             0            52
 S1ST              55             0             0             0             0
 S2ST               0            59             0             0             0
 S3ST               0             0            63             0             0
 S4ST               0             0             0            67             0
 S5ST               0             0             0             0            71


           THETA
              S1SC          S2SC          S3SC          S4SC          S5SC
              ________      ________      ________      ________      ________
 S1SC              31
 S2SC               0            33
 S3SC               0             0            35
 S4SC               0             0             0            37
 S5SC               0             0             0             0            39
 S1CT              41             0             0             0             0
 S2CT               0            44             0             0             0
 S3CT               0             0            47             0             0
 S4CT               0             0             0            50             0
 S5CT               0             0             0             0            53
 S1ST              56             0             0             0             0
 S2ST               0            60             0             0             0
 S3ST               0             0            64             0             0
 S4ST               0             0             0            68             0
 S5ST               0             0             0             0            72


           THETA
              S1CT          S2CT          S3CT          S4CT          S5CT
              ________      ________      ________      ________      ________
 S1CT              42
 S2CT               0            45
 S3CT               0             0            48
 S4CT               0             0             0            51
 S5CT               0             0             0             0            54
 S1ST              57             0             0             0             0
 S2ST               0            61             0             0             0
 S3ST               0             0            65             0             0
 S4ST               0             0             0            69             0
 S5ST               0             0             0             0            73


           THETA
              S1ST          S2ST          S3ST          S4ST          S5ST
              ________      ________      ________      ________      ________
 S1ST              58
 S2ST               0            62
 S3ST               0             0            66
 S4ST               0             0             0            70
 S5ST               0             0             0             0            74


           ALPHA
              STCC          STSC          STCT          STST
              ________      ________      ________      ________
                  0             0             0             0


           BETA
              STCC          STSC          STCT          STST
              ________      ________      ________      ________
 STCC               0             0             0             0
 STSC               0             0             0             0
 STCT               0             0             0             0
 STST               0             0             0             0


           PSI
              STCC          STSC          STCT          STST
              ________      ________      ________      ________
 STCC              75
 STSC              76            77
 STCT              78            79            80
 STST              81            82            83            84


     STARTING VALUES


           NU
              S1CC          S2CC          S3CC          S4CC          S5CC
              ________      ________      ________      ________      ________
                3.640         3.598         3.793         3.236         3.681


           NU
              S1SC          S2SC          S3SC          S4SC          S5SC
              ________      ________      ________      ________      ________
                2.880         3.144         3.179         2.886         2.998


           NU
              S1CT          S2CT          S3CT          S4CT          S5CT
              ________      ________      ________      ________      ________
                2.978         2.919         3.108         2.823         2.902


           NU
              S1ST          S2ST          S3ST          S4ST          S5ST
              ________      ________      ________      ________      ________
                3.502         3.620         3.608         3.291         3.524


           LAMBDA
              STCC          STSC          STCT          STST
              ________      ________      ________      ________
 S1CC           1.000         0.000         0.000         0.000
 S2CC           1.063         0.000         0.000         0.000
 S3CC           0.979         0.000         0.000         0.000
 S4CC           0.770         0.000         0.000         0.000
 S5CC           1.000         0.000         0.000         0.000
 S1SC           0.000         1.000         0.000         0.000
 S2SC           0.000         1.065         0.000         0.000
 S3SC           0.000         1.112         0.000         0.000
 S4SC           0.000         0.683         0.000         0.000
 S5SC           0.000         0.977         0.000         0.000
 S1CT           0.000         0.000         1.000         0.000
 S2CT           0.000         0.000         1.047         0.000
 S3CT           0.000         0.000         1.060         0.000
 S4CT           0.000         0.000         0.700         0.000
 S5CT           0.000         0.000         1.011         0.000
 S1ST           0.000         0.000         0.000         1.000
 S2ST           0.000         0.000         0.000         1.128
 S3ST           0.000         0.000         0.000         1.106
 S4ST           0.000         0.000         0.000         0.676
 S5ST           0.000         0.000         0.000         1.055


           THETA
              S1CC          S2CC          S3CC          S4CC          S5CC
              ________      ________      ________      ________      ________
 S1CC           0.611
 S2CC           0.000         0.592
 S3CC           0.000         0.000         0.503
 S4CC           0.000         0.000         0.000         0.545
 S5CC           0.000         0.000         0.000         0.000         0.653
 S1SC           0.000         0.000         0.000         0.000         0.000
 S2SC           0.000         0.000         0.000         0.000         0.000
 S3SC           0.000         0.000         0.000         0.000         0.000
 S4SC           0.000         0.000         0.000         0.000         0.000
 S5SC           0.000         0.000         0.000         0.000         0.000
 S1CT           0.000         0.000         0.000         0.000         0.000
 S2CT           0.000         0.000         0.000         0.000         0.000
 S3CT           0.000         0.000         0.000         0.000         0.000
 S4CT           0.000         0.000         0.000         0.000         0.000
 S5CT           0.000         0.000         0.000         0.000         0.000
 S1ST           0.000         0.000         0.000         0.000         0.000
 S2ST           0.000         0.000         0.000         0.000         0.000
 S3ST           0.000         0.000         0.000         0.000         0.000
 S4ST           0.000         0.000         0.000         0.000         0.000
 S5ST           0.000         0.000         0.000         0.000         0.000


           THETA
              S1SC          S2SC          S3SC          S4SC          S5SC
              ________      ________      ________      ________      ________
 S1SC           0.673
 S2SC           0.000         0.655
 S3SC           0.000         0.000         0.687
 S4SC           0.000         0.000         0.000         0.546
 S5SC           0.000         0.000         0.000         0.000         0.727
 S1CT           0.000         0.000         0.000         0.000         0.000
 S2CT           0.000         0.000         0.000         0.000         0.000
 S3CT           0.000         0.000         0.000         0.000         0.000
 S4CT           0.000         0.000         0.000         0.000         0.000
 S5CT           0.000         0.000         0.000         0.000         0.000
 S1ST           0.000         0.000         0.000         0.000         0.000
 S2ST           0.000         0.000         0.000         0.000         0.000
 S3ST           0.000         0.000         0.000         0.000         0.000
 S4ST           0.000         0.000         0.000         0.000         0.000
 S5ST           0.000         0.000         0.000         0.000         0.000


           THETA
              S1CT          S2CT          S3CT          S4CT          S5CT
              ________      ________      ________      ________      ________
 S1CT           0.779
 S2CT           0.000         0.779
 S3CT           0.000         0.000         0.786
 S4CT           0.000         0.000         0.000         0.591
 S5CT           0.000         0.000         0.000         0.000         0.845
 S1ST           0.000         0.000         0.000         0.000         0.000
 S2ST           0.000         0.000         0.000         0.000         0.000
 S3ST           0.000         0.000         0.000         0.000         0.000
 S4ST           0.000         0.000         0.000         0.000         0.000
 S5ST           0.000         0.000         0.000         0.000         0.000


           THETA
              S1ST          S2ST          S3ST          S4ST          S5ST
              ________      ________      ________      ________      ________
 S1ST           0.536
 S2ST           0.000         0.549
 S3ST           0.000         0.000         0.558
 S4ST           0.000         0.000         0.000         0.489
 S5ST           0.000         0.000         0.000         0.000         0.615


           ALPHA
              STCC          STSC          STCT          STST
              ________      ________      ________      ________
                0.000         0.000         0.000         0.000


           BETA
              STCC          STSC          STCT          STST
              ________      ________      ________      ________
 STCC           0.000         0.000         0.000         0.000
 STSC           0.000         0.000         0.000         0.000
 STCT           0.000         0.000         0.000         0.000
 STST           0.000         0.000         0.000         0.000


           PSI
              STCC          STSC          STCT          STST
              ________      ________      ________      ________
 STCC           0.050
 STSC           0.000         0.050
 STCT           0.000         0.000         0.050
 STST           0.000         0.000         0.000         0.050


TECHNICAL 4 OUTPUT


     ESTIMATES DERIVED FROM THE MODEL


           ESTIMATED MEANS FOR THE LATENT VARIABLES
              STCC          STSC          STCT          STST
              ________      ________      ________      ________
                0.000         0.000         0.000         0.000


           S.E. FOR ESTIMATED MEANS FOR THE LATENT VARIABLES
              STCC          STSC          STCT          STST
              ________      ________      ________      ________
                0.000         0.000         0.000         0.000


           EST./S.E. FOR ESTIMATED MEANS FOR THE LATENT VARIABLES
              STCC          STSC          STCT          STST
              ________      ________      ________      ________
                0.000         0.000         0.000         0.000


           TWO-TAILED P-VALUE FOR ESTIMATED MEANS FOR THE LATENT VARIABLES
              STCC          STSC          STCT          STST
              ________      ________      ________      ________
                1.000         1.000         1.000         1.000


           ESTIMATED COVARIANCE MATRIX FOR THE LATENT VARIABLES
              STCC          STSC          STCT          STST
              ________      ________      ________      ________
 STCC           0.697
 STSC          -0.306         0.861
 STCT           0.427        -0.196         1.114
 STST          -0.159         0.450        -0.504         0.735


           S.E. FOR ESTIMATED COVARIANCE MATRIX FOR THE LATENT VARIABLES
              STCC          STSC          STCT          STST
              ________      ________      ________      ________
 STCC           0.063
 STSC           0.055         0.065
 STCT           0.054         0.058         0.073
 STST           0.048         0.053         0.060         0.063


           EST./S.E. FOR ESTIMATED COVARIANCE MATRIX FOR THE LATENT VARIABLES
              STCC          STSC          STCT          STST
              ________      ________      ________      ________
 STCC          11.044
 STSC          -5.572        13.336
 STCT           7.963        -3.363        15.317
 STST          -3.343         8.544        -8.428        11.675


           TWO-TAILED P-VALUE FOR ESTIMATED COVARIANCE MATRIX FOR THE LATENT VARIABLES
              STCC          STSC          STCT          STST
              ________      ________      ________      ________
 STCC           0.000
 STSC           0.000         0.000
 STCT           0.000         0.001         0.000
 STST           0.001         0.000         0.000         0.000


           ESTIMATED CORRELATION MATRIX FOR THE LATENT VARIABLES
              STCC          STSC          STCT          STST
              ________      ________      ________      ________
 STCC           1.000
 STSC          -0.395         1.000
 STCT           0.485        -0.200         1.000
 STST          -0.222         0.566        -0.557         1.000


           S.E. FOR ESTIMATED CORRELATION MATRIX FOR THE LATENT VARIABLES
              STCC          STSC          STCT          STST
              ________      ________      ________      ________
 STCC           0.000
 STSC           0.062         0.000
 STCT           0.048         0.057         0.000
 STST           0.063         0.046         0.045         0.000


           EST./S.E. FOR ESTIMATED CORRELATION MATRIX FOR THE LATENT VARIABLES
              STCC          STSC          STCT          STST
              ________      ________      ________      ________
 STCC         999.000
 STSC          -6.412       999.000
 STCT          10.050        -3.511       999.000
 STST          -3.528        12.231       -12.237       999.000


           TWO-TAILED P-VALUE FOR ESTIMATED CORRELATION MATRIX FOR THE LATENT VARIABLES
              STCC          STSC          STCT          STST
              ________      ________      ________      ________
 STCC           0.000
 STSC           0.000         0.000
 STCT           0.000         0.000         0.000
 STST           0.000         0.000         0.000         0.000


           ESTIMATED PARTIAL CORRELATION MATRIX FOR THE LATENT VARIABLES
              STCC          STSC          STCT          STST
              ________      ________      ________      ________
 STCC           1.000
 STSC          -0.464         1.000
 STCT           0.540         0.376         1.000
 STST           0.333         0.621        -0.616         1.000


DIAGRAM INFORMATION

  Use View Diagram under the Diagram menu in the Mplus Editor to view the diagram.
  If running Mplus from the Mplus Diagrammer, the diagram opens automatically.

  Diagram output
    c:\users\mm\onedrive - upv\dat_dropbox\investigaciÓn\cit_2025\travelwell\mplus_lup_new_invariance_multilevel_inputs_

     Beginning Time:  15:49:55
        Ending Time:  15:49:55
       Elapsed Time:  00:00:00



MUTHEN & MUTHEN
3463 Stoner Ave.
Los Angeles, CA  90066

Tel: (310) 391-9971
Fax: (310) 391-8971
Web: www.StatModel.com
Support: Support@StatModel.com

Copyright (c) 1998-2026 Muthen & Muthen
