Mplus VERSION 9.1
MUTHEN & MUTHEN
08/17/2026   8:16 AM

INPUT INSTRUCTIONS

  TITLE: PANAS Comercios - CFA Online;

  DATA:
  FILE = ../data/datos_com_terr_legacy_order.txt;

  VARIABLE:
  NAMES =
  id MODO online
  ap1cc ap1sc an1cc an1sc
  ap2cc ap2sc an2cc an2sc
  ap3cc ap3sc an3cc an3sc
  ap4cc ap4sc an4cc an4sc
  ap5cc ap5sc an5cc an5sc
  S1cc S1sc S2cc S2sc S3cc
  S3sc S4cc S4sc S5cc S5sc
  ap1ct ap1st an1ct an1st
  ap2ct ap2st an2ct an2st
  ap3ct ap3st an3ct an3st
  ap4ct ap4st an4ct an4st
  ap5ct ap5st an5ct an5st
  S1ct S1st S2ct S2st S3ct
  S3st S4ct S4st S5ct S5st
  V1 V2 V3 V4 V5 V6 V7 V8 V9
  V10 V11 V12 V13 V14 V15 V16
  V17 V18 V19;

  USEVARIABLES =
  ap1cc ap2cc ap3cc ap4cc ap5cc
  ap1sc ap2sc ap3sc ap4sc ap5sc
  an1cc an2cc an3cc an4cc an5cc
  an1sc an2sc an3sc an4sc an5sc;

  USEOBSERVATIONS = online EQ 2;

  MISSING = ALL (-999);

  ANALYSIS:
  ESTIMATOR = MLR;
  ROTATION = TARGET;

  MODEL:

  APcc BY ap1cc ap2cc ap3cc ap4cc ap5cc
  ap1sc~0 ap2sc~0 ap3sc~0 ap4sc~0 ap5sc~0
  an1cc~0 an2cc~0 an3cc~0 an4cc~0 an5cc~0
  an1sc~0 an2sc~0 an3sc~0 an4sc~0 an5sc~0 (*1);

  APsc BY ap1sc ap2sc ap3sc ap4sc ap5sc
  ap1cc~0 ap2cc~0 ap3cc~0 ap4cc~0 ap5cc~0
  an1cc~0 an2cc~0 an3cc~0 an4cc~0 an5cc~0
  an1sc~0 an2sc~0 an3sc~0 an4sc~0 an5sc~0 (*1);

  ANcc BY an1cc an2cc an3cc an4cc an5cc
  ap1cc~0 ap2cc~0 ap3cc~0 ap4cc~0 ap5cc~0
  ap1sc~0 ap2sc~0 ap3sc~0 ap4sc~0 ap5sc~0
  an1sc~0 an2sc~0 an3sc~0 an4sc~0 an5sc~0 (*1);

  ANsc BY an1sc an2sc an3sc an4sc an5sc
  ap1cc~0 ap2cc~0 ap3cc~0 ap4cc~0 ap5cc~0
  ap1sc~0 ap2sc~0 ap3sc~0 ap4sc~0 ap5sc~0
  an1cc~0 an2cc~0 an3cc~0 an4cc~0 an5cc~0 (*1);

  APcc WITH ANcc;
  APsc WITH ANsc;
  APcc WITH APsc;
  ANcc WITH ANsc;

  ap1cc WITH ap1sc;
  ap2cc WITH ap2sc;
  ap3cc WITH ap3sc;
  ap4cc WITH ap4sc;
  ap5cc WITH ap5sc;

  an1cc WITH an1sc;
  an2cc WITH an2sc;
  an3cc WITH an3sc;
  an4cc WITH an4sc;
  an5cc WITH an5sc;

  OUTPUT:
  STANDARDIZED;
  MODINDICES(10);
  SAMPSTAT;
  RESIDUAL;
  TECH1;
  TECH4;



INPUT READING TERMINATED NORMALLY



PANAS Comercios - CFA Online;

SUMMARY OF ANALYSIS

Number of groups                                                 1
Number of observations                                         318

Number of dependent variables                                   20
Number of independent variables                                  0
Number of continuous latent variables                            4

Observed dependent variables

  Continuous
   AP1CC       AP2CC       AP3CC       AP4CC       AP5CC       AP1SC
   AP2SC       AP3SC       AP4SC       AP5SC       AN1CC       AN2CC
   AN3CC       AN4CC       AN5CC       AN1SC       AN2SC       AN3SC
   AN4SC       AN5SC

Continuous latent variables

  EFA factors
  *1:   APCC        APSC        ANCC        ANSC


Estimator                                                      MLR
Rotation                                                    TARGET
Row standardization                                    CORRELATION
Type of rotation                                           OBLIQUE
Information matrix                                        OBSERVED
Maximum number of iterations                                  1000
Convergence criterion                                    0.500D-04
Maximum number of steepest descent iterations                   20
Maximum number of iterations for H1                           2000
Convergence criterion for H1                             0.100D-03
Optimization Specifications for the Exploratory Factor Analysis
Rotation Algorithm
  Number of random starts                                       30
  Maximum number of iterations                             1000000
  Derivative convergence criterion                       0.100D-04

Input data file(s)
  ../data/datos_com_terr_legacy_order.txt

Input data format  FREE


SUMMARY OF DATA

     Number of missing data patterns             1


COVARIANCE COVERAGE OF DATA

Minimum covariance coverage value   0.100


     PROPORTION OF DATA PRESENT


           Covariance Coverage
              AP1CC         AP2CC         AP3CC         AP4CC         AP5CC
              ________      ________      ________      ________      ________
 AP1CC          1.000
 AP2CC          1.000         1.000
 AP3CC          1.000         1.000         1.000
 AP4CC          1.000         1.000         1.000         1.000
 AP5CC          1.000         1.000         1.000         1.000         1.000
 AP1SC          1.000         1.000         1.000         1.000         1.000
 AP2SC          1.000         1.000         1.000         1.000         1.000
 AP3SC          1.000         1.000         1.000         1.000         1.000
 AP4SC          1.000         1.000         1.000         1.000         1.000
 AP5SC          1.000         1.000         1.000         1.000         1.000
 AN1CC          1.000         1.000         1.000         1.000         1.000
 AN2CC          1.000         1.000         1.000         1.000         1.000
 AN3CC          1.000         1.000         1.000         1.000         1.000
 AN4CC          1.000         1.000         1.000         1.000         1.000
 AN5CC          1.000         1.000         1.000         1.000         1.000
 AN1SC          1.000         1.000         1.000         1.000         1.000
 AN2SC          1.000         1.000         1.000         1.000         1.000
 AN3SC          1.000         1.000         1.000         1.000         1.000
 AN4SC          1.000         1.000         1.000         1.000         1.000
 AN5SC          1.000         1.000         1.000         1.000         1.000


           Covariance Coverage
              AP1SC         AP2SC         AP3SC         AP4SC         AP5SC
              ________      ________      ________      ________      ________
 AP1SC          1.000
 AP2SC          1.000         1.000
 AP3SC          1.000         1.000         1.000
 AP4SC          1.000         1.000         1.000         1.000
 AP5SC          1.000         1.000         1.000         1.000         1.000
 AN1CC          1.000         1.000         1.000         1.000         1.000
 AN2CC          1.000         1.000         1.000         1.000         1.000
 AN3CC          1.000         1.000         1.000         1.000         1.000
 AN4CC          1.000         1.000         1.000         1.000         1.000
 AN5CC          1.000         1.000         1.000         1.000         1.000
 AN1SC          1.000         1.000         1.000         1.000         1.000
 AN2SC          1.000         1.000         1.000         1.000         1.000
 AN3SC          1.000         1.000         1.000         1.000         1.000
 AN4SC          1.000         1.000         1.000         1.000         1.000
 AN5SC          1.000         1.000         1.000         1.000         1.000


           Covariance Coverage
              AN1CC         AN2CC         AN3CC         AN4CC         AN5CC
              ________      ________      ________      ________      ________
 AN1CC          1.000
 AN2CC          1.000         1.000
 AN3CC          1.000         1.000         1.000
 AN4CC          1.000         1.000         1.000         1.000
 AN5CC          1.000         1.000         1.000         1.000         1.000
 AN1SC          1.000         1.000         1.000         1.000         1.000
 AN2SC          1.000         1.000         1.000         1.000         1.000
 AN3SC          1.000         1.000         1.000         1.000         1.000
 AN4SC          1.000         1.000         1.000         1.000         1.000
 AN5SC          1.000         1.000         1.000         1.000         1.000


           Covariance Coverage
              AN1SC         AN2SC         AN3SC         AN4SC         AN5SC
              ________      ________      ________      ________      ________
 AN1SC          1.000
 AN2SC          1.000         1.000
 AN3SC          1.000         1.000         1.000
 AN4SC          1.000         1.000         1.000         1.000
 AN5SC          1.000         1.000         1.000         1.000         1.000


SAMPLE STATISTICS


     ESTIMATED SAMPLE STATISTICS


           Means
              AP1CC         AP2CC         AP3CC         AP4CC         AP5CC
              ________      ________      ________      ________      ________
                3.758         4.053         3.299         3.305         3.538


           Means
              AP1SC         AP2SC         AP3SC         AP4SC         AP5SC
              ________      ________      ________      ________      ________
                2.896         3.160         2.723         2.667         3.151


           Means
              AN1CC         AN2CC         AN3CC         AN4CC         AN5CC
              ________      ________      ________      ________      ________
                2.384         2.160         2.522         2.195         2.189


           Means
              AN1SC         AN2SC         AN3SC         AN4SC         AN5SC
              ________      ________      ________      ________      ________
                2.704         2.557         2.409         2.453         2.349


           Covariances
              AP1CC         AP2CC         AP3CC         AP4CC         AP5CC
              ________      ________      ________      ________      ________
 AP1CC          1.184
 AP2CC          0.026         1.139
 AP3CC          0.469         0.176         1.084
 AP4CC          0.445         0.157         0.723         1.243
 AP5CC          0.382         0.198         0.475         0.591         1.129
 AP1SC         -0.336         0.106        -0.265        -0.141        -0.158
 AP2SC         -0.046         0.136         0.062         0.130         0.099
 AP3SC         -0.152         0.040        -0.078        -0.076        -0.052
 AP4SC         -0.181         0.021        -0.143         0.026         0.009
 AP5SC         -0.152        -0.030        -0.073         0.080         0.104
 AN1CC         -0.357         0.307        -0.171        -0.243        -0.172
 AN2CC         -0.241        -0.021        -0.171        -0.222        -0.256
 AN3CC         -0.289         0.180        -0.128        -0.087        -0.218
 AN4CC         -0.343         0.181        -0.190        -0.170        -0.168
 AN5CC         -0.269         0.172        -0.166        -0.127        -0.278
 AN1SC          0.277        -0.104         0.286         0.235         0.162
 AN2SC          0.261         0.074         0.412         0.324         0.154
 AN3SC          0.115        -0.044         0.145         0.246         0.142
 AN4SC          0.059        -0.150         0.185         0.198         0.030
 AN5SC          0.173        -0.085         0.213         0.233         0.083


           Covariances
              AP1SC         AP2SC         AP3SC         AP4SC         AP5SC
              ________      ________      ________      ________      ________
 AP1SC          1.307
 AP2SC          0.510         1.462
 AP3SC          0.518         0.488         1.011
 AP4SC          0.538         0.406         0.596         1.052
 AP5SC          0.475         0.460         0.435         0.522         1.373
 AN1CC          0.323         0.177         0.210         0.184         0.093
 AN2CC          0.319         0.100         0.331         0.201         0.036
 AN3CC          0.318         0.124         0.210         0.215         0.166
 AN4CC          0.215         0.032         0.202         0.210         0.096
 AN5CC          0.202         0.036         0.194         0.189        -0.063
 AN1SC         -0.414        -0.088        -0.201        -0.174        -0.304
 AN2SC         -0.382        -0.215        -0.280        -0.245        -0.317
 AN3SC         -0.187        -0.084        -0.098         0.036        -0.257
 AN4SC         -0.239        -0.069        -0.155        -0.088        -0.235
 AN5SC         -0.272        -0.065        -0.177        -0.170        -0.229


           Covariances
              AN1CC         AN2CC         AN3CC         AN4CC         AN5CC
              ________      ________      ________      ________      ________
 AN1CC          1.740
 AN2CC          0.479         1.267
 AN3CC          0.781         0.407         1.589
 AN4CC          0.677         0.434         0.920         1.239
 AN5CC          0.626         0.533         0.769         0.753         1.235
 AN1SC         -0.188         0.101         0.010         0.004         0.053
 AN2SC         -0.122         0.128        -0.070        -0.005         0.087
 AN3SC         -0.022         0.038         0.082         0.109         0.190
 AN4SC         -0.101         0.116         0.138         0.135         0.201
 AN5SC         -0.052         0.123         0.176         0.193         0.242


           Covariances
              AN1SC         AN2SC         AN3SC         AN4SC         AN5SC
              ________      ________      ________      ________      ________
 AN1SC          1.586
 AN2SC          0.661         1.404
 AN3SC          0.624         0.398         1.166
 AN4SC          0.747         0.575         0.645         1.292
 AN5SC          0.735         0.642         0.546         0.823         1.315


           Correlations
              AP1CC         AP2CC         AP3CC         AP4CC         AP5CC
              ________      ________      ________      ________      ________
 AP1CC          1.000
 AP2CC          0.022         1.000
 AP3CC          0.414         0.158         1.000
 AP4CC          0.367         0.132         0.623         1.000
 AP5CC          0.330         0.174         0.429         0.499         1.000
 AP1SC         -0.271         0.087        -0.222        -0.111        -0.130
 AP2SC         -0.035         0.105         0.049         0.097         0.077
 AP3SC         -0.139         0.037        -0.074        -0.068        -0.049
 AP4SC         -0.162         0.019        -0.133         0.023         0.009
 AP5SC         -0.119        -0.024        -0.060         0.061         0.084
 AN1CC         -0.249         0.218        -0.125        -0.165        -0.123
 AN2CC         -0.197        -0.018        -0.146        -0.177        -0.214
 AN3CC         -0.211         0.134        -0.097        -0.062        -0.163
 AN4CC         -0.283         0.153        -0.164        -0.137        -0.142
 AN5CC         -0.222         0.145        -0.144        -0.102        -0.235
 AN1SC          0.203        -0.077         0.219         0.167         0.121
 AN2SC          0.202         0.059         0.334         0.245         0.122
 AN3SC          0.098        -0.038         0.129         0.205         0.124
 AN4SC          0.048        -0.124         0.157         0.157         0.025
 AN5SC          0.138        -0.069         0.179         0.182         0.068


           Correlations
              AP1SC         AP2SC         AP3SC         AP4SC         AP5SC
              ________      ________      ________      ________      ________
 AP1SC          1.000
 AP2SC          0.369         1.000
 AP3SC          0.451         0.401         1.000
 AP4SC          0.459         0.327         0.578         1.000
 AP5SC          0.354         0.325         0.369         0.434         1.000
 AN1CC          0.214         0.111         0.158         0.136         0.060
 AN2CC          0.248         0.074         0.292         0.174         0.027
 AN3CC          0.221         0.081         0.166         0.166         0.113
 AN4CC          0.169         0.024         0.180         0.184         0.074
 AN5CC          0.159         0.027         0.173         0.166        -0.048
 AN1SC         -0.288        -0.058        -0.159        -0.135        -0.206
 AN2SC         -0.282        -0.150        -0.235        -0.202        -0.228
 AN3SC         -0.152        -0.065        -0.090         0.032        -0.203
 AN4SC         -0.184        -0.051        -0.135        -0.076        -0.176
 AN5SC         -0.207        -0.047        -0.153        -0.144        -0.170


           Correlations
              AN1CC         AN2CC         AN3CC         AN4CC         AN5CC
              ________      ________      ________      ________      ________
 AN1CC          1.000
 AN2CC          0.323         1.000
 AN3CC          0.470         0.287         1.000
 AN4CC          0.461         0.347         0.656         1.000
 AN5CC          0.427         0.426         0.549         0.608         1.000
 AN1SC         -0.113         0.071         0.006         0.003         0.038
 AN2SC         -0.078         0.096        -0.047        -0.004         0.066
 AN3SC         -0.015         0.031         0.060         0.091         0.158
 AN4SC         -0.068         0.091         0.096         0.107         0.159
 AN5SC         -0.034         0.095         0.122         0.151         0.190


           Correlations
              AN1SC         AN2SC         AN3SC         AN4SC         AN5SC
              ________      ________      ________      ________      ________
 AN1SC          1.000
 AN2SC          0.443         1.000
 AN3SC          0.459         0.311         1.000
 AN4SC          0.522         0.427         0.526         1.000
 AN5SC          0.509         0.473         0.441         0.631         1.000


     MAXIMUM LOG-LIKELIHOOD VALUE FOR THE UNRESTRICTED (H1) MODEL IS -8703.059


UNIVARIATE SAMPLE STATISTICS


     UNIVARIATE HIGHER-ORDER MOMENT DESCRIPTIVE STATISTICS

         Variable/         Mean/     Skewness/   Minimum/ % with                Percentiles
        Sample Size      Variance    Kurtosis    Maximum  Min/Max      20%/60%    40%/80%    Median

     AP1CC                 3.758      -0.711       1.000    5.03%       3.000      4.000      4.000
             318.000       1.184       0.025       5.000   29.25%       4.000      5.000
     AP2CC                 4.053      -1.193       1.000    3.77%       3.000      4.000      4.000
             318.000       1.139       0.840       5.000   41.51%       5.000      5.000
     AP3CC                 3.299      -0.386       1.000    7.86%       3.000      3.000      3.000
             318.000       1.084      -0.003       5.000   12.26%       4.000      4.000
     AP4CC                 3.305      -0.444       1.000    9.43%       3.000      3.000      3.000
             318.000       1.243      -0.322       5.000   13.52%       4.000      4.000
     AP5CC                 3.538      -0.555       1.000    5.35%       3.000      3.000      4.000
             318.000       1.129      -0.147       5.000   18.24%       4.000      4.000
     AP1SC                 2.896       0.115       1.000   13.52%       2.000      3.000      3.000
             318.000       1.307      -0.491       5.000   11.32%       3.000      4.000
     AP2SC                 3.160      -0.096       1.000   10.38%       2.000      3.000      3.000
             318.000       1.462      -0.840       5.000   16.67%       3.000      4.000
     AP3SC                 2.723      -0.001       1.000   15.41%       2.000      3.000      3.000
             318.000       1.011       0.074       5.000    5.66%       3.000      3.000
     AP4SC                 2.667      -0.016       1.000   17.30%       2.000      3.000      3.000
             318.000       1.052      -0.264       5.000    4.40%       3.000      3.000
     AP5SC                 3.151      -0.095       1.000   10.69%       2.000      3.000      3.000
             318.000       1.373      -0.610       5.000   16.04%       3.000      4.000
     AN1CC                 2.384       0.545       1.000   34.91%       1.000      2.000      2.000
             318.000       1.740      -0.919       5.000    8.49%       3.000      4.000
     AN2CC                 2.160       0.767       1.000   35.22%       1.000      2.000      2.000
             318.000       1.267      -0.167       5.000    4.40%       2.000      3.000
     AN3CC                 2.522       0.398       1.000   27.04%       1.000      2.000      2.000
             318.000       1.589      -0.872       5.000    8.49%       3.000      4.000
     AN4CC                 2.195       0.664       1.000   33.33%       1.000      2.000      2.000
             318.000       1.239      -0.384       5.000    3.46%       2.000      3.000
     AN5CC                 2.189       0.696       1.000   33.65%       1.000      2.000      2.000
             318.000       1.235      -0.239       5.000    4.09%       2.000      3.000
     AN1SC                 2.704       0.229       1.000   22.01%       1.000      2.000      3.000
             318.000       1.586      -0.892       5.000   10.69%       3.000      4.000
     AN2SC                 2.557       0.251       1.000   24.53%       1.000      2.000      3.000
             318.000       1.404      -0.797       5.000    6.29%       3.000      4.000
     AN3SC                 2.409       0.318       1.000   25.16%       1.000      2.000      2.000
             318.000       1.166      -0.524       5.000    3.77%       3.000      3.000
     AN4SC                 2.453       0.386       1.000   25.16%       1.000      2.000      2.000
             318.000       1.292      -0.531       5.000    5.66%       3.000      3.000
     AN5SC                 2.349       0.478       1.000   29.87%       1.000      2.000      2.000
             318.000       1.315      -0.502       5.000    5.35%       3.000      3.000


THE MODEL ESTIMATION TERMINATED NORMALLY



MODEL FIT INFORMATION

Number of Free Parameters                      124

Loglikelihood

          H0 Value                       -8782.890
          H0 Scaling Correction Factor      1.3152
            for MLR
          H1 Value                       -8703.059
          H1 Scaling Correction Factor      1.2749
            for MLR

Information Criteria

          Akaike (AIC)                   17813.779
          Bayesian (BIC)                 18280.273
          Sample-Size Adjusted BIC       17886.972
            (n* = (n + 2) / 24)

Chi-Square Test of Model Fit

          Value                            130.046*
          Degrees of Freedom                   106
          P-Value                           0.0564
          Scaling Correction Factor         1.2277
            for MLR

*   The chi-square value for MLM, MLMV, MLR, ULSMV, WLSM and WLSMV cannot be used
    for chi-square difference testing in the regular way.  MLM, MLR and WLSM
    chi-square difference testing is described on the Mplus website.  MLMV, WLSMV,
    and ULSMV difference testing is done using the DIFFTEST option.

RMSEA (Root Mean Square Error Of Approximation)

          Estimate                           0.027
          90 Percent C.I.                    0.000  0.041
          Probability RMSEA <= .05           0.998

CFI/TLI

          CFI                                0.983
          TLI                                0.970

Chi-Square Test of Model Fit for the Baseline Model

          Value                           1628.889
          Degrees of Freedom                   190
          P-Value                           0.0000

SRMR (Standardized Root Mean Square Residual)

          Value                              0.027



MODEL RESULTS

                                                    Two-Tailed
                    Estimate       S.E.  Est./S.E.    P-Value

 APCC     BY
    AP1CC              0.447      0.083      5.386      0.000
    AP2CC              0.366      0.079      4.652      0.000
    AP3CC              0.784      0.067     11.764      0.000
    AP4CC              0.885      0.062     14.211      0.000
    AP5CC              0.632      0.076      8.368      0.000
    AP1SC             -0.078      0.058     -1.346      0.178
    AP2SC              0.168      0.068      2.478      0.013
    AP3SC             -0.057      0.053     -1.091      0.275
    AP4SC              0.000      0.047     -0.010      0.992
    AP5SC              0.122      0.084      1.449      0.147
    AN1CC              0.025      0.073      0.339      0.734
    AN2CC             -0.207      0.079     -2.612      0.009
    AN3CC              0.092      0.060      1.550      0.121
    AN4CC             -0.011      0.048     -0.222      0.825
    AN5CC             -0.059      0.059     -1.010      0.313
    AN1SC              0.029      0.061      0.483      0.629
    AN2SC              0.222      0.068      3.272      0.001
    AN3SC              0.041      0.058      0.705      0.481
    AN4SC             -0.080      0.056     -1.411      0.158
    AN5SC              0.020      0.063      0.325      0.745

 APSC     BY
    AP1SC              0.636      0.077      8.227      0.000
    AP2SC              0.666      0.088      7.605      0.000
    AP3SC              0.735      0.066     11.117      0.000
    AP4SC              0.779      0.083      9.378      0.000
    AP5SC              0.642      0.083      7.708      0.000
    AP1CC             -0.077      0.067     -1.153      0.249
    AP2CC             -0.074      0.067     -1.112      0.266
    AP3CC             -0.070      0.050     -1.403      0.161
    AP4CC              0.139      0.053      2.602      0.009
    AP5CC              0.103      0.062      1.657      0.097
    AN1CC             -0.015      0.078     -0.195      0.845
    AN2CC              0.203      0.078      2.612      0.009
    AN3CC              0.033      0.052      0.629      0.529
    AN4CC             -0.003      0.052     -0.058      0.954
    AN5CC              0.005      0.055      0.093      0.926
    AN1SC             -0.057      0.063     -0.912      0.362
    AN2SC             -0.235      0.083     -2.829      0.005
    AN3SC              0.064      0.060      1.070      0.285
    AN4SC              0.034      0.053      0.653      0.514
    AN5SC             -0.054      0.058     -0.933      0.351

 ANCC     BY
    AN1CC              0.822      0.083      9.922      0.000
    AN2CC              0.393      0.088      4.460      0.000
    AN3CC              0.982      0.066     14.774      0.000
    AN4CC              0.903      0.068     13.184      0.000
    AN5CC              0.800      0.072     11.152      0.000
    AP1CC             -0.231      0.072     -3.231      0.001
    AP2CC              0.348      0.068      5.139      0.000
    AP3CC              0.017      0.044      0.384      0.701
    AP4CC              0.002      0.048      0.034      0.973
    AP5CC             -0.107      0.058     -1.838      0.066
    AP1SC              0.129      0.065      1.985      0.047
    AP2SC             -0.046      0.067     -0.692      0.489
    AP3SC              0.030      0.048      0.618      0.536
    AP4SC              0.020      0.058      0.353      0.724
    AP5SC             -0.046      0.069     -0.662      0.508
    AN1SC             -0.070      0.058     -1.215      0.224
    AN2SC              0.051      0.066      0.774      0.439
    AN3SC              0.051      0.056      0.910      0.363
    AN4SC              0.025      0.047      0.530      0.596
    AN5SC              0.122      0.054      2.245      0.025

 ANSC     BY
    AN1SC              0.844      0.070     12.047      0.000
    AN2SC              0.563      0.078      7.255      0.000
    AN3SC              0.681      0.078      8.695      0.000
    AN4SC              0.942      0.064     14.662      0.000
    AN5SC              0.849      0.072     11.823      0.000
    AP1CC              0.079      0.064      1.230      0.219
    AP2CC             -0.249      0.072     -3.459      0.001
    AP3CC              0.062      0.043      1.442      0.149
    AP4CC              0.109      0.049      2.242      0.025
    AP5CC             -0.006      0.067     -0.094      0.925
    AP1SC             -0.161      0.067     -2.403      0.016
    AP2SC              0.027      0.073      0.372      0.710
    AP3SC              0.011      0.050      0.209      0.835
    AP4SC              0.067      0.063      1.074      0.283
    AP5SC             -0.154      0.081     -1.888      0.059
    AN1CC             -0.207      0.071     -2.901      0.004
    AN2CC              0.174      0.073      2.380      0.017
    AN3CC              0.019      0.062      0.305      0.760
    AN4CC              0.058      0.053      1.091      0.275
    AN5CC              0.155      0.054      2.875      0.004

 APCC     WITH
    ANCC              -0.260      0.068     -3.839      0.000
    APSC              -0.145      0.084     -1.722      0.085

 APSC     WITH
    ANSC              -0.257      0.077     -3.333      0.001

 ANCC     WITH
    ANSC               0.055      0.065      0.842      0.400
    APSC               0.260      0.070      3.725      0.000

 ANSC     WITH
    APCC               0.237      0.066      3.569      0.000

 AP1CC    WITH
    AP1SC             -0.075      0.061     -1.243      0.214

 AP2CC    WITH
    AP2SC              0.093      0.079      1.174      0.240

 AP3CC    WITH
    AP3SC              0.115      0.063      1.841      0.066

 AP4CC    WITH
    AP4SC              0.024      0.058      0.419      0.675

 AP5CC    WITH
    AP5SC              0.042      0.079      0.523      0.601

 AN1CC    WITH
    AN1SC              0.017      0.084      0.200      0.842

 AN2CC    WITH
    AN2SC              0.183      0.074      2.478      0.013

 AN3CC    WITH
    AN3SC             -0.036      0.081     -0.452      0.651

 AN4CC    WITH
    AN4SC             -0.013      0.059     -0.218      0.827

 AN5CC    WITH
    AN5SC              0.000      0.055     -0.002      0.998

 Intercepts
    AP1CC              3.758      0.061     61.598      0.000
    AP2CC              4.053      0.060     67.740      0.000
    AP3CC              3.299      0.058     56.507      0.000
    AP4CC              3.305      0.063     52.854      0.000
    AP5CC              3.538      0.060     59.371      0.000
    AP1SC              2.896      0.064     45.179      0.000
    AP2SC              3.160      0.068     46.615      0.000
    AP3SC              2.723      0.056     48.287      0.000
    AP4SC              2.667      0.058     46.354      0.000
    AP5SC              3.151      0.066     47.946      0.000
    AN1CC              2.384      0.074     32.228      0.000
    AN2CC              2.160      0.063     34.230      0.000
    AN3CC              2.522      0.071     35.676      0.000
    AN4CC              2.195      0.062     35.169      0.000
    AN5CC              2.189      0.062     35.123      0.000
    AN1SC              2.704      0.071     38.299      0.000
    AN2SC              2.557      0.066     38.476      0.000
    AN3SC              2.409      0.061     39.776      0.000
    AN4SC              2.453      0.064     38.484      0.000
    AN5SC              2.349      0.064     36.526      0.000

 Variances
    APCC               1.000      0.000    999.000    999.000
    APSC               1.000      0.000    999.000    999.000
    ANCC               1.000      0.000    999.000    999.000
    ANSC               1.000      0.000    999.000    999.000

 Residual Variances
    AP1CC              0.827      0.081     10.168      0.000
    AP2CC              0.950      0.098      9.689      0.000
    AP3CC              0.426      0.068      6.291      0.000
    AP4CC              0.428      0.070      6.143      0.000
    AP5CC              0.698      0.079      8.794      0.000
    AP1SC              0.735      0.071     10.308      0.000
    AP2SC              1.038      0.096     10.771      0.000
    AP3SC              0.446      0.073      6.150      0.000
    AP4SC              0.459      0.097      4.738      0.000
    AP5SC              0.914      0.101      9.058      0.000
    AN1CC              1.060      0.114      9.262      0.000
    AN2CC              0.929      0.091     10.218      0.000
    AN3CC              0.644      0.093      6.906      0.000
    AN4CC              0.411      0.071      5.756      0.000
    AN5CC              0.531      0.078      6.830      0.000
    AN1SC              0.830      0.097      8.558      0.000
    AN2SC              0.848      0.084     10.049      0.000
    AN3SC              0.700      0.090      7.779      0.000
    AN4SC              0.443      0.081      5.489      0.000
    AN5SC              0.538      0.081      6.685      0.000


QUALITY OF NUMERICAL RESULTS

     Condition Number for the Information Matrix              0.234E-03
       (ratio of smallest to largest eigenvalue)


STANDARDIZED MODEL RESULTS


STDYX Standardization

                                                    Two-Tailed
                    Estimate       S.E.  Est./S.E.    P-Value

 APCC     BY
    AP1CC              0.411      0.072      5.681      0.000
    AP2CC              0.343      0.070      4.916      0.000
    AP3CC              0.753      0.050     15.016      0.000
    AP4CC              0.794      0.043     18.576      0.000
    AP5CC              0.595      0.063      9.481      0.000
    AP1SC             -0.068      0.051     -1.337      0.181
    AP2SC              0.139      0.056      2.486      0.013
    AP3SC             -0.057      0.053     -1.084      0.278
    AP4SC              0.000      0.045     -0.010      0.992
    AP5SC              0.104      0.072      1.448      0.148
    AN1CC              0.019      0.056      0.340      0.734
    AN2CC             -0.184      0.070     -2.648      0.008
    AN3CC              0.073      0.047      1.550      0.121
    AN4CC             -0.010      0.043     -0.222      0.825
    AN5CC             -0.053      0.052     -1.014      0.311
    AN1SC              0.023      0.048      0.483      0.629
    AN2SC              0.187      0.057      3.313      0.001
    AN3SC              0.038      0.054      0.707      0.480
    AN4SC             -0.070      0.049     -1.414      0.157
    AN5SC              0.018      0.055      0.325      0.745

 APSC     BY
    AP1SC              0.557      0.061      9.071      0.000
    AP2SC              0.551      0.066      8.340      0.000
    AP3SC              0.731      0.056     13.023      0.000
    AP4SC              0.759      0.076     10.047      0.000
    AP5SC              0.548      0.066      8.314      0.000
    AP1CC             -0.071      0.062     -1.148      0.251
    AP2CC             -0.069      0.062     -1.119      0.263
    AP3CC             -0.067      0.048     -1.393      0.164
    AP4CC              0.125      0.048      2.622      0.009
    AP5CC              0.096      0.058      1.663      0.096
    AN1CC             -0.012      0.059     -0.195      0.845
    AN2CC              0.180      0.069      2.626      0.009
    AN3CC              0.026      0.041      0.630      0.529
    AN4CC             -0.003      0.046     -0.058      0.954
    AN5CC              0.005      0.049      0.093      0.926
    AN1SC             -0.046      0.050     -0.912      0.362
    AN2SC             -0.198      0.069     -2.882      0.004
    AN3SC              0.060      0.056      1.067      0.286
    AN4SC              0.030      0.046      0.653      0.514
    AN5SC             -0.047      0.050     -0.935      0.350

 ANCC     BY
    AN1CC              0.623      0.057     10.911      0.000
    AN2CC              0.349      0.076      4.595      0.000
    AN3CC              0.779      0.043     17.983      0.000
    AN4CC              0.811      0.046     17.642      0.000
    AN5CC              0.720      0.054     13.220      0.000
    AP1CC             -0.213      0.064     -3.319      0.001
    AP2CC              0.326      0.061      5.373      0.000
    AP3CC              0.016      0.042      0.385      0.700
    AP4CC              0.001      0.043      0.034      0.973
    AP5CC             -0.101      0.055     -1.839      0.066
    AP1SC              0.113      0.056      1.998      0.046
    AP2SC             -0.038      0.055     -0.693      0.489
    AP3SC              0.030      0.048      0.621      0.535
    AP4SC              0.020      0.056      0.353      0.724
    AP5SC             -0.039      0.059     -0.662      0.508
    AN1SC             -0.056      0.046     -1.209      0.227
    AN2SC              0.043      0.055      0.773      0.440
    AN3SC              0.047      0.052      0.915      0.360
    AN4SC              0.022      0.042      0.530      0.596
    AN5SC              0.107      0.048      2.226      0.026

 ANSC     BY
    AN1SC              0.670      0.049     13.753      0.000
    AN2SC              0.475      0.064      7.364      0.000
    AN3SC              0.631      0.067      9.407      0.000
    AN4SC              0.829      0.044     18.851      0.000
    AN5SC              0.740      0.052     14.255      0.000
    AP1CC              0.072      0.059      1.231      0.218
    AP2CC             -0.233      0.065     -3.570      0.000
    AP3CC              0.060      0.041      1.454      0.146
    AP4CC              0.098      0.044      2.239      0.025
    AP5CC             -0.006      0.063     -0.094      0.925
    AP1SC             -0.141      0.058     -2.419      0.016
    AP2SC              0.022      0.060      0.372      0.710
    AP3SC              0.010      0.050      0.209      0.835
    AP4SC              0.066      0.061      1.070      0.285
    AP5SC             -0.131      0.069     -1.886      0.059
    AN1CC             -0.157      0.054     -2.913      0.004
    AN2CC              0.154      0.065      2.385      0.017
    AN3CC              0.015      0.049      0.305      0.760
    AN4CC              0.052      0.048      1.088      0.277
    AN5CC              0.140      0.049      2.878      0.004

 APCC     WITH
    ANCC              -0.260      0.068     -3.839      0.000
    APSC              -0.145      0.084     -1.722      0.085

 APSC     WITH
    ANSC              -0.257      0.077     -3.333      0.001

 ANCC     WITH
    ANSC               0.055      0.065      0.842      0.400
    APSC               0.260      0.070      3.725      0.000

 ANSC     WITH
    APCC               0.237      0.066      3.569      0.000

 AP1CC    WITH
    AP1SC             -0.097      0.075     -1.286      0.198

 AP2CC    WITH
    AP2SC              0.094      0.080      1.180      0.238

 AP3CC    WITH
    AP3SC              0.264      0.139      1.906      0.057

 AP4CC    WITH
    AP4SC              0.055      0.129      0.427      0.669

 AP5CC    WITH
    AP5SC              0.052      0.100      0.519      0.604

 AN1CC    WITH
    AN1SC              0.018      0.090      0.199      0.842

 AN2CC    WITH
    AN2SC              0.207      0.083      2.496      0.013

 AN3CC    WITH
    AN3SC             -0.054      0.116     -0.466      0.641

 AN4CC    WITH
    AN4SC             -0.030      0.139     -0.220      0.826

 AN5CC    WITH
    AN5SC              0.000      0.103     -0.002      0.998

 Intercepts
    AP1CC              3.454      0.173     19.988      0.000
    AP2CC              3.799      0.223     17.053      0.000
    AP3CC              3.169      0.151     21.009      0.000
    AP4CC              2.964      0.137     21.576      0.000
    AP5CC              3.329      0.158     21.013      0.000
    AP1SC              2.533      0.099     25.536      0.000
    AP2SC              2.614      0.101     25.926      0.000
    AP3SC              2.708      0.123     22.032      0.000
    AP4SC              2.599      0.112     23.252      0.000
    AP5SC              2.689      0.109     24.698      0.000
    AN1CC              1.807      0.053     33.997      0.000
    AN2CC              1.919      0.062     31.049      0.000
    AN3CC              2.001      0.065     30.898      0.000
    AN4CC              1.972      0.063     31.313      0.000
    AN5CC              1.970      0.065     30.374      0.000
    AN1SC              2.148      0.075     28.660      0.000
    AN2SC              2.158      0.076     28.214      0.000
    AN3SC              2.231      0.082     27.280      0.000
    AN4SC              2.158      0.077     28.090      0.000
    AN5SC              2.048      0.071     28.958      0.000

 Variances
    APCC               1.000      0.000    999.000    999.000
    APSC               1.000      0.000    999.000    999.000
    ANCC               1.000      0.000    999.000    999.000
    ANSC               1.000      0.000    999.000    999.000

 Residual Variances
    AP1CC              0.699      0.058     12.074      0.000
    AP2CC              0.834      0.052     15.942      0.000
    AP3CC              0.393      0.063      6.194      0.000
    AP4CC              0.344      0.056      6.131      0.000
    AP5CC              0.618      0.064      9.630      0.000
    AP1SC              0.562      0.052     10.780      0.000
    AP2SC              0.710      0.063     11.243      0.000
    AP3SC              0.441      0.069      6.400      0.000
    AP4SC              0.436      0.089      4.907      0.000
    AP5SC              0.665      0.066     10.008      0.000
    AN1CC              0.609      0.063      9.729      0.000
    AN2CC              0.734      0.058     12.650      0.000
    AN3CC              0.405      0.059      6.835      0.000
    AN4CC              0.332      0.060      5.520      0.000
    AN5CC              0.430      0.062      6.903      0.000
    AN1SC              0.524      0.059      8.856      0.000
    AN2SC              0.604      0.056     10.794      0.000
    AN3SC              0.600      0.073      8.255      0.000
    AN4SC              0.343      0.063      5.481      0.000
    AN5SC              0.409      0.061      6.705      0.000


STDY Standardization

                                                    Two-Tailed
                    Estimate       S.E.  Est./S.E.    P-Value

 APCC     BY
    AP1CC              0.411      0.072      5.681      0.000
    AP2CC              0.343      0.070      4.916      0.000
    AP3CC              0.753      0.050     15.016      0.000
    AP4CC              0.794      0.043     18.576      0.000
    AP5CC              0.595      0.063      9.481      0.000
    AP1SC             -0.068      0.051     -1.337      0.181
    AP2SC              0.139      0.056      2.486      0.013
    AP3SC             -0.057      0.053     -1.084      0.278
    AP4SC              0.000      0.045     -0.010      0.992
    AP5SC              0.104      0.072      1.448      0.148
    AN1CC              0.019      0.056      0.340      0.734
    AN2CC             -0.184      0.070     -2.648      0.008
    AN3CC              0.073      0.047      1.550      0.121
    AN4CC             -0.010      0.043     -0.222      0.825
    AN5CC             -0.053      0.052     -1.014      0.311
    AN1SC              0.023      0.048      0.483      0.629
    AN2SC              0.187      0.057      3.313      0.001
    AN3SC              0.038      0.054      0.707      0.480
    AN4SC             -0.070      0.049     -1.414      0.157
    AN5SC              0.018      0.055      0.325      0.745

 APSC     BY
    AP1SC              0.557      0.061      9.071      0.000
    AP2SC              0.551      0.066      8.340      0.000
    AP3SC              0.731      0.056     13.023      0.000
    AP4SC              0.759      0.076     10.047      0.000
    AP5SC              0.548      0.066      8.314      0.000
    AP1CC             -0.071      0.062     -1.148      0.251
    AP2CC             -0.069      0.062     -1.119      0.263
    AP3CC             -0.067      0.048     -1.393      0.164
    AP4CC              0.125      0.048      2.622      0.009
    AP5CC              0.096      0.058      1.663      0.096
    AN1CC             -0.012      0.059     -0.195      0.845
    AN2CC              0.180      0.069      2.626      0.009
    AN3CC              0.026      0.041      0.630      0.529
    AN4CC             -0.003      0.046     -0.058      0.954
    AN5CC              0.005      0.049      0.093      0.926
    AN1SC             -0.046      0.050     -0.912      0.362
    AN2SC             -0.198      0.069     -2.882      0.004
    AN3SC              0.060      0.056      1.067      0.286
    AN4SC              0.030      0.046      0.653      0.514
    AN5SC             -0.047      0.050     -0.935      0.350

 ANCC     BY
    AN1CC              0.623      0.057     10.911      0.000
    AN2CC              0.349      0.076      4.595      0.000
    AN3CC              0.779      0.043     17.983      0.000
    AN4CC              0.811      0.046     17.642      0.000
    AN5CC              0.720      0.054     13.220      0.000
    AP1CC             -0.213      0.064     -3.319      0.001
    AP2CC              0.326      0.061      5.373      0.000
    AP3CC              0.016      0.042      0.385      0.700
    AP4CC              0.001      0.043      0.034      0.973
    AP5CC             -0.101      0.055     -1.839      0.066
    AP1SC              0.113      0.056      1.998      0.046
    AP2SC             -0.038      0.055     -0.693      0.489
    AP3SC              0.030      0.048      0.621      0.535
    AP4SC              0.020      0.056      0.353      0.724
    AP5SC             -0.039      0.059     -0.662      0.508
    AN1SC             -0.056      0.046     -1.209      0.227
    AN2SC              0.043      0.055      0.773      0.440
    AN3SC              0.047      0.052      0.915      0.360
    AN4SC              0.022      0.042      0.530      0.596
    AN5SC              0.107      0.048      2.226      0.026

 ANSC     BY
    AN1SC              0.670      0.049     13.753      0.000
    AN2SC              0.475      0.064      7.364      0.000
    AN3SC              0.631      0.067      9.407      0.000
    AN4SC              0.829      0.044     18.851      0.000
    AN5SC              0.740      0.052     14.255      0.000
    AP1CC              0.072      0.059      1.231      0.218
    AP2CC             -0.233      0.065     -3.570      0.000
    AP3CC              0.060      0.041      1.454      0.146
    AP4CC              0.098      0.044      2.239      0.025
    AP5CC             -0.006      0.063     -0.094      0.925
    AP1SC             -0.141      0.058     -2.419      0.016
    AP2SC              0.022      0.060      0.372      0.710
    AP3SC              0.010      0.050      0.209      0.835
    AP4SC              0.066      0.061      1.070      0.285
    AP5SC             -0.131      0.069     -1.886      0.059
    AN1CC             -0.157      0.054     -2.913      0.004
    AN2CC              0.154      0.065      2.385      0.017
    AN3CC              0.015      0.049      0.305      0.760
    AN4CC              0.052      0.048      1.088      0.277
    AN5CC              0.140      0.049      2.878      0.004

 APCC     WITH
    ANCC              -0.260      0.068     -3.839      0.000
    APSC              -0.145      0.084     -1.722      0.085

 APSC     WITH
    ANSC              -0.257      0.077     -3.333      0.001

 ANCC     WITH
    ANSC               0.055      0.065      0.842      0.400
    APSC               0.260      0.070      3.725      0.000

 ANSC     WITH
    APCC               0.237      0.066      3.569      0.000

 AP1CC    WITH
    AP1SC             -0.097      0.075     -1.286      0.198

 AP2CC    WITH
    AP2SC              0.094      0.080      1.180      0.238

 AP3CC    WITH
    AP3SC              0.264      0.139      1.906      0.057

 AP4CC    WITH
    AP4SC              0.055      0.129      0.427      0.669

 AP5CC    WITH
    AP5SC              0.052      0.100      0.519      0.604

 AN1CC    WITH
    AN1SC              0.018      0.090      0.199      0.842

 AN2CC    WITH
    AN2SC              0.207      0.083      2.496      0.013

 AN3CC    WITH
    AN3SC             -0.054      0.116     -0.466      0.641

 AN4CC    WITH
    AN4SC             -0.030      0.139     -0.220      0.826

 AN5CC    WITH
    AN5SC              0.000      0.103     -0.002      0.998

 Intercepts
    AP1CC              3.454      0.173     19.988      0.000
    AP2CC              3.799      0.223     17.053      0.000
    AP3CC              3.169      0.151     21.009      0.000
    AP4CC              2.964      0.137     21.576      0.000
    AP5CC              3.329      0.158     21.013      0.000
    AP1SC              2.533      0.099     25.536      0.000
    AP2SC              2.614      0.101     25.926      0.000
    AP3SC              2.708      0.123     22.032      0.000
    AP4SC              2.599      0.112     23.252      0.000
    AP5SC              2.689      0.109     24.698      0.000
    AN1CC              1.807      0.053     33.997      0.000
    AN2CC              1.919      0.062     31.049      0.000
    AN3CC              2.001      0.065     30.898      0.000
    AN4CC              1.972      0.063     31.313      0.000
    AN5CC              1.970      0.065     30.374      0.000
    AN1SC              2.148      0.075     28.660      0.000
    AN2SC              2.158      0.076     28.214      0.000
    AN3SC              2.231      0.082     27.280      0.000
    AN4SC              2.158      0.077     28.090      0.000
    AN5SC              2.048      0.071     28.958      0.000

 Variances
    APCC               1.000      0.000    999.000    999.000
    APSC               1.000      0.000    999.000    999.000
    ANCC               1.000      0.000    999.000    999.000
    ANSC               1.000      0.000    999.000    999.000

 Residual Variances
    AP1CC              0.699      0.058     12.074      0.000
    AP2CC              0.834      0.052     15.942      0.000
    AP3CC              0.393      0.063      6.194      0.000
    AP4CC              0.344      0.056      6.131      0.000
    AP5CC              0.618      0.064      9.630      0.000
    AP1SC              0.562      0.052     10.780      0.000
    AP2SC              0.710      0.063     11.243      0.000
    AP3SC              0.441      0.069      6.400      0.000
    AP4SC              0.436      0.089      4.907      0.000
    AP5SC              0.665      0.066     10.008      0.000
    AN1CC              0.609      0.063      9.729      0.000
    AN2CC              0.734      0.058     12.650      0.000
    AN3CC              0.405      0.059      6.835      0.000
    AN4CC              0.332      0.060      5.520      0.000
    AN5CC              0.430      0.062      6.903      0.000
    AN1SC              0.524      0.059      8.856      0.000
    AN2SC              0.604      0.056     10.794      0.000
    AN3SC              0.600      0.073      8.255      0.000
    AN4SC              0.343      0.063      5.481      0.000
    AN5SC              0.409      0.061      6.705      0.000


STD Standardization

                                                    Two-Tailed
                    Estimate       S.E.  Est./S.E.    P-Value

 APCC     BY
    AP1CC              0.447      0.083      5.386      0.000
    AP2CC              0.366      0.079      4.652      0.000
    AP3CC              0.784      0.067     11.764      0.000
    AP4CC              0.885      0.062     14.211      0.000
    AP5CC              0.632      0.076      8.368      0.000
    AP1SC             -0.078      0.058     -1.346      0.178
    AP2SC              0.168      0.068      2.478      0.013
    AP3SC             -0.057      0.053     -1.091      0.275
    AP4SC              0.000      0.047     -0.010      0.992
    AP5SC              0.122      0.084      1.449      0.147
    AN1CC              0.025      0.073      0.339      0.734
    AN2CC             -0.207      0.079     -2.612      0.009
    AN3CC              0.092      0.060      1.550      0.121
    AN4CC             -0.011      0.048     -0.222      0.825
    AN5CC             -0.059      0.059     -1.010      0.313
    AN1SC              0.029      0.061      0.483      0.629
    AN2SC              0.222      0.068      3.272      0.001
    AN3SC              0.041      0.058      0.705      0.481
    AN4SC             -0.080      0.056     -1.411      0.158
    AN5SC              0.020      0.063      0.325      0.745

 APSC     BY
    AP1SC              0.636      0.077      8.227      0.000
    AP2SC              0.666      0.088      7.605      0.000
    AP3SC              0.735      0.066     11.117      0.000
    AP4SC              0.779      0.083      9.378      0.000
    AP5SC              0.642      0.083      7.708      0.000
    AP1CC             -0.077      0.067     -1.153      0.249
    AP2CC             -0.074      0.067     -1.112      0.266
    AP3CC             -0.070      0.050     -1.403      0.161
    AP4CC              0.139      0.053      2.602      0.009
    AP5CC              0.103      0.062      1.657      0.097
    AN1CC             -0.015      0.078     -0.195      0.845
    AN2CC              0.203      0.078      2.612      0.009
    AN3CC              0.033      0.052      0.629      0.529
    AN4CC             -0.003      0.052     -0.058      0.954
    AN5CC              0.005      0.055      0.093      0.926
    AN1SC             -0.057      0.063     -0.912      0.362
    AN2SC             -0.235      0.083     -2.829      0.005
    AN3SC              0.064      0.060      1.070      0.285
    AN4SC              0.034      0.053      0.653      0.514
    AN5SC             -0.054      0.058     -0.933      0.351

 ANCC     BY
    AN1CC              0.822      0.083      9.922      0.000
    AN2CC              0.393      0.088      4.460      0.000
    AN3CC              0.982      0.066     14.774      0.000
    AN4CC              0.903      0.068     13.184      0.000
    AN5CC              0.800      0.072     11.152      0.000
    AP1CC             -0.231      0.072     -3.231      0.001
    AP2CC              0.348      0.068      5.139      0.000
    AP3CC              0.017      0.044      0.384      0.701
    AP4CC              0.002      0.048      0.034      0.973
    AP5CC             -0.107      0.058     -1.838      0.066
    AP1SC              0.129      0.065      1.985      0.047
    AP2SC             -0.046      0.067     -0.692      0.489
    AP3SC              0.030      0.048      0.618      0.536
    AP4SC              0.020      0.058      0.353      0.724
    AP5SC             -0.046      0.069     -0.662      0.508
    AN1SC             -0.070      0.058     -1.215      0.224
    AN2SC              0.051      0.066      0.774      0.439
    AN3SC              0.051      0.056      0.910      0.363
    AN4SC              0.025      0.047      0.530      0.596
    AN5SC              0.122      0.054      2.245      0.025

 ANSC     BY
    AN1SC              0.844      0.070     12.047      0.000
    AN2SC              0.563      0.078      7.255      0.000
    AN3SC              0.681      0.078      8.695      0.000
    AN4SC              0.942      0.064     14.662      0.000
    AN5SC              0.849      0.072     11.823      0.000
    AP1CC              0.079      0.064      1.230      0.219
    AP2CC             -0.249      0.072     -3.459      0.001
    AP3CC              0.062      0.043      1.442      0.149
    AP4CC              0.109      0.049      2.242      0.025
    AP5CC             -0.006      0.067     -0.094      0.925
    AP1SC             -0.161      0.067     -2.403      0.016
    AP2SC              0.027      0.073      0.372      0.710
    AP3SC              0.011      0.050      0.209      0.835
    AP4SC              0.067      0.063      1.074      0.283
    AP5SC             -0.154      0.081     -1.888      0.059
    AN1CC             -0.207      0.071     -2.901      0.004
    AN2CC              0.174      0.073      2.380      0.017
    AN3CC              0.019      0.062      0.305      0.760
    AN4CC              0.058      0.053      1.091      0.275
    AN5CC              0.155      0.054      2.875      0.004

 APCC     WITH
    ANCC              -0.260      0.068     -3.839      0.000
    APSC              -0.145      0.084     -1.722      0.085

 APSC     WITH
    ANSC              -0.257      0.077     -3.333      0.001

 ANCC     WITH
    ANSC               0.055      0.065      0.842      0.400
    APSC               0.260      0.070      3.725      0.000

 ANSC     WITH
    APCC               0.237      0.066      3.569      0.000

 AP1CC    WITH
    AP1SC             -0.075      0.061     -1.243      0.214

 AP2CC    WITH
    AP2SC              0.093      0.079      1.174      0.240

 AP3CC    WITH
    AP3SC              0.115      0.063      1.841      0.066

 AP4CC    WITH
    AP4SC              0.024      0.058      0.419      0.675

 AP5CC    WITH
    AP5SC              0.042      0.079      0.523      0.601

 AN1CC    WITH
    AN1SC              0.017      0.084      0.200      0.842

 AN2CC    WITH
    AN2SC              0.183      0.074      2.478      0.013

 AN3CC    WITH
    AN3SC             -0.036      0.081     -0.452      0.651

 AN4CC    WITH
    AN4SC             -0.013      0.059     -0.218      0.827

 AN5CC    WITH
    AN5SC              0.000      0.055     -0.002      0.998

 Intercepts
    AP1CC              3.758      0.061     61.598      0.000
    AP2CC              4.053      0.060     67.740      0.000
    AP3CC              3.299      0.058     56.507      0.000
    AP4CC              3.305      0.063     52.854      0.000
    AP5CC              3.538      0.060     59.371      0.000
    AP1SC              2.896      0.064     45.179      0.000
    AP2SC              3.160      0.068     46.615      0.000
    AP3SC              2.723      0.056     48.287      0.000
    AP4SC              2.667      0.058     46.354      0.000
    AP5SC              3.151      0.066     47.946      0.000
    AN1CC              2.384      0.074     32.228      0.000
    AN2CC              2.160      0.063     34.230      0.000
    AN3CC              2.522      0.071     35.676      0.000
    AN4CC              2.195      0.062     35.169      0.000
    AN5CC              2.189      0.062     35.123      0.000
    AN1SC              2.704      0.071     38.299      0.000
    AN2SC              2.557      0.066     38.476      0.000
    AN3SC              2.409      0.061     39.776      0.000
    AN4SC              2.453      0.064     38.484      0.000
    AN5SC              2.349      0.064     36.526      0.000

 Variances
    APCC               1.000      0.000    999.000    999.000
    APSC               1.000      0.000    999.000    999.000
    ANCC               1.000      0.000    999.000    999.000
    ANSC               1.000      0.000    999.000    999.000

 Residual Variances
    AP1CC              0.827      0.081     10.168      0.000
    AP2CC              0.950      0.098      9.689      0.000
    AP3CC              0.426      0.068      6.291      0.000
    AP4CC              0.428      0.070      6.143      0.000
    AP5CC              0.698      0.079      8.794      0.000
    AP1SC              0.735      0.071     10.308      0.000
    AP2SC              1.038      0.096     10.771      0.000
    AP3SC              0.446      0.073      6.150      0.000
    AP4SC              0.459      0.097      4.738      0.000
    AP5SC              0.914      0.101      9.058      0.000
    AN1CC              1.060      0.114      9.262      0.000
    AN2CC              0.929      0.091     10.218      0.000
    AN3CC              0.644      0.093      6.906      0.000
    AN4CC              0.411      0.071      5.756      0.000
    AN5CC              0.531      0.078      6.830      0.000
    AN1SC              0.830      0.097      8.558      0.000
    AN2SC              0.848      0.084     10.049      0.000
    AN3SC              0.700      0.090      7.779      0.000
    AN4SC              0.443      0.081      5.489      0.000
    AN5SC              0.538      0.081      6.685      0.000


R-SQUARE

    Observed                                        Two-Tailed
    Variable        Estimate       S.E.  Est./S.E.    P-Value

    AP1CC              0.301      0.058      5.200      0.000
    AP2CC              0.166      0.052      3.165      0.002
    AP3CC              0.607      0.063      9.578      0.000
    AP4CC              0.656      0.056     11.695      0.000
    AP5CC              0.382      0.064      5.951      0.000
    AP1SC              0.438      0.052      8.395      0.000
    AP2SC              0.290      0.063      4.585      0.000
    AP3SC              0.559      0.069      8.115      0.000
    AP4SC              0.564      0.089      6.340      0.000
    AP5SC              0.335      0.066      5.036      0.000
    AN1CC              0.391      0.063      6.240      0.000
    AN2CC              0.266      0.058      4.594      0.000
    AN3CC              0.595      0.059     10.024      0.000
    AN4CC              0.668      0.060     11.127      0.000
    AN5CC              0.570      0.062      9.141      0.000
    AN1SC              0.476      0.059      8.057      0.000
    AN2SC              0.396      0.056      7.086      0.000
    AN3SC              0.400      0.073      5.503      0.000
    AN4SC              0.657      0.063     10.486      0.000
    AN5SC              0.591      0.061      9.679      0.000


STANDARDIZED SOLUTION


           TARGET ROTATED LOADINGS (* significant at 5% level)
               APCC              APSC              ANCC              ANSC
              __________        __________        __________        __________
 AP1CC           0.411*           -0.071            -0.213*            0.072
 AP2CC           0.343*           -0.069             0.326*           -0.233*
 AP3CC           0.753*           -0.067             0.016             0.060
 AP4CC           0.794*            0.125*            0.001             0.098*
 AP5CC           0.595*            0.096            -0.101            -0.006
 AP1SC          -0.068             0.557*            0.113*           -0.141*
 AP2SC           0.139*            0.551*           -0.038             0.022
 AP3SC          -0.057             0.731*            0.030             0.010
 AP4SC           0.000             0.759*            0.020             0.066
 AP5SC           0.104             0.548*           -0.039            -0.131
 AN1CC           0.019            -0.012             0.623*           -0.157*
 AN2CC          -0.184*            0.180*            0.349*            0.154*
 AN3CC           0.073             0.026             0.779*            0.015
 AN4CC          -0.010            -0.003             0.811*            0.052
 AN5CC          -0.053             0.005             0.720*            0.140*
 AN1SC           0.023            -0.046            -0.056             0.670*
 AN2SC           0.187*           -0.198*            0.043             0.475*
 AN3SC           0.038             0.060             0.047             0.631*
 AN4SC          -0.070             0.030             0.022             0.829*
 AN5SC           0.018            -0.047             0.107*            0.740*

           GEOMIN SIMPLICITY   0.74806


           TARGET FACTOR CORRELATIONS (* significant at 5% level)
               APCC              APSC              ANCC              ANSC
              __________        __________        __________        __________
 APCC            1.000
 APSC           -0.145             1.000
 ANCC           -0.260*            0.260*            1.000
 ANSC            0.237*           -0.257*            0.055             1.000


RESIDUAL OUTPUT


     ESTIMATED MODEL AND RESIDUALS (OBSERVED - ESTIMATED)


           Model Estimated Means
              AP1CC         AP2CC         AP3CC         AP4CC         AP5CC
              ________      ________      ________      ________      ________
                3.758         4.053         3.299         3.305         3.538


           Model Estimated Means
              AP1SC         AP2SC         AP3SC         AP4SC         AP5SC
              ________      ________      ________      ________      ________
                2.896         3.160         2.723         2.667         3.151


           Model Estimated Means
              AN1CC         AN2CC         AN3CC         AN4CC         AN5CC
              ________      ________      ________      ________      ________
                2.384         2.160         2.522         2.195         2.189


           Model Estimated Means
              AN1SC         AN2SC         AN3SC         AN4SC         AN5SC
              ________      ________      ________      ________      ________
                2.704         2.557         2.409         2.453         2.349


           Residuals for Means
              AP1CC         AP2CC         AP3CC         AP4CC         AP5CC
              ________      ________      ________      ________      ________
                0.000         0.000         0.000         0.000         0.000


           Residuals for Means
              AP1SC         AP2SC         AP3SC         AP4SC         AP5SC
              ________      ________      ________      ________      ________
                0.000         0.000         0.000         0.000         0.000


           Residuals for Means
              AN1CC         AN2CC         AN3CC         AN4CC         AN5CC
              ________      ________      ________      ________      ________
                0.000         0.000         0.000         0.000         0.000


           Residuals for Means
              AN1SC         AN2SC         AN3SC         AN4SC         AN5SC
              ________      ________      ________      ________      ________
                0.000         0.000         0.000         0.000         0.000


           Standardized Residuals (z-scores) for Means
              AP1CC         AP2CC         AP3CC         AP4CC         AP5CC
              ________      ________      ________      ________      ________
                0.000         0.000         0.000         0.000         0.000


           Standardized Residuals (z-scores) for Means
              AP1SC         AP2SC         AP3SC         AP4SC         AP5SC
              ________      ________      ________      ________      ________
                0.000         0.000         0.000         0.000         0.000


           Standardized Residuals (z-scores) for Means
              AN1CC         AN2CC         AN3CC         AN4CC         AN5CC
              ________      ________      ________      ________      ________
                0.000         0.000         0.000         0.000         0.000


           Standardized Residuals (z-scores) for Means
              AN1SC         AN2SC         AN3SC         AN4SC         AN5SC
              ________      ________      ________      ________      ________
                0.000         0.000         0.000         0.000         0.000


           Normalized Residuals for Means
              AP1CC         AP2CC         AP3CC         AP4CC         AP5CC
              ________      ________      ________      ________      ________
                0.000         0.000         0.000         0.000         0.000


           Normalized Residuals for Means
              AP1SC         AP2SC         AP3SC         AP4SC         AP5SC
              ________      ________      ________      ________      ________
                0.000         0.000         0.000         0.000         0.000


           Normalized Residuals for Means
              AN1CC         AN2CC         AN3CC         AN4CC         AN5CC
              ________      ________      ________      ________      ________
                0.000         0.000         0.000         0.000         0.000


           Normalized Residuals for Means
              AN1SC         AN2SC         AN3SC         AN4SC         AN5SC
              ________      ________      ________      ________      ________
                0.000         0.000         0.000         0.000         0.000


           Model Estimated Covariances
              AP1CC         AP2CC         AP3CC         AP4CC         AP5CC
              ________      ________      ________      ________      ________
 AP1CC          1.184
 AP2CC          0.039         1.139
 AP3CC          0.442         0.173         1.084
 AP4CC          0.465         0.192         0.714         1.243
 AP5CC          0.354         0.124         0.509         0.579         1.129
 AP1SC         -0.336         0.048        -0.256        -0.150        -0.110
 AP2SC         -0.036         0.136         0.021         0.154         0.112
 AP3SC         -0.203         0.012        -0.078        -0.066        -0.054
 AP4SC         -0.168         0.017        -0.138         0.026        -0.010
 AP5SC         -0.090         0.054        -0.059         0.063         0.104
 AN1CC         -0.322         0.211        -0.198        -0.189        -0.208
 AN2CC         -0.266         0.023        -0.240        -0.212        -0.214
 AN3CC         -0.311         0.235        -0.125        -0.096        -0.180
 AN4CC         -0.322         0.188        -0.175        -0.161        -0.222
 AN5CC         -0.294         0.143        -0.169        -0.158        -0.217
 AN1SC          0.216        -0.115         0.274         0.279         0.131
 AN2SC          0.261        -0.015         0.364         0.351         0.196
 AN3SC          0.120        -0.062         0.192         0.218         0.089
 AN4SC          0.121        -0.129         0.176         0.190         0.047
 AN5SC          0.141        -0.075         0.229         0.236         0.078


           Model Estimated Covariances
              AP1SC         AP2SC         AP3SC         AP4SC         AP5SC
              ________      ________      ________      ________      ________
 AP1SC          1.307
 AP2SC          0.418         1.462
 AP3SC          0.551         0.455         1.011
 AP4SC          0.547         0.480         0.575         1.052
 AP5SC          0.472         0.423         0.478         0.489         1.373
 AN1CC          0.304         0.085         0.218         0.199         0.117
 AN2CC          0.259         0.123         0.247         0.243         0.112
 AN3CC          0.295         0.110         0.238         0.236         0.096
 AN4CC          0.257         0.068         0.202         0.196         0.054
 AN5CC          0.211         0.049         0.174         0.171         0.022
 AN1SC         -0.353        -0.129        -0.225        -0.174        -0.289
 AN2SC         -0.397        -0.182        -0.308        -0.265        -0.312
 AN3SC         -0.177        -0.025        -0.076        -0.033        -0.153
 AN4SC         -0.265        -0.084        -0.134        -0.084        -0.251
 AN5SC         -0.291        -0.112        -0.176        -0.127        -0.273


           Model Estimated Covariances
              AN1CC         AN2CC         AN3CC         AN4CC         AN5CC
              ________      ________      ________      ________      ________
 AN1CC          1.740
 AN2CC          0.388         1.267
 AN3CC          0.769         0.484         1.589
 AN4CC          0.716         0.468         0.879         1.239
 AN5CC          0.632         0.441         0.798         0.758         1.235
 AN1SC         -0.188         0.018        -0.015         0.006         0.080
 AN2SC         -0.155         0.128        -0.002         0.003         0.051
 AN3SC         -0.056         0.096         0.082         0.123         0.169
 AN4SC         -0.096         0.135         0.128         0.135         0.219
 AN5SC         -0.049         0.120         0.174         0.184         0.242


           Model Estimated Covariances
              AN1SC         AN2SC         AN3SC         AN4SC         AN5SC
              ________      ________      ________      ________      ________
 AN1SC          1.586
 AN2SC          0.609         1.404
 AN3SC          0.576         0.450         1.166
 AN4SC          0.780         0.594         0.622         1.292
 AN5SC          0.747         0.600         0.595         0.803         1.315


           Model Estimated Correlations
              AP1CC         AP2CC         AP3CC         AP4CC         AP5CC
              ________      ________      ________      ________      ________
 AP1CC          1.000
 AP2CC          0.034         1.000
 AP3CC          0.391         0.155         1.000
 AP4CC          0.383         0.161         0.615         1.000
 AP5CC          0.307         0.109         0.460         0.489         1.000
 AP1SC         -0.271         0.039        -0.215        -0.118        -0.090
 AP2SC         -0.027         0.105         0.017         0.114         0.087
 AP3SC         -0.186         0.011        -0.074        -0.059        -0.051
 AP4SC         -0.150         0.016        -0.130         0.023        -0.009
 AP5SC         -0.071         0.043        -0.048         0.048         0.084
 AN1CC         -0.224         0.150        -0.144        -0.129        -0.149
 AN2CC         -0.217         0.019        -0.205        -0.169        -0.179
 AN3CC         -0.227         0.175        -0.096        -0.068        -0.134
 AN4CC         -0.266         0.159        -0.151        -0.130        -0.188
 AN5CC         -0.243         0.121        -0.146        -0.128        -0.184
 AN1SC          0.157        -0.086         0.209         0.198         0.098
 AN2SC          0.202        -0.012         0.295         0.266         0.156
 AN3SC          0.102        -0.054         0.171         0.181         0.077
 AN4SC          0.098        -0.106         0.148         0.150         0.039
 AN5SC          0.113        -0.062         0.192         0.185         0.064


           Model Estimated Correlations
              AP1SC         AP2SC         AP3SC         AP4SC         AP5SC
              ________      ________      ________      ________      ________
 AP1SC          1.000
 AP2SC          0.302         1.000
 AP3SC          0.479         0.374         1.000
 AP4SC          0.466         0.387         0.558         1.000
 AP5SC          0.352         0.299         0.406         0.407         1.000
 AN1CC          0.202         0.053         0.164         0.147         0.076
 AN2CC          0.201         0.090         0.218         0.211         0.085
 AN3CC          0.205         0.072         0.187         0.182         0.065
 AN4CC          0.202         0.050         0.181         0.172         0.042
 AN5CC          0.166         0.037         0.155         0.150         0.017
 AN1SC         -0.246        -0.085        -0.178        -0.135        -0.196
 AN2SC         -0.293        -0.127        -0.259        -0.218        -0.225
 AN3SC         -0.143        -0.019        -0.070        -0.030        -0.121
 AN4SC         -0.204        -0.061        -0.117        -0.072        -0.188
 AN5SC         -0.222        -0.081        -0.153        -0.108        -0.203


           Model Estimated Correlations
              AN1CC         AN2CC         AN3CC         AN4CC         AN5CC
              ________      ________      ________      ________      ________
 AN1CC          1.000
 AN2CC          0.261         1.000
 AN3CC          0.463         0.341         1.000
 AN4CC          0.488         0.373         0.627         1.000
 AN5CC          0.431         0.353         0.570         0.613         1.000
 AN1SC         -0.113         0.013        -0.010         0.004         0.057
 AN2SC         -0.099         0.096        -0.001         0.002         0.039
 AN3SC         -0.039         0.079         0.060         0.102         0.141
 AN4SC         -0.064         0.105         0.089         0.107         0.173
 AN5SC         -0.032         0.093         0.120         0.144         0.190


           Model Estimated Correlations
              AN1SC         AN2SC         AN3SC         AN4SC         AN5SC
              ________      ________      ________      ________      ________
 AN1SC          1.000
 AN2SC          0.408         1.000
 AN3SC          0.424         0.351         1.000
 AN4SC          0.545         0.441         0.507         1.000
 AN5SC          0.517         0.442         0.481         0.616         1.000


           Model Estimated Partial Correlations
              AP1CC         AP2CC         AP3CC         AP4CC         AP5CC
              ________      ________      ________      ________      ________
 AP1CC          1.000
 AP2CC          0.015         1.000
 AP3CC          0.132         0.100         1.000
 AP4CC          0.148         0.091         0.420         1.000
 AP5CC          0.075         0.040         0.200         0.238         1.000
 AP1SC         -0.114        -0.003        -0.071         0.023         0.011
 AP2SC          0.018         0.089        -0.013         0.079         0.040
 AP3SC         -0.041        -0.054         0.145        -0.069        -0.033
 AP4SC         -0.004        -0.033        -0.113         0.125         0.022
 AP5SC          0.010        -0.003        -0.028         0.060         0.090
 AN1CC         -0.033         0.056        -0.001        -0.006        -0.016
 AN2CC         -0.039        -0.003        -0.093        -0.068        -0.041
 AN3CC         -0.040         0.078         0.024         0.034        -0.011
 AN4CC         -0.064         0.081        -0.013        -0.015        -0.040
 AN5CC         -0.051         0.049        -0.027        -0.028        -0.039
 AN1SC          0.018        -0.044         0.031         0.034         0.005
 AN2SC          0.034        -0.002         0.112         0.089         0.035
 AN3SC          0.010        -0.027         0.023         0.044         0.007
 AN4SC          0.003        -0.076        -0.014         0.007        -0.021
 AN5SC          0.010        -0.041         0.034         0.039        -0.002


           Model Estimated Partial Correlations
              AP1SC         AP2SC         AP3SC         AP4SC         AP5SC
              ________      ________      ________      ________      ________
 AP1SC          1.000
 AP2SC          0.096         1.000
 AP3SC          0.196         0.159         1.000
 AP4SC          0.184         0.165         0.324         1.000
 AP5SC          0.104         0.092         0.164         0.163         1.000
 AN1CC          0.024        -0.012         0.006         0.001         0.002
 AN2CC          0.047         0.022         0.091         0.069         0.025
 AN3CC          0.036        -0.004         0.020         0.024         0.003
 AN4CC          0.032        -0.019         0.020         0.014        -0.012
 AN5CC          0.021        -0.014         0.021         0.014        -0.012
 AN1SC         -0.043         0.000        -0.025        -0.005        -0.034
 AN2SC         -0.065        -0.027        -0.102        -0.068        -0.050
 AN3SC         -0.012         0.017         0.014         0.031        -0.011
 AN4SC         -0.043         0.013         0.017         0.035        -0.042
 AN5SC         -0.048        -0.003        -0.027        -0.003        -0.045


           Model Estimated Partial Correlations
              AN1CC         AN2CC         AN3CC         AN4CC         AN5CC
              ________      ________      ________      ________      ________
 AN1CC          1.000
 AN2CC          0.049         1.000
 AN3CC          0.168         0.082         1.000
 AN4CC          0.199         0.104         0.333         1.000
 AN5CC          0.139         0.080         0.241         0.295         1.000
 AN1SC         -0.031        -0.005        -0.017        -0.010         0.011
 AN2SC         -0.028         0.193        -0.003        -0.003         0.005
 AN3SC         -0.017         0.014        -0.033         0.044         0.047
 AN4SC         -0.055         0.025         0.023         0.006         0.068
 AN5SC         -0.028         0.013         0.041         0.063         0.068


           Model Estimated Partial Correlations
              AN1SC         AN2SC         AN3SC         AN4SC         AN5SC
              ________      ________      ________      ________      ________
 AN1SC          1.000
 AN2SC          0.099         1.000
 AN3SC          0.126         0.076         1.000
 AN4SC          0.252         0.146         0.218         1.000
 AN5SC          0.192         0.124         0.168         0.329         1.000


           Residuals for Covariances
              AP1CC         AP2CC         AP3CC         AP4CC         AP5CC
              ________      ________      ________      ________      ________
 AP1CC          0.000
 AP2CC         -0.014         0.000
 AP3CC          0.026         0.003         0.000
 AP4CC         -0.020        -0.035         0.010         0.000
 AP5CC          0.027         0.074        -0.034         0.011         0.000
 AP1SC          0.000         0.058        -0.008         0.009        -0.048
 AP2SC         -0.010         0.000         0.041        -0.024        -0.013
 AP3SC          0.051         0.028         0.000        -0.010         0.002
 AP4SC         -0.013         0.004        -0.004         0.000         0.019
 AP5SC         -0.062        -0.084        -0.015         0.017         0.000
 AN1CC         -0.035         0.095         0.027        -0.053         0.037
 AN2CC          0.025        -0.044         0.069        -0.010        -0.042
 AN3CC          0.022        -0.055        -0.002         0.009        -0.038
 AN4CC         -0.021        -0.007        -0.015        -0.008         0.054
 AN5CC          0.025         0.029         0.002         0.031        -0.060
 AN1SC          0.062         0.011         0.012        -0.044         0.031
 AN2SC          0.000         0.089         0.048        -0.027        -0.043
 AN3SC         -0.005         0.018        -0.047         0.028         0.053
 AN4SC         -0.062        -0.021         0.010         0.008        -0.017
 AN5SC          0.031        -0.009        -0.015        -0.003         0.004


           Residuals for Covariances
              AP1SC         AP2SC         AP3SC         AP4SC         AP5SC
              ________      ________      ________      ________      ________
 AP1SC          0.000
 AP2SC          0.093         0.000
 AP3SC         -0.032         0.033         0.000
 AP4SC         -0.009        -0.074         0.021         0.000
 AP5SC          0.003         0.037        -0.043         0.033         0.000
 AN1CC          0.019         0.093        -0.008        -0.015        -0.024
 AN2CC          0.060        -0.023         0.083        -0.042        -0.077
 AN3CC          0.023         0.014        -0.027        -0.021         0.071
 AN4CC         -0.042        -0.036         0.000         0.013         0.042
 AN5CC         -0.009        -0.014         0.020         0.018        -0.085
 AN1SC         -0.061         0.042         0.024         0.000        -0.015
 AN2SC          0.014        -0.033         0.028         0.020        -0.005
 AN3SC         -0.011        -0.060        -0.021         0.069        -0.104
 AN4SC          0.025         0.015        -0.020        -0.004         0.016
 AN5SC          0.019         0.047        -0.001        -0.043         0.044


           Residuals for Covariances
              AN1CC         AN2CC         AN3CC         AN4CC         AN5CC
              ________      ________      ________      ________      ________
 AN1CC          0.000
 AN2CC          0.092         0.000
 AN3CC          0.012        -0.077         0.000
 AN4CC         -0.039        -0.034         0.041         0.000
 AN5CC         -0.006         0.091        -0.029        -0.005         0.000
 AN1SC          0.000         0.083         0.025        -0.002        -0.028
 AN2SC          0.033         0.000        -0.068        -0.008         0.035
 AN3SC          0.035        -0.058         0.000        -0.014         0.021
 AN4SC         -0.006        -0.019         0.010         0.000        -0.018
 AN5SC         -0.003         0.003         0.003         0.009         0.000


           Residuals for Covariances
              AN1SC         AN2SC         AN3SC         AN4SC         AN5SC
              ________      ________      ________      ________      ________
 AN1SC          0.000
 AN2SC          0.053         0.000
 AN3SC          0.048        -0.051         0.000
 AN4SC         -0.033        -0.019         0.023         0.000
 AN5SC         -0.012         0.042        -0.049         0.020         0.000


           Residuals for Correlations
              AP1CC         AP2CC         AP3CC         AP4CC         AP5CC
              ________      ________      ________      ________      ________
 AP1CC          0.000
 AP2CC         -0.012         0.000
 AP3CC          0.023         0.003         0.000
 AP4CC         -0.016        -0.030         0.008         0.000
 AP5CC          0.024         0.065        -0.031         0.010         0.000
 AP1SC          0.000         0.048        -0.007         0.007        -0.040
 AP2SC         -0.008         0.000         0.032        -0.018        -0.010
 AP3SC          0.047         0.026         0.000        -0.009         0.002
 AP4SC         -0.012         0.003        -0.004         0.000         0.018
 AP5SC         -0.049        -0.067        -0.012         0.013         0.000
 AN1CC         -0.025         0.068         0.020        -0.036         0.026
 AN2CC          0.020        -0.037         0.059        -0.008        -0.035
 AN3CC          0.016        -0.041        -0.002         0.007        -0.028
 AN4CC         -0.017        -0.006        -0.013        -0.006         0.046
 AN5CC          0.021         0.025         0.002         0.025        -0.051
 AN1SC          0.045         0.009         0.009        -0.031         0.024
 AN2SC          0.000         0.070         0.039        -0.020        -0.034
 AN3SC         -0.004         0.016        -0.042         0.023         0.046
 AN4SC         -0.050        -0.018         0.008         0.006        -0.014
 AN5SC          0.025        -0.008        -0.013        -0.002         0.004


           Residuals for Correlations
              AP1SC         AP2SC         AP3SC         AP4SC         AP5SC
              ________      ________      ________      ________      ________
 AP1SC          0.000
 AP2SC          0.067         0.000
 AP3SC         -0.028         0.027         0.000
 AP4SC         -0.007        -0.060         0.020         0.000
 AP5SC          0.002         0.026        -0.037         0.027         0.000
 AN1CC          0.013         0.058        -0.006        -0.011        -0.015
 AN2CC          0.046        -0.017         0.074        -0.037        -0.058
 AN3CC          0.016         0.009        -0.021        -0.016         0.048
 AN4CC         -0.033        -0.027         0.000         0.012         0.032
 AN5CC         -0.007        -0.010         0.018         0.015        -0.066
 AN1SC         -0.042         0.027         0.019         0.000        -0.010
 AN2SC          0.010        -0.023         0.024         0.016        -0.003
 AN3SC         -0.009        -0.046        -0.020         0.062        -0.082
 AN4SC          0.020         0.011        -0.018        -0.004         0.012
 AN5SC          0.015         0.034        -0.001        -0.036         0.033


           Residuals for Correlations
              AN1CC         AN2CC         AN3CC         AN4CC         AN5CC
              ________      ________      ________      ________      ________
 AN1CC          0.000
 AN2CC          0.062         0.000
 AN3CC          0.007        -0.054         0.000
 AN4CC         -0.027        -0.027         0.029         0.000
 AN5CC         -0.004         0.073        -0.021        -0.004         0.000
 AN1SC          0.000         0.058         0.016        -0.001        -0.020
 AN2SC          0.021         0.000        -0.046        -0.006         0.027
 AN3SC          0.024        -0.048         0.000        -0.011         0.017
 AN4SC         -0.004        -0.015         0.007         0.000        -0.014
 AN5SC         -0.002         0.002         0.002         0.007         0.000


           Residuals for Correlations
              AN1SC         AN2SC         AN3SC         AN4SC         AN5SC
              ________      ________      ________      ________      ________
 AN1SC          0.000
 AN2SC          0.035         0.000
 AN3SC          0.035        -0.040         0.000
 AN4SC         -0.023        -0.014         0.019         0.000
 AN5SC         -0.008         0.031        -0.040         0.015         0.000


           Residuals for Partial Correlations
              AP1CC         AP2CC         AP3CC         AP4CC         AP5CC
              ________      ________      ________      ________      ________
 AP1CC          0.000
 AP2CC         -0.020         0.000
 AP3CC          0.032        -0.011         0.000
 AP4CC         -0.046        -0.061         0.046         0.000
 AP5CC          0.046         0.106        -0.078         0.037         0.000
 AP1SC          0.014         0.085        -0.018         0.018        -0.062
 AP2SC         -0.009        -0.009         0.060        -0.028        -0.018
 AP3SC          0.071         0.051        -0.015        -0.032         0.023
 AP4SC         -0.018         0.005        -0.003        -0.019         0.021
 AP5SC         -0.071        -0.095        -0.008         0.032         0.005
 AN1CC         -0.048         0.086         0.052        -0.100         0.057
 AN2CC          0.016        -0.103         0.076         0.009        -0.013
 AN3CC          0.060        -0.069         0.013         0.032        -0.084
 AN4CC         -0.059        -0.006        -0.031        -0.044         0.127
 AN5CC          0.040         0.053        -0.026         0.097        -0.114
 AN1SC          0.061         0.012         0.006        -0.088         0.039
 AN2SC         -0.012         0.119         0.067        -0.047        -0.065
 AN3SC         -0.005         0.007        -0.089         0.063         0.073
 AN4SC         -0.116        -0.030         0.062         0.008        -0.027
 AN5SC          0.068        -0.021        -0.064         0.003         0.018


           Residuals for Partial Correlations
              AP1SC         AP2SC         AP3SC         AP4SC         AP5SC
              ________      ________      ________      ________      ________
 AP1SC          0.000
 AP2SC          0.107         0.000
 AP3SC         -0.079         0.053         0.000
 AP4SC          0.003        -0.125         0.070         0.000
 AP5SC         -0.007         0.044        -0.072         0.077         0.000
 AN1CC         -0.010         0.089        -0.047        -0.007        -0.011
 AN2CC          0.103        -0.053         0.116        -0.092        -0.064
 AN3CC          0.058         0.001        -0.041        -0.048         0.084
 AN4CC         -0.086        -0.054         0.017         0.030         0.058
 AN5CC         -0.037         0.002         0.020         0.051        -0.111
 AN1SC         -0.092         0.069         0.016         0.007        -0.002
 AN2SC          0.008        -0.056        -0.001         0.064         0.029
 AN3SC          0.006        -0.063        -0.027         0.129        -0.145
 AN4SC          0.034         0.023        -0.051        -0.012         0.019
 AN5SC          0.036         0.061         0.016        -0.100         0.067


           Residuals for Partial Correlations
              AN1CC         AN2CC         AN3CC         AN4CC         AN5CC
              ________      ________      ________      ________      ________
 AN1CC          0.000
 AN2CC          0.105         0.000
 AN3CC          0.041        -0.109         0.000
 AN4CC         -0.081        -0.040         0.094         0.000
 AN5CC         -0.024         0.129        -0.044        -0.002         0.000
 AN1SC         -0.027         0.111         0.071        -0.008        -0.066
 AN2SC          0.016        -0.026        -0.086         0.004         0.024
 AN3SC          0.062        -0.077         0.005        -0.035         0.035
 AN4SC         -0.015        -0.015         0.021        -0.002        -0.044
 AN5SC          0.000        -0.014        -0.011         0.026         0.010


           Residuals for Partial Correlations
              AN1SC         AN2SC         AN3SC         AN4SC         AN5SC
              ________      ________      ________      ________      ________
 AN1SC          0.000
 AN2SC          0.055         0.000
 AN3SC          0.084        -0.064         0.000
 AN4SC         -0.069        -0.032         0.055         0.000
 AN5SC         -0.029         0.078        -0.079         0.052         0.000


           Standardized Residuals (z-scores) for Covariances
              AP1CC         AP2CC         AP3CC         AP4CC         AP5CC
              ________      ________      ________      ________      ________
 AP1CC          0.000
 AP2CC         -0.285         0.000
 AP3CC          1.013         0.097         0.000
 AP4CC         -1.494        -1.296         3.967         0.000
 AP5CC          0.869         1.396        -1.589       999.000         0.000
 AP1SC          0.000         1.429        -0.310         0.692        -1.443
 AP2SC         -0.292        -0.011         1.762        -0.772        -0.252
 AP3SC          1.667         0.670        -0.031       999.000         0.069
 AP4SC         -0.459         0.097        -0.279       999.000         1.225
 AP5SC         -1.466        -1.702        -0.565       999.000         0.000
 AN1CC         -0.714         2.313         0.924        -2.400         0.819
 AN2CC          0.446        -0.747         2.685        -0.742        -1.034
 AN3CC          0.700        -1.253        -0.155         0.667        -1.550
 AN4CC        999.000        -0.314       999.000        -0.501         1.911
 AN5CC          0.620         0.826       999.000         3.124        -2.362
 AN1SC          1.575         0.241         0.423        -1.584         0.933
 AN2SC         -0.002         1.700         1.723        -0.969        -1.072
 AN3SC         -0.150         0.424        -3.065       999.000         1.488
 AN4SC         -3.294        -0.697       999.000         0.350        -0.731
 AN5SC          1.443        -0.287        -1.463        -0.146         0.143


           Standardized Residuals (z-scores) for Covariances
              AP1SC         AP2SC         AP3SC         AP4SC         AP5SC
              ________      ________      ________      ________      ________
 AP1SC        999.000
 AP2SC          3.121       999.000
 AP3SC         -1.040         2.267        -0.038
 AP4SC         -0.307        -1.991       999.000       999.000
 AP5SC          0.076         0.782        -1.020         1.945         0.000
 AN1CC          0.448         1.938        -0.277        -0.744        -0.512
 AN2CC          1.240        -0.404         3.195        -1.341        -1.449
 AN3CC          1.228         0.344        -0.930        -0.742         2.937
 AN4CC         -1.780        -1.172        -0.057       999.000         1.447
 AN5CC         -0.530        -0.444         2.164         0.914        -2.246
 AN1SC         -1.526         0.842         0.881        -0.003        -0.797
 AN2SC          0.334        -0.624         0.877         2.595        -0.097
 AN3SC         -0.433        -1.329        -0.842         3.596        -3.063
 AN4SC          2.172         0.516        -1.691        -0.178         0.616
 AN5SC        999.000         1.299        -0.090        -2.806         1.130


           Standardized Residuals (z-scores) for Covariances
              AN1CC         AN2CC         AN3CC         AN4CC         AN5CC
              ________      ________      ________      ________      ________
 AN1CC          0.000
 AN2CC          2.129       999.000
 AN3CC          0.306        -1.810       999.000
 AN4CC         -1.179        -1.043       999.000       999.000
 AN5CC         -0.166         3.008        -0.745        -0.235       999.000
 AN1SC         -0.094         1.727         2.594        -0.088        -1.665
 AN2SC          0.655       999.000        -2.007        -0.282         2.057
 AN3SC          0.732        -1.324       999.000        -0.736         0.578
 AN4SC         -0.262        -0.660         1.535       999.000        -0.856
 AN5SC         -0.153         0.118         0.100         0.394       999.000


           Standardized Residuals (z-scores) for Covariances
              AN1SC         AN2SC         AN3SC         AN4SC         AN5SC
              ________      ________      ________      ________      ________
 AN1SC          0.000
 AN2SC          1.205         0.000
 AN3SC          2.117        -1.214         0.000
 AN4SC         -1.097        -0.697         0.702         0.000
 AN5SC         -0.470         1.214        -1.089        16.185         0.000


           Normalized Residuals for Covariances
              AP1CC         AP2CC         AP3CC         AP4CC         AP5CC
              ________      ________      ________      ________      ________
 AP1CC          0.000
 AP2CC         -0.195         0.000
 AP3CC          0.334         0.043         0.000
 AP4CC         -0.249        -0.470         0.115         0.000
 AP5CC          0.368         0.889        -0.458         0.151         0.000
 AP1SC          0.000         0.780        -0.114         0.106        -0.617
 AP2SC         -0.137         0.000         0.516        -0.286        -0.157
 AP3SC          0.733         0.367         0.000        -0.124         0.025
 AP4SC         -0.187         0.051        -0.053         0.000         0.247
 AP5SC         -0.810        -1.068        -0.184         0.198         0.000
 AN1CC         -0.370         1.251         0.317        -0.608         0.407
 AN2CC          0.308        -0.547         0.865        -0.118        -0.530
 AN3CC          0.254        -0.687        -0.027         0.102        -0.438
 AN4CC         -0.268        -0.103        -0.207        -0.104         0.696
 AN5CC          0.292         0.411         0.029         0.371        -0.742
 AN1SC          0.773         0.131         0.153        -0.515         0.365
 AN2SC         -0.001         1.141         0.632        -0.329        -0.536
 AN3SC         -0.076         0.251        -0.679         0.383         0.719
 AN4SC         -0.878        -0.257         0.132         0.104        -0.211
 AN5SC          0.453        -0.114        -0.204        -0.039         0.056


           Normalized Residuals for Covariances
              AP1SC         AP2SC         AP3SC         AP4SC         AP5SC
              ________      ________      ________      ________      ________
 AP1SC          0.000
 AP2SC          1.057         0.000
 AP3SC         -0.422         0.407         0.000
 AP4SC         -0.114        -0.927         0.279         0.000
 AP5SC          0.038         0.399        -0.528         0.413         0.000
 AN1CC          0.200         0.942        -0.101        -0.179        -0.251
 AN2CC          0.693        -0.268         1.109        -0.553        -0.961
 AN3CC          0.256         0.144        -0.328        -0.245         0.788
 AN4CC         -0.506        -0.425        -0.007         0.186         0.517
 AN5CC         -0.107        -0.169         0.275         0.224        -1.062
 AN1SC         -0.632         0.403         0.272        -0.001        -0.156
 AN2SC          0.167        -0.349         0.341         0.252        -0.050
 AN3SC         -0.140        -0.699        -0.288         0.875        -1.211
 AN4SC          0.311         0.163        -0.262        -0.054         0.173
 AN5SC          0.231         0.495        -0.009        -0.531         0.469


           Normalized Residuals for Covariances
              AN1CC         AN2CC         AN3CC         AN4CC         AN5CC
              ________      ________      ________      ________      ________
 AN1CC          0.000
 AN2CC          1.047         0.000
 AN3CC          0.107        -0.865         0.000
 AN4CC         -0.392        -0.434         0.439         0.000
 AN5CC         -0.063         1.097        -0.300        -0.062         0.000
 AN1SC          0.000         0.921         0.257        -0.022        -0.339
 AN2SC          0.364         0.000        -0.769        -0.096         0.463
 AN3SC          0.386        -0.815         0.000        -0.193         0.283
 AN4SC         -0.066        -0.248         0.117         0.000        -0.245
 AN5SC         -0.036         0.041         0.032         0.117         0.000


           Normalized Residuals for Covariances
              AN1SC         AN2SC         AN3SC         AN4SC         AN5SC
              ________      ________      ________      ________      ________
 AN1SC          0.000
 AN2SC          0.566         0.000
 AN3SC          0.563        -0.641         0.000
 AN4SC         -0.368        -0.223         0.267         0.000
 AN5SC         -0.128         0.475        -0.578         0.223         0.000


MODEL MODIFICATION INDICES

NOTE:  Modification indices for direct effects of observed dependent variables
regressed on covariates may not be included.  To include these, request
MODINDICES (ALL).

Minimum M.I. value for printing the modification index    10.000

                                   M.I.     E.P.C.  Std E.P.C.  StdYX E.P.C.

No modification indices above the minimum value.



TECHNICAL 1 OUTPUT


     TECHNICAL 1 OUTPUT FOR THE UNROTATED SOLUTION


     PARAMETER SPECIFICATION


           NU
              AP1CC         AP2CC         AP3CC         AP4CC         AP5CC
              ________      ________      ________      ________      ________
                  1             2             3             4             5


           NU
              AP1SC         AP2SC         AP3SC         AP4SC         AP5SC
              ________      ________      ________      ________      ________
                  6             7             8             9            10


           NU
              AN1CC         AN2CC         AN3CC         AN4CC         AN5CC
              ________      ________      ________      ________      ________
                 11            12            13            14            15


           NU
              AN1SC         AN2SC         AN3SC         AN4SC         AN5SC
              ________      ________      ________      ________      ________
                 16            17            18            19            20


           LAMBDA
              APCC          APSC          ANCC          ANSC
              ________      ________      ________      ________
 AP1CC             21             0             0             0
 AP2CC             22            23             0             0
 AP3CC             24            25            26             0
 AP4CC             27            28            29            30
 AP5CC             31            32            33            34
 AP1SC             35            36            37            38
 AP2SC             39            40            41            42
 AP3SC             43            44            45            46
 AP4SC             47            48            49            50
 AP5SC             51            52            53            54
 AN1CC             55            56            57            58
 AN2CC             59            60            61            62
 AN3CC             63            64            65            66
 AN4CC             67            68            69            70
 AN5CC             71            72            73            74
 AN1SC             75            76            77            78
 AN2SC             79            80            81            82
 AN3SC             83            84            85            86
 AN4SC             87            88            89            90
 AN5SC             91            92            93            94


           THETA
              AP1CC         AP2CC         AP3CC         AP4CC         AP5CC
              ________      ________      ________      ________      ________
 AP1CC             95
 AP2CC              0            96
 AP3CC              0             0            97
 AP4CC              0             0             0            98
 AP5CC              0             0             0             0            99
 AP1SC            100             0             0             0             0
 AP2SC              0           102             0             0             0
 AP3SC              0             0           104             0             0
 AP4SC              0             0             0           106             0
 AP5SC              0             0             0             0           108
 AN1CC              0             0             0             0             0
 AN2CC              0             0             0             0             0
 AN3CC              0             0             0             0             0
 AN4CC              0             0             0             0             0
 AN5CC              0             0             0             0             0
 AN1SC              0             0             0             0             0
 AN2SC              0             0             0             0             0
 AN3SC              0             0             0             0             0
 AN4SC              0             0             0             0             0
 AN5SC              0             0             0             0             0


           THETA
              AP1SC         AP2SC         AP3SC         AP4SC         AP5SC
              ________      ________      ________      ________      ________
 AP1SC            101
 AP2SC              0           103
 AP3SC              0             0           105
 AP4SC              0             0             0           107
 AP5SC              0             0             0             0           109
 AN1CC              0             0             0             0             0
 AN2CC              0             0             0             0             0
 AN3CC              0             0             0             0             0
 AN4CC              0             0             0             0             0
 AN5CC              0             0             0             0             0
 AN1SC              0             0             0             0             0
 AN2SC              0             0             0             0             0
 AN3SC              0             0             0             0             0
 AN4SC              0             0             0             0             0
 AN5SC              0             0             0             0             0


           THETA
              AN1CC         AN2CC         AN3CC         AN4CC         AN5CC
              ________      ________      ________      ________      ________
 AN1CC            110
 AN2CC              0           111
 AN3CC              0             0           112
 AN4CC              0             0             0           113
 AN5CC              0             0             0             0           114
 AN1SC            115             0             0             0             0
 AN2SC              0           117             0             0             0
 AN3SC              0             0           119             0             0
 AN4SC              0             0             0           121             0
 AN5SC              0             0             0             0           123


           THETA
              AN1SC         AN2SC         AN3SC         AN4SC         AN5SC
              ________      ________      ________      ________      ________
 AN1SC            116
 AN2SC              0           118
 AN3SC              0             0           120
 AN4SC              0             0             0           122
 AN5SC              0             0             0             0           124


           ALPHA
              APCC          APSC          ANCC          ANSC
              ________      ________      ________      ________
                  0             0             0             0


           BETA
              APCC          APSC          ANCC          ANSC
              ________      ________      ________      ________
 APCC               0             0             0             0
 APSC               0             0             0             0
 ANCC               0             0             0             0
 ANSC               0             0             0             0


           PSI
              APCC          APSC          ANCC          ANSC
              ________      ________      ________      ________
 APCC               0
 APSC               0             0
 ANCC               0             0             0
 ANSC               0             0             0             0


     STARTING VALUES


           NU
              AP1CC         AP2CC         AP3CC         AP4CC         AP5CC
              ________      ________      ________      ________      ________
                3.758         4.053         3.299         3.305         3.538


           NU
              AP1SC         AP2SC         AP3SC         AP4SC         AP5SC
              ________      ________      ________      ________      ________
                2.896         3.160         2.723         2.667         3.151


           NU
              AN1CC         AN2CC         AN3CC         AN4CC         AN5CC
              ________      ________      ________      ________      ________
                2.384         2.160         2.522         2.195         2.189


           NU
              AN1SC         AN2SC         AN3SC         AN4SC         AN5SC
              ________      ________      ________      ________      ________
                2.704         2.557         2.409         2.453         2.349


           LAMBDA
              APCC          APSC          ANCC          ANSC
              ________      ________      ________      ________
 AP1CC          0.612         0.000         0.000         0.000
 AP2CC          0.077         0.432         0.000         0.000
 AP3CC          0.738         0.272         0.186         0.000
 AP4CC          0.767         0.313         0.308         0.123
 AP5CC          0.597         0.200         0.117         0.173
 AP1SC         -0.474         0.191         0.238         0.520
 AP2SC         -0.083         0.144         0.354         0.518
 AP3SC         -0.327         0.145         0.367         0.529
 AP4SC         -0.303         0.114         0.440         0.553
 AP5SC         -0.175         0.171         0.210         0.601
 AN1CC         -0.526         0.580         0.174        -0.181
 AN2CC         -0.435         0.137         0.348        -0.111
 AN3CC         -0.511         0.638         0.409        -0.318
 AN4CC         -0.525         0.539         0.373        -0.348
 AN5CC         -0.480         0.420         0.406        -0.368
 AN1SC          0.364        -0.320         0.537        -0.483
 AN2SC          0.434        -0.110         0.355        -0.485
 AN3SC          0.199        -0.186         0.526        -0.335
 AN4SC          0.195        -0.340         0.667        -0.498
 AN5SC          0.237        -0.212         0.611        -0.549


           THETA
              AP1CC         AP2CC         AP3CC         AP4CC         AP5CC
              ________      ________      ________      ________      ________
 AP1CC          0.809
 AP2CC          0.000         0.946
 AP3CC          0.000         0.000         0.430
 AP4CC          0.000         0.000         0.000         0.447
 AP5CC          0.000         0.000         0.000         0.000         0.689
 AP1SC          0.000         0.000         0.000         0.000         0.000
 AP2SC          0.000         0.000         0.000         0.000         0.000
 AP3SC          0.000         0.000         0.000         0.000         0.000
 AP4SC          0.000         0.000         0.000         0.000         0.000
 AP5SC          0.000         0.000         0.000         0.000         0.000
 AN1CC          0.000         0.000         0.000         0.000         0.000
 AN2CC          0.000         0.000         0.000         0.000         0.000
 AN3CC          0.000         0.000         0.000         0.000         0.000
 AN4CC          0.000         0.000         0.000         0.000         0.000
 AN5CC          0.000         0.000         0.000         0.000         0.000
 AN1SC          0.000         0.000         0.000         0.000         0.000
 AN2SC          0.000         0.000         0.000         0.000         0.000
 AN3SC          0.000         0.000         0.000         0.000         0.000
 AN4SC          0.000         0.000         0.000         0.000         0.000
 AN5SC          0.000         0.000         0.000         0.000         0.000


           THETA
              AP1SC         AP2SC         AP3SC         AP4SC         AP5SC
              ________      ________      ________      ________      ________
 AP1SC          0.719
 AP2SC          0.000         1.040
 AP3SC          0.000         0.000         0.468
 AP4SC          0.000         0.000         0.000         0.448
 AP5SC          0.000         0.000         0.000         0.000         0.908
 AN1CC          0.000         0.000         0.000         0.000         0.000
 AN2CC          0.000         0.000         0.000         0.000         0.000
 AN3CC          0.000         0.000         0.000         0.000         0.000
 AN4CC          0.000         0.000         0.000         0.000         0.000
 AN5CC          0.000         0.000         0.000         0.000         0.000
 AN1SC          0.000         0.000         0.000         0.000         0.000
 AN2SC          0.000         0.000         0.000         0.000         0.000
 AN3SC          0.000         0.000         0.000         0.000         0.000
 AN4SC          0.000         0.000         0.000         0.000         0.000
 AN5SC          0.000         0.000         0.000         0.000         0.000


           THETA
              AN1CC         AN2CC         AN3CC         AN4CC         AN5CC
              ________      ________      ________      ________      ________
 AN1CC          1.064
 AN2CC          0.000         0.925
 AN3CC          0.000         0.000         0.652
 AN4CC          0.000         0.000         0.000         0.413
 AN5CC          0.000         0.000         0.000         0.000         0.528
 AN1SC          0.000         0.000         0.000         0.000         0.000
 AN2SC          0.000         0.000         0.000         0.000         0.000
 AN3SC          0.000         0.000         0.000         0.000         0.000
 AN4SC          0.000         0.000         0.000         0.000         0.000
 AN5SC          0.000         0.000         0.000         0.000         0.000


           THETA
              AN1SC         AN2SC         AN3SC         AN4SC         AN5SC
              ________      ________      ________      ________      ________
 AN1SC          0.829
 AN2SC          0.000         0.843
 AN3SC          0.000         0.000         0.703
 AN4SC          0.000         0.000         0.000         0.446
 AN5SC          0.000         0.000         0.000         0.000         0.540


           ALPHA
              APCC          APSC          ANCC          ANSC
              ________      ________      ________      ________
                0.000         0.000         0.000         0.000


           BETA
              APCC          APSC          ANCC          ANSC
              ________      ________      ________      ________
 APCC           0.000         0.000         0.000         0.000
 APSC           0.000         0.000         0.000         0.000
 ANCC           0.000         0.000         0.000         0.000
 ANSC           0.000         0.000         0.000         0.000


           PSI
              APCC          APSC          ANCC          ANSC
              ________      ________      ________      ________
 APCC           1.000
 APSC           0.000         1.000
 ANCC           0.000         0.000         1.000
 ANSC           0.000         0.000         0.000         1.000


     TECHNICAL 1 OUTPUT FOR THE ROTATED SOLUTION


     PARAMETER SPECIFICATION


           NU
              AP1CC         AP2CC         AP3CC         AP4CC         AP5CC
              ________      ________      ________      ________      ________
                  1             2             3             4             5


           NU
              AP1SC         AP2SC         AP3SC         AP4SC         AP5SC
              ________      ________      ________      ________      ________
                  6             7             8             9            10


           NU
              AN1CC         AN2CC         AN3CC         AN4CC         AN5CC
              ________      ________      ________      ________      ________
                 11            12            13            14            15


           NU
              AN1SC         AN2SC         AN3SC         AN4SC         AN5SC
              ________      ________      ________      ________      ________
                 16            17            18            19            20


           LAMBDA
              APCC          APSC          ANCC          ANSC
              ________      ________      ________      ________
 AP1CC             21            22            23            24
 AP2CC             25            26            27            28
 AP3CC             29            30            31            32
 AP4CC             33            34            35            36
 AP5CC             37            38            39            40
 AP1SC             41            42            43            44
 AP2SC             45            46            47            48
 AP3SC             49            50            51            52
 AP4SC             53            54            55            56
 AP5SC             57            58            59            60
 AN1CC             61            62            63            64
 AN2CC             65            66            67            68
 AN3CC             69            70            71            72
 AN4CC             73            74            75            76
 AN5CC             77            78            79            80
 AN1SC             81            82            83            84
 AN2SC             85            86            87            88
 AN3SC             89            90            91            92
 AN4SC             93            94            95            96
 AN5SC             97            98            99           100


           THETA
              AP1CC         AP2CC         AP3CC         AP4CC         AP5CC
              ________      ________      ________      ________      ________
 AP1CC            101
 AP2CC              0           102
 AP3CC              0             0           103
 AP4CC              0             0             0           104
 AP5CC              0             0             0             0           105
 AP1SC            106             0             0             0             0
 AP2SC              0           108             0             0             0
 AP3SC              0             0           110             0             0
 AP4SC              0             0             0           112             0
 AP5SC              0             0             0             0           114
 AN1CC              0             0             0             0             0
 AN2CC              0             0             0             0             0
 AN3CC              0             0             0             0             0
 AN4CC              0             0             0             0             0
 AN5CC              0             0             0             0             0
 AN1SC              0             0             0             0             0
 AN2SC              0             0             0             0             0
 AN3SC              0             0             0             0             0
 AN4SC              0             0             0             0             0
 AN5SC              0             0             0             0             0


           THETA
              AP1SC         AP2SC         AP3SC         AP4SC         AP5SC
              ________      ________      ________      ________      ________
 AP1SC            107
 AP2SC              0           109
 AP3SC              0             0           111
 AP4SC              0             0             0           113
 AP5SC              0             0             0             0           115
 AN1CC              0             0             0             0             0
 AN2CC              0             0             0             0             0
 AN3CC              0             0             0             0             0
 AN4CC              0             0             0             0             0
 AN5CC              0             0             0             0             0
 AN1SC              0             0             0             0             0
 AN2SC              0             0             0             0             0
 AN3SC              0             0             0             0             0
 AN4SC              0             0             0             0             0
 AN5SC              0             0             0             0             0


           THETA
              AN1CC         AN2CC         AN3CC         AN4CC         AN5CC
              ________      ________      ________      ________      ________
 AN1CC            116
 AN2CC              0           117
 AN3CC              0             0           118
 AN4CC              0             0             0           119
 AN5CC              0             0             0             0           120
 AN1SC            121             0             0             0             0
 AN2SC              0           123             0             0             0
 AN3SC              0             0           125             0             0
 AN4SC              0             0             0           127             0
 AN5SC              0             0             0             0           129


           THETA
              AN1SC         AN2SC         AN3SC         AN4SC         AN5SC
              ________      ________      ________      ________      ________
 AN1SC            122
 AN2SC              0           124
 AN3SC              0             0           126
 AN4SC              0             0             0           128
 AN5SC              0             0             0             0           130


           ALPHA
              APCC          APSC          ANCC          ANSC
              ________      ________      ________      ________
                  0             0             0             0


           BETA
              APCC          APSC          ANCC          ANSC
              ________      ________      ________      ________
 APCC               0             0             0             0
 APSC               0             0             0             0
 ANCC               0             0             0             0
 ANSC               0             0             0             0


           PSI
              APCC          APSC          ANCC          ANSC
              ________      ________      ________      ________
 APCC               0
 APSC             131             0
 ANCC             132           133             0
 ANSC             134           135           136             0


     STARTING VALUES


           NU
              AP1CC         AP2CC         AP3CC         AP4CC         AP5CC
              ________      ________      ________      ________      ________
                3.758         4.053         3.299         3.305         3.538


           NU
              AP1SC         AP2SC         AP3SC         AP4SC         AP5SC
              ________      ________      ________      ________      ________
                2.896         3.160         2.723         2.667         3.151


           NU
              AN1CC         AN2CC         AN3CC         AN4CC         AN5CC
              ________      ________      ________      ________      ________
                2.384         2.160         2.522         2.195         2.189


           NU
              AN1SC         AN2SC         AN3SC         AN4SC         AN5SC
              ________      ________      ________      ________      ________
                2.704         2.557         2.409         2.453         2.349


           LAMBDA
              APCC          APSC          ANCC          ANSC
              ________      ________      ________      ________
 AP1CC          0.000         0.000         0.000         0.000
 AP2CC          0.000         0.000         0.000         0.000
 AP3CC          0.000         0.000         0.000         0.000
 AP4CC          0.000         0.000         0.000         0.000
 AP5CC          0.000         0.000         0.000         0.000
 AP1SC          0.000         0.000         0.000         0.000
 AP2SC          0.000         0.000         0.000         0.000
 AP3SC          0.000         0.000         0.000         0.000
 AP4SC          0.000         0.000         0.000         0.000
 AP5SC          0.000         0.000         0.000         0.000
 AN1CC          0.000         0.000         0.000         0.000
 AN2CC          0.000         0.000         0.000         0.000
 AN3CC          0.000         0.000         0.000         0.000
 AN4CC          0.000         0.000         0.000         0.000
 AN5CC          0.000         0.000         0.000         0.000
 AN1SC          0.000         0.000         0.000         0.000
 AN2SC          0.000         0.000         0.000         0.000
 AN3SC          0.000         0.000         0.000         0.000
 AN4SC          0.000         0.000         0.000         0.000
 AN5SC          0.000         0.000         0.000         0.000


           THETA
              AP1CC         AP2CC         AP3CC         AP4CC         AP5CC
              ________      ________      ________      ________      ________
 AP1CC          0.592
 AP2CC          0.000         0.569
 AP3CC          0.000         0.000         0.542
 AP4CC          0.000         0.000         0.000         0.622
 AP5CC          0.000         0.000         0.000         0.000         0.565
 AP1SC          0.000         0.000         0.000         0.000         0.000
 AP2SC          0.000         0.000         0.000         0.000         0.000
 AP3SC          0.000         0.000         0.000         0.000         0.000
 AP4SC          0.000         0.000         0.000         0.000         0.000
 AP5SC          0.000         0.000         0.000         0.000         0.000
 AN1CC          0.000         0.000         0.000         0.000         0.000
 AN2CC          0.000         0.000         0.000         0.000         0.000
 AN3CC          0.000         0.000         0.000         0.000         0.000
 AN4CC          0.000         0.000         0.000         0.000         0.000
 AN5CC          0.000         0.000         0.000         0.000         0.000
 AN1SC          0.000         0.000         0.000         0.000         0.000
 AN2SC          0.000         0.000         0.000         0.000         0.000
 AN3SC          0.000         0.000         0.000         0.000         0.000
 AN4SC          0.000         0.000         0.000         0.000         0.000
 AN5SC          0.000         0.000         0.000         0.000         0.000


           THETA
              AP1SC         AP2SC         AP3SC         AP4SC         AP5SC
              ________      ________      ________      ________      ________
 AP1SC          0.653
 AP2SC          0.000         0.731
 AP3SC          0.000         0.000         0.506
 AP4SC          0.000         0.000         0.000         0.526
 AP5SC          0.000         0.000         0.000         0.000         0.687
 AN1CC          0.000         0.000         0.000         0.000         0.000
 AN2CC          0.000         0.000         0.000         0.000         0.000
 AN3CC          0.000         0.000         0.000         0.000         0.000
 AN4CC          0.000         0.000         0.000         0.000         0.000
 AN5CC          0.000         0.000         0.000         0.000         0.000
 AN1SC          0.000         0.000         0.000         0.000         0.000
 AN2SC          0.000         0.000         0.000         0.000         0.000
 AN3SC          0.000         0.000         0.000         0.000         0.000
 AN4SC          0.000         0.000         0.000         0.000         0.000
 AN5SC          0.000         0.000         0.000         0.000         0.000


           THETA
              AN1CC         AN2CC         AN3CC         AN4CC         AN5CC
              ________      ________      ________      ________      ________
 AN1CC          0.870
 AN2CC          0.000         0.633
 AN3CC          0.000         0.000         0.795
 AN4CC          0.000         0.000         0.000         0.619
 AN5CC          0.000         0.000         0.000         0.000         0.617
 AN1SC          0.000         0.000         0.000         0.000         0.000
 AN2SC          0.000         0.000         0.000         0.000         0.000
 AN3SC          0.000         0.000         0.000         0.000         0.000
 AN4SC          0.000         0.000         0.000         0.000         0.000
 AN5SC          0.000         0.000         0.000         0.000         0.000


           THETA
              AN1SC         AN2SC         AN3SC         AN4SC         AN5SC
              ________      ________      ________      ________      ________
 AN1SC          0.793
 AN2SC          0.000         0.702
 AN3SC          0.000         0.000         0.583
 AN4SC          0.000         0.000         0.000         0.646
 AN5SC          0.000         0.000         0.000         0.000         0.658


           ALPHA
              APCC          APSC          ANCC          ANSC
              ________      ________      ________      ________
                0.000         0.000         0.000         0.000


           BETA
              APCC          APSC          ANCC          ANSC
              ________      ________      ________      ________
 APCC           0.000         0.000         0.000         0.000
 APSC           0.000         0.000         0.000         0.000
 ANCC           0.000         0.000         0.000         0.000
 ANSC           0.000         0.000         0.000         0.000


           PSI
              APCC          APSC          ANCC          ANSC
              ________      ________      ________      ________
 APCC           1.000
 APSC           0.000         1.000
 ANCC           0.000         0.000         1.000
 ANSC           0.000         0.000         0.000         1.000


TECHNICAL 4 OUTPUT


     ESTIMATES DERIVED FROM THE MODEL


           ESTIMATED MEANS FOR THE LATENT VARIABLES
              APCC          APSC          ANCC          ANSC
              ________      ________      ________      ________
                0.000         0.000         0.000         0.000


           S.E. FOR ESTIMATED MEANS FOR THE LATENT VARIABLES
              APCC          APSC          ANCC          ANSC
              ________      ________      ________      ________
                0.000         0.000         0.000         0.000


           EST./S.E. FOR ESTIMATED MEANS FOR THE LATENT VARIABLES
              APCC          APSC          ANCC          ANSC
              ________      ________      ________      ________
                0.000         0.000         0.000         0.000


           TWO-TAILED P-VALUE FOR ESTIMATED MEANS FOR THE LATENT VARIABLES
              APCC          APSC          ANCC          ANSC
              ________      ________      ________      ________
                1.000         1.000         1.000         1.000


           ESTIMATED COVARIANCE MATRIX FOR THE LATENT VARIABLES
              APCC          APSC          ANCC          ANSC
              ________      ________      ________      ________
 APCC           1.000
 APSC          -0.145         1.000
 ANCC          -0.260         0.260         1.000
 ANSC           0.237        -0.257         0.055         1.000


           S.E. FOR ESTIMATED COVARIANCE MATRIX FOR THE LATENT VARIABLES
              APCC          APSC          ANCC          ANSC
              ________      ________      ________      ________
 APCC           0.000
 APSC           0.084         0.000
 ANCC           0.068         0.070         0.000
 ANSC           0.066         0.077         0.065         0.000


           EST./S.E. FOR ESTIMATED COVARIANCE MATRIX FOR THE LATENT VARIABLES
              APCC          APSC          ANCC          ANSC
              ________      ________      ________      ________
 APCC     ***********
 APSC          -1.722   ***********
 ANCC          -3.839         3.725   ***********
 ANSC           3.569        -3.333         0.842   ***********


           TWO-TAILED P-VALUE FOR ESTIMATED COVARIANCE MATRIX FOR THE LATENT VARIABLES
              APCC          APSC          ANCC          ANSC
              ________      ________      ________      ________
 APCC           0.000
 APSC           0.085         0.000
 ANCC           0.000         0.000         0.000
 ANSC           0.000         0.001         0.400         0.000


           ESTIMATED CORRELATION MATRIX FOR THE LATENT VARIABLES
              APCC          APSC          ANCC          ANSC
              ________      ________      ________      ________
 APCC           1.000
 APSC          -0.145         1.000
 ANCC          -0.260         0.260         1.000
 ANSC           0.237        -0.257         0.055         1.000


           S.E. FOR ESTIMATED CORRELATION MATRIX FOR THE LATENT VARIABLES
              APCC          APSC          ANCC          ANSC
              ________      ________      ________      ________
 APCC           0.000
 APSC           0.084         0.000
 ANCC           0.068         0.070         0.000
 ANSC           0.066         0.077         0.065         0.000


           EST./S.E. FOR ESTIMATED CORRELATION MATRIX FOR THE LATENT VARIABLES
              APCC          APSC          ANCC          ANSC
              ________      ________      ________      ________
 APCC         999.000
 APSC          -1.722       999.000
 ANCC          -3.839         3.725       999.000
 ANSC           3.569        -3.333         0.842       999.000


           TWO-TAILED P-VALUE FOR ESTIMATED CORRELATION MATRIX FOR THE LATENT VARIABLES
              APCC          APSC          ANCC          ANSC
              ________      ________      ________      ________
 APCC           0.000
 APSC           0.085         0.000
 ANCC           0.000         0.000         0.000
 ANSC           0.000         0.001         0.400         0.000


           ESTIMATED PARTIAL CORRELATION MATRIX FOR THE LATENT VARIABLES
              APCC          APSC          ANCC          ANSC
              ________      ________      ________      ________
 APCC           1.000
 APSC          -0.010         1.000
 ANCC          -0.268         0.271         1.000
 ANSC           0.248        -0.270         0.188         1.000


DIAGRAM INFORMATION

  Use View Diagram under the Diagram menu in the Mplus Editor to view the diagram.
  If running Mplus from the Mplus Diagrammer, the diagram opens automatically.

  Diagram output
    c:\users\mm\onedrive - upv\dat_dropbox\investigaciÓn\cit_2025\travelwell\mplus_validation_rerun_package\mplus_valida

     Beginning Time:  08:16:21
        Ending Time:  08:16:21
       Elapsed Time:  00:00:00



MUTHEN & MUTHEN
3463 Stoner Ave.
Los Angeles, CA  90066

Tel: (310) 391-9971
Fax: (310) 391-8971
Web: www.StatModel.com
Support: Support@StatModel.com

Copyright (c) 1998-2026 Muthen & Muthen
