Mplus VERSION 9.1
MUTHEN & MUTHEN
08/17/2026  11:23 AM

INPUT INSTRUCTIONS

  TITLE:
    S6 - SURVEY-METHOD CONFIGURAL INVARIANCE - SCENARIO B
    URBAN GREENERY
    v6: within-participant GROUPMEAN centering; Mplus BY syntax corrected.

  DATA:
    FILE = ../data/Scenario_B_long_final.txt;

  VARIABLE:
    NAMES =
    ID MODO_rango online block present
    AP1 AP2 AP3 AP4 AP5
    AN1 AN2 AN3 AN4 AN5
    S1 S2 S3 S4 S5
    V1 V2 V3 V4 V5 V6 V7 V8 V9 V10
    V11 V12 V13 V14 V15 V16 V17 V18 V19;
    USEVARIABLES =
    ID AP1 AP2 AP3 AP4 AP5
    AN1 AN2 AN3 AN4 AN5
    S1 S2 S3 S4 S5;
    CLUSTER = ID;
    GROUPING = online (1 = online 2 = f2f);
    MISSING = ALL(-999);

  DEFINE:
    CENTER AP1 AP2 AP3 AP4 AP5
           AN1 AN2 AN3 AN4 AN5
           S1 S2 S3 S4 S5
           (GROUPMEAN);

  ANALYSIS:
    TYPE = COMPLEX;
    ESTIMATOR = MLR;
    STARTS = 100;
    ITERATIONS = 10000;

  MODEL:
    ! Declare the latent-variable structure in the overall model.
    AP BY AP1@1 AP2 AP3 AP4 AP5;
    AN BY AN1@1 AN2 AN3 AN4 AN5;
    ST BY S1@1 S2 S3 S4 S5;
    AN BY AP2;
    AP BY AN2;

  MODEL online:
    AP BY AP1@1;
    AP BY AP2 (opa2);
    AP BY AP3 (opa3);
    AP BY AP4 (opa4);
    AP BY AP5 (opa5);

    AN BY AN1@1;
    AN BY AN2 (ona2);
    AN BY AN3 (ona3);
    AN BY AN4 (ona4);
    AN BY AN5 (ona5);

    ST BY S1@1;
    ST BY S2 (ost2);
    ST BY S3 (ost3);
    ST BY S4 (ost4);
    ST BY S5 (ost5);

    AN BY AP2 (oxpa);
    AP BY AN2 (oxan);

    [AP1@0 AP2@0 AP3@0 AP4@0 AP5@0];
    [AN1@0 AN2@0 AN3@0 AN4@0 AN5@0];
    [S1@0 S2@0 S3@0 S4@0 S5@0];
    [AP@0 AN@0 ST@0];

    AP AN ST;
    AP1-AP5*;
    AN1-AN5*;
    S1-S5*;

    AP WITH AN (opan);
    AP WITH ST (opst);
    AN WITH ST (onst);

  MODEL f2f:
    AP BY AP1@1;
    AP BY AP2 (fpa2);
    AP BY AP3 (fpa3);
    AP BY AP4 (fpa4);
    AP BY AP5 (fpa5);

    AN BY AN1@1;
    AN BY AN2 (fna2);
    AN BY AN3 (fna3);
    AN BY AN4 (fna4);
    AN BY AN5 (fna5);

    ST BY S1@1;
    ST BY S2 (fst2);
    ST BY S3 (fst3);
    ST BY S4 (fst4);
    ST BY S5 (fst5);

    AN BY AP2 (fxpa);
    AP BY AN2 (fxan);

    [AP1@0 AP2@0 AP3@0 AP4@0 AP5@0];
    [AN1@0 AN2@0 AN3@0 AN4@0 AN5@0];
    [S1@0 S2@0 S3@0 S4@0 S5@0];
    [AP@0 AN@0 ST@0];

    AP AN ST;
    AP1-AP5*;
    AN1-AN5*;
    S1-S5*;

    AP WITH AN (fpan);
    AP WITH ST (fpst);
    AN WITH ST (fnst);

  OUTPUT:
    SAMPSTAT STANDARDIZED CINTERVAL RESIDUAL TECH1 TECH4 MODINDICES(10);



INPUT READING TERMINATED NORMALLY




S6 - SURVEY-METHOD CONFIGURAL INVARIANCE - SCENARIO B
URBAN GREENERY
v6: within-participant GROUPMEAN centering; Mplus BY syntax corrected.

SUMMARY OF ANALYSIS

Number of groups                                                 2
Number of observations
   Group ONLINE                                               1276
   Group F2F                                                  1232
   Total sample size                                          2508

Number of dependent variables                                   15
Number of independent variables                                  0
Number of continuous latent variables                            3

Observed dependent variables

  Continuous
   AP1         AP2         AP3         AP4         AP5         AN1
   AN2         AN3         AN4         AN5         S1          S2
   S3          S4          S5

Continuous latent variables
   AP          AN          ST

Variables with special functions

  Grouping variable     ONLINE
  Cluster variable      ID

  Centering (GROUPMEAN)
   AP1         AP2         AP3         AP4         AP5         AN1
   AN2         AN3         AN4         AN5         S1          S2
   S3          S4          S5


Estimator                                                      MLR
Information matrix                                        OBSERVED
Maximum number of iterations                                 10000
Convergence criterion                                    0.500D-04
Maximum number of steepest descent iterations                   20
Maximum number of iterations for H1                           2000
Convergence criterion for H1                             0.100D-03
Random Starts Specifications
  Number of random starts                                      100
  Random starts scale                                    0.500D+01

Input data file(s)
  ../data/Scenario_B_long_final.txt

Input data format  FREE


SUMMARY OF DATA

   Group ONLINE
     Number of missing data patterns             1
     Number of clusters                        319


   Group F2F
     Number of missing data patterns             1
     Number of clusters                        308



COVARIANCE COVERAGE OF DATA

Minimum covariance coverage value   0.100


     PROPORTION OF DATA PRESENT FOR ONLINE


           Covariance Coverage
              AP1           AP2           AP3           AP4           AP5
              ________      ________      ________      ________      ________
 AP1            1.000
 AP2            1.000         1.000
 AP3            1.000         1.000         1.000
 AP4            1.000         1.000         1.000         1.000
 AP5            1.000         1.000         1.000         1.000         1.000
 AN1            1.000         1.000         1.000         1.000         1.000
 AN2            1.000         1.000         1.000         1.000         1.000
 AN3            1.000         1.000         1.000         1.000         1.000
 AN4            1.000         1.000         1.000         1.000         1.000
 AN5            1.000         1.000         1.000         1.000         1.000
 S1             1.000         1.000         1.000         1.000         1.000
 S2             1.000         1.000         1.000         1.000         1.000
 S3             1.000         1.000         1.000         1.000         1.000
 S4             1.000         1.000         1.000         1.000         1.000
 S5             1.000         1.000         1.000         1.000         1.000


           Covariance Coverage
              AN1           AN2           AN3           AN4           AN5
              ________      ________      ________      ________      ________
 AN1            1.000
 AN2            1.000         1.000
 AN3            1.000         1.000         1.000
 AN4            1.000         1.000         1.000         1.000
 AN5            1.000         1.000         1.000         1.000         1.000
 S1             1.000         1.000         1.000         1.000         1.000
 S2             1.000         1.000         1.000         1.000         1.000
 S3             1.000         1.000         1.000         1.000         1.000
 S4             1.000         1.000         1.000         1.000         1.000
 S5             1.000         1.000         1.000         1.000         1.000


           Covariance Coverage
              S1            S2            S3            S4            S5
              ________      ________      ________      ________      ________
 S1             1.000
 S2             1.000         1.000
 S3             1.000         1.000         1.000
 S4             1.000         1.000         1.000         1.000
 S5             1.000         1.000         1.000         1.000         1.000


     PROPORTION OF DATA PRESENT FOR F2F


           Covariance Coverage
              AP1           AP2           AP3           AP4           AP5
              ________      ________      ________      ________      ________
 AP1            1.000
 AP2            1.000         1.000
 AP3            1.000         1.000         1.000
 AP4            1.000         1.000         1.000         1.000
 AP5            1.000         1.000         1.000         1.000         1.000
 AN1            1.000         1.000         1.000         1.000         1.000
 AN2            1.000         1.000         1.000         1.000         1.000
 AN3            1.000         1.000         1.000         1.000         1.000
 AN4            1.000         1.000         1.000         1.000         1.000
 AN5            1.000         1.000         1.000         1.000         1.000
 S1             1.000         1.000         1.000         1.000         1.000
 S2             1.000         1.000         1.000         1.000         1.000
 S3             1.000         1.000         1.000         1.000         1.000
 S4             1.000         1.000         1.000         1.000         1.000
 S5             1.000         1.000         1.000         1.000         1.000


           Covariance Coverage
              AN1           AN2           AN3           AN4           AN5
              ________      ________      ________      ________      ________
 AN1            1.000
 AN2            1.000         1.000
 AN3            1.000         1.000         1.000
 AN4            1.000         1.000         1.000         1.000
 AN5            1.000         1.000         1.000         1.000         1.000
 S1             1.000         1.000         1.000         1.000         1.000
 S2             1.000         1.000         1.000         1.000         1.000
 S3             1.000         1.000         1.000         1.000         1.000
 S4             1.000         1.000         1.000         1.000         1.000
 S5             1.000         1.000         1.000         1.000         1.000


           Covariance Coverage
              S1            S2            S3            S4            S5
              ________      ________      ________      ________      ________
 S1             1.000
 S2             1.000         1.000
 S3             1.000         1.000         1.000
 S4             1.000         1.000         1.000         1.000
 S5             1.000         1.000         1.000         1.000         1.000


SAMPLE STATISTICS


     ESTIMATED SAMPLE STATISTICS FOR ONLINE


           Means
              AP1           AP2           AP3           AP4           AP5
              ________      ________      ________      ________      ________
                0.000         0.000         0.000         0.000         0.000


           Means
              AN1           AN2           AN3           AN4           AN5
              ________      ________      ________      ________      ________
                0.000         0.000         0.000         0.000         0.000


           Means
              S1            S2            S3            S4            S5
              ________      ________      ________      ________      ________
                0.000         0.000         0.000         0.000         0.000


           Covariances
              AP1           AP2           AP3           AP4           AP5
              ________      ________      ________      ________      ________
 AP1            1.477
 AP2            0.452         0.718
 AP3            0.938         0.441         1.151
 AP4            0.924         0.386         0.855         1.061
 AP5            0.517         0.293         0.501         0.512         0.611
 AN1           -0.270         0.002        -0.194        -0.217        -0.138
 AN2           -0.631        -0.131        -0.508        -0.519        -0.266
 AN3           -0.456        -0.135        -0.381        -0.420        -0.251
 AN4           -0.370        -0.110        -0.308        -0.327        -0.224
 AN5           -0.492        -0.176        -0.433        -0.456        -0.328
 S1             1.074         0.401         0.855         0.870         0.526
 S2             1.017         0.382         0.809         0.831         0.551
 S3             1.018         0.374         0.829         0.842         0.532
 S4             0.631         0.303         0.550         0.565         0.396
 S5             1.175         0.410         0.935         0.946         0.564


           Covariances
              AN1           AN2           AN3           AN4           AN5
              ________      ________      ________      ________      ________
 AN1            0.790
 AN2            0.403         1.232
 AN3            0.329         0.536         0.776
 AN4            0.318         0.447         0.458         0.650
 AN5            0.245         0.446         0.464         0.383         0.707
 S1            -0.245        -0.605        -0.427        -0.359        -0.496
 S2            -0.259        -0.552        -0.450        -0.331        -0.504
 S3            -0.238        -0.569        -0.429        -0.342        -0.476
 S4            -0.129        -0.327        -0.288        -0.242        -0.319
 S5            -0.287        -0.649        -0.503        -0.404        -0.558


           Covariances
              S1            S2            S3            S4            S5
              ________      ________      ________      ________      ________
 S1             1.421
 S2             1.125         1.236
 S3             1.122         1.121         1.252
 S4             0.668         0.662         0.667         0.748
 S5             1.245         1.149         1.160         0.742         1.536


           Correlations
              AP1           AP2           AP3           AP4           AP5
              ________      ________      ________      ________      ________
 AP1            1.000
 AP2            0.439         1.000
 AP3            0.719         0.485         1.000
 AP4            0.738         0.442         0.774         1.000
 AP5            0.544         0.442         0.598         0.636         1.000
 AN1           -0.250         0.003        -0.203        -0.237        -0.199
 AN2           -0.468        -0.139        -0.426        -0.454        -0.307
 AN3           -0.426        -0.181        -0.403        -0.463        -0.365
 AN4           -0.378        -0.161        -0.356        -0.394        -0.356
 AN5           -0.482        -0.246        -0.480        -0.527        -0.500
 S1             0.741         0.397         0.669         0.709         0.565
 S2             0.752         0.405         0.678         0.726         0.634
 S3             0.748         0.394         0.691         0.731         0.608
 S4             0.601         0.414         0.593         0.635         0.586
 S5             0.780         0.391         0.703         0.741         0.583


           Correlations
              AN1           AN2           AN3           AN4           AN5
              ________      ________      ________      ________      ________
 AN1            1.000
 AN2            0.408         1.000
 AN3            0.420         0.548         1.000
 AN4            0.443         0.500         0.645         1.000
 AN5            0.328         0.477         0.626         0.565         1.000
 S1            -0.232        -0.457        -0.407        -0.374        -0.495
 S2            -0.262        -0.447        -0.460        -0.369        -0.539
 S3            -0.240        -0.458        -0.435        -0.379        -0.505
 S4            -0.168        -0.341        -0.377        -0.347        -0.438
 S5            -0.261        -0.472        -0.460        -0.405        -0.535


           Correlations
              S1            S2            S3            S4            S5
              ________      ________      ________      ________      ________
 S1             1.000
 S2             0.849         1.000
 S3             0.841         0.901         1.000
 S4             0.648         0.689         0.689         1.000
 S5             0.843         0.834         0.836         0.692         1.000


     ESTIMATED SAMPLE STATISTICS FOR F2F


           Means
              AP1           AP2           AP3           AP4           AP5
              ________      ________      ________      ________      ________
                0.000         0.000         0.000         0.000         0.000


           Means
              AN1           AN2           AN3           AN4           AN5
              ________      ________      ________      ________      ________
                0.000         0.000         0.000         0.000         0.000


           Means
              S1            S2            S3            S4            S5
              ________      ________      ________      ________      ________
                0.000         0.000         0.000         0.000         0.000


           Covariances
              AP1           AP2           AP3           AP4           AP5
              ________      ________      ________      ________      ________
 AP1            1.404
 AP2            0.500         0.890
 AP3            0.859         0.433         1.103
 AP4            0.812         0.377         0.855         1.067
 AP5            0.513         0.305         0.497         0.527         0.759
 AN1           -0.239         0.036        -0.200        -0.203        -0.171
 AN2           -0.603        -0.242        -0.536        -0.546        -0.297
 AN3           -0.430        -0.183        -0.408        -0.395        -0.317
 AN4           -0.335        -0.166        -0.336        -0.346        -0.276
 AN5           -0.495        -0.250        -0.451        -0.460        -0.333
 S1             0.970         0.441         0.884         0.919         0.569
 S2             0.801         0.387         0.734         0.754         0.530
 S3             0.874         0.416         0.814         0.827         0.545
 S4             0.523         0.286         0.504         0.463         0.367
 S5             0.971         0.425         0.877         0.884         0.578


           Covariances
              AN1           AN2           AN3           AN4           AN5
              ________      ________      ________      ________      ________
 AN1            0.906
 AN2            0.327         1.109
 AN3            0.329         0.454         0.824
 AN4            0.323         0.338         0.467         0.727
 AN5            0.283         0.508         0.470         0.467         0.790
 S1            -0.215        -0.656        -0.459        -0.389        -0.540
 S2            -0.265        -0.524        -0.487        -0.411        -0.498
 S3            -0.236        -0.595        -0.461        -0.386        -0.514
 S4            -0.128        -0.282        -0.291        -0.245        -0.327
 S5            -0.292        -0.644        -0.509        -0.431        -0.564


           Covariances
              S1            S2            S3            S4            S5
              ________      ________      ________      ________      ________
 S1             1.504
 S2             1.025         1.214
 S3             1.130         1.009         1.220
 S4             0.608         0.586         0.615         0.734
 S5             1.216         1.039         1.114         0.638         1.467


           Correlations
              AP1           AP2           AP3           AP4           AP5
              ________      ________      ________      ________      ________
 AP1            1.000
 AP2            0.447         1.000
 AP3            0.690         0.437         1.000
 AP4            0.664         0.387         0.788         1.000
 AP5            0.497         0.371         0.543         0.585         1.000
 AN1           -0.212         0.040        -0.200        -0.206        -0.207
 AN2           -0.483        -0.243        -0.484        -0.502        -0.324
 AN3           -0.400        -0.214        -0.428        -0.421        -0.401
 AN4           -0.332        -0.206        -0.376        -0.393        -0.371
 AN5           -0.469        -0.299        -0.483        -0.501        -0.430
 S1             0.667         0.381         0.687         0.725         0.533
 S2             0.613         0.372         0.634         0.663         0.552
 S3             0.668         0.399         0.702         0.725         0.566
 S4             0.515         0.353         0.560         0.523         0.491
 S5             0.676         0.372         0.689         0.706         0.548


           Correlations
              AN1           AN2           AN3           AN4           AN5
              ________      ________      ________      ________      ________
 AN1            1.000
 AN2            0.326         1.000
 AN3            0.380         0.475         1.000
 AN4            0.399         0.376         0.603         1.000
 AN5            0.335         0.542         0.582         0.616         1.000
 S1            -0.184        -0.508        -0.413        -0.372        -0.495
 S2            -0.253        -0.452        -0.487        -0.437        -0.508
 S3            -0.225        -0.511        -0.460        -0.410        -0.524
 S4            -0.158        -0.312        -0.374        -0.335        -0.430
 S5            -0.254        -0.505        -0.463        -0.418        -0.524


           Correlations
              S1            S2            S3            S4            S5
              ________      ________      ________      ________      ________
 S1             1.000
 S2             0.759         1.000
 S3             0.834         0.829         1.000
 S4             0.579         0.621         0.650         1.000
 S5             0.819         0.779         0.833         0.614         1.000


     MAXIMUM LOG-LIKELIHOOD VALUE FOR THE UNRESTRICTED (H1) MODEL IS -39133.539


UNIVARIATE SAMPLE STATISTICS


     UNIVARIATE HIGHER-ORDER MOMENT DESCRIPTIVE STATISTICS FOR ONLINE

         Variable/         Mean/     Skewness/   Minimum/ % with                Percentiles
        Sample Size      Variance    Kurtosis    Maximum  Min/Max      20%/60%    40%/80%    Median

     AP1                   0.000      -0.598      -3.000    1.02%      -1.000      0.000      0.250
            1276.000       1.477      -0.390       2.750    0.08%       0.500      1.000
     AP2                   0.000      -0.438      -3.000    0.39%      -0.500      0.000      0.000
            1276.000       0.718       1.189       3.000    0.08%       0.000      0.500
     AP3                   0.000      -0.787      -3.000    1.10%      -0.750      0.000      0.000
            1276.000       1.151       0.394       2.750    0.08%       0.250      1.000
     AP4                   0.000      -0.821      -3.000    1.02%      -0.750      0.000      0.000
            1276.000       1.061       0.552       2.250    0.08%       0.250      1.000
     AP5                   0.000      -0.752      -3.000    0.71%      -0.500      0.000      0.000
            1276.000       0.611       2.287       3.000    0.08%       0.000      0.500
     AN1                   0.000       0.353      -2.500    0.08%      -0.750     -0.250      0.000
            1276.000       0.790       0.636       3.000    0.47%       0.000      0.750
     AN2                   0.000       0.525      -3.000    0.16%      -1.000     -0.500      0.000
            1276.000       1.232       0.094       3.000    1.65%       0.000      1.000
     AN3                   0.000       0.646      -2.250    0.24%      -0.750      0.000      0.000
            1276.000       0.776       1.265       3.000    0.86%       0.000      0.500
     AN4                   0.000       0.774      -2.500    0.08%      -0.500      0.000      0.000
            1276.000       0.650       2.043       3.000    0.86%       0.000      0.500
     AN5                   0.000       0.844      -3.000    0.08%      -0.500      0.000      0.000
            1276.000       0.707       1.822       3.000    1.02%       0.000      0.500
     S1                    0.000      -0.734      -3.000    1.41%      -1.000      0.000      0.250
            1276.000       1.421      -0.166       2.500    0.08%       0.500      1.000
     S2                    0.000      -0.747      -3.000    1.57%      -0.750      0.000      0.250
            1276.000       1.236       0.200       3.000    0.08%       0.500      1.000
     S3                    0.000      -0.808      -3.000    1.41%      -0.750      0.000      0.250
            1276.000       1.252       0.172       2.250    0.24%       0.500      1.000
     S4                    0.000      -0.893      -3.000    0.63%      -0.500      0.000      0.000
            1276.000       0.748       1.677       2.000    0.94%       0.000      0.500
     S5                    0.000      -0.751      -3.000    1.80%      -1.000      0.000      0.250
            1276.000       1.536      -0.220       2.500    0.16%       0.500      1.000


     UNIVARIATE HIGHER-ORDER MOMENT DESCRIPTIVE STATISTICS FOR F2F

         Variable/         Mean/     Skewness/   Minimum/ % with                Percentiles
        Sample Size      Variance    Kurtosis    Maximum  Min/Max      20%/60%    40%/80%    Median

     AP1                   0.000      -0.431      -3.000    0.97%      -1.000      0.000      0.000
            1232.000       1.404      -0.357       3.000    0.08%       0.500      1.000
     AP2                   0.000      -0.305      -3.000    0.49%      -0.500      0.000      0.000
            1232.000       0.890       0.640       3.000    0.16%       0.000      0.750
     AP3                   0.000      -0.601      -3.000    1.38%      -0.750      0.000      0.000
            1232.000       1.103       0.533       3.000    0.16%       0.250      1.000
     AP4                   0.000      -0.812      -3.000    1.79%      -0.750      0.000      0.000
            1232.000       1.067       0.792       3.000    0.16%       0.250      0.750
     AP5                   0.000      -0.596      -3.000    0.97%      -0.500      0.000      0.000
            1232.000       0.759       1.516       3.000    0.16%       0.000      0.500
     AN1                   0.000       0.470      -2.750    0.08%      -0.750     -0.250      0.000
            1232.000       0.906       0.655       3.000    1.30%       0.000      0.750
     AN2                   0.000       0.674      -3.000    0.08%      -1.000     -0.250      0.000
            1232.000       1.109       0.571       3.000    1.87%       0.000      0.750
     AN3                   0.000       0.642      -2.750    0.08%      -0.750      0.000      0.000
            1232.000       0.824       1.357       3.000    1.38%       0.000      0.500
     AN4                   0.000       0.585      -3.000    0.08%      -0.500      0.000      0.000
            1232.000       0.727       1.560       3.000    0.73%       0.000      0.500
     AN5                   0.000       0.774      -3.000    0.08%      -0.750      0.000      0.000
            1232.000       0.790       1.832       3.000    1.46%       0.000      0.500
     S1                    0.000      -0.790      -3.000    2.92%      -1.000      0.000      0.250
            1232.000       1.504      -0.016       3.000    0.16%       0.500      1.000
     S2                    0.000      -0.746      -3.000    1.87%      -0.750      0.000      0.000
            1232.000       1.214       0.351       3.000    0.08%       0.250      1.000
     S3                    0.000      -0.845      -3.000    2.27%      -0.750      0.000      0.000
            1232.000       1.220       0.537       3.000    0.08%       0.250      1.000
     S4                    0.000      -0.714      -3.000    0.81%      -0.500      0.000      0.000
            1232.000       0.734       1.633       2.500    0.08%       0.000      0.500
     S5                    0.000      -0.819      -3.000    2.44%      -1.000      0.000      0.250
            1232.000       1.467      -0.018       3.000    0.08%       0.500      1.000


RANDOM STARTS RESULTS RANKED FROM THE BEST TO THE WORST FIT FUNCTION VALUES

Fit function values, log-likelihood at local maxima and random start numbers:

           1260.9974        -39764.0380          12
           1260.9974        -39764.0380          41
           1260.9974        -39764.0380          57
           1260.9974        -39764.0380          80
           1260.9974        -39764.0380          84
           1260.9974        -39764.0380          20
           1260.9974        -39764.0380          64
           1260.9974        -39764.0380          55
           1260.9974        -39764.0380          46
           1260.9974        -39764.0380          40
           1260.9974        -39764.0380          67
           1260.9974        -39764.0380          51
           1260.9974        -39764.0380          1
           1260.9974        -39764.0380          52
           1260.9974        -39764.0380          86
           1260.9974        -39764.0380          72
           1260.9974        -39764.0380          10
           1260.9974        -39764.0380          27
           1260.9974        -39764.0380          26
           1260.9974        -39764.0380          22
           1260.9974        -39764.0380          87
           1260.9974        -39764.0380          43
           1260.9974        -39764.0380          76
           1260.9974        -39764.0380          54
           1260.9974        -39764.0380          unperturbed
           1260.9974        -39764.0380          56
           1260.9974        -39764.0380          91
           1260.9974        -39764.0380          94
           1260.9974        -39764.0380          35
           1260.9974        -39764.0380          98
           1260.9974        -39764.0380          92
           1260.9974        -39764.0380          30
           1260.9974        -39764.0380          21
           1260.9974        -39764.0380          19
           1260.9974        -39764.0380          69
           1260.9974        -39764.0380          15
           1260.9974        -39764.0380          23
           1260.9974        -39764.0380          3
           1260.9974        -39764.0380          14
           1260.9974        -39764.0380          53
           1260.9974        -39764.0380          39
           1260.9974        -39764.0380          63
           1260.9974        -39764.0380          8
           1260.9974        -39764.0380          49
           1260.9974        -39764.0380          83
           1260.9974        -39764.0380          100
           1260.9974        -39764.0380          32
           1260.9974        -39764.0380          7
           1260.9974        -39764.0380          6
           1260.9974        -39764.0380          68
           1260.9974        -39764.0380          61
           1260.9974        -39764.0380          48
           1260.9974        -39764.0380          78
           1260.9974        -39764.0380          45

47 starting value run(s) did not converge.



MODEL FIT INFORMATION

Number of Free Parameters                       70

Loglikelihood

          H0 Value                      -39764.038
          H0 Scaling Correction Factor      3.6742
            for MLR
          H1 Value                      -39133.539
          H1 Scaling Correction Factor      2.4378
            for MLR

Information Criteria

          Akaike (AIC)                   79668.076
          Bayesian (BIC)                 80075.983
          Sample-Size Adjusted BIC       79853.575
            (n* = (n + 2) / 24)

Chi-Square Test of Model Fit

          Value                            628.893*
          Degrees of Freedom                   200
          P-Value                           0.0000
          Scaling Correction Factor         2.0051
            for MLR

Chi-Square Contribution From Each Group

          ONLINE                           359.361
          F2F                              269.533

*   The chi-square value for MLM, MLMV, MLR, ULSMV, WLSM and WLSMV cannot be used
    for chi-square difference testing in the regular way.  MLM, MLR and WLSM
    chi-square difference testing is described on the Mplus website.  MLMV, WLSMV,
    and ULSMV difference testing is done using the DIFFTEST option.

RMSEA (Root Mean Square Error Of Approximation)

          Estimate                           0.041
          90 Percent C.I.                    0.038  0.045
          Probability RMSEA <= .05           1.000

CFI/TLI

          CFI                                0.956
          TLI                                0.954

Chi-Square Test of Model Fit for the Baseline Model

          Value                          10047.793
          Degrees of Freedom                   210
          P-Value                           0.0000

SRMR (Standardized Root Mean Square Residual)

          Value                              0.039



MODEL RESULTS

                                                    Two-Tailed
                    Estimate       S.E.  Est./S.E.    P-Value

Group ONLINE

 AP       BY
    AP1                1.000      0.000    999.000    999.000
    AP2                0.530      0.042     12.586      0.000
    AP3                0.875      0.030     29.036      0.000
    AP4                0.874      0.029     30.352      0.000
    AP5                0.532      0.035     15.297      0.000
    AN2               -0.154      0.068     -2.252      0.024

 AN       BY
    AN1                1.000      0.000    999.000    999.000
    AN2                1.387      0.165      8.408      0.000
    AN3                1.584      0.159      9.972      0.000
    AN4                1.339      0.126     10.591      0.000
    AN5                1.386      0.167      8.325      0.000
    AP2                0.372      0.103      3.615      0.000

 ST       BY
    S1                 1.000      0.000    999.000    999.000
    S2                 0.969      0.019     51.238      0.000
    S3                 0.973      0.021     46.159      0.000
    S4                 0.596      0.031     19.039      0.000
    S5                 1.043      0.021     48.840      0.000

 AN       WITH
    AP                -0.305      0.042     -7.311      0.000

 ST       WITH
    AP                 1.016      0.056     18.286      0.000
    AN                -0.303      0.041     -7.469      0.000

 Means
    AP                 0.000      0.000    999.000    999.000
    AN                 0.000      0.000    999.000    999.000
    ST                 0.000      0.000    999.000    999.000

 Intercepts
    AP1                0.000      0.000    999.000    999.000
    AP2                0.000      0.000    999.000    999.000
    AP3                0.000      0.000    999.000    999.000
    AP4                0.000      0.000    999.000    999.000
    AP5                0.000      0.000    999.000    999.000
    AN1                0.000      0.000    999.000    999.000
    AN2                0.000      0.000    999.000    999.000
    AN3                0.000      0.000    999.000    999.000
    AN4                0.000      0.000    999.000    999.000
    AN5                0.000      0.000    999.000    999.000
    S1                 0.000      0.000    999.000    999.000
    S2                 0.000      0.000    999.000    999.000
    S3                 0.000      0.000    999.000    999.000
    S4                 0.000      0.000    999.000    999.000
    S5                 0.000      0.000    999.000    999.000

 Variances
    AP                 1.079      0.061     17.749      0.000
    AN                 0.211      0.044      4.787      0.000
    ST                 1.162      0.062     18.689      0.000

 Residual Variances
    AP1                0.397      0.034     11.536      0.000
    AP2                0.506      0.036     13.888      0.000
    AP3                0.325      0.044      7.458      0.000
    AP4                0.237      0.030      7.984      0.000
    AP5                0.306      0.021     14.484      0.000
    AN1                0.580      0.049     11.714      0.000
    AN2                0.671      0.060     11.229      0.000
    AN3                0.248      0.026      9.614      0.000
    AN4                0.273      0.031      8.733      0.000
    AN5                0.302      0.040      7.622      0.000
    S1                 0.259      0.035      7.408      0.000
    S2                 0.145      0.020      7.294      0.000
    S3                 0.152      0.028      5.376      0.000
    S4                 0.335      0.022     14.923      0.000
    S5                 0.273      0.029      9.440      0.000

Group F2F

 AP       BY
    AP1                1.000      0.000    999.000    999.000
    AP2                0.535      0.057      9.344      0.000
    AP3                0.973      0.037     26.345      0.000
    AP4                0.965      0.041     23.556      0.000
    AP5                0.612      0.042     14.721      0.000
    AN2               -0.326      0.076     -4.296      0.000

 AN       BY
    AN1                1.000      0.000    999.000    999.000
    AN2                1.003      0.188      5.328      0.000
    AN3                1.550      0.201      7.724      0.000
    AN4                1.435      0.186      7.723      0.000
    AN5                1.614      0.212      7.611      0.000
    AP2                0.127      0.130      0.982      0.326

 ST       BY
    S1                 1.000      0.000    999.000    999.000
    S2                 0.877      0.029     29.787      0.000
    S3                 0.943      0.020     46.789      0.000
    S4                 0.540      0.034     15.661      0.000
    S5                 0.998      0.023     42.608      0.000

 AN       WITH
    AP                -0.274      0.042     -6.599      0.000

 ST       WITH
    AP                 0.917      0.059     15.434      0.000
    AN                -0.321      0.046     -7.028      0.000

 Means
    AP                 0.000      0.000    999.000    999.000
    AN                 0.000      0.000    999.000    999.000
    ST                 0.000      0.000    999.000    999.000

 Intercepts
    AP1                0.000      0.000    999.000    999.000
    AP2                0.000      0.000    999.000    999.000
    AP3                0.000      0.000    999.000    999.000
    AP4                0.000      0.000    999.000    999.000
    AP5                0.000      0.000    999.000    999.000
    AN1                0.000      0.000    999.000    999.000
    AN2                0.000      0.000    999.000    999.000
    AN3                0.000      0.000    999.000    999.000
    AN4                0.000      0.000    999.000    999.000
    AN5                0.000      0.000    999.000    999.000
    S1                 0.000      0.000    999.000    999.000
    S2                 0.000      0.000    999.000    999.000
    S3                 0.000      0.000    999.000    999.000
    S4                 0.000      0.000    999.000    999.000
    S5                 0.000      0.000    999.000    999.000

 Variances
    AP                 0.880      0.066     13.372      0.000
    AN                 0.199      0.050      3.966      0.000
    ST                 1.197      0.067     17.734      0.000

 Residual Variances
    AP1                0.525      0.049     10.648      0.000
    AP2                0.672      0.047     14.259      0.000
    AP3                0.270      0.027     10.166      0.000
    AP4                0.247      0.037      6.750      0.000
    AP5                0.430      0.034     12.669      0.000
    AN1                0.707      0.063     11.308      0.000
    AN2                0.636      0.063     10.083      0.000
    AN3                0.347      0.038      9.112      0.000
    AN4                0.318      0.045      7.072      0.000
    AN5                0.273      0.031      8.706      0.000
    S1                 0.307      0.029     10.709      0.000
    S2                 0.293      0.043      6.792      0.000
    S3                 0.156      0.016      9.485      0.000
    S4                 0.385      0.024     16.281      0.000
    S5                 0.276      0.030      9.157      0.000


QUALITY OF NUMERICAL RESULTS

     Condition Number for the Information Matrix              0.709E-03
       (ratio of smallest to largest eigenvalue)


STANDARDIZED MODEL RESULTS


STDYX Standardization

                                                    Two-Tailed
                    Estimate       S.E.  Est./S.E.    P-Value

Group ONLINE

 AP       BY
    AP1                0.855      0.014     62.312      0.000
    AP2                0.650      0.043     15.272      0.000
    AP3                0.847      0.022     37.862      0.000
    AP4                0.881      0.017     53.145      0.000
    AP5                0.707      0.026     27.385      0.000
    AN2               -0.144      0.065     -2.231      0.026

 AN       BY
    AN1                0.516      0.049     10.524      0.000
    AN2                0.573      0.063      9.072      0.000
    AN3                0.825      0.021     39.387      0.000
    AN4                0.762      0.031     24.321      0.000
    AN5                0.757      0.036     21.031      0.000
    AP2                0.201      0.057      3.533      0.000

 ST       BY
    S1                 0.904      0.014     66.852      0.000
    S2                 0.940      0.009    104.965      0.000
    S3                 0.938      0.012     77.390      0.000
    S4                 0.743      0.023     31.878      0.000
    S5                 0.907      0.010     87.123      0.000

 AN       WITH
    AP                -0.641      0.063    -10.230      0.000

 ST       WITH
    AP                 0.907      0.013     68.634      0.000
    AN                -0.612      0.053    -11.443      0.000

 Means
    AP                 0.000      0.000    999.000    999.000
    AN                 0.000      0.000    999.000    999.000
    ST                 0.000      0.000    999.000    999.000

 Intercepts
    AP1                0.000      0.000    999.000    999.000
    AP2                0.000      0.000    999.000    999.000
    AP3                0.000      0.000    999.000    999.000
    AP4                0.000      0.000    999.000    999.000
    AP5                0.000      0.000    999.000    999.000
    AN1                0.000      0.000    999.000    999.000
    AN2                0.000      0.000    999.000    999.000
    AN3                0.000      0.000    999.000    999.000
    AN4                0.000      0.000    999.000    999.000
    AN5                0.000      0.000    999.000    999.000
    S1                 0.000      0.000    999.000    999.000
    S2                 0.000      0.000    999.000    999.000
    S3                 0.000      0.000    999.000    999.000
    S4                 0.000      0.000    999.000    999.000
    S5                 0.000      0.000    999.000    999.000

 Variances
    AP                 1.000      0.000    999.000    999.000
    AN                 1.000      0.000    999.000    999.000
    ST                 1.000      0.000    999.000    999.000

 Residual Variances
    AP1                0.269      0.023     11.474      0.000
    AP2                0.704      0.043     16.514      0.000
    AP3                0.282      0.038      7.440      0.000
    AP4                0.224      0.029      7.649      0.000
    AP5                0.500      0.036     13.720      0.000
    AN1                0.733      0.051     14.478      0.000
    AN2                0.544      0.045     12.022      0.000
    AN3                0.319      0.035      9.230      0.000
    AN4                0.419      0.048      8.777      0.000
    AN5                0.427      0.054      7.849      0.000
    S1                 0.182      0.024      7.453      0.000
    S2                 0.117      0.017      6.964      0.000
    S3                 0.121      0.023      5.329      0.000
    S4                 0.448      0.035     12.917      0.000
    S5                 0.178      0.019      9.417      0.000

Group F2F

 AP       BY
    AP1                0.792      0.021     37.707      0.000
    AP2                0.532      0.055      9.624      0.000
    AP3                0.869      0.015     56.440      0.000
    AP4                0.877      0.020     43.495      0.000
    AP5                0.658      0.033     20.234      0.000
    AN2               -0.290      0.066     -4.364      0.000

 AN       BY
    AN1                0.468      0.056      8.298      0.000
    AN2                0.425      0.067      6.347      0.000
    AN3                0.761      0.029     26.383      0.000
    AN4                0.750      0.040     18.738      0.000
    AN5                0.809      0.027     30.396      0.000
    AP2                0.060      0.063      0.952      0.341

 ST       BY
    S1                 0.892      0.011     79.244      0.000
    S2                 0.871      0.021     42.092      0.000
    S3                 0.934      0.008    113.317      0.000
    S4                 0.689      0.027     25.768      0.000
    S5                 0.901      0.012     74.107      0.000

 AN       WITH
    AP                -0.655      0.051    -12.785      0.000

 ST       WITH
    AP                 0.894      0.016     55.480      0.000
    AN                -0.658      0.046    -14.349      0.000

 Means
    AP                 0.000      0.000    999.000    999.000
    AN                 0.000      0.000    999.000    999.000
    ST                 0.000      0.000    999.000    999.000

 Intercepts
    AP1                0.000      0.000    999.000    999.000
    AP2                0.000      0.000    999.000    999.000
    AP3                0.000      0.000    999.000    999.000
    AP4                0.000      0.000    999.000    999.000
    AP5                0.000      0.000    999.000    999.000
    AN1                0.000      0.000    999.000    999.000
    AN2                0.000      0.000    999.000    999.000
    AN3                0.000      0.000    999.000    999.000
    AN4                0.000      0.000    999.000    999.000
    AN5                0.000      0.000    999.000    999.000
    S1                 0.000      0.000    999.000    999.000
    S2                 0.000      0.000    999.000    999.000
    S3                 0.000      0.000    999.000    999.000
    S4                 0.000      0.000    999.000    999.000
    S5                 0.000      0.000    999.000    999.000

 Variances
    AP                 1.000      0.000    999.000    999.000
    AN                 1.000      0.000    999.000    999.000
    ST                 1.000      0.000    999.000    999.000

 Residual Variances
    AP1                0.374      0.033     11.241      0.000
    AP2                0.755      0.041     18.631      0.000
    AP3                0.245      0.027      9.159      0.000
    AP4                0.231      0.035      6.542      0.000
    AP5                0.567      0.043     13.227      0.000
    AN1                0.781      0.053     14.772      0.000
    AN2                0.574      0.052     11.106      0.000
    AN3                0.421      0.044      9.583      0.000
    AN4                0.437      0.060      7.273      0.000
    AN5                0.345      0.043      8.012      0.000
    S1                 0.204      0.020     10.170      0.000
    S2                 0.242      0.036      6.708      0.000
    S3                 0.128      0.015      8.314      0.000
    S4                 0.525      0.037     14.225      0.000
    S5                 0.188      0.022      8.589      0.000


STDY Standardization

                                                    Two-Tailed
                    Estimate       S.E.  Est./S.E.    P-Value

Group ONLINE

 AP       BY
    AP1                0.855      0.014     62.312      0.000
    AP2                0.650      0.043     15.272      0.000
    AP3                0.847      0.022     37.862      0.000
    AP4                0.881      0.017     53.145      0.000
    AP5                0.707      0.026     27.385      0.000
    AN2               -0.144      0.065     -2.231      0.026

 AN       BY
    AN1                0.516      0.049     10.524      0.000
    AN2                0.573      0.063      9.072      0.000
    AN3                0.825      0.021     39.387      0.000
    AN4                0.762      0.031     24.321      0.000
    AN5                0.757      0.036     21.031      0.000
    AP2                0.201      0.057      3.533      0.000

 ST       BY
    S1                 0.904      0.014     66.852      0.000
    S2                 0.940      0.009    104.965      0.000
    S3                 0.938      0.012     77.390      0.000
    S4                 0.743      0.023     31.878      0.000
    S5                 0.907      0.010     87.123      0.000

 AN       WITH
    AP                -0.641      0.063    -10.230      0.000

 ST       WITH
    AP                 0.907      0.013     68.634      0.000
    AN                -0.612      0.053    -11.443      0.000

 Means
    AP                 0.000      0.000    999.000    999.000
    AN                 0.000      0.000    999.000    999.000
    ST                 0.000      0.000    999.000    999.000

 Intercepts
    AP1                0.000      0.000    999.000    999.000
    AP2                0.000      0.000    999.000    999.000
    AP3                0.000      0.000    999.000    999.000
    AP4                0.000      0.000    999.000    999.000
    AP5                0.000      0.000    999.000    999.000
    AN1                0.000      0.000    999.000    999.000
    AN2                0.000      0.000    999.000    999.000
    AN3                0.000      0.000    999.000    999.000
    AN4                0.000      0.000    999.000    999.000
    AN5                0.000      0.000    999.000    999.000
    S1                 0.000      0.000    999.000    999.000
    S2                 0.000      0.000    999.000    999.000
    S3                 0.000      0.000    999.000    999.000
    S4                 0.000      0.000    999.000    999.000
    S5                 0.000      0.000    999.000    999.000

 Variances
    AP                 1.000      0.000    999.000    999.000
    AN                 1.000      0.000    999.000    999.000
    ST                 1.000      0.000    999.000    999.000

 Residual Variances
    AP1                0.269      0.023     11.474      0.000
    AP2                0.704      0.043     16.514      0.000
    AP3                0.282      0.038      7.440      0.000
    AP4                0.224      0.029      7.649      0.000
    AP5                0.500      0.036     13.720      0.000
    AN1                0.733      0.051     14.478      0.000
    AN2                0.544      0.045     12.022      0.000
    AN3                0.319      0.035      9.230      0.000
    AN4                0.419      0.048      8.777      0.000
    AN5                0.427      0.054      7.849      0.000
    S1                 0.182      0.024      7.453      0.000
    S2                 0.117      0.017      6.964      0.000
    S3                 0.121      0.023      5.329      0.000
    S4                 0.448      0.035     12.917      0.000
    S5                 0.178      0.019      9.417      0.000

Group F2F

 AP       BY
    AP1                0.792      0.021     37.707      0.000
    AP2                0.532      0.055      9.624      0.000
    AP3                0.869      0.015     56.440      0.000
    AP4                0.877      0.020     43.495      0.000
    AP5                0.658      0.033     20.234      0.000
    AN2               -0.290      0.066     -4.364      0.000

 AN       BY
    AN1                0.468      0.056      8.298      0.000
    AN2                0.425      0.067      6.347      0.000
    AN3                0.761      0.029     26.383      0.000
    AN4                0.750      0.040     18.738      0.000
    AN5                0.809      0.027     30.396      0.000
    AP2                0.060      0.063      0.952      0.341

 ST       BY
    S1                 0.892      0.011     79.244      0.000
    S2                 0.871      0.021     42.092      0.000
    S3                 0.934      0.008    113.317      0.000
    S4                 0.689      0.027     25.768      0.000
    S5                 0.901      0.012     74.107      0.000

 AN       WITH
    AP                -0.655      0.051    -12.785      0.000

 ST       WITH
    AP                 0.894      0.016     55.480      0.000
    AN                -0.658      0.046    -14.349      0.000

 Means
    AP                 0.000      0.000    999.000    999.000
    AN                 0.000      0.000    999.000    999.000
    ST                 0.000      0.000    999.000    999.000

 Intercepts
    AP1                0.000      0.000    999.000    999.000
    AP2                0.000      0.000    999.000    999.000
    AP3                0.000      0.000    999.000    999.000
    AP4                0.000      0.000    999.000    999.000
    AP5                0.000      0.000    999.000    999.000
    AN1                0.000      0.000    999.000    999.000
    AN2                0.000      0.000    999.000    999.000
    AN3                0.000      0.000    999.000    999.000
    AN4                0.000      0.000    999.000    999.000
    AN5                0.000      0.000    999.000    999.000
    S1                 0.000      0.000    999.000    999.000
    S2                 0.000      0.000    999.000    999.000
    S3                 0.000      0.000    999.000    999.000
    S4                 0.000      0.000    999.000    999.000
    S5                 0.000      0.000    999.000    999.000

 Variances
    AP                 1.000      0.000    999.000    999.000
    AN                 1.000      0.000    999.000    999.000
    ST                 1.000      0.000    999.000    999.000

 Residual Variances
    AP1                0.374      0.033     11.241      0.000
    AP2                0.755      0.041     18.631      0.000
    AP3                0.245      0.027      9.159      0.000
    AP4                0.231      0.035      6.542      0.000
    AP5                0.567      0.043     13.227      0.000
    AN1                0.781      0.053     14.772      0.000
    AN2                0.574      0.052     11.106      0.000
    AN3                0.421      0.044      9.583      0.000
    AN4                0.437      0.060      7.273      0.000
    AN5                0.345      0.043      8.012      0.000
    S1                 0.204      0.020     10.170      0.000
    S2                 0.242      0.036      6.708      0.000
    S3                 0.128      0.015      8.314      0.000
    S4                 0.525      0.037     14.225      0.000
    S5                 0.188      0.022      8.589      0.000


STD Standardization

                                                    Two-Tailed
                    Estimate       S.E.  Est./S.E.    P-Value

Group ONLINE

 AP       BY
    AP1                1.039      0.029     35.498      0.000
    AP2                0.551      0.045     12.119      0.000
    AP3                0.909      0.036     25.062      0.000
    AP4                0.908      0.033     27.120      0.000
    AP5                0.552      0.038     14.629      0.000
    AN2               -0.160      0.072     -2.232      0.026

 AN       BY
    AN1                0.459      0.048      9.573      0.000
    AN2                0.637      0.073      8.698      0.000
    AN3                0.727      0.035     20.616      0.000
    AN4                0.614      0.039     15.719      0.000
    AN5                0.636      0.041     15.448      0.000
    AP2                0.171      0.048      3.532      0.000

 ST       BY
    S1                 1.078      0.029     37.378      0.000
    S2                 1.045      0.029     36.072      0.000
    S3                 1.049      0.029     35.788      0.000
    S4                 0.643      0.038     16.886      0.000
    S5                 1.124      0.028     40.558      0.000

 AN       WITH
    AP                -0.641      0.063    -10.230      0.000

 ST       WITH
    AP                 0.907      0.013     68.634      0.000
    AN                -0.612      0.053    -11.443      0.000

 Means
    AP                 0.000      0.000    999.000    999.000
    AN                 0.000      0.000    999.000    999.000
    ST                 0.000      0.000    999.000    999.000

 Intercepts
    AP1                0.000      0.000    999.000    999.000
    AP2                0.000      0.000    999.000    999.000
    AP3                0.000      0.000    999.000    999.000
    AP4                0.000      0.000    999.000    999.000
    AP5                0.000      0.000    999.000    999.000
    AN1                0.000      0.000    999.000    999.000
    AN2                0.000      0.000    999.000    999.000
    AN3                0.000      0.000    999.000    999.000
    AN4                0.000      0.000    999.000    999.000
    AN5                0.000      0.000    999.000    999.000
    S1                 0.000      0.000    999.000    999.000
    S2                 0.000      0.000    999.000    999.000
    S3                 0.000      0.000    999.000    999.000
    S4                 0.000      0.000    999.000    999.000
    S5                 0.000      0.000    999.000    999.000

 Variances
    AP                 1.000      0.000    999.000    999.000
    AN                 1.000      0.000    999.000    999.000
    ST                 1.000      0.000    999.000    999.000

 Residual Variances
    AP1                0.397      0.034     11.536      0.000
    AP2                0.506      0.036     13.888      0.000
    AP3                0.325      0.044      7.458      0.000
    AP4                0.237      0.030      7.984      0.000
    AP5                0.306      0.021     14.484      0.000
    AN1                0.580      0.049     11.714      0.000
    AN2                0.671      0.060     11.229      0.000
    AN3                0.248      0.026      9.614      0.000
    AN4                0.273      0.031      8.733      0.000
    AN5                0.302      0.040      7.622      0.000
    S1                 0.259      0.035      7.408      0.000
    S2                 0.145      0.020      7.294      0.000
    S3                 0.152      0.028      5.376      0.000
    S4                 0.335      0.022     14.923      0.000
    S5                 0.273      0.029      9.440      0.000

Group F2F

 AP       BY
    AP1                0.938      0.035     26.743      0.000
    AP2                0.502      0.057      8.767      0.000
    AP3                0.912      0.036     25.253      0.000
    AP4                0.905      0.037     24.363      0.000
    AP5                0.574      0.042     13.694      0.000
    AN2               -0.305      0.070     -4.376      0.000

 AN       BY
    AN1                0.446      0.056      7.932      0.000
    AN2                0.447      0.073      6.115      0.000
    AN3                0.691      0.039     17.851      0.000
    AN4                0.640      0.045     14.282      0.000
    AN5                0.719      0.042     17.219      0.000
    AP2                0.057      0.059      0.956      0.339

 ST       BY
    S1                 1.094      0.031     35.467      0.000
    S2                 0.959      0.037     25.898      0.000
    S3                 1.031      0.033     31.534      0.000
    S4                 0.591      0.041     14.488      0.000
    S5                 1.091      0.032     34.176      0.000

 AN       WITH
    AP                -0.655      0.051    -12.785      0.000

 ST       WITH
    AP                 0.894      0.016     55.480      0.000
    AN                -0.658      0.046    -14.349      0.000

 Means
    AP                 0.000      0.000    999.000    999.000
    AN                 0.000      0.000    999.000    999.000
    ST                 0.000      0.000    999.000    999.000

 Intercepts
    AP1                0.000      0.000    999.000    999.000
    AP2                0.000      0.000    999.000    999.000
    AP3                0.000      0.000    999.000    999.000
    AP4                0.000      0.000    999.000    999.000
    AP5                0.000      0.000    999.000    999.000
    AN1                0.000      0.000    999.000    999.000
    AN2                0.000      0.000    999.000    999.000
    AN3                0.000      0.000    999.000    999.000
    AN4                0.000      0.000    999.000    999.000
    AN5                0.000      0.000    999.000    999.000
    S1                 0.000      0.000    999.000    999.000
    S2                 0.000      0.000    999.000    999.000
    S3                 0.000      0.000    999.000    999.000
    S4                 0.000      0.000    999.000    999.000
    S5                 0.000      0.000    999.000    999.000

 Variances
    AP                 1.000      0.000    999.000    999.000
    AN                 1.000      0.000    999.000    999.000
    ST                 1.000      0.000    999.000    999.000

 Residual Variances
    AP1                0.525      0.049     10.648      0.000
    AP2                0.672      0.047     14.259      0.000
    AP3                0.270      0.027     10.166      0.000
    AP4                0.247      0.037      6.750      0.000
    AP5                0.430      0.034     12.669      0.000
    AN1                0.707      0.063     11.308      0.000
    AN2                0.636      0.063     10.083      0.000
    AN3                0.347      0.038      9.112      0.000
    AN4                0.318      0.045      7.072      0.000
    AN5                0.273      0.031      8.706      0.000
    S1                 0.307      0.029     10.709      0.000
    S2                 0.293      0.043      6.792      0.000
    S3                 0.156      0.016      9.485      0.000
    S4                 0.385      0.024     16.281      0.000
    S5                 0.276      0.030      9.157      0.000


R-SQUARE

Group ONLINE

    Observed                                        Two-Tailed
    Variable        Estimate       S.E.  Est./S.E.    P-Value

    AP1                0.731      0.023     31.156      0.000
    AP2                0.296      0.043      6.929      0.000
    AP3                0.718      0.038     18.931      0.000
    AP4                0.776      0.029     26.573      0.000
    AP5                0.500      0.036     13.692      0.000
    AN1                0.267      0.051      5.262      0.000
    AN2                0.456      0.045     10.065      0.000
    AN3                0.681      0.035     19.694      0.000
    AN4                0.581      0.048     12.160      0.000
    AN5                0.573      0.054     10.516      0.000
    S1                 0.818      0.024     33.426      0.000
    S2                 0.883      0.017     52.482      0.000
    S3                 0.879      0.023     38.695      0.000
    S4                 0.552      0.035     15.939      0.000
    S5                 0.822      0.019     43.562      0.000

Group F2F

    Observed                                        Two-Tailed
    Variable        Estimate       S.E.  Est./S.E.    P-Value

    AP1                0.626      0.033     18.853      0.000
    AP2                0.245      0.041      6.032      0.000
    AP3                0.755      0.027     28.220      0.000
    AP4                0.769      0.035     21.748      0.000
    AP5                0.433      0.043     10.117      0.000
    AN1                0.219      0.053      4.149      0.000
    AN2                0.426      0.052      8.242      0.000
    AN3                0.579      0.044     13.191      0.000
    AN4                0.563      0.060      9.369      0.000
    AN5                0.655      0.043     15.198      0.000
    S1                 0.796      0.020     39.622      0.000
    S2                 0.758      0.036     21.046      0.000
    S3                 0.872      0.015     56.659      0.000
    S4                 0.475      0.037     12.884      0.000
    S5                 0.812      0.022     37.054      0.000


CONFIDENCE INTERVALS OF MODEL RESULTS

                  Lower .5%  Lower 2.5%    Lower 5%    Estimate    Upper 5%  Upper 2.5%   Upper .5%

Group ONLINE

 AP       BY
    AP1              1.000       1.000       1.000       1.000       1.000       1.000       1.000
    AP2              0.422       0.448       0.461       0.530       0.600       0.613       0.639
    AP3              0.798       0.816       0.826       0.875       0.925       0.934       0.953
    AP4              0.800       0.817       0.826       0.874       0.921       0.930       0.948
    AP5              0.442       0.464       0.475       0.532       0.589       0.600       0.621
    AN2             -0.331      -0.288      -0.267      -0.154      -0.042      -0.020       0.022

 AN       BY
    AN1              1.000       1.000       1.000       1.000       1.000       1.000       1.000
    AN2              0.962       1.064       1.115       1.387       1.658       1.710       1.812
    AN3              1.175       1.273       1.323       1.584       1.845       1.895       1.993
    AN4              1.013       1.091       1.131       1.339       1.547       1.586       1.664
    AN5              0.958       1.060       1.113       1.386       1.660       1.713       1.815
    AP2              0.107       0.170       0.203       0.372       0.541       0.574       0.637

 ST       BY
    S1               1.000       1.000       1.000       1.000       1.000       1.000       1.000
    S2               0.920       0.932       0.938       0.969       1.000       1.006       1.018
    S3               0.919       0.932       0.939       0.973       1.008       1.015       1.028
    S4               0.516       0.535       0.545       0.596       0.648       0.658       0.677
    S5               0.988       1.001       1.007       1.043       1.078       1.084       1.098

 AN       WITH
    AP              -0.413      -0.387      -0.374      -0.305      -0.237      -0.224      -0.198

 ST       WITH
    AP               0.873       0.907       0.925       1.016       1.107       1.125       1.159
    AN              -0.407      -0.382      -0.369      -0.303      -0.236      -0.223      -0.198

 Means
    AP               0.000       0.000       0.000       0.000       0.000       0.000       0.000
    AN               0.000       0.000       0.000       0.000       0.000       0.000       0.000
    ST               0.000       0.000       0.000       0.000       0.000       0.000       0.000

 Intercepts
    AP1              0.000       0.000       0.000       0.000       0.000       0.000       0.000
    AP2              0.000       0.000       0.000       0.000       0.000       0.000       0.000
    AP3              0.000       0.000       0.000       0.000       0.000       0.000       0.000
    AP4              0.000       0.000       0.000       0.000       0.000       0.000       0.000
    AP5              0.000       0.000       0.000       0.000       0.000       0.000       0.000
    AN1              0.000       0.000       0.000       0.000       0.000       0.000       0.000
    AN2              0.000       0.000       0.000       0.000       0.000       0.000       0.000
    AN3              0.000       0.000       0.000       0.000       0.000       0.000       0.000
    AN4              0.000       0.000       0.000       0.000       0.000       0.000       0.000
    AN5              0.000       0.000       0.000       0.000       0.000       0.000       0.000
    S1               0.000       0.000       0.000       0.000       0.000       0.000       0.000
    S2               0.000       0.000       0.000       0.000       0.000       0.000       0.000
    S3               0.000       0.000       0.000       0.000       0.000       0.000       0.000
    S4               0.000       0.000       0.000       0.000       0.000       0.000       0.000
    S5               0.000       0.000       0.000       0.000       0.000       0.000       0.000

 Variances
    AP               0.923       0.960       0.979       1.079       1.179       1.198       1.236
    AN               0.097       0.124       0.138       0.211       0.283       0.297       0.324
    ST               1.002       1.040       1.060       1.162       1.264       1.284       1.322

 Residual Variances
    AP1              0.309       0.330       0.341       0.397       0.454       0.465       0.486
    AP2              0.412       0.434       0.446       0.506       0.566       0.577       0.600
    AP3              0.213       0.239       0.253       0.325       0.397       0.410       0.437
    AP4              0.161       0.179       0.188       0.237       0.286       0.295       0.314
    AP5              0.251       0.264       0.271       0.306       0.340       0.347       0.360
    AN1              0.452       0.483       0.498       0.580       0.661       0.677       0.707
    AN2              0.517       0.554       0.572       0.671       0.769       0.788       0.825
    AN3              0.181       0.197       0.205       0.248       0.290       0.298       0.314
    AN4              0.192       0.211       0.221       0.273       0.324       0.334       0.353
    AN5              0.200       0.225       0.237       0.302       0.368       0.380       0.404
    S1               0.169       0.191       0.202       0.259       0.317       0.328       0.349
    S2               0.094       0.106       0.112       0.145       0.177       0.184       0.196
    S3               0.079       0.096       0.105       0.152       0.198       0.207       0.224
    S4               0.277       0.291       0.298       0.335       0.372       0.379       0.393
    S5               0.198       0.216       0.225       0.273       0.321       0.330       0.347

Group F2F

 AP       BY
    AP1              1.000       1.000       1.000       1.000       1.000       1.000       1.000
    AP2              0.387       0.423       0.441       0.535       0.629       0.647       0.682
    AP3              0.878       0.900       0.912       0.973       1.034       1.045       1.068
    AP4              0.860       0.885       0.898       0.965       1.033       1.046       1.071
    AP5              0.505       0.530       0.543       0.612       0.680       0.693       0.719
    AN2             -0.521      -0.474      -0.450      -0.326      -0.201      -0.177      -0.130

 AN       BY
    AN1              1.000       1.000       1.000       1.000       1.000       1.000       1.000
    AN2              0.518       0.634       0.694       1.003       1.313       1.373       1.488
    AN3              1.033       1.157       1.220       1.550       1.880       1.943       2.067
    AN4              0.957       1.071       1.130       1.435       1.741       1.799       1.914
    AN5              1.068       1.198       1.265       1.614       1.963       2.029       2.160
    AP2             -0.206      -0.127      -0.086       0.127       0.340       0.381       0.461

 ST       BY
    S1               1.000       1.000       1.000       1.000       1.000       1.000       1.000
    S2               0.801       0.819       0.828       0.877       0.925       0.935       0.953
    S3               0.891       0.903       0.910       0.943       0.976       0.982       0.995
    S4               0.451       0.472       0.483       0.540       0.597       0.607       0.629
    S5               0.937       0.952       0.959       0.998       1.036       1.043       1.058

 AN       WITH
    AP              -0.381      -0.355      -0.342      -0.274      -0.206      -0.193      -0.167

 ST       WITH
    AP               0.764       0.801       0.820       0.917       1.015       1.034       1.071
    AN              -0.438      -0.410      -0.396      -0.321      -0.246      -0.231      -0.203

 Means
    AP               0.000       0.000       0.000       0.000       0.000       0.000       0.000
    AN               0.000       0.000       0.000       0.000       0.000       0.000       0.000
    ST               0.000       0.000       0.000       0.000       0.000       0.000       0.000

 Intercepts
    AP1              0.000       0.000       0.000       0.000       0.000       0.000       0.000
    AP2              0.000       0.000       0.000       0.000       0.000       0.000       0.000
    AP3              0.000       0.000       0.000       0.000       0.000       0.000       0.000
    AP4              0.000       0.000       0.000       0.000       0.000       0.000       0.000
    AP5              0.000       0.000       0.000       0.000       0.000       0.000       0.000
    AN1              0.000       0.000       0.000       0.000       0.000       0.000       0.000
    AN2              0.000       0.000       0.000       0.000       0.000       0.000       0.000
    AN3              0.000       0.000       0.000       0.000       0.000       0.000       0.000
    AN4              0.000       0.000       0.000       0.000       0.000       0.000       0.000
    AN5              0.000       0.000       0.000       0.000       0.000       0.000       0.000
    S1               0.000       0.000       0.000       0.000       0.000       0.000       0.000
    S2               0.000       0.000       0.000       0.000       0.000       0.000       0.000
    S3               0.000       0.000       0.000       0.000       0.000       0.000       0.000
    S4               0.000       0.000       0.000       0.000       0.000       0.000       0.000
    S5               0.000       0.000       0.000       0.000       0.000       0.000       0.000

 Variances
    AP               0.710       0.751       0.772       0.880       0.988       1.009       1.049
    AN               0.070       0.100       0.116       0.199       0.281       0.297       0.328
    ST               1.023       1.065       1.086       1.197       1.308       1.329       1.371

 Residual Variances
    AP1              0.398       0.428       0.444       0.525       0.606       0.621       0.651
    AP2              0.551       0.580       0.595       0.672       0.750       0.765       0.794
    AP3              0.202       0.218       0.227       0.270       0.314       0.322       0.339
    AP4              0.153       0.175       0.187       0.247       0.307       0.318       0.341
    AP5              0.343       0.364       0.374       0.430       0.486       0.497       0.518
    AN1              0.546       0.585       0.604       0.707       0.810       0.830       0.869
    AN2              0.474       0.513       0.533       0.636       0.740       0.760       0.799
    AN3              0.249       0.272       0.284       0.347       0.409       0.421       0.445
    AN4              0.202       0.230       0.244       0.318       0.392       0.406       0.433
    AN5              0.192       0.211       0.221       0.273       0.324       0.334       0.353
    S1               0.233       0.251       0.260       0.307       0.354       0.363       0.381
    S2               0.182       0.209       0.222       0.293       0.364       0.378       0.405
    S3               0.114       0.124       0.129       0.156       0.183       0.188       0.198
    S4               0.324       0.339       0.346       0.385       0.424       0.432       0.446
    S5               0.198       0.217       0.227       0.276       0.326       0.335       0.354


CONFIDENCE INTERVALS OF STANDARDIZED MODEL RESULTS


STDYX Standardization

                  Lower .5%  Lower 2.5%    Lower 5%    Estimate    Upper 5%  Upper 2.5%   Upper .5%

Group ONLINE

 AP       BY
    AP1              0.820       0.828       0.832       0.855       0.877       0.882       0.890
    AP2              0.541       0.567       0.580       0.650       0.720       0.734       0.760
    AP3              0.790       0.803       0.810       0.847       0.884       0.891       0.905
    AP4              0.838       0.849       0.854       0.881       0.908       0.914       0.924
    AP5              0.640       0.656       0.664       0.707       0.749       0.757       0.773
    AN2             -0.311      -0.271      -0.251      -0.144      -0.038      -0.018       0.022

 AN       BY
    AN1              0.390       0.420       0.436       0.516       0.597       0.612       0.643
    AN2              0.411       0.450       0.469       0.573       0.677       0.697       0.736
    AN3              0.771       0.784       0.791       0.825       0.860       0.866       0.879
    AN4              0.681       0.701       0.711       0.762       0.814       0.824       0.843
    AN5              0.664       0.686       0.698       0.757       0.816       0.827       0.849
    AP2              0.055       0.090       0.108       0.201       0.295       0.313       0.348

 ST       BY
    S1               0.869       0.878       0.882       0.904       0.927       0.931       0.939
    S2               0.917       0.922       0.925       0.940       0.954       0.957       0.963
    S3               0.906       0.914       0.918       0.938       0.957       0.961       0.969
    S4               0.683       0.698       0.705       0.743       0.782       0.789       0.803
    S5               0.880       0.886       0.890       0.907       0.924       0.927       0.934

 AN       WITH
    AP              -0.802      -0.763      -0.744      -0.641      -0.538      -0.518      -0.479

 ST       WITH
    AP               0.873       0.881       0.886       0.907       0.929       0.933       0.941
    AN              -0.749      -0.717      -0.700      -0.612      -0.524      -0.507      -0.474

 Means
    AP               0.000       0.000       0.000       0.000       0.000       0.000       0.000
    AN               0.000       0.000       0.000       0.000       0.000       0.000       0.000
    ST               0.000       0.000       0.000       0.000       0.000       0.000       0.000

 Intercepts
    AP1              0.000       0.000       0.000       0.000       0.000       0.000       0.000
    AP2              0.000       0.000       0.000       0.000       0.000       0.000       0.000
    AP3              0.000       0.000       0.000       0.000       0.000       0.000       0.000
    AP4              0.000       0.000       0.000       0.000       0.000       0.000       0.000
    AP5              0.000       0.000       0.000       0.000       0.000       0.000       0.000
    AN1              0.000       0.000       0.000       0.000       0.000       0.000       0.000
    AN2              0.000       0.000       0.000       0.000       0.000       0.000       0.000
    AN3              0.000       0.000       0.000       0.000       0.000       0.000       0.000
    AN4              0.000       0.000       0.000       0.000       0.000       0.000       0.000
    AN5              0.000       0.000       0.000       0.000       0.000       0.000       0.000
    S1               0.000       0.000       0.000       0.000       0.000       0.000       0.000
    S2               0.000       0.000       0.000       0.000       0.000       0.000       0.000
    S3               0.000       0.000       0.000       0.000       0.000       0.000       0.000
    S4               0.000       0.000       0.000       0.000       0.000       0.000       0.000
    S5               0.000       0.000       0.000       0.000       0.000       0.000       0.000

 Variances
    AP               1.000       1.000       1.000       1.000       1.000       1.000       1.000
    AN               1.000       1.000       1.000       1.000       1.000       1.000       1.000
    ST               1.000       1.000       1.000       1.000       1.000       1.000       1.000

 Residual Variances
    AP1              0.209       0.223       0.231       0.269       0.308       0.315       0.330
    AP2              0.595       0.621       0.634       0.704       0.775       0.788       0.814
    AP3              0.184       0.208       0.220       0.282       0.345       0.356       0.380
    AP4              0.148       0.166       0.175       0.224       0.272       0.281       0.299
    AP5              0.407       0.429       0.440       0.500       0.561       0.572       0.594
    AN1              0.603       0.634       0.650       0.733       0.817       0.833       0.864
    AN2              0.428       0.456       0.470       0.544       0.619       0.633       0.661
    AN3              0.230       0.251       0.262       0.319       0.376       0.387       0.408
    AN4              0.296       0.326       0.341       0.419       0.498       0.513       0.542
    AN5              0.287       0.321       0.338       0.427       0.517       0.534       0.568
    S1               0.119       0.134       0.142       0.182       0.223       0.230       0.245
    S2               0.074       0.084       0.089       0.117       0.145       0.150       0.160
    S3               0.063       0.077       0.084       0.121       0.158       0.166       0.180
    S4               0.358       0.380       0.391       0.448       0.505       0.516       0.537
    S5               0.129       0.141       0.147       0.178       0.209       0.215       0.226

Group F2F

 AP       BY
    AP1              0.737       0.750       0.757       0.792       0.826       0.833       0.846
    AP2              0.390       0.424       0.441       0.532       0.623       0.640       0.674
    AP3              0.829       0.839       0.844       0.869       0.894       0.899       0.909
    AP4              0.825       0.837       0.844       0.877       0.910       0.916       0.929
    AP5              0.575       0.595       0.605       0.658       0.712       0.722       0.742
    AN2             -0.461      -0.420      -0.399      -0.290      -0.181      -0.160      -0.119

 AN       BY
    AN1              0.323       0.358       0.375       0.468       0.561       0.579       0.614
    AN2              0.252       0.294       0.315       0.425       0.535       0.556       0.597
    AN3              0.687       0.705       0.714       0.761       0.809       0.818       0.835
    AN4              0.647       0.672       0.684       0.750       0.816       0.829       0.853
    AN5              0.741       0.757       0.765       0.809       0.853       0.861       0.878
    AP2             -0.103      -0.064      -0.044       0.060       0.164       0.184       0.223

 ST       BY
    S1               0.863       0.870       0.874       0.892       0.911       0.914       0.921
    S2               0.818       0.830       0.837       0.871       0.905       0.911       0.924
    S3               0.913       0.918       0.920       0.934       0.947       0.950       0.955
    S4               0.620       0.637       0.645       0.689       0.733       0.742       0.758
    S5               0.870       0.877       0.881       0.901       0.921       0.925       0.932

 AN       WITH
    AP              -0.787      -0.756      -0.740      -0.655      -0.571      -0.555      -0.523

 ST       WITH
    AP               0.852       0.862       0.867       0.894       0.920       0.926       0.935
    AN              -0.776      -0.748      -0.733      -0.658      -0.582      -0.568      -0.540

 Means
    AP               0.000       0.000       0.000       0.000       0.000       0.000       0.000
    AN               0.000       0.000       0.000       0.000       0.000       0.000       0.000
    ST               0.000       0.000       0.000       0.000       0.000       0.000       0.000

 Intercepts
    AP1              0.000       0.000       0.000       0.000       0.000       0.000       0.000
    AP2              0.000       0.000       0.000       0.000       0.000       0.000       0.000
    AP3              0.000       0.000       0.000       0.000       0.000       0.000       0.000
    AP4              0.000       0.000       0.000       0.000       0.000       0.000       0.000
    AP5              0.000       0.000       0.000       0.000       0.000       0.000       0.000
    AN1              0.000       0.000       0.000       0.000       0.000       0.000       0.000
    AN2              0.000       0.000       0.000       0.000       0.000       0.000       0.000
    AN3              0.000       0.000       0.000       0.000       0.000       0.000       0.000
    AN4              0.000       0.000       0.000       0.000       0.000       0.000       0.000
    AN5              0.000       0.000       0.000       0.000       0.000       0.000       0.000
    S1               0.000       0.000       0.000       0.000       0.000       0.000       0.000
    S2               0.000       0.000       0.000       0.000       0.000       0.000       0.000
    S3               0.000       0.000       0.000       0.000       0.000       0.000       0.000
    S4               0.000       0.000       0.000       0.000       0.000       0.000       0.000
    S5               0.000       0.000       0.000       0.000       0.000       0.000       0.000

 Variances
    AP               1.000       1.000       1.000       1.000       1.000       1.000       1.000
    AN               1.000       1.000       1.000       1.000       1.000       1.000       1.000
    ST               1.000       1.000       1.000       1.000       1.000       1.000       1.000

 Residual Variances
    AP1              0.288       0.308       0.319       0.374       0.428       0.439       0.459
    AP2              0.651       0.676       0.689       0.755       0.822       0.835       0.860
    AP3              0.176       0.193       0.201       0.245       0.289       0.297       0.314
    AP4              0.140       0.162       0.173       0.231       0.289       0.301       0.322
    AP5              0.456       0.483       0.496       0.567       0.637       0.651       0.677
    AN1              0.645       0.677       0.694       0.781       0.868       0.884       0.917
    AN2              0.441       0.473       0.489       0.574       0.659       0.675       0.707
    AN3              0.308       0.335       0.349       0.421       0.493       0.507       0.534
    AN4              0.282       0.319       0.338       0.437       0.536       0.555       0.592
    AN5              0.234       0.261       0.274       0.345       0.416       0.430       0.456
    S1               0.153       0.165       0.171       0.204       0.237       0.244       0.256
    S2               0.149       0.171       0.182       0.242       0.301       0.312       0.335
    S3               0.088       0.098       0.103       0.128       0.153       0.158       0.168
    S4               0.430       0.452       0.464       0.525       0.585       0.597       0.620
    S5               0.132       0.145       0.152       0.188       0.224       0.231       0.245


STDY Standardization

                  Lower .5%  Lower 2.5%    Lower 5%    Estimate    Upper 5%  Upper 2.5%   Upper .5%

Group ONLINE

 AP       BY
    AP1              0.820       0.828       0.832       0.855       0.877       0.882       0.890
    AP2              0.541       0.567       0.580       0.650       0.720       0.734       0.760
    AP3              0.790       0.803       0.810       0.847       0.884       0.891       0.905
    AP4              0.838       0.849       0.854       0.881       0.908       0.914       0.924
    AP5              0.640       0.656       0.664       0.707       0.749       0.757       0.773
    AN2             -0.311      -0.271      -0.251      -0.144      -0.038      -0.018       0.022

 AN       BY
    AN1              0.390       0.420       0.436       0.516       0.597       0.612       0.643
    AN2              0.411       0.450       0.469       0.573       0.677       0.697       0.736
    AN3              0.771       0.784       0.791       0.825       0.860       0.866       0.879
    AN4              0.681       0.701       0.711       0.762       0.814       0.824       0.843
    AN5              0.664       0.686       0.698       0.757       0.816       0.827       0.849
    AP2              0.055       0.090       0.108       0.201       0.295       0.313       0.348

 ST       BY
    S1               0.869       0.878       0.882       0.904       0.927       0.931       0.939
    S2               0.917       0.922       0.925       0.940       0.954       0.957       0.963
    S3               0.906       0.914       0.918       0.938       0.957       0.961       0.969
    S4               0.683       0.698       0.705       0.743       0.782       0.789       0.803
    S5               0.880       0.886       0.890       0.907       0.924       0.927       0.934

 AN       WITH
    AP              -0.802      -0.763      -0.744      -0.641      -0.538      -0.518      -0.479

 ST       WITH
    AP               0.873       0.881       0.886       0.907       0.929       0.933       0.941
    AN              -0.749      -0.717      -0.700      -0.612      -0.524      -0.507      -0.474

 Means
    AP               0.000       0.000       0.000       0.000       0.000       0.000       0.000
    AN               0.000       0.000       0.000       0.000       0.000       0.000       0.000
    ST               0.000       0.000       0.000       0.000       0.000       0.000       0.000

 Intercepts
    AP1              0.000       0.000       0.000       0.000       0.000       0.000       0.000
    AP2              0.000       0.000       0.000       0.000       0.000       0.000       0.000
    AP3              0.000       0.000       0.000       0.000       0.000       0.000       0.000
    AP4              0.000       0.000       0.000       0.000       0.000       0.000       0.000
    AP5              0.000       0.000       0.000       0.000       0.000       0.000       0.000
    AN1              0.000       0.000       0.000       0.000       0.000       0.000       0.000
    AN2              0.000       0.000       0.000       0.000       0.000       0.000       0.000
    AN3              0.000       0.000       0.000       0.000       0.000       0.000       0.000
    AN4              0.000       0.000       0.000       0.000       0.000       0.000       0.000
    AN5              0.000       0.000       0.000       0.000       0.000       0.000       0.000
    S1               0.000       0.000       0.000       0.000       0.000       0.000       0.000
    S2               0.000       0.000       0.000       0.000       0.000       0.000       0.000
    S3               0.000       0.000       0.000       0.000       0.000       0.000       0.000
    S4               0.000       0.000       0.000       0.000       0.000       0.000       0.000
    S5               0.000       0.000       0.000       0.000       0.000       0.000       0.000

 Variances
    AP               1.000       1.000       1.000       1.000       1.000       1.000       1.000
    AN               1.000       1.000       1.000       1.000       1.000       1.000       1.000
    ST               1.000       1.000       1.000       1.000       1.000       1.000       1.000

 Residual Variances
    AP1              0.209       0.223       0.231       0.269       0.308       0.315       0.330
    AP2              0.595       0.621       0.634       0.704       0.775       0.788       0.814
    AP3              0.184       0.208       0.220       0.282       0.345       0.356       0.380
    AP4              0.148       0.166       0.175       0.224       0.272       0.281       0.299
    AP5              0.407       0.429       0.440       0.500       0.561       0.572       0.594
    AN1              0.603       0.634       0.650       0.733       0.817       0.833       0.864
    AN2              0.428       0.456       0.470       0.544       0.619       0.633       0.661
    AN3              0.230       0.251       0.262       0.319       0.376       0.387       0.408
    AN4              0.296       0.326       0.341       0.419       0.498       0.513       0.542
    AN5              0.287       0.321       0.338       0.427       0.517       0.534       0.568
    S1               0.119       0.134       0.142       0.182       0.223       0.230       0.245
    S2               0.074       0.084       0.089       0.117       0.145       0.150       0.160
    S3               0.063       0.077       0.084       0.121       0.158       0.166       0.180
    S4               0.358       0.380       0.391       0.448       0.505       0.516       0.537
    S5               0.129       0.141       0.147       0.178       0.209       0.215       0.226

Group F2F

 AP       BY
    AP1              0.737       0.750       0.757       0.792       0.826       0.833       0.846
    AP2              0.390       0.424       0.441       0.532       0.623       0.640       0.674
    AP3              0.829       0.839       0.844       0.869       0.894       0.899       0.909
    AP4              0.825       0.837       0.844       0.877       0.910       0.916       0.929
    AP5              0.575       0.595       0.605       0.658       0.712       0.722       0.742
    AN2             -0.461      -0.420      -0.399      -0.290      -0.181      -0.160      -0.119

 AN       BY
    AN1              0.323       0.358       0.375       0.468       0.561       0.579       0.614
    AN2              0.252       0.294       0.315       0.425       0.535       0.556       0.597
    AN3              0.687       0.705       0.714       0.761       0.809       0.818       0.835
    AN4              0.647       0.672       0.684       0.750       0.816       0.829       0.853
    AN5              0.741       0.757       0.765       0.809       0.853       0.861       0.878
    AP2             -0.103      -0.064      -0.044       0.060       0.164       0.184       0.223

 ST       BY
    S1               0.863       0.870       0.874       0.892       0.911       0.914       0.921
    S2               0.818       0.830       0.837       0.871       0.905       0.911       0.924
    S3               0.913       0.918       0.920       0.934       0.947       0.950       0.955
    S4               0.620       0.637       0.645       0.689       0.733       0.742       0.758
    S5               0.870       0.877       0.881       0.901       0.921       0.925       0.932

 AN       WITH
    AP              -0.787      -0.756      -0.740      -0.655      -0.571      -0.555      -0.523

 ST       WITH
    AP               0.852       0.862       0.867       0.894       0.920       0.926       0.935
    AN              -0.776      -0.748      -0.733      -0.658      -0.582      -0.568      -0.540

 Means
    AP               0.000       0.000       0.000       0.000       0.000       0.000       0.000
    AN               0.000       0.000       0.000       0.000       0.000       0.000       0.000
    ST               0.000       0.000       0.000       0.000       0.000       0.000       0.000

 Intercepts
    AP1              0.000       0.000       0.000       0.000       0.000       0.000       0.000
    AP2              0.000       0.000       0.000       0.000       0.000       0.000       0.000
    AP3              0.000       0.000       0.000       0.000       0.000       0.000       0.000
    AP4              0.000       0.000       0.000       0.000       0.000       0.000       0.000
    AP5              0.000       0.000       0.000       0.000       0.000       0.000       0.000
    AN1              0.000       0.000       0.000       0.000       0.000       0.000       0.000
    AN2              0.000       0.000       0.000       0.000       0.000       0.000       0.000
    AN3              0.000       0.000       0.000       0.000       0.000       0.000       0.000
    AN4              0.000       0.000       0.000       0.000       0.000       0.000       0.000
    AN5              0.000       0.000       0.000       0.000       0.000       0.000       0.000
    S1               0.000       0.000       0.000       0.000       0.000       0.000       0.000
    S2               0.000       0.000       0.000       0.000       0.000       0.000       0.000
    S3               0.000       0.000       0.000       0.000       0.000       0.000       0.000
    S4               0.000       0.000       0.000       0.000       0.000       0.000       0.000
    S5               0.000       0.000       0.000       0.000       0.000       0.000       0.000

 Variances
    AP               1.000       1.000       1.000       1.000       1.000       1.000       1.000
    AN               1.000       1.000       1.000       1.000       1.000       1.000       1.000
    ST               1.000       1.000       1.000       1.000       1.000       1.000       1.000

 Residual Variances
    AP1              0.288       0.308       0.319       0.374       0.428       0.439       0.459
    AP2              0.651       0.676       0.689       0.755       0.822       0.835       0.860
    AP3              0.176       0.193       0.201       0.245       0.289       0.297       0.314
    AP4              0.140       0.162       0.173       0.231       0.289       0.301       0.322
    AP5              0.456       0.483       0.496       0.567       0.637       0.651       0.677
    AN1              0.645       0.677       0.694       0.781       0.868       0.884       0.917
    AN2              0.441       0.473       0.489       0.574       0.659       0.675       0.707
    AN3              0.308       0.335       0.349       0.421       0.493       0.507       0.534
    AN4              0.282       0.319       0.338       0.437       0.536       0.555       0.592
    AN5              0.234       0.261       0.274       0.345       0.416       0.430       0.456
    S1               0.153       0.165       0.171       0.204       0.237       0.244       0.256
    S2               0.149       0.171       0.182       0.242       0.301       0.312       0.335
    S3               0.088       0.098       0.103       0.128       0.153       0.158       0.168
    S4               0.430       0.452       0.464       0.525       0.585       0.597       0.620
    S5               0.132       0.145       0.152       0.188       0.224       0.231       0.245


STD Standardization

                  Lower .5%  Lower 2.5%    Lower 5%    Estimate    Upper 5%  Upper 2.5%   Upper .5%

Group ONLINE

 AP       BY
    AP1              0.963       0.982       0.991       1.039       1.087       1.096       1.114
    AP2              0.434       0.462       0.476       0.551       0.626       0.640       0.668
    AP3              0.816       0.838       0.849       0.909       0.969       0.980       1.003
    AP4              0.822       0.842       0.853       0.908       0.963       0.973       0.994
    AP5              0.455       0.478       0.490       0.552       0.615       0.626       0.650
    AN2             -0.345      -0.301      -0.278      -0.160      -0.042      -0.020       0.025

 AN       BY
    AN1              0.336       0.365       0.380       0.459       0.538       0.553       0.582
    AN2              0.448       0.493       0.516       0.637       0.757       0.780       0.825
    AN3              0.636       0.658       0.669       0.727       0.785       0.796       0.818
    AN4              0.514       0.538       0.550       0.614       0.679       0.691       0.715
    AN5              0.530       0.556       0.569       0.636       0.704       0.717       0.743
    AP2              0.046       0.076       0.091       0.171       0.250       0.265       0.295

 ST       BY
    S1               1.004       1.021       1.030       1.078       1.125       1.134       1.152
    S2               0.970       0.988       0.997       1.045       1.092       1.101       1.119
    S3               0.974       0.992       1.001       1.049       1.097       1.107       1.125
    S4               0.545       0.568       0.580       0.643       0.706       0.717       0.741
    S5               1.052       1.069       1.078       1.124       1.169       1.178       1.195

 AN       WITH
    AP              -0.802      -0.763      -0.744      -0.641      -0.538      -0.518      -0.479

 ST       WITH
    AP               0.873       0.881       0.886       0.907       0.929       0.933       0.941
    AN              -0.749      -0.717      -0.700      -0.612      -0.524      -0.507      -0.474

 Means
    AP               0.000       0.000       0.000       0.000       0.000       0.000       0.000
    AN               0.000       0.000       0.000       0.000       0.000       0.000       0.000
    ST               0.000       0.000       0.000       0.000       0.000       0.000       0.000

 Intercepts
    AP1              0.000       0.000       0.000       0.000       0.000       0.000       0.000
    AP2              0.000       0.000       0.000       0.000       0.000       0.000       0.000
    AP3              0.000       0.000       0.000       0.000       0.000       0.000       0.000
    AP4              0.000       0.000       0.000       0.000       0.000       0.000       0.000
    AP5              0.000       0.000       0.000       0.000       0.000       0.000       0.000
    AN1              0.000       0.000       0.000       0.000       0.000       0.000       0.000
    AN2              0.000       0.000       0.000       0.000       0.000       0.000       0.000
    AN3              0.000       0.000       0.000       0.000       0.000       0.000       0.000
    AN4              0.000       0.000       0.000       0.000       0.000       0.000       0.000
    AN5              0.000       0.000       0.000       0.000       0.000       0.000       0.000
    S1               0.000       0.000       0.000       0.000       0.000       0.000       0.000
    S2               0.000       0.000       0.000       0.000       0.000       0.000       0.000
    S3               0.000       0.000       0.000       0.000       0.000       0.000       0.000
    S4               0.000       0.000       0.000       0.000       0.000       0.000       0.000
    S5               0.000       0.000       0.000       0.000       0.000       0.000       0.000

 Variances
    AP               1.000       1.000       1.000       1.000       1.000       1.000       1.000
    AN               1.000       1.000       1.000       1.000       1.000       1.000       1.000
    ST               1.000       1.000       1.000       1.000       1.000       1.000       1.000

 Residual Variances
    AP1              0.309       0.330       0.341       0.397       0.454       0.465       0.486
    AP2              0.412       0.434       0.446       0.506       0.566       0.577       0.600
    AP3              0.213       0.239       0.253       0.325       0.397       0.410       0.437
    AP4              0.161       0.179       0.188       0.237       0.286       0.295       0.314
    AP5              0.251       0.264       0.271       0.306       0.340       0.347       0.360
    AN1              0.452       0.483       0.498       0.580       0.661       0.677       0.707
    AN2              0.517       0.554       0.572       0.671       0.769       0.788       0.825
    AN3              0.181       0.197       0.205       0.248       0.290       0.298       0.314
    AN4              0.192       0.211       0.221       0.273       0.324       0.334       0.353
    AN5              0.200       0.225       0.237       0.302       0.368       0.380       0.404
    S1               0.169       0.191       0.202       0.259       0.317       0.328       0.349
    S2               0.094       0.106       0.112       0.145       0.177       0.184       0.196
    S3               0.079       0.096       0.105       0.152       0.198       0.207       0.224
    S4               0.277       0.291       0.298       0.335       0.372       0.379       0.393
    S5               0.198       0.216       0.225       0.273       0.321       0.330       0.347

Group F2F

 AP       BY
    AP1              0.848       0.869       0.880       0.938       0.996       1.007       1.028
    AP2              0.354       0.390       0.408       0.502       0.596       0.614       0.649
    AP3              0.819       0.842       0.853       0.912       0.972       0.983       1.006
    AP4              0.810       0.833       0.844       0.905       0.967       0.978       1.001
    AP5              0.466       0.492       0.505       0.574       0.643       0.656       0.682
    AN2             -0.485      -0.442      -0.420      -0.305      -0.191      -0.169      -0.126

 AN       BY
    AN1              0.301       0.336       0.353       0.446       0.538       0.556       0.590
    AN2              0.259       0.304       0.327       0.447       0.568       0.591       0.636
    AN3              0.591       0.615       0.627       0.691       0.754       0.767       0.790
    AN4              0.524       0.552       0.566       0.640       0.713       0.727       0.755
    AN5              0.612       0.637       0.651       0.719       0.788       0.801       0.827
    AP2             -0.096      -0.060      -0.041       0.057       0.154       0.173       0.210

 ST       BY
    S1               1.015       1.034       1.043       1.094       1.145       1.155       1.174
    S2               0.864       0.887       0.898       0.959       1.020       1.032       1.055
    S3               0.947       0.967       0.978       1.031       1.085       1.095       1.116
    S4               0.486       0.511       0.524       0.591       0.658       0.671       0.696
    S5               1.009       1.029       1.039       1.091       1.144       1.154       1.174

 AN       WITH
    AP              -0.787      -0.756      -0.740      -0.655      -0.571      -0.555      -0.523

 ST       WITH
    AP               0.852       0.862       0.867       0.894       0.920       0.926       0.935
    AN              -0.776      -0.748      -0.733      -0.658      -0.582      -0.568      -0.540

 Means
    AP               0.000       0.000       0.000       0.000       0.000       0.000       0.000
    AN               0.000       0.000       0.000       0.000       0.000       0.000       0.000
    ST               0.000       0.000       0.000       0.000       0.000       0.000       0.000

 Intercepts
    AP1              0.000       0.000       0.000       0.000       0.000       0.000       0.000
    AP2              0.000       0.000       0.000       0.000       0.000       0.000       0.000
    AP3              0.000       0.000       0.000       0.000       0.000       0.000       0.000
    AP4              0.000       0.000       0.000       0.000       0.000       0.000       0.000
    AP5              0.000       0.000       0.000       0.000       0.000       0.000       0.000
    AN1              0.000       0.000       0.000       0.000       0.000       0.000       0.000
    AN2              0.000       0.000       0.000       0.000       0.000       0.000       0.000
    AN3              0.000       0.000       0.000       0.000       0.000       0.000       0.000
    AN4              0.000       0.000       0.000       0.000       0.000       0.000       0.000
    AN5              0.000       0.000       0.000       0.000       0.000       0.000       0.000
    S1               0.000       0.000       0.000       0.000       0.000       0.000       0.000
    S2               0.000       0.000       0.000       0.000       0.000       0.000       0.000
    S3               0.000       0.000       0.000       0.000       0.000       0.000       0.000
    S4               0.000       0.000       0.000       0.000       0.000       0.000       0.000
    S5               0.000       0.000       0.000       0.000       0.000       0.000       0.000

 Variances
    AP               1.000       1.000       1.000       1.000       1.000       1.000       1.000
    AN               1.000       1.000       1.000       1.000       1.000       1.000       1.000
    ST               1.000       1.000       1.000       1.000       1.000       1.000       1.000

 Residual Variances
    AP1              0.398       0.428       0.444       0.525       0.606       0.621       0.651
    AP2              0.551       0.580       0.595       0.672       0.750       0.765       0.794
    AP3              0.202       0.218       0.227       0.270       0.314       0.322       0.339
    AP4              0.153       0.175       0.187       0.247       0.307       0.318       0.341
    AP5              0.343       0.364       0.374       0.430       0.486       0.497       0.518
    AN1              0.546       0.585       0.604       0.707       0.810       0.830       0.869
    AN2              0.474       0.513       0.533       0.636       0.740       0.760       0.799
    AN3              0.249       0.272       0.284       0.347       0.409       0.421       0.445
    AN4              0.202       0.230       0.244       0.318       0.392       0.406       0.433
    AN5              0.192       0.211       0.221       0.273       0.324       0.334       0.353
    S1               0.233       0.251       0.260       0.307       0.354       0.363       0.381
    S2               0.182       0.209       0.222       0.293       0.364       0.378       0.405
    S3               0.114       0.124       0.129       0.156       0.183       0.188       0.198
    S4               0.324       0.339       0.346       0.385       0.424       0.432       0.446
    S5               0.198       0.217       0.227       0.276       0.326       0.335       0.354


RESIDUAL OUTPUT


     ESTIMATED MODEL AND RESIDUALS (OBSERVED - ESTIMATED) FOR ONLINE


           Model Estimated Means
              AP1           AP2           AP3           AP4           AP5
              ________      ________      ________      ________      ________
                0.000         0.000         0.000         0.000         0.000


           Model Estimated Means
              AN1           AN2           AN3           AN4           AN5
              ________      ________      ________      ________      ________
                0.000         0.000         0.000         0.000         0.000


           Model Estimated Means
              S1            S2            S3            S4            S5
              ________      ________      ________      ________      ________
                0.000         0.000         0.000         0.000         0.000


           Residuals for Means
              AP1           AP2           AP3           AP4           AP5
              ________      ________      ________      ________      ________
                0.000         0.000         0.000         0.000         0.000


           Residuals for Means
              AN1           AN2           AN3           AN4           AN5
              ________      ________      ________      ________      ________
                0.000         0.000         0.000         0.000         0.000


           Residuals for Means
              S1            S2            S3            S4            S5
              ________      ________      ________      ________      ________
                0.000         0.000         0.000         0.000         0.000


           Standardized Residuals (z-scores) for Means
              AP1           AP2           AP3           AP4           AP5
              ________      ________      ________      ________      ________
                0.000         0.000         0.000         0.000         0.000


           Standardized Residuals (z-scores) for Means
              AN1           AN2           AN3           AN4           AN5
              ________      ________      ________      ________      ________
                0.000         0.000         0.000         0.000         0.000


           Standardized Residuals (z-scores) for Means
              S1            S2            S3            S4            S5
              ________      ________      ________      ________      ________
                0.000         0.000         0.000         0.000         0.000


           Normalized Residuals for Means
              AP1           AP2           AP3           AP4           AP5
              ________      ________      ________      ________      ________
                0.000         0.000         0.000         0.000         0.000


           Normalized Residuals for Means
              AN1           AN2           AN3           AN4           AN5
              ________      ________      ________      ________      ________
                0.000         0.000         0.000         0.000         0.000


           Normalized Residuals for Means
              S1            S2            S3            S4            S5
              ________      ________      ________      ________      ________
                0.000         0.000         0.000         0.000         0.000


           Model Estimated Covariances
              AP1           AP2           AP3           AP4           AP5
              ________      ________      ________      ________      ________
 AP1            1.477
 AP2            0.459         0.718
 AP3            0.944         0.402         1.151
 AP4            0.943         0.401         0.825         1.061
 AP5            0.574         0.244         0.502         0.501         0.611
 AN1           -0.305        -0.084        -0.267        -0.267        -0.162
 AN2           -0.590        -0.187        -0.516        -0.516        -0.314
 AN3           -0.484        -0.132        -0.423        -0.423        -0.257
 AN4           -0.409        -0.112        -0.358        -0.357        -0.217
 AN5           -0.423        -0.116        -0.371        -0.370        -0.225
 S1             1.016         0.426         0.889         0.888         0.540
 S2             0.985         0.413         0.862         0.860         0.524
 S3             0.989         0.415         0.865         0.864         0.526
 S4             0.606         0.254         0.530         0.530         0.322
 S5             1.059         0.444         0.927         0.926         0.563


           Model Estimated Covariances
              AN1           AN2           AN3           AN4           AN5
              ________      ________      ________      ________      ________
 AN1            0.790
 AN2            0.339         1.232
 AN3            0.334         0.537         0.776
 AN4            0.282         0.454         0.447         0.650
 AN5            0.292         0.470         0.463         0.391         0.707
 S1            -0.303        -0.576        -0.479        -0.405        -0.420
 S2            -0.293        -0.559        -0.465        -0.393        -0.407
 S3            -0.295        -0.561        -0.467        -0.394        -0.408
 S4            -0.181        -0.344        -0.286        -0.242        -0.250
 S5            -0.316        -0.601        -0.500        -0.422        -0.437


           Model Estimated Covariances
              S1            S2            S3            S4            S5
              ________      ________      ________      ________      ________
 S1             1.421
 S2             1.126         1.236
 S3             1.131         1.096         1.252
 S4             0.693         0.672         0.674         0.748
 S5             1.211         1.174         1.179         0.722         1.536


           Model Estimated Correlations
              AP1           AP2           AP3           AP4           AP5
              ________      ________      ________      ________      ________
 AP1            1.000
 AP2            0.446         1.000
 AP3            0.724         0.442         1.000
 AP4            0.753         0.459         0.747         1.000
 AP5            0.604         0.368         0.599         0.623         1.000
 AN1           -0.283        -0.111        -0.280        -0.291        -0.234
 AN2           -0.437        -0.199        -0.433        -0.451        -0.362
 AN3           -0.452        -0.177        -0.448        -0.466        -0.374
 AN4           -0.417        -0.164        -0.414        -0.430        -0.345
 AN5           -0.414        -0.163        -0.411        -0.427        -0.343
 S1             0.701         0.422         0.695         0.723         0.580
 S2             0.729         0.439         0.722         0.751         0.603
 S3             0.727         0.438         0.721         0.750         0.601
 S4             0.577         0.347         0.571         0.594         0.477
 S5             0.703         0.423         0.697         0.725         0.582


           Model Estimated Correlations
              AN1           AN2           AN3           AN4           AN5
              ________      ________      ________      ________      ________
 AN1            1.000
 AN2            0.344         1.000
 AN3            0.426         0.549         1.000
 AN4            0.393         0.507         0.629         1.000
 AN5            0.391         0.504         0.624         0.577         1.000
 S1            -0.286        -0.436        -0.456        -0.422        -0.419
 S2            -0.297        -0.453        -0.474        -0.438        -0.435
 S3            -0.296        -0.452        -0.473        -0.437        -0.434
 S4            -0.235        -0.358        -0.375        -0.347        -0.344
 S5            -0.286        -0.437        -0.458        -0.423        -0.420


           Model Estimated Correlations
              S1            S2            S3            S4            S5
              ________      ________      ________      ________      ________
 S1             1.000
 S2             0.850         1.000
 S3             0.848         0.881         1.000
 S4             0.672         0.698         0.697         1.000
 S5             0.820         0.852         0.850         0.674         1.000


           Model Estimated Partial Correlations
              AP1           AP2           AP3           AP4           AP5
              ________      ________      ________      ________      ________
 AP1            1.000
 AP2            0.089         1.000
 AP3            0.204         0.086         1.000
 AP4            0.247         0.104         0.238         1.000
 AP5            0.121         0.051         0.116         0.141         1.000
 AN1           -0.009         0.016        -0.008        -0.010        -0.005
 AN2           -0.035         0.011        -0.034        -0.041        -0.020
 AN3           -0.024         0.046        -0.023        -0.028        -0.014
 AN4           -0.018         0.034        -0.018        -0.021        -0.010
 AN5           -0.018         0.034        -0.017        -0.021        -0.010
 S1             0.044         0.018         0.042         0.051         0.025
 S2             0.061         0.025         0.058         0.071         0.035
 S3             0.059         0.024         0.057         0.069         0.034
 S4             0.022         0.009         0.021         0.025         0.012
 S5             0.045         0.018         0.043         0.052         0.025


           Model Estimated Partial Correlations
              AN1           AN2           AN3           AN4           AN5
              ________      ________      ________      ________      ________
 AN1            1.000
 AN2            0.068         1.000
 AN3            0.141         0.189         1.000
 AN4            0.107         0.142         0.298         1.000
 AN5            0.105         0.140         0.292         0.221         1.000
 S1            -0.004        -0.010        -0.010        -0.008        -0.007
 S2            -0.005        -0.013        -0.014        -0.010        -0.010
 S3            -0.005        -0.013        -0.014        -0.010        -0.010
 S4            -0.002        -0.005        -0.005        -0.004        -0.004
 S5            -0.004        -0.010        -0.010        -0.008        -0.008


           Model Estimated Partial Correlations
              S1            S2            S3            S4            S5
              ________      ________      ________      ________      ________
 S1             1.000
 S2             0.250         1.000
 S3             0.244         0.338         1.000
 S4             0.089         0.123         0.120         1.000
 S5             0.184         0.255         0.249         0.091         1.000


           Residuals for Covariances
              AP1           AP2           AP3           AP4           AP5
              ________      ________      ________      ________      ________
 AP1            0.000
 AP2           -0.007         0.000
 AP3           -0.006         0.039         0.000
 AP4           -0.019        -0.015         0.030         0.000
 AP5           -0.057         0.049        -0.001         0.011         0.000
 AN1            0.035         0.086         0.074         0.050         0.024
 AN2           -0.041         0.056         0.009        -0.004         0.047
 AN3            0.028        -0.002         0.042         0.003         0.006
 AN4            0.039         0.002         0.050         0.030        -0.007
 AN5           -0.069        -0.060        -0.063        -0.086        -0.103
 S1             0.058        -0.025        -0.034        -0.018        -0.014
 S2             0.032        -0.032        -0.053        -0.029         0.027
 S3             0.029        -0.041        -0.036        -0.022         0.006
 S4             0.025         0.049         0.020         0.036         0.074
 S5             0.116        -0.034         0.008         0.021         0.001


           Residuals for Covariances
              AN1           AN2           AN3           AN4           AN5
              ________      ________      ________      ________      ________
 AN1            0.000
 AN2            0.064         0.000
 AN3           -0.005        -0.001         0.000
 AN4            0.036        -0.007         0.012         0.000
 AN5           -0.047        -0.025         0.001        -0.008         0.000
 S1             0.057        -0.029         0.052         0.046        -0.077
 S2             0.034         0.007         0.014         0.062        -0.097
 S3             0.056        -0.008         0.038         0.053        -0.067
 S4             0.051         0.017        -0.002         0.000        -0.069
 S5             0.028        -0.049        -0.003         0.018        -0.120


           Residuals for Covariances
              S1            S2            S3            S4            S5
              ________      ________      ________      ________      ________
 S1             0.000
 S2            -0.001         0.000
 S3            -0.009         0.025         0.000
 S4            -0.025        -0.009        -0.007         0.000
 S5             0.033        -0.025        -0.019         0.019         0.000


           Residuals for Correlations
              AP1           AP2           AP3           AP4           AP5
              ________      ________      ________      ________      ________
 AP1            0.000
 AP2           -0.007         0.000
 AP3           -0.005         0.043         0.000
 AP4           -0.016        -0.017         0.027         0.000
 AP5           -0.060         0.074        -0.001         0.013         0.000
 AN1            0.033         0.114         0.077         0.054         0.035
 AN2           -0.031         0.059         0.007        -0.003         0.055
 AN3            0.026        -0.003         0.044         0.003         0.009
 AN4            0.040         0.003         0.058         0.036        -0.011
 AN5           -0.067        -0.084        -0.070        -0.100        -0.157
 S1             0.040        -0.025        -0.027        -0.014        -0.015
 S2             0.024        -0.033        -0.044        -0.026         0.031
 S3             0.021        -0.044        -0.030        -0.019         0.007
 S4             0.024         0.067         0.022         0.040         0.110
 S5             0.077        -0.033         0.006         0.016         0.001


           Residuals for Correlations
              AN1           AN2           AN3           AN4           AN5
              ________      ________      ________      ________      ________
 AN1            0.000
 AN2            0.064         0.000
 AN3           -0.006        -0.001         0.000
 AN4            0.050        -0.008         0.016         0.000
 AN5           -0.063        -0.027         0.002        -0.011         0.000
 S1             0.054        -0.022         0.050         0.048        -0.076
 S2             0.035         0.005         0.015         0.069        -0.104
 S3             0.056        -0.007         0.039         0.058        -0.071
 S4             0.067         0.017        -0.002         0.000        -0.094
 S5             0.026        -0.035        -0.002         0.018        -0.115


           Residuals for Correlations
              S1            S2            S3            S4            S5
              ________      ________      ________      ________      ________
 S1             0.000
 S2             0.000         0.000
 S3            -0.006         0.020         0.000
 S4            -0.024        -0.010        -0.007         0.000
 S5             0.023        -0.018        -0.014         0.018         0.000


           Residuals for Partial Correlations
              AP1           AP2           AP3           AP4           AP5
              ________      ________      ________      ________      ________
 AP1            0.000
 AP2            0.031         0.000
 AP3           -0.018         0.091         0.000
 AP4           -0.076        -0.078         0.118         0.000
 AP5           -0.174         0.112        -0.015         0.031         0.000
 AN1           -0.023         0.097         0.024         0.018        -0.028
 AN2           -0.053         0.068        -0.029         0.001         0.093
 AN3            0.035        -0.051         0.036        -0.049         0.070
 AN4            0.000        -0.041         0.025         0.040        -0.057
 AN5            0.037        -0.013        -0.012        -0.024        -0.157
 S1             0.021         0.024        -0.029        -0.005        -0.064
 S2             0.037        -0.015        -0.097        -0.071         0.111
 S3            -0.019        -0.063         0.005        -0.012        -0.013
 S4            -0.045         0.092         0.000         0.052         0.148
 S5             0.174        -0.071         0.026         0.022        -0.058


           Residuals for Partial Correlations
              AN1           AN2           AN3           AN4           AN5
              ________      ________      ________      ________      ________
 AN1            0.000
 AN2            0.106         0.000
 AN3           -0.030         0.013         0.000
 AN4            0.102        -0.016         0.054         0.000
 AN5           -0.110        -0.070        -0.001        -0.018         0.000
 S1             0.031        -0.064         0.100        -0.046         0.004
 S2            -0.066         0.056        -0.084         0.139        -0.081
 S3             0.041        -0.041         0.040        -0.030         0.064
 S4             0.055         0.038        -0.015        -0.057         0.021
 S5            -0.014         0.000        -0.017         0.000        -0.054


           Residuals for Partial Correlations
              S1            S2            S3            S4            S5
              ________      ________      ________      ________      ________
 S1             0.000
 S2             0.017         0.000
 S3            -0.068         0.187         0.000
 S4            -0.093        -0.046        -0.022         0.000
 S5             0.132        -0.153        -0.095         0.081         0.000


           Standardized Residuals (z-scores) for Covariances
              AP1           AP2           AP3           AP4           AP5
              ________      ________      ________      ________      ________
 AP1            0.000
 AP2          999.000         0.000
 AP3           -0.460         3.130         0.000
 AP4           -1.496        -1.819       999.000         0.000
 AP5          999.000         2.082        -0.169         0.749         0.000
 AN1            1.052         2.304         1.906         1.383         0.673
 AN2          999.000         2.702         0.311        -0.410         1.400
 AN3          999.000       999.000         2.292         0.134         0.189
 AN4            8.352         0.120         2.075         1.252        -0.206
 AN5          999.000       999.000       999.000       999.000        -4.225
 S1             4.172       -10.148        -1.678        -1.054       999.000
 S2             4.295        -3.951        -3.194        -2.196       999.000
 S3             3.722        -3.612        -2.371        -1.469       999.000
 S4             5.965         2.036         1.060         2.173         3.292
 S5           999.000       999.000         0.491         1.328         0.146


           Standardized Residuals (z-scores) for Covariances
              AN1           AN2           AN3           AN4           AN5
              ________      ________      ________      ________      ________
 AN1            0.000
 AN2            3.801         0.000
 AN3           -0.437        -0.095         0.000
 AN4            2.455        -0.527       999.000         0.000
 AN5           -2.357        -1.136         0.109        -0.746         0.000
 S1             1.710        -4.716         2.384         1.970       999.000
 S2             1.020         0.490         0.701         2.433       999.000
 S3             1.712        -0.693         1.887         2.395       999.000
 S4             1.402         0.548        -0.053        -0.003        -2.925
 S5             0.875       -15.597        -0.224         1.155       999.000


           Standardized Residuals (z-scores) for Covariances
              S1            S2            S3            S4            S5
              ________      ________      ________      ________      ________
 S1             0.000
 S2            -0.079         0.000
 S3            -2.027       999.000         0.000
 S4            -3.018        -5.562        -1.412         0.000
 S5             2.215        -1.753        -1.671         2.784         0.000


           Normalized Residuals for Covariances
              AP1           AP2           AP3           AP4           AP5
              ________      ________      ________      ________      ________
 AP1            0.000
 AP2           -0.142         0.000
 AP3           -0.110         0.773         0.000
 AP4           -0.354        -0.310         0.537         0.000
 AP5           -1.228         1.128        -0.022         0.218         0.000
 AN1            0.660         1.829         1.383         0.958         0.552
 AN2           -0.630         1.015         0.129        -0.062         0.903
 AN3            0.517        -0.049         0.779         0.046         0.123
 AN4            0.768         0.051         0.979         0.578        -0.147
 AN5           -1.397        -1.441        -1.299        -1.724        -2.307
 S1             1.010        -0.509        -0.596        -0.314        -0.310
 S2             0.575        -0.635        -0.963        -0.540         0.595
 S3             0.514        -0.823        -0.663        -0.396         0.133
 S4             0.523         1.126         0.393         0.722         1.689
 S5             2.000        -0.678         0.131         0.364         0.022


           Normalized Residuals for Covariances
              AN1           AN2           AN3           AN4           AN5
              ________      ________      ________      ________      ________
 AN1            0.000
 AN2            1.228         0.000
 AN3           -0.112        -0.027         0.000
 AN4            0.820        -0.139         0.257         0.000
 AN5           -1.122        -0.484         0.026        -0.178         0.000
 S1             1.088        -0.457         0.931         0.891        -1.514
 S2             0.661         0.109         0.261         1.199        -1.976
 S3             1.095        -0.133         0.700         1.056        -1.369
 S4             1.134         0.324        -0.035        -0.002        -1.532
 S5             0.533        -0.754        -0.049         0.358        -2.333


           Normalized Residuals for Covariances
              S1            S2            S3            S4            S5
              ________      ________      ________      ________      ________
 S1             0.000
 S2            -0.010         0.000
 S3            -0.149         0.432         0.000
 S4            -0.477        -0.180        -0.137         0.000
 S5             0.564        -0.428        -0.336         0.358         0.000


     ESTIMATED MODEL AND RESIDUALS (OBSERVED - ESTIMATED) FOR F2F


           Model Estimated Means
              AP1           AP2           AP3           AP4           AP5
              ________      ________      ________      ________      ________
                0.000         0.000         0.000         0.000         0.000


           Model Estimated Means
              AN1           AN2           AN3           AN4           AN5
              ________      ________      ________      ________      ________
                0.000         0.000         0.000         0.000         0.000


           Model Estimated Means
              S1            S2            S3            S4            S5
              ________      ________      ________      ________      ________
                0.000         0.000         0.000         0.000         0.000


           Residuals for Means
              AP1           AP2           AP3           AP4           AP5
              ________      ________      ________      ________      ________
                0.000         0.000         0.000         0.000         0.000


           Residuals for Means
              AN1           AN2           AN3           AN4           AN5
              ________      ________      ________      ________      ________
                0.000         0.000         0.000         0.000         0.000


           Residuals for Means
              S1            S2            S3            S4            S5
              ________      ________      ________      ________      ________
                0.000         0.000         0.000         0.000         0.000


           Standardized Residuals (z-scores) for Means
              AP1           AP2           AP3           AP4           AP5
              ________      ________      ________      ________      ________
                0.000         0.000         0.000         0.000         0.000


           Standardized Residuals (z-scores) for Means
              AN1           AN2           AN3           AN4           AN5
              ________      ________      ________      ________      ________
                0.000         0.000         0.000         0.000         0.000


           Standardized Residuals (z-scores) for Means
              S1            S2            S3            S4            S5
              ________      ________      ________      ________      ________
                0.000         0.000         0.000         0.000         0.000


           Normalized Residuals for Means
              AP1           AP2           AP3           AP4           AP5
              ________      ________      ________      ________      ________
                0.000         0.000         0.000         0.000         0.000


           Normalized Residuals for Means
              AN1           AN2           AN3           AN4           AN5
              ________      ________      ________      ________      ________
                0.000         0.000         0.000         0.000         0.000


           Normalized Residuals for Means
              S1            S2            S3            S4            S5
              ________      ________      ________      ________      ________
                0.000         0.000         0.000         0.000         0.000


           Model Estimated Covariances
              AP1           AP2           AP3           AP4           AP5
              ________      ________      ________      ________      ________
 AP1            1.404
 AP2            0.436         0.890
 AP3            0.856         0.424         1.103
 AP4            0.849         0.421         0.826         1.067
 AP5            0.538         0.267         0.523         0.519         0.759
 AN1           -0.274        -0.121        -0.266        -0.264        -0.168
 AN2           -0.561        -0.264        -0.546        -0.542        -0.343
 AN3           -0.425        -0.188        -0.413        -0.410        -0.260
 AN4           -0.393        -0.174        -0.382        -0.380        -0.240
 AN5           -0.442        -0.196        -0.430        -0.427        -0.270
 S1             0.917         0.450         0.893         0.886         0.561
 S2             0.804         0.395         0.783         0.777         0.492
 S3             0.865         0.424         0.841         0.835         0.529
 S4             0.495         0.243         0.482         0.478         0.303
 S5             0.915         0.449         0.890         0.884         0.560


           Model Estimated Covariances
              AN1           AN2           AN3           AN4           AN5
              ________      ________      ________      ________      ________
 AN1            0.906
 AN2            0.289         1.109
 AN3            0.308         0.447         0.824
 AN4            0.285         0.414         0.442         0.727
 AN5            0.321         0.466         0.497         0.460         0.790
 S1            -0.321        -0.621        -0.497        -0.460        -0.518
 S2            -0.281        -0.544        -0.436        -0.404        -0.454
 S3            -0.302        -0.585        -0.469        -0.434        -0.488
 S4            -0.173        -0.335        -0.268        -0.248        -0.279
 S5            -0.320        -0.619        -0.496        -0.459        -0.516


           Model Estimated Covariances
              S1            S2            S3            S4            S5
              ________      ________      ________      ________      ________
 S1             1.504
 S2             1.050         1.214
 S3             1.128         0.989         1.220
 S4             0.646         0.567         0.609         0.734
 S5             1.194         1.047         1.126         0.645         1.467


           Model Estimated Correlations
              AP1           AP2           AP3           AP4           AP5
              ________      ________      ________      ________      ________
 AP1            1.000
 AP2            0.390         1.000
 AP3            0.688         0.428         1.000
 AP4            0.694         0.432         0.762         1.000
 AP5            0.521         0.324         0.572         0.577         1.000
 AN1           -0.243        -0.135        -0.267        -0.269        -0.202
 AN2           -0.450        -0.265        -0.494        -0.498        -0.374
 AN3           -0.395        -0.219        -0.433        -0.437        -0.328
 AN4           -0.389        -0.216        -0.427        -0.431        -0.324
 AN5           -0.420        -0.233        -0.461        -0.465        -0.349
 S1             0.631         0.389         0.693         0.699         0.525
 S2             0.616         0.380         0.676         0.683         0.513
 S3             0.661         0.407         0.725         0.732         0.550
 S4             0.488         0.301         0.536         0.540         0.406
 S5             0.638         0.393         0.700         0.706         0.530


           Model Estimated Correlations
              AN1           AN2           AN3           AN4           AN5
              ________      ________      ________      ________      ________
 AN1            1.000
 AN2            0.288         1.000
 AN3            0.356         0.468         1.000
 AN4            0.351         0.461         0.571         1.000
 AN5            0.379         0.497         0.616         0.607         1.000
 S1            -0.275        -0.480        -0.446        -0.440        -0.475
 S2            -0.268        -0.469        -0.436        -0.430        -0.463
 S3            -0.288        -0.503        -0.467        -0.461        -0.497
 S4            -0.212        -0.371        -0.345        -0.340        -0.367
 S5            -0.277        -0.485        -0.451        -0.445        -0.480


           Model Estimated Correlations
              S1            S2            S3            S4            S5
              ________      ________      ________      ________      ________
 S1             1.000
 S2             0.777         1.000
 S3             0.833         0.813         1.000
 S4             0.615         0.600         0.644         1.000
 S5             0.804         0.785         0.841         0.621         1.000


           Model Estimated Partial Correlations
              AP1           AP2           AP3           AP4           AP5
              ________      ________      ________      ________      ________
 AP1            1.000
 AP2            0.062         1.000
 AP3            0.200         0.089         1.000
 AP4            0.210         0.093         0.303         1.000
 AP5            0.090         0.040         0.130         0.137         1.000
 AN1           -0.004         0.004        -0.006        -0.007        -0.003
 AN2           -0.044        -0.014        -0.064        -0.067        -0.029
 AN3           -0.010         0.008        -0.015        -0.016        -0.007
 AN4           -0.010         0.008        -0.015        -0.015        -0.007
 AN5           -0.013         0.010        -0.019        -0.020        -0.008
 S1             0.038         0.016         0.055         0.058         0.025
 S2             0.034         0.014         0.049         0.051         0.022
 S3             0.055         0.024         0.079         0.083         0.036
 S4             0.017         0.007         0.025         0.026         0.011
 S5             0.041         0.018         0.059         0.062         0.027


           Model Estimated Partial Correlations
              AN1           AN2           AN3           AN4           AN5
              ________      ________      ________      ________      ________
 AN1            1.000
 AN2            0.046         1.000
 AN3            0.102         0.112         1.000
 AN4            0.098         0.107         0.237         1.000
 AN5            0.126         0.138         0.304         0.292         1.000
 S1            -0.006        -0.017        -0.014        -0.013        -0.017
 S2            -0.005        -0.015        -0.012        -0.012        -0.015
 S3            -0.008        -0.025        -0.020        -0.019        -0.025
 S4            -0.003        -0.008        -0.006        -0.006        -0.008
 S5            -0.006        -0.018        -0.015        -0.014        -0.018


           Model Estimated Partial Correlations
              S1            S2            S3            S4            S5
              ________      ________      ________      ________      ________
 S1             1.000
 S2             0.180         1.000
 S3             0.294         0.258         1.000
 S4             0.092         0.081         0.132         1.000
 S5             0.217         0.191         0.312         0.097         1.000


           Residuals for Covariances
              AP1           AP2           AP3           AP4           AP5
              ________      ________      ________      ________      ________
 AP1            0.000
 AP2            0.064         0.000
 AP3            0.003         0.009         0.000
 AP4           -0.037        -0.044         0.028         0.000
 AP5           -0.025         0.038        -0.027         0.007         0.000
 AN1            0.035         0.157         0.067         0.062        -0.004
 AN2           -0.041         0.022         0.010        -0.004         0.046
 AN3           -0.005         0.005         0.005         0.015        -0.057
 AN4            0.058         0.008         0.046         0.033        -0.036
 AN5           -0.052        -0.055        -0.021        -0.033        -0.063
 S1             0.053        -0.009        -0.008         0.033         0.008
 S2            -0.004        -0.008        -0.049        -0.022         0.038
 S3             0.009        -0.009        -0.028        -0.008         0.016
 S4             0.028         0.043         0.022        -0.015         0.064
 S5             0.056        -0.024        -0.014         0.000         0.018


           Residuals for Covariances
              AN1           AN2           AN3           AN4           AN5
              ________      ________      ________      ________      ________
 AN1            0.000
 AN2            0.038         0.000
 AN3            0.021         0.007         0.000
 AN4            0.038        -0.076         0.025         0.000
 AN5           -0.037         0.042        -0.027         0.006         0.000
 S1             0.106        -0.036         0.038         0.072        -0.022
 S2             0.016         0.020        -0.052        -0.007        -0.044
 S3             0.066        -0.010         0.007         0.048        -0.026
 S4             0.045         0.053        -0.023         0.004        -0.048
 S5             0.028        -0.025        -0.013         0.028        -0.048


           Residuals for Covariances
              S1            S2            S3            S4            S5
              ________      ________      ________      ________      ________
 S1             0.000
 S2            -0.024         0.000
 S3             0.002         0.019         0.000
 S4            -0.038         0.020         0.006         0.000
 S5             0.022        -0.008        -0.011        -0.007         0.000


           Residuals for Correlations
              AP1           AP2           AP3           AP4           AP5
              ________      ________      ________      ________      ________
 AP1            0.000
 AP2            0.057         0.000
 AP3            0.003         0.009         0.000
 AP4           -0.030        -0.045         0.026         0.000
 AP5           -0.024         0.047        -0.029         0.008         0.000
 AN1            0.031         0.175         0.067         0.063        -0.005
 AN2           -0.033         0.022         0.009        -0.004         0.051
 AN3           -0.005         0.005         0.006         0.016        -0.072
 AN4            0.057         0.010         0.051         0.038        -0.048
 AN5           -0.050        -0.065        -0.023        -0.036        -0.081
 S1             0.036        -0.007        -0.006         0.026         0.008
 S2            -0.003        -0.007        -0.042        -0.020         0.039
 S3             0.007        -0.008        -0.024        -0.007         0.017
 S4             0.027         0.053         0.025        -0.017         0.085
 S5             0.039        -0.021        -0.011         0.000         0.017


           Residuals for Correlations
              AN1           AN2           AN3           AN4           AN5
              ________      ________      ________      ________      ________
 AN1            0.000
 AN2            0.038         0.000
 AN3            0.024         0.007         0.000
 AN4            0.047        -0.085         0.032         0.000
 AN5           -0.044         0.045        -0.034         0.008         0.000
 S1             0.091        -0.027         0.034         0.069        -0.020
 S2             0.015         0.017        -0.052        -0.008        -0.045
 S3             0.063        -0.008         0.007         0.050        -0.027
 S4             0.055         0.059        -0.029         0.005        -0.063
 S5             0.024        -0.019        -0.012         0.027        -0.044


           Residuals for Correlations
              S1            S2            S3            S4            S5
              ________      ________      ________      ________      ________
 S1             0.000
 S2            -0.018         0.000
 S3             0.001         0.016         0.000
 S4            -0.036         0.021         0.006         0.000
 S5             0.015        -0.006        -0.009        -0.007         0.000


           Residuals for Partial Correlations
              AP1           AP2           AP3           AP4           AP5
              ________      ________      ________      ________      ________
 AP1            0.000
 AP2            0.120         0.000
 AP3            0.009         0.030         0.000
 AP4           -0.123        -0.127         0.141         0.000
 AP5           -0.062         0.084        -0.104         0.052         0.000
 AN1           -0.054         0.196         0.005         0.034        -0.050
 AN2           -0.045         0.002         0.017        -0.012         0.118
 AN3           -0.006         0.016        -0.030         0.052        -0.067
 AN4            0.075        -0.040         0.011        -0.021        -0.032
 AN5           -0.026        -0.073         0.029        -0.018        -0.034
 S1             0.052        -0.025        -0.029         0.086        -0.019
 S2            -0.023         0.017        -0.080        -0.017         0.040
 S3            -0.030        -0.006        -0.027        -0.008        -0.004
 S4             0.018         0.046         0.092        -0.088         0.100
 S5             0.081        -0.048        -0.004        -0.023        -0.006


           Residuals for Partial Correlations
              AN1           AN2           AN3           AN4           AN5
              ________      ________      ________      ________      ________
 AN1            0.000
 AN2            0.105         0.000
 AN3            0.010         0.050         0.000
 AN4            0.093        -0.170         0.078         0.000
 AN5           -0.093         0.105        -0.134         0.052         0.000
 S1             0.090        -0.070         0.064         0.026         0.002
 S2            -0.044         0.071        -0.094        -0.045         0.021
 S3             0.024        -0.052         0.027         0.031         0.014
 S4             0.027         0.117        -0.023         0.011        -0.071
 S5            -0.051        -0.007        -0.002        -0.004        -0.008


           Residuals for Partial Correlations
              S1            S2            S3            S4            S5
              ________      ________      ________      ________      ________
 S1             0.000
 S2            -0.067         0.000
 S3             0.005         0.109         0.000
 S4            -0.104         0.038         0.030         0.000
 S5             0.081        -0.028        -0.073        -0.014         0.000


           Standardized Residuals (z-scores) for Covariances
              AP1           AP2           AP3           AP4           AP5
              ________      ________      ________      ________      ________
 AP1            0.000
 AP2            5.276         0.000
 AP3            0.185         0.559         0.000
 AP4           -2.032        -2.103       999.000         0.000
 AP5           -2.541         1.455        -1.998         0.644         0.000
 AN1            0.841         3.642         1.787         1.798        -0.105
 AN2           -1.658         0.885         0.654        -0.248         1.556
 AN3           -0.246         0.265         0.278         0.631        -1.926
 AN4            4.591         0.510         2.745         1.382        -1.126
 AN5          999.000       999.000       999.000       999.000        -2.296
 S1             3.895        -0.608        -0.451         2.310         0.924
 S2            -0.185        -0.385        -2.271        -1.006         2.262
 S3             0.776        -0.512        -1.673        -0.503         1.212
 S4             2.088         1.646         1.294        -0.752         2.134
 S5             6.146        -2.427        -1.014         0.001         2.774


           Standardized Residuals (z-scores) for Covariances
              AN1           AN2           AN3           AN4           AN5
              ________      ________      ________      ________      ________
 AN1            0.000
 AN2            1.851         0.000
 AN3            1.202         0.305         0.000
 AN4            2.471        -3.652         2.622         0.000
 AN5           -2.427       999.000        -2.125         0.944         0.000
 S1             3.107        -1.729         1.721         3.465       999.000
 S2             0.471         0.746        -2.299        -0.327       999.000
 S3             1.938        -0.497         0.305         2.047       999.000
 S4             1.364         1.863        -0.899         0.144        -2.694
 S5             0.841        -1.235        -0.589         1.169       999.000


           Standardized Residuals (z-scores) for Covariances
              S1            S2            S3            S4            S5
              ________      ________      ________      ________      ________
 S1             0.000
 S2            -1.620         0.000
 S3             0.154       999.000         0.000
 S4           999.000       999.000         1.050         0.000
 S5             1.466        -0.596        -1.070        -0.931         0.000


           Normalized Residuals for Covariances
              AP1           AP2           AP3           AP4           AP5
              ________      ________      ________      ________      ________
 AP1            0.000
 AP2            1.178         0.000
 AP3            0.054         0.172         0.000
 AP4           -0.628        -0.807         0.461         0.000
 AP5           -0.487         0.803        -0.500         0.140         0.000
 AN1            0.596         3.055         1.206         1.150        -0.083
 AN2           -0.653         0.424         0.171        -0.064         0.900
 AN3           -0.096         0.094         0.100         0.270        -1.187
 AN4            1.158         0.177         0.907         0.616        -0.732
 AN5           -1.022        -1.141        -0.394        -0.593        -1.236
 S1             0.865        -0.154        -0.130         0.530         0.152
 S2            -0.063        -0.144        -0.797        -0.364         0.713
 S3             0.159        -0.157        -0.445        -0.127         0.299
 S4             0.563         0.968         0.433        -0.297         1.287
 S5             0.919        -0.438        -0.221         0.000         0.332


           Normalized Residuals for Covariances
              AN1           AN2           AN3           AN4           AN5
              ________      ________      ________      ________      ________
 AN1            0.000
 AN2            0.754         0.000
 AN3            0.432         0.125         0.000
 AN4            0.806        -1.517         0.510         0.000
 AN5           -0.759         0.787        -0.537         0.125         0.000
 S1             1.861        -0.560         0.659         1.299        -0.400
 S2             0.299         0.331        -0.955        -0.140        -0.836
 S3             1.195        -0.163         0.129         0.878        -0.474
 S4             1.038         1.122        -0.523         0.091        -1.117
 S5             0.484        -0.398        -0.225         0.494        -0.843


           Normalized Residuals for Covariances
              S1            S2            S3            S4            S5
              ________      ________      ________      ________      ________
 S1             0.000
 S2            -0.385         0.000
 S3             0.026         0.304         0.000
 S4            -0.699         0.377         0.112         0.000
 S5             0.345        -0.121        -0.179        -0.125         0.000


MODEL MODIFICATION INDICES

NOTE:  Modification indices for direct effects of observed dependent variables
regressed on covariates may not be included.  To include these, request
MODINDICES (ALL).

Minimum M.I. value for printing the modification index    10.000

                                   M.I.     E.P.C.  Std E.P.C.  StdYX E.P.C.
Group ONLINE


BY Statements

AP       BY AN5                   43.649    -0.245     -0.254       -0.303
AP       BY S4                    15.104     0.277      0.287        0.332
AP       BY S5                    18.630     0.308      0.320        0.258
ST       BY AP1                   39.212     0.587      0.632        0.520
ST       BY AP3                   16.411    -0.336     -0.362       -0.338
ST       BY AN4                   10.375     0.102      0.110        0.137
ST       BY AN5                   37.944    -0.205     -0.221       -0.263

WITH Statements

AP4      WITH AP3                 15.829     0.064      0.064        0.230
AP5      WITH AP1                 24.058    -0.081     -0.081       -0.231
AP5      WITH AP2                 12.729     0.059      0.059        0.151
AN2      WITH AP5                 12.741     0.070      0.070        0.154
AN2      WITH AN1                 10.185     0.087      0.087        0.139
AN5      WITH AP5                 19.560    -0.061     -0.061       -0.200
AN5      WITH AN1                 11.286    -0.066     -0.066       -0.159
S3       WITH S2                  53.331     0.074      0.074        0.497
S4       WITH AP2                 10.147     0.054      0.054        0.132
S4       WITH AP5                 18.743     0.058      0.058        0.181
S5       WITH AP1                 18.343     0.068      0.068        0.205
S5       WITH S1                  16.470     0.055      0.055        0.207
S5       WITH S2                  21.384    -0.054     -0.054       -0.270
S5       WITH S3                  11.954    -0.041     -0.041       -0.199

Group F2F


BY Statements

AP       BY AN5                   16.438    -0.197     -0.184       -0.207
ST       BY AP3                   10.903    -0.265     -0.290       -0.276
ST       BY AN5                   11.302    -0.135     -0.148       -0.166

WITH Statements

AP4      WITH AP1                 12.711    -0.072     -0.072       -0.201
AP4      WITH AP2                 10.881    -0.066     -0.066       -0.162
AP4      WITH AP3                 21.716     0.083      0.083        0.321
AN1      WITH AP2                 23.165     0.140      0.140        0.202
AN2      WITH AP5                 11.664     0.077      0.077        0.147
AN4      WITH AN2                 20.041    -0.101     -0.101       -0.224
AN5      WITH AN3                 16.637    -0.094     -0.094       -0.307
S3       WITH S2                  11.287     0.044      0.044        0.204
S4       WITH AN2                 12.240     0.074      0.074        0.148



TECHNICAL 1 OUTPUT


     PARAMETER SPECIFICATION FOR ONLINE


           NU
              AP1           AP2           AP3           AP4           AP5
              ________      ________      ________      ________      ________
                  0             0             0             0             0


           NU
              AN1           AN2           AN3           AN4           AN5
              ________      ________      ________      ________      ________
                  0             0             0             0             0


           NU
              S1            S2            S3            S4            S5
              ________      ________      ________      ________      ________
                  0             0             0             0             0


           LAMBDA
              AP            AN            ST
              ________      ________      ________
 AP1                0             0             0
 AP2                1             2             0
 AP3                3             0             0
 AP4                4             0             0
 AP5                5             0             0
 AN1                0             0             0
 AN2                6             7             0
 AN3                0             8             0
 AN4                0             9             0
 AN5                0            10             0
 S1                 0             0             0
 S2                 0             0            11
 S3                 0             0            12
 S4                 0             0            13
 S5                 0             0            14


           THETA
              AP1           AP2           AP3           AP4           AP5
              ________      ________      ________      ________      ________
 AP1               15
 AP2                0            16
 AP3                0             0            17
 AP4                0             0             0            18
 AP5                0             0             0             0            19
 AN1                0             0             0             0             0
 AN2                0             0             0             0             0
 AN3                0             0             0             0             0
 AN4                0             0             0             0             0
 AN5                0             0             0             0             0
 S1                 0             0             0             0             0
 S2                 0             0             0             0             0
 S3                 0             0             0             0             0
 S4                 0             0             0             0             0
 S5                 0             0             0             0             0


           THETA
              AN1           AN2           AN3           AN4           AN5
              ________      ________      ________      ________      ________
 AN1               20
 AN2                0            21
 AN3                0             0            22
 AN4                0             0             0            23
 AN5                0             0             0             0            24
 S1                 0             0             0             0             0
 S2                 0             0             0             0             0
 S3                 0             0             0             0             0
 S4                 0             0             0             0             0
 S5                 0             0             0             0             0


           THETA
              S1            S2            S3            S4            S5
              ________      ________      ________      ________      ________
 S1                25
 S2                 0            26
 S3                 0             0            27
 S4                 0             0             0            28
 S5                 0             0             0             0            29


           ALPHA
              AP            AN            ST
              ________      ________      ________
                  0             0             0


           BETA
              AP            AN            ST
              ________      ________      ________
 AP                 0             0             0
 AN                 0             0             0
 ST                 0             0             0


           PSI
              AP            AN            ST
              ________      ________      ________
 AP                30
 AN                31            32
 ST                33            34            35


     PARAMETER SPECIFICATION FOR F2F


           NU
              AP1           AP2           AP3           AP4           AP5
              ________      ________      ________      ________      ________
                  0             0             0             0             0


           NU
              AN1           AN2           AN3           AN4           AN5
              ________      ________      ________      ________      ________
                  0             0             0             0             0


           NU
              S1            S2            S3            S4            S5
              ________      ________      ________      ________      ________
                  0             0             0             0             0


           LAMBDA
              AP            AN            ST
              ________      ________      ________
 AP1                0             0             0
 AP2               36            37             0
 AP3               38             0             0
 AP4               39             0             0
 AP5               40             0             0
 AN1                0             0             0
 AN2               41            42             0
 AN3                0            43             0
 AN4                0            44             0
 AN5                0            45             0
 S1                 0             0             0
 S2                 0             0            46
 S3                 0             0            47
 S4                 0             0            48
 S5                 0             0            49


           THETA
              AP1           AP2           AP3           AP4           AP5
              ________      ________      ________      ________      ________
 AP1               50
 AP2                0            51
 AP3                0             0            52
 AP4                0             0             0            53
 AP5                0             0             0             0            54
 AN1                0             0             0             0             0
 AN2                0             0             0             0             0
 AN3                0             0             0             0             0
 AN4                0             0             0             0             0
 AN5                0             0             0             0             0
 S1                 0             0             0             0             0
 S2                 0             0             0             0             0
 S3                 0             0             0             0             0
 S4                 0             0             0             0             0
 S5                 0             0             0             0             0


           THETA
              AN1           AN2           AN3           AN4           AN5
              ________      ________      ________      ________      ________
 AN1               55
 AN2                0            56
 AN3                0             0            57
 AN4                0             0             0            58
 AN5                0             0             0             0            59
 S1                 0             0             0             0             0
 S2                 0             0             0             0             0
 S3                 0             0             0             0             0
 S4                 0             0             0             0             0
 S5                 0             0             0             0             0


           THETA
              S1            S2            S3            S4            S5
              ________      ________      ________      ________      ________
 S1                60
 S2                 0            61
 S3                 0             0            62
 S4                 0             0             0            63
 S5                 0             0             0             0            64


           ALPHA
              AP            AN            ST
              ________      ________      ________
                  0             0             0


           BETA
              AP            AN            ST
              ________      ________      ________
 AP                 0             0             0
 AN                 0             0             0
 ST                 0             0             0


           PSI
              AP            AN            ST
              ________      ________      ________
 AP                65
 AN                66            67
 ST                68            69            70


     STARTING VALUES FOR ONLINE


           NU
              AP1           AP2           AP3           AP4           AP5
              ________      ________      ________      ________      ________
                0.000         0.000         0.000         0.000         0.000


           NU
              AN1           AN2           AN3           AN4           AN5
              ________      ________      ________      ________      ________
                0.000         0.000         0.000         0.000         0.000


           NU
              S1            S2            S3            S4            S5
              ________      ________      ________      ________      ________
                0.000         0.000         0.000         0.000         0.000


           LAMBDA
              AP            AN            ST
              ________      ________      ________
 AP1            1.000         0.000         0.000
 AP2            1.000         1.000         0.000
 AP3            0.918         0.000         0.000
 AP4            0.903         0.000         0.000
 AP5            0.539         0.000         0.000
 AN1            0.000         1.000         0.000
 AN2            1.000         1.000         0.000
 AN3            0.000         1.397         0.000
 AN4            0.000         1.115         0.000
 AN5            0.000         1.611         0.000
 S1             0.000         0.000         1.000
 S2             0.000         0.000         0.962
 S3             0.000         0.000         0.966
 S4             0.000         0.000         0.593
 S5             0.000         0.000         1.032


           THETA
              AP1           AP2           AP3           AP4           AP5
              ________      ________      ________      ________      ________
 AP1            0.738
 AP2            0.000         0.359
 AP3            0.000         0.000         0.576
 AP4            0.000         0.000         0.000         0.531
 AP5            0.000         0.000         0.000         0.000         0.305
 AN1            0.000         0.000         0.000         0.000         0.000
 AN2            0.000         0.000         0.000         0.000         0.000
 AN3            0.000         0.000         0.000         0.000         0.000
 AN4            0.000         0.000         0.000         0.000         0.000
 AN5            0.000         0.000         0.000         0.000         0.000
 S1             0.000         0.000         0.000         0.000         0.000
 S2             0.000         0.000         0.000         0.000         0.000
 S3             0.000         0.000         0.000         0.000         0.000
 S4             0.000         0.000         0.000         0.000         0.000
 S5             0.000         0.000         0.000         0.000         0.000


           THETA
              AN1           AN2           AN3           AN4           AN5
              ________      ________      ________      ________      ________
 AN1            0.395
 AN2            0.000         0.616
 AN3            0.000         0.000         0.388
 AN4            0.000         0.000         0.000         0.325
 AN5            0.000         0.000         0.000         0.000         0.354
 S1             0.000         0.000         0.000         0.000         0.000
 S2             0.000         0.000         0.000         0.000         0.000
 S3             0.000         0.000         0.000         0.000         0.000
 S4             0.000         0.000         0.000         0.000         0.000
 S5             0.000         0.000         0.000         0.000         0.000


           THETA
              S1            S2            S3            S4            S5
              ________      ________      ________      ________      ________
 S1             0.710
 S2             0.000         0.618
 S3             0.000         0.000         0.626
 S4             0.000         0.000         0.000         0.374
 S5             0.000         0.000         0.000         0.000         0.768


           ALPHA
              AP            AN            ST
              ________      ________      ________
                0.000         0.000         0.000


           BETA
              AP            AN            ST
              ________      ________      ________
 AP             0.000         0.000         0.000
 AN             0.000         0.000         0.000
 ST             0.000         0.000         0.000


           PSI
              AP            AN            ST
              ________      ________      ________
 AP             0.050
 AN             0.000         0.050
 ST             0.000         0.000         0.050


     STARTING VALUES FOR F2F


           NU
              AP1           AP2           AP3           AP4           AP5
              ________      ________      ________      ________      ________
                0.000         0.000         0.000         0.000         0.000


           NU
              AN1           AN2           AN3           AN4           AN5
              ________      ________      ________      ________      ________
                0.000         0.000         0.000         0.000         0.000


           NU
              S1            S2            S3            S4            S5
              ________      ________      ________      ________      ________
                0.000         0.000         0.000         0.000         0.000


           LAMBDA
              AP            AN            ST
              ________      ________      ________
 AP1            1.000         0.000         0.000
 AP2            1.000         1.000         0.000
 AP3            0.984         0.000         0.000
 AP4            0.954         0.000         0.000
 AP5            0.593         0.000         0.000
 AN1            0.000         1.000         0.000
 AN2            1.000         1.000         0.000
 AN3            0.000         1.058         0.000
 AN4            0.000         0.941         0.000
 AN5            0.000         1.311         0.000
 S1             0.000         0.000         1.000
 S2             0.000         0.000         0.877
 S3             0.000         0.000         0.941
 S4             0.000         0.000         0.539
 S5             0.000         0.000         0.994


           THETA
              AP1           AP2           AP3           AP4           AP5
              ________      ________      ________      ________      ________
 AP1            0.738
 AP2            0.000         0.359
 AP3            0.000         0.000         0.576
 AP4            0.000         0.000         0.000         0.531
 AP5            0.000         0.000         0.000         0.000         0.305
 AN1            0.000         0.000         0.000         0.000         0.000
 AN2            0.000         0.000         0.000         0.000         0.000
 AN3            0.000         0.000         0.000         0.000         0.000
 AN4            0.000         0.000         0.000         0.000         0.000
 AN5            0.000         0.000         0.000         0.000         0.000
 S1             0.000         0.000         0.000         0.000         0.000
 S2             0.000         0.000         0.000         0.000         0.000
 S3             0.000         0.000         0.000         0.000         0.000
 S4             0.000         0.000         0.000         0.000         0.000
 S5             0.000         0.000         0.000         0.000         0.000


           THETA
              AN1           AN2           AN3           AN4           AN5
              ________      ________      ________      ________      ________
 AN1            0.395
 AN2            0.000         0.616
 AN3            0.000         0.000         0.388
 AN4            0.000         0.000         0.000         0.325
 AN5            0.000         0.000         0.000         0.000         0.354
 S1             0.000         0.000         0.000         0.000         0.000
 S2             0.000         0.000         0.000         0.000         0.000
 S3             0.000         0.000         0.000         0.000         0.000
 S4             0.000         0.000         0.000         0.000         0.000
 S5             0.000         0.000         0.000         0.000         0.000


           THETA
              S1            S2            S3            S4            S5
              ________      ________      ________      ________      ________
 S1             0.710
 S2             0.000         0.618
 S3             0.000         0.000         0.626
 S4             0.000         0.000         0.000         0.374
 S5             0.000         0.000         0.000         0.000         0.768


           ALPHA
              AP            AN            ST
              ________      ________      ________
                0.000         0.000         0.000


           BETA
              AP            AN            ST
              ________      ________      ________
 AP             0.000         0.000         0.000
 AN             0.000         0.000         0.000
 ST             0.000         0.000         0.000


           PSI
              AP            AN            ST
              ________      ________      ________
 AP             0.050
 AN             0.000         0.050
 ST             0.000         0.000         0.050


TECHNICAL 4 OUTPUT


     ESTIMATES DERIVED FROM THE MODEL FOR ONLINE


           ESTIMATED MEANS FOR THE LATENT VARIABLES
              AP            AN            ST
              ________      ________      ________
                0.000         0.000         0.000


           S.E. FOR ESTIMATED MEANS FOR THE LATENT VARIABLES
              AP            AN            ST
              ________      ________      ________
                0.000         0.000         0.000


           EST./S.E. FOR ESTIMATED MEANS FOR THE LATENT VARIABLES
              AP            AN            ST
              ________      ________      ________
                0.000         0.000         0.000


           TWO-TAILED P-VALUE FOR ESTIMATED MEANS FOR THE LATENT VARIABLES
              AP            AN            ST
              ________      ________      ________
                1.000         1.000         1.000


           ESTIMATED COVARIANCE MATRIX FOR THE LATENT VARIABLES
              AP            AN            ST
              ________      ________      ________
 AP             1.079
 AN            -0.305         0.211
 ST             1.016        -0.303         1.162


           S.E. FOR ESTIMATED COVARIANCE MATRIX FOR THE LATENT VARIABLES
              AP            AN            ST
              ________      ________      ________
 AP             0.061
 AN             0.042         0.044
 ST             0.056         0.041         0.062


           EST./S.E. FOR ESTIMATED COVARIANCE MATRIX FOR THE LATENT VARIABLES
              AP            AN            ST
              ________      ________      ________
 AP            17.749
 AN            -7.311         4.787
 ST            18.286        -7.469        18.689


           TWO-TAILED P-VALUE FOR ESTIMATED COVARIANCE MATRIX FOR THE LATENT VARIABLES
              AP            AN            ST
              ________      ________      ________
 AP             0.000
 AN             0.000         0.000
 ST             0.000         0.000         0.000


           ESTIMATED CORRELATION MATRIX FOR THE LATENT VARIABLES
              AP            AN            ST
              ________      ________      ________
 AP             1.000
 AN            -0.641         1.000
 ST             0.907        -0.612         1.000


           S.E. FOR ESTIMATED CORRELATION MATRIX FOR THE LATENT VARIABLES
              AP            AN            ST
              ________      ________      ________
 AP             0.000
 AN             0.063         0.000
 ST             0.013         0.053         0.000


           EST./S.E. FOR ESTIMATED CORRELATION MATRIX FOR THE LATENT VARIABLES
              AP            AN            ST
              ________      ________      ________
 AP           999.000
 AN           -10.230       999.000
 ST            68.634       -11.443       999.000


           TWO-TAILED P-VALUE FOR ESTIMATED CORRELATION MATRIX FOR THE LATENT VARIABLES
              AP            AN            ST
              ________      ________      ________
 AP             0.000
 AN             0.000         0.000
 ST             0.000         0.000         0.000


           ESTIMATED PARTIAL CORRELATION MATRIX FOR THE LATENT VARIABLES
              AP            AN            ST
              ________      ________      ________
 AP             1.000
 AN            -0.257         1.000
 ST             0.849        -0.095         1.000


     ESTIMATES DERIVED FROM THE MODEL FOR F2F


           ESTIMATED MEANS FOR THE LATENT VARIABLES
              AP            AN            ST
              ________      ________      ________
                0.000         0.000         0.000


           S.E. FOR ESTIMATED MEANS FOR THE LATENT VARIABLES
              AP            AN            ST
              ________      ________      ________
                0.000         0.000         0.000


           EST./S.E. FOR ESTIMATED MEANS FOR THE LATENT VARIABLES
              AP            AN            ST
              ________      ________      ________
                0.000         0.000         0.000


           TWO-TAILED P-VALUE FOR ESTIMATED MEANS FOR THE LATENT VARIABLES
              AP            AN            ST
              ________      ________      ________
                1.000         1.000         1.000


           ESTIMATED COVARIANCE MATRIX FOR THE LATENT VARIABLES
              AP            AN            ST
              ________      ________      ________
 AP             0.880
 AN            -0.274         0.199
 ST             0.917        -0.321         1.197


           S.E. FOR ESTIMATED COVARIANCE MATRIX FOR THE LATENT VARIABLES
              AP            AN            ST
              ________      ________      ________
 AP             0.066
 AN             0.042         0.050
 ST             0.059         0.046         0.067


           EST./S.E. FOR ESTIMATED COVARIANCE MATRIX FOR THE LATENT VARIABLES
              AP            AN            ST
              ________      ________      ________
 AP            13.372
 AN            -6.599         3.966
 ST            15.434        -7.028        17.734


           TWO-TAILED P-VALUE FOR ESTIMATED COVARIANCE MATRIX FOR THE LATENT VARIABLES
              AP            AN            ST
              ________      ________      ________
 AP             0.000
 AN             0.000         0.000
 ST             0.000         0.000         0.000


           ESTIMATED CORRELATION MATRIX FOR THE LATENT VARIABLES
              AP            AN            ST
              ________      ________      ________
 AP             1.000
 AN            -0.655         1.000
 ST             0.894        -0.658         1.000


           S.E. FOR ESTIMATED CORRELATION MATRIX FOR THE LATENT VARIABLES
              AP            AN            ST
              ________      ________      ________
 AP             0.000
 AN             0.051         0.000
 ST             0.016         0.046         0.000


           EST./S.E. FOR ESTIMATED CORRELATION MATRIX FOR THE LATENT VARIABLES
              AP            AN            ST
              ________      ________      ________
 AP           999.000
 AN           -12.785       999.000
 ST            55.480       -14.349       999.000


           TWO-TAILED P-VALUE FOR ESTIMATED CORRELATION MATRIX FOR THE LATENT VARIABLES
              AP            AN            ST
              ________      ________      ________
 AP             0.000
 AN             0.000         0.000
 ST             0.000         0.000         0.000


           ESTIMATED PARTIAL CORRELATION MATRIX FOR THE LATENT VARIABLES
              AP            AN            ST
              ________      ________      ________
 AP             1.000
 AN            -0.199         1.000
 ST             0.814        -0.212         1.000


DIAGRAM INFORMATION

  Use View Diagram under the Diagram menu in the Mplus Editor to view the diagram.
  If running Mplus from the Mplus Diagrammer, the diagram opens automatically.

  Diagram output
    c:\users\mm\onedrive - upv\dat_dropbox\investigaciÓn\cit_2025\s6_survey_method_invariance_rerun_package_v6_syntax_fi

     Beginning Time:  11:23:30
        Ending Time:  11:24:34
       Elapsed Time:  00:01:04



MUTHEN & MUTHEN
3463 Stoner Ave.
Los Angeles, CA  90066

Tel: (310) 391-9971
Fax: (310) 391-8971
Web: www.StatModel.com
Support: Support@StatModel.com

Copyright (c) 1998-2026 Muthen & Muthen
