3	2	2	0	1	3	4	4	4	5	1	3	4	2	2	3	4	5	3	4	57	3	1	0	1	1	1	0	1	0	1	1	-999	2	2	0	0	1	0
3	2	2	0	0	3	4	5	3	5	1	4	3	2	2	4	4	5	3	4	57	3	1	0	1	1	1	0	1	0	1	1	-999	2	2	0	0	1	0
3	2	2	1	1	3	5	4	4	4	4	3	5	4	3	4	4	4	3	2	57	3	1	0	1	1	1	0	1	0	1	1	-999	2	2	0	0	1	0
3	2	2	1	0	5	1	4	5	5	2	3	4	1	3	5	5	5	5	5	57	3	1	0	1	1	1	0	1	0	1	1	-999	2	2	0	0	1	0
4	2	2	0	1	2	5	3	2	3	2	2	4	2	2	4	4	4	3	4	35	2	2	0	1	0	0	0	0	0	0	0	2	2	2	1	1	1	1
4	2	2	0	0	2	4	3	2	3	2	2	3	2	2	3	3	4	3	4	35	2	2	0	1	0	0	0	0	0	0	0	2	2	2	1	1	1	1
4	2	2	1	1	4	5	4	5	3	4	2	4	2	2	4	3	4	3	4	35	2	2	0	1	0	0	0	0	0	0	0	2	2	2	1	1	1	1
4	2	2	1	0	3	3	3	4	3	3	2	3	2	2	4	4	4	3	3	35	2	2	0	1	0	0	0	0	0	0	0	2	2	2	1	1	1	1
5	1	2	0	1	5	4	4	4	5	2	1	1	4	1	4	4	5	4	4	60	3	1	0	1	1	1	0	0	0	1	0	1	2	4	1	0	0	0
5	1	2	0	0	1	3	2	2	3	4	3	3	2	4	2	2	2	2	2	60	3	1	0	1	1	1	0	0	0	1	0	1	2	4	1	0	0	0
5	1	2	1	1	4	4	5	5	5	2	1	1	1	1	5	5	5	5	5	60	3	1	0	1	1	1	0	0	0	1	0	1	2	4	1	0	0	0
5	1	2	1	0	2	2	2	2	2	4	3	3	2	2	2	2	2	2	2	60	3	1	0	1	1	1	0	0	0	1	0	1	2	4	1	0	0	0
7	1	2	0	1	4	2	4	3	3	2	2	2	3	3	4	4	3	3	4	16	1	2	1	0	1	0	0	1	0	0	1	1	3	2	0	0	1	0
7	1	2	0	0	2	4	2	3	2	4	4	4	3	3	2	3	3	3	2	16	1	2	1	0	1	0	0	1	0	0	1	1	3	2	0	0	1	0
7	1	2	1	1	4	4	3	3	3	2	3	2	3	2	4	4	3	3	2	16	1	2	1	0	1	0	0	1	0	0	1	1	3	2	0	0	1	0
7	1	2	1	0	4	4	3	3	3	2	3	3	3	4	2	2	3	3	4	16	1	2	1	0	1	0	0	1	0	0	1	1	3	2	0	0	1	0
12	1	2	0	1	4	5	3	4	4	1	2	1	1	1	4	5	5	3	4	27	2	2	0	0	1	1	0	0	0	1	0	4	2	2	0	1	1	0
12	1	2	0	0	3	4	3	4	4	1	2	1	1	1	4	5	5	3	4	27	2	2	0	0	1	1	0	0	0	1	0	4	2	2	0	1	1	0
12	1	2	1	1	4	5	5	4	3	2	1	1	1	1	3	4	4	2	4	27	2	2	0	0	1	1	0	0	0	1	0	4	2	2	0	1	1	0
12	1	2	1	0	2	3	3	3	3	2	1	1	1	1	3	4	4	3	4	27	2	2	0	0	1	1	0	0	0	1	0	4	2	2	0	1	1	0
14	3	2	0	1	4	5	4	3	4	3	3	2	3	1	1	5	5	2	1	31	2	2	0	0	1	0	0	1	1	0	1	-999	3	3	1	1	1	1
14	3	2	0	0	3	5	5	3	5	3	3	1	3	1	4	5	5	5	5	31	2	2	0	0	1	0	0	1	1	0	1	-999	3	3	1	1	1	1
14	3	2	1	1	1	5	2	1	2	3	5	1	1	1	1	1	2	1	1	31	2	2	0	0	1	0	0	1	1	0	1	-999	3	3	1	1	1	1
14	3	2	1	0	5	5	5	3	5	1	1	1	1	1	3	4	3	5	5	31	2	2	0	0	1	0	0	1	1	0	1	-999	3	3	1	1	1	1
18	3	2	0	1	5	5	5	5	5	2	1	3	5	1	5	5	5	5	5	44	2	2	0	0	1	1	0	1	1	1	1	3	2	1	1	0	1	0
18	3	2	0	0	1	1	1	1	1	4	5	3	1	5	1	1	1	1	1	44	2	2	0	0	1	1	0	1	1	1	1	3	2	1	1	0	1	0
18	3	2	1	1	5	5	4	5	5	2	4	3	3	3	5	5	5	5	5	44	2	2	0	0	1	1	0	1	1	1	1	3	2	1	1	0	1	0
18	3	2	1	0	1	1	1	3	2	3	2	3	3	3	3	3	3	3	3	44	2	2	0	0	1	1	0	1	1	1	1	3	2	1	1	0	1	0
19	1	2	0	1	2	3	3	3	3	3	3	3	3	3	1	1	2	2	1	47	3	2	0	0	0	0	0	0	0	0	0	3	3	2	1	0	0	0
19	1	2	0	0	3	3	3	3	3	2	3	3	3	3	1	1	2	1	2	47	3	2	0	0	0	0	0	0	0	0	0	3	3	2	1	0	0	0
19	1	2	1	1	1	2	3	3	2	3	2	1	3	2	1	1	1	3	3	47	3	2	0	0	0	0	0	0	0	0	0	3	3	2	1	0	0	0
19	1	2	1	0	2	2	3	3	2	3	2	1	3	2	1	1	1	3	3	47	3	2	0	0	0	0	0	0	0	0	0	3	3	2	1	0	0	0
20	1	2	0	1	1	5	1	1	3	2	5	1	3	5	1	3	1	1	3	47	3	2	0	0	1	1	0	0	0	1	0	4	3	3	0	0	1	1
20	1	2	0	0	3	3	3	3	3	2	3	3	3	3	3	3	3	3	4	47	3	2	0	0	1	1	0	0	0	1	0	4	3	3	0	0	1	1
20	1	2	1	1	1	3	3	3	2	2	5	4	3	3	4	1	1	2	3	47	3	2	0	0	1	1	0	0	0	1	0	4	3	3	0	0	1	1
20	1	2	1	0	4	3	3	3	3	2	3	3	3	3	3	3	3	3	3	47	3	2	0	0	1	1	0	0	0	1	0	4	3	3	0	0	1	1
23	1	2	0	1	4	5	4	4	4	1	1	2	1	1	4	4	5	3	4	27	2	1	0	0	0	0	0	0	0	0	0	3	3	2	1	1	1	1
23	1	2	0	0	3	2	3	3	4	3	2	3	1	1	3	4	5	3	3	27	2	1	0	0	0	0	0	0	0	0	0	3	3	2	1	1	1	1
23	1	2	1	1	4	5	3	4	4	2	2	2	2	2	4	3	4	2	3	27	2	1	0	0	0	0	0	0	0	0	0	3	3	2	1	1	1	1
23	1	2	1	0	3	3	3	3	4	3	3	1	3	2	4	4	4	2	3	27	2	1	0	0	0	0	0	0	0	0	0	3	3	2	1	1	1	1
24	1	2	0	1	5	4	4	3	3	4	3	3	2	2	4	4	2	4	5	28	2	1	0	0	1	1	0	0	0	1	0	4	1	3	0	0	1	0
24	1	2	0	0	3	2	3	3	3	2	3	4	4	3	2	2	3	3	3	28	2	1	0	0	1	1	0	0	0	1	0	4	1	3	0	0	1	0
24	1	2	1	1	5	4	5	4	4	4	2	3	3	2	4	5	4	4	5	28	2	1	0	0	1	1	0	0	0	1	0	4	1	3	0	0	1	0
24	1	2	1	0	2	2	2	3	3	2	4	4	5	4	2	2	3	3	1	28	2	1	0	0	1	1	0	0	0	1	0	4	1	3	0	0	1	0
25	1	2	0	1	5	5	5	5	5	2	2	3	1	2	5	5	5	4	5	29	2	1	0	0	1	1	0	0	0	1	0	4	3	3	0	0	1	0
25	1	2	0	0	3	2	1	1	2	5	4	3	5	4	1	1	1	2	1	29	2	1	0	0	1	1	0	0	0	1	0	4	3	3	0	0	1	0
25	1	2	1	1	5	5	5	5	4	1	1	3	1	2	5	5	5	4	4	29	2	1	0	0	1	1	0	0	0	1	0	4	3	3	0	0	1	0
25	1	2	1	0	1	1	1	1	2	5	5	3	5	4	1	1	1	2	2	29	2	1	0	0	1	1	0	0	0	1	0	4	3	3	0	0	1	0
26	1	2	0	1	4	4	4	1	4	4	1	1	1	1	4	4	4	4	5	33	2	1	0	0	1	1	0	1	0	1	1	-999	3	2	0	0	1	1
26	1	2	0	0	1	1	1	1	1	1	5	1	4	5	1	1	1	1	1	33	2	1	0	0	1	1	0	1	0	1	1	-999	3	2	0	0	1	1
26	1	2	1	1	5	5	3	4	4	5	1	1	1	1	4	4	4	3	4	33	2	1	0	0	1	1	0	1	0	1	1	-999	3	2	0	0	1	1
26	1	2	1	0	1	1	1	1	1	1	3	3	4	4	1	1	1	3	1	33	2	1	0	0	1	1	0	1	0	1	1	-999	3	2	0	0	1	1
30	1	2	0	1	5	5	3	3	1	1	1	1	1	1	5	4	5	4	4	58	3	1	0	0	1	1	0	0	0	1	0	4	3	2	0	0	1	0
30	1	2	0	0	1	1	2	2	1	4	5	2	1	1	1	2	2	3	2	58	3	1	0	0	1	1	0	0	0	1	0	4	3	2	0	0	1	0
30	1	2	1	1	3	4	3	3	3	3	4	4	2	2	4	2	4	2	2	58	3	1	0	0	1	1	0	0	0	1	0	4	3	2	0	0	1	0
30	1	2	1	0	3	2	3	3	3	3	2	2	2	2	4	4	4	2	4	58	3	1	0	0	1	1	0	0	0	1	0	4	3	2	0	0	1	0
31	1	2	0	1	3	4	3	4	4	1	1	3	2	2	4	4	4	4	5	59	3	1	0	0	1	1	0	0	0	1	0	-999	3	2	1	1	1	0
31	1	2	0	0	2	3	3	3	3	2	4	3	2	3	2	2	3	3	1	59	3	1	0	0	1	1	0	0	0	1	0	-999	3	2	1	1	1	0
31	1	2	1	1	4	4	4	3	3	3	3	3	2	2	4	3	4	3	4	59	3	1	0	0	1	1	0	0	0	1	0	-999	3	2	1	1	1	0
31	1	2	1	0	2	2	3	3	4	3	2	3	2	3	2	3	2	3	2	59	3	1	0	0	1	1	0	0	0	1	0	-999	3	2	1	1	1	0
32	1	2	0	1	3	2	3	3	4	2	1	1	1	1	4	3	5	3	3	57	3	2	0	0	1	1	0	0	0	1	0	4	2	2	0	0	1	1
32	1	2	0	0	3	2	3	3	4	2	1	1	1	1	3	4	5	3	5	57	3	2	0	0	1	1	0	0	0	1	0	4	2	2	0	0	1	1
32	1	2	1	1	1	4	3	4	3	1	1	1	1	1	3	3	4	3	4	57	3	2	0	0	1	1	0	0	0	1	0	4	2	2	0	0	1	1
32	1	2	1	0	3	3	3	3	3	1	1	1	1	1	4	4	4	3	4	57	3	2	0	0	1	1	0	0	0	1	0	4	2	2	0	0	1	1
33	3	2	0	1	3	5	3	3	4	5	2	4	4	3	1	4	4	2	1	24	1	1	0	0	1	0	0	0	1	0	1	3	3	4	1	1	1	1
33	3	2	0	0	5	5	3	3	4	1	2	2	2	3	5	5	5	4	5	24	1	1	0	0	1	0	0	0	1	0	1	3	3	4	1	1	1	1
33	3	2	1	1	1	5	3	3	3	1	5	5	4	5	1	1	1	2	1	24	1	1	0	0	1	0	0	0	1	0	1	3	3	4	1	1	1	1
33	3	2	1	0	5	5	3	3	3	4	2	2	2	2	3	3	5	4	5	24	1	1	0	0	1	0	0	0	1	0	1	3	3	4	1	1	1	1
35	1	2	0	1	4	4	4	4	4	3	4	2	2	2	2	4	4	2	2	51	3	2	1	0	0	0	0	0	0	0	0	4	3	2	0	1	0	0
35	1	2	0	0	4	2	2	2	2	2	2	2	2	2	4	2	2	2	2	51	3	2	1	0	0	0	0	0	0	0	0	4	3	2	0	1	0	0
35	1	2	1	1	2	2	4	2	2	4	4	2	4	4	2	2	2	2	2	51	3	2	1	0	0	0	0	0	0	0	0	4	3	2	0	1	0	0
35	1	2	1	0	4	2	4	4	2	4	2	4	2	2	2	4	2	4	2	51	3	2	1	0	0	0	0	0	0	0	0	4	3	2	0	1	0	0
37	1	2	0	1	4	4	5	4	4	3	2	2	2	1	4	4	4	3	4	50	3	1	0	0	0	0	0	0	0	0	0	2	3	2	1	1	1	0
37	1	2	0	0	2	2	2	2	2	4	4	3	3	1	2	2	2	3	3	50	3	1	0	0	0	0	0	0	0	0	0	2	3	2	1	1	1	0
37	1	2	1	1	5	5	4	4	3	2	2	2	2	2	5	5	5	3	4	50	3	1	0	0	0	0	0	0	0	0	0	2	3	2	1	1	1	0
37	1	2	1	0	5	4	3	3	3	3	3	2	3	3	4	3	3	3	3	50	3	1	0	0	0	0	0	0	0	0	0	2	3	2	1	1	1	0
39	2	2	0	1	3	5	3	3	4	4	1	4	4	2	4	2	2	3	4	45	3	2	0	0	1	1	0	1	0	1	1	-999	1	2	1	0	1	0
39	2	2	0	0	3	5	3	3	4	4	1	4	4	2	4	2	2	3	4	45	3	2	0	0	1	1	0	1	0	1	1	-999	1	2	1	0	1	0
39	2	2	1	1	4	5	3	4	4	5	1	5	4	2	4	3	4	3	4	45	3	2	0	0	1	1	0	1	0	1	1	-999	1	2	1	0	1	0
39	2	2	1	0	4	5	3	3	4	5	2	3	2	2	4	3	4	3	4	45	3	2	0	0	1	1	0	1	0	1	1	-999	1	2	1	0	1	0
40	1	2	0	1	4	4	3	3	4	1	2	2	1	1	4	5	5	5	5	20	1	1	0	0	1	1	0	0	0	1	0	1	2	1	0	0	1	1
40	1	2	0	0	2	3	3	3	3	4	4	2	3	1	3	3	2	3	2	20	1	1	0	0	1	1	0	0	0	1	0	1	2	1	0	0	1	1
40	1	2	1	1	4	4	4	4	4	1	2	2	2	2	4	5	5	5	5	20	1	1	0	0	1	1	0	0	0	1	0	1	2	1	0	0	1	1
40	1	2	1	0	2	3	2	3	3	2	2	2	2	2	3	2	2	3	2	20	1	1	0	0	1	1	0	0	0	1	0	1	2	1	0	0	1	1
42	2	2	0	1	4	5	3	2	3	4	5	5	4	4	3	2	3	2	2	25	2	1	0	0	1	0	0	1	0	0	1	2	2	2	1	1	1	0
42	2	2	0	0	5	3	4	5	3	5	1	2	2	2	4	5	4	4	4	25	2	1	0	0	1	0	0	1	0	0	1	2	2	2	1	1	1	0
42	2	2	1	1	2	5	3	3	2	4	4	4	4	5	3	2	3	2	3	25	2	1	0	0	1	0	0	1	0	0	1	2	2	2	1	1	1	0
42	2	2	1	0	4	2	3	4	4	2	2	2	2	2	4	5	5	5	5	25	2	1	0	0	1	0	0	1	0	0	1	2	2	2	1	1	1	0
44	1	2	0	1	5	4	4	4	4	2	1	2	2	2	4	5	5	5	5	54	3	2	0	1	0	0	0	0	0	0	0	4	3	4	1	0	1	0
44	1	2	0	0	2	2	1	2	1	2	4	3	1	1	2	1	1	1	2	54	3	2	0	1	0	0	0	0	0	0	0	4	3	4	1	0	1	0
44	1	2	1	1	5	5	5	5	4	5	2	2	2	2	5	5	4	5	5	54	3	2	0	1	0	0	0	0	0	0	0	4	3	4	1	0	1	0
44	1	2	1	0	2	2	1	2	1	2	4	5	1	1	1	2	2	1	2	54	3	2	0	1	0	0	0	0	0	0	0	4	3	4	1	0	1	0
46	3	2	0	1	4	4	3	3	4	2	3	2	1	3	5	3	3	4	4	21	1	2	0	0	1	0	0	1	1	0	1	2	3	2	1	0	0	0
46	3	2	0	0	2	4	3	3	3	4	4	3	4	3	2	3	3	2	3	21	1	2	0	0	1	0	0	1	1	0	1	2	3	2	1	0	0	0
46	3	2	1	1	3	5	2	2	3	5	3	4	4	4	2	1	2	3	4	21	1	2	0	0	1	0	0	1	1	0	1	2	3	2	1	0	0	0
46	3	2	1	0	3	4	3	3	4	2	2	2	3	3	4	3	3	3	3	21	1	2	0	0	1	0	0	1	1	0	1	2	3	2	1	0	0	0
48	3	2	0	1	4	4	4	4	4	3	3	4	3	3	4	4	4	3	3	32	2	2	0	0	1	0	0	0	1	0	1	-999	2	2	1	0	1	0
48	3	2	0	0	4	4	3	4	3	4	3	3	4	3	3	4	3	3	3	32	2	2	0	0	1	0	0	0	1	0	1	-999	2	2	1	0	1	0
48	3	2	1	1	4	4	4	4	3	3	3	3	3	3	3	4	4	4	3	32	2	2	0	0	1	0	0	0	1	0	1	-999	2	2	1	0	1	0
48	3	2	1	0	3	4	3	3	2	3	3	4	3	3	3	3	3	4	2	32	2	2	0	0	1	0	0	0	1	0	1	-999	2	2	1	0	1	0
52	2	2	0	1	2	5	3	2	3	4	2	4	2	4	2	3	4	2	2	26	2	1	0	0	1	0	0	1	0	0	1	3	2	2	1	0	1	1
52	2	2	0	0	2	4	3	2	4	3	2	2	2	2	4	4	4	4	4	26	2	1	0	0	1	0	0	1	0	0	1	3	2	2	1	0	1	1
52	2	2	1	1	2	5	2	2	2	4	2	4	4	2	2	2	4	2	2	26	2	1	0	0	1	0	0	1	0	0	1	3	2	2	1	0	1	1
52	2	2	1	0	3	4	2	2	4	3	2	2	2	2	4	4	4	2	4	26	2	1	0	0	1	0	0	1	0	0	1	3	2	2	1	0	1	1
54	2	2	0	1	5	5	4	4	4	1	2	4	1	1	4	3	4	3	3	29	2	1	0	0	1	0	0	1	0	0	1	3	3	1	1	0	1	0
54	2	2	0	0	2	5	3	2	2	4	4	2	4	4	3	3	3	3	3	29	2	1	0	0	1	0	0	1	0	0	1	3	3	1	1	0	1	0
54	2	2	1	1	4	5	3	4	4	3	2	3	3	2	4	3	3	3	3	29	2	1	0	0	1	0	0	1	0	0	1	3	3	1	1	0	1	0
54	2	2	1	0	2	2	2	2	3	2	3	2	3	2	2	2	2	3	3	29	2	1	0	0	1	0	0	1	0	0	1	3	3	1	1	0	1	0
56	1	2	0	1	4	4	4	4	3	1	2	2	2	3	4	4	4	4	4	31	2	1	0	0	0	0	0	0	0	0	0	3	3	3	1	0	1	0
56	1	2	0	0	3	3	3	2	2	4	4	4	4	4	4	4	4	3	2	31	2	1	0	0	0	0	0	0	0	0	0	3	3	3	1	0	1	0
56	1	2	1	1	4	4	4	4	4	2	2	3	2	2	4	3	4	4	3	31	2	1	0	0	0	0	0	0	0	0	0	3	3	3	1	0	1	0
56	1	2	1	0	3	3	3	3	3	4	3	4	4	4	3	4	4	3	3	31	2	1	0	0	0	0	0	0	0	0	0	3	3	3	1	0	1	0
57	2	2	0	1	4	4	4	4	4	2	2	2	2	2	3	3	4	3	3	31	2	1	0	0	1	0	0	1	0	0	1	4	2	3	1	0	0	0
57	2	2	0	0	4	3	4	4	4	2	2	2	2	2	4	4	4	4	4	31	2	1	0	0	1	0	0	1	0	0	1	4	2	3	1	0	0	0
57	2	2	1	1	4	4	4	4	4	2	2	2	2	2	4	2	2	4	4	31	2	1	0	0	1	0	0	1	0	0	1	4	2	3	1	0	0	0
57	2	2	1	0	4	4	4	4	4	2	2	2	2	2	4	4	4	4	4	31	2	1	0	0	1	0	0	1	0	0	1	4	2	3	1	0	0	0
59	3	2	0	1	1	4	2	2	4	4	4	3	3	2	2	2	2	3	2	33	2	1	0	0	1	0	0	0	1	0	1	-999	3	3	1	0	0	1
59	3	2	0	0	4	2	4	4	2	2	2	3	3	2	4	4	4	3	4	33	2	1	0	0	1	0	0	0	1	0	1	-999	3	3	1	0	0	1
59	3	2	1	1	2	4	2	2	2	4	4	4	4	4	2	2	2	3	2	33	2	1	0	0	1	0	0	0	1	0	1	-999	3	3	1	0	0	1
59	3	2	1	0	4	2	3	4	4	2	2	2	2	2	4	4	4	3	4	33	2	1	0	0	1	0	0	0	1	0	1	-999	3	3	1	0	0	1
60	3	2	0	1	3	4	3	3	3	3	3	2	2	2	3	3	3	3	3	34	2	1	0	0	1	0	0	0	1	0	1	-999	3	2	1	0	1	0
60	3	2	0	0	3	3	3	3	3	3	3	2	2	2	3	3	3	3	3	34	2	1	0	0	1	0	0	0	1	0	1	-999	3	2	1	0	1	0
60	3	2	1	1	4	4	4	4	3	2	2	2	2	2	3	3	3	3	3	34	2	1	0	0	1	0	0	0	1	0	1	-999	3	2	1	0	1	0
60	3	2	1	0	3	3	3	3	3	2	2	2	2	2	3	3	3	3	3	34	2	1	0	0	1	0	0	0	1	0	1	-999	3	2	1	0	1	0
61	3	2	0	1	3	5	5	5	5	2	1	1	1	1	4	4	4	4	4	45	3	1	0	0	1	0	0	0	1	0	1	-999	2	1	1	0	0	0
61	3	2	0	0	3	4	2	1	1	2	1	1	1	1	1	2	4	5	4	45	3	1	0	0	1	0	0	0	1	0	1	-999	2	1	1	0	0	0
61	3	2	1	1	5	4	1	3	3	1	1	3	3	3	4	3	3	4	4	45	3	1	0	0	1	0	0	0	1	0	1	-999	2	1	1	0	0	0
61	3	2	1	0	4	2	3	4	5	1	2	2	4	5	3	3	3	3	4	45	3	1	0	0	1	0	0	0	1	0	1	-999	2	1	1	0	0	0
65	1	2	0	1	5	5	5	5	4	1	2	3	2	2	5	5	5	3	5	29	2	2	0	1	0	0	0	0	0	0	0	1	3	4	0	0	1	0
65	1	2	0	0	1	1	1	1	2	3	3	4	3	4	1	1	1	3	1	29	2	2	0	1	0	0	0	0	0	0	0	1	3	4	0	0	1	0
65	1	2	1	1	5	5	5	5	5	1	1	1	1	1	5	5	5	3	5	29	2	2	0	1	0	0	0	0	0	0	0	1	3	4	0	0	1	0
65	1	2	1	0	1	1	1	3	1	5	5	5	5	5	2	1	1	3	1	29	2	2	0	1	0	0	0	0	0	0	0	1	3	4	0	0	1	0
67	1	2	0	1	4	5	3	5	5	2	2	3	3	3	5	4	5	3	5	45	3	2	0	1	0	0	0	0	0	0	0	-999	3	3	1	0	1	1
67	1	2	0	0	1	2	3	1	3	5	5	3	3	3	3	4	3	3	3	45	3	2	0	1	0	0	0	0	0	0	0	-999	3	3	1	0	1	1
67	1	2	1	1	5	5	5	5	4	1	1	3	3	3	5	5	5	5	5	45	3	2	0	1	0	0	0	0	0	0	0	-999	3	3	1	0	1	1
67	1	2	1	0	3	3	3	3	3	3	3	3	3	3	3	3	3	3	3	45	3	2	0	1	0	0	0	0	0	0	0	-999	3	3	1	0	1	1
68	3	2	0	1	4	4	3	2	2	2	2	3	2	2	2	4	4	2	4	52	3	2	0	1	1	1	1	1	1	1	1	-999	3	2	1	0	0	0
68	3	2	0	0	4	4	3	2	2	2	2	3	2	2	4	4	4	2	4	52	3	2	0	1	1	1	1	1	1	1	1	-999	3	2	1	0	0	0
68	3	2	1	1	3	4	2	2	4	2	2	3	3	2	4	3	4	3	3	52	3	2	0	1	1	1	1	1	1	1	1	-999	3	2	1	0	0	0
68	3	2	1	0	3	4	2	2	4	2	2	3	3	2	4	3	4	3	3	52	3	2	0	1	1	1	1	1	1	1	1	-999	3	2	1	0	0	0
69	3	2	0	1	5	5	4	5	4	1	1	1	1	1	4	5	5	3	5	41	2	1	0	1	1	0	0	0	1	0	1	-999	1	2	1	0	1	0
69	3	2	0	0	5	5	3	3	4	1	1	1	1	1	4	5	5	3	5	41	2	1	0	1	1	0	0	0	1	0	1	-999	1	2	1	0	1	0
69	3	2	1	1	5	5	4	4	4	1	1	1	1	1	4	4	5	4	5	41	2	1	0	1	1	0	0	0	1	0	1	-999	1	2	1	0	1	0
69	3	2	1	0	5	5	4	4	5	1	1	1	1	1	4	5	5	5	5	41	2	1	0	1	1	0	0	0	1	0	1	-999	1	2	1	0	1	0
70	1	2	0	1	4	2	4	3	4	2	3	2	2	2	4	4	5	4	4	18	1	2	0	0	0	0	0	0	0	0	0	-999	3	1	1	0	0	0
70	1	2	0	0	3	2	3	3	4	4	3	2	2	4	2	3	4	3	2	18	1	2	0	0	0	0	0	0	0	0	0	-999	3	1	1	0	0	0
70	1	2	1	1	3	4	4	4	4	2	3	2	2	2	4	4	4	3	4	18	1	2	0	0	0	0	0	0	0	0	0	-999	3	1	1	0	0	0
70	1	2	1	0	3	4	2	3	2	2	3	2	2	2	2	4	2	3	4	18	1	2	0	0	0	0	0	0	0	0	0	-999	3	1	1	0	0	0
72	3	2	0	1	4	4	4	3	3	2	2	3	3	2	4	2	3	3	2	21	1	2	0	0	1	1	0	0	1	1	1	-999	3	1	1	0	0	1
72	3	2	0	0	2	3	3	3	3	3	3	4	5	4	3	4	4	3	4	21	1	2	0	0	1	1	0	0	1	1	1	-999	3	1	1	0	0	1
72	3	2	1	1	2	5	3	3	2	5	3	5	4	4	3	2	2	3	2	21	1	2	0	0	1	1	0	0	1	1	1	-999	3	1	1	0	0	1
72	3	2	1	0	5	3	3	3	4	2	3	2	3	3	4	4	4	4	4	21	1	2	0	0	1	1	0	0	1	1	1	-999	3	1	1	0	0	1
73	2	2	0	1	5	4	3	3	4	3	2	4	1	1	4	1	1	3	3	24	1	2	0	0	1	0	0	1	1	0	1	3	2	2	1	1	0	0
73	2	2	0	0	4	3	4	3	3	3	4	3	1	2	4	5	4	5	5	24	1	2	0	0	1	0	0	1	1	0	1	3	2	2	1	1	0	0
73	2	2	1	1	5	3	4	5	4	1	1	1	2	2	1	1	1	1	1	24	1	2	0	0	1	0	0	1	1	0	1	3	2	2	1	1	0	0
73	2	2	1	0	2	3	4	4	4	1	2	2	1	1	5	5	5	5	5	24	1	2	0	0	1	0	0	1	1	0	1	3	2	2	1	1	0	0
74	2	2	0	1	4	5	4	3	3	3	2	3	1	1	4	4	4	3	4	25	2	2	0	0	1	1	0	1	0	1	1	3	1	3	0	0	1	1
74	2	2	0	0	1	4	2	1	2	1	2	1	1	1	2	4	4	3	2	25	2	2	0	0	1	1	0	1	0	1	1	3	1	3	0	0	1	1
74	2	2	1	1	1	5	2	2	1	5	5	5	5	3	1	1	3	3	2	25	2	2	0	0	1	1	0	1	0	1	1	3	1	3	0	0	1	1
74	2	2	1	0	4	3	4	4	4	1	1	1	2	3	4	4	4	3	5	25	2	2	0	0	1	1	0	1	0	1	1	3	1	3	0	0	1	1
76	3	2	0	1	3	4	2	2	2	2	2	2	2	2	4	4	4	4	4	31	2	2	0	0	1	0	0	0	1	0	1	2	2	2	1	0	1	0
76	3	2	0	0	3	2	2	2	2	2	2	2	2	2	4	4	4	4	4	31	2	2	0	0	1	0	0	0	1	0	1	2	2	2	1	0	1	0
76	3	2	1	1	3	4	2	2	2	4	2	2	2	2	4	4	4	4	4	31	2	2	0	0	1	0	0	0	1	0	1	2	2	2	1	0	1	0
76	3	2	1	0	3	2	2	2	2	2	2	2	2	2	4	4	4	4	4	31	2	2	0	0	1	0	0	0	1	0	1	2	2	2	1	0	1	0
77	1	2	0	1	4	4	1	1	2	2	1	1	2	2	3	4	4	4	4	34	2	2	0	0	0	0	0	0	0	0	0	2	3	2	1	0	1	0
77	1	2	0	0	3	4	1	2	2	3	2	2	2	2	3	4	4	3	3	34	2	2	0	0	0	0	0	0	0	0	0	2	3	2	1	0	1	0
77	1	2	1	1	3	4	4	4	2	4	2	2	2	2	3	4	4	4	4	34	2	2	0	0	0	0	0	0	0	0	0	2	3	2	1	0	1	0
77	1	2	1	0	2	2	2	2	2	3	2	2	2	2	2	4	4	4	5	34	2	2	0	0	0	0	0	0	0	0	0	2	3	2	1	0	1	0
80	1	2	0	1	5	4	4	4	3	5	1	1	1	4	5	4	4	3	4	23	1	1	0	0	1	1	0	0	0	1	0	1	1	2	1	1	0	0
80	1	2	0	0	2	2	1	2	2	2	3	3	4	2	1	3	2	3	2	23	1	1	0	0	1	1	0	0	0	1	0	1	1	2	1	1	0	0
80	1	2	1	1	4	3	4	3	4	1	2	2	2	4	4	4	4	3	4	23	1	1	0	0	1	1	0	0	0	1	0	1	1	2	1	1	0	0
80	1	2	1	0	2	3	2	3	1	2	4	4	4	1	2	2	2	3	2	23	1	1	0	0	1	1	0	0	0	1	0	1	1	2	1	1	0	0
81	2	2	0	1	3	4	3	3	2	2	2	2	2	2	3	4	4	2	2	23	1	1	0	0	1	1	0	1	0	1	1	2	2	1	1	1	1	1
81	2	2	0	0	3	2	3	3	3	2	2	2	2	2	3	4	4	2	4	23	1	1	0	0	1	1	0	1	0	1	1	2	2	1	1	1	1	1
81	2	2	1	1	3	4	2	2	3	3	2	2	3	3	4	3	3	3	3	23	1	1	0	0	1	1	0	1	0	1	1	2	2	1	1	1	1	1
81	2	2	1	0	3	2	2	2	3	2	2	2	2	3	3	4	4	3	4	23	1	1	0	0	1	1	0	1	0	1	1	2	2	1	1	1	1	1
82	3	2	0	1	5	5	3	3	4	1	1	4	3	4	1	1	3	3	4	24	1	1	0	0	1	0	0	0	1	0	1	-999	2	2	1	1	0	0
82	3	2	0	0	3	3	3	3	4	3	3	1	3	3	5	5	3	3	3	24	1	1	0	0	1	0	0	0	1	0	1	-999	2	2	1	1	0	0
82	3	2	1	1	1	5	1	1	1	5	4	5	5	5	1	1	1	1	1	24	1	1	0	0	1	0	0	0	1	0	1	-999	2	2	1	1	0	0
82	3	2	1	0	5	2	5	5	5	1	1	1	1	1	5	5	5	5	5	24	1	1	0	0	1	0	0	0	1	0	1	-999	2	2	1	1	0	0
83	2	2	0	1	4	5	3	4	4	2	2	3	2	2	3	4	4	4	4	19	1	2	1	0	1	0	0	1	0	0	1	2	3	2	1	1	1	1
83	2	2	0	0	3	3	3	4	4	4	2	4	2	2	2	3	4	4	4	19	1	2	1	0	1	0	0	1	0	0	1	2	3	2	1	1	1	1
83	2	2	1	1	4	5	4	3	2	5	3	5	4	4	4	3	4	3	4	19	1	2	1	0	1	0	0	1	0	0	1	2	3	2	1	1	1	1
83	2	2	1	0	4	2	3	3	4	2	2	3	3	2	3	3	4	4	4	19	1	2	1	0	1	0	0	1	0	0	1	2	3	2	1	1	1	1
84	1	2	0	1	5	4	3	3	5	1	2	2	2	2	4	3	3	3	5	21	1	2	1	0	1	1	0	1	0	1	1	1	3	2	0	0	1	1
84	1	2	0	0	3	2	3	3	3	3	3	2	2	3	3	3	3	3	2	21	1	2	1	0	1	1	0	1	0	1	1	1	3	2	0	0	1	1
84	1	2	1	1	4	4	4	4	4	2	2	2	2	2	4	4	4	3	5	21	1	2	1	0	1	1	0	1	0	1	1	1	3	2	0	0	1	1
84	1	2	1	0	3	3	3	3	3	3	3	3	3	3	3	3	3	3	3	21	1	2	1	0	1	1	0	1	0	1	1	1	3	2	0	0	1	1
86	3	2	0	1	5	5	3	1	4	1	1	2	1	1	5	3	3	3	3	25	2	2	1	0	1	0	0	1	1	0	1	1	3	4	1	1	1	1
86	3	2	0	0	1	1	1	1	1	5	5	3	1	1	1	3	3	3	3	25	2	2	1	0	1	0	0	1	1	0	1	1	3	4	1	1	1	1
86	3	2	1	1	3	4	2	2	3	3	3	2	2	3	3	3	3	3	3	25	2	2	1	0	1	0	0	1	1	0	1	1	3	4	1	1	1	1
86	3	2	1	0	3	4	2	2	3	3	3	2	2	3	3	3	3	3	3	25	2	2	1	0	1	0	0	1	1	0	1	1	3	4	1	1	1	1
88	1	2	0	1	5	5	5	5	5	1	1	5	1	1	5	5	5	5	5	19	1	1	1	0	1	1	0	0	0	1	0	1	3	3	1	1	1	0
88	1	2	0	0	1	1	1	1	1	5	5	1	5	5	1	1	1	1	1	19	1	1	1	0	1	1	0	0	0	1	0	1	3	3	1	1	1	0
88	1	2	1	1	5	5	5	5	5	1	1	1	1	1	5	5	5	4	5	19	1	1	1	0	1	1	0	0	0	1	0	1	3	3	1	1	1	0
88	1	2	1	0	1	1	1	1	1	5	5	5	5	5	1	1	1	1	1	19	1	1	1	0	1	1	0	0	0	1	0	1	3	3	1	1	1	0
90	1	2	0	1	2	3	3	3	3	3	2	2	2	2	4	4	4	3	4	20	1	1	1	0	0	0	0	0	0	0	0	1	2	3	1	1	1	0
90	1	2	0	0	3	2	3	3	3	3	2	3	2	2	3	4	4	3	3	20	1	1	1	0	0	0	0	0	0	0	0	1	2	3	1	1	1	0
90	1	2	1	1	3	2	2	2	2	2	2	2	2	2	3	4	4	4	4	20	1	1	1	0	0	0	0	0	0	0	0	1	2	3	1	1	1	0
90	1	2	1	0	3	2	2	2	2	2	2	3	3	2	3	4	3	4	3	20	1	1	1	0	0	0	0	0	0	0	0	1	2	3	1	1	1	0
91	1	2	0	1	5	2	3	1	3	4	3	1	1	1	4	4	4	3	4	20	1	1	1	0	0	0	0	0	0	0	0	1	2	2	0	0	1	0
91	1	2	0	0	2	2	3	1	2	3	3	3	1	4	2	2	2	3	1	20	1	1	1	0	0	0	0	0	0	0	0	1	2	2	0	0	1	0
91	1	2	1	1	1	4	3	3	4	1	3	4	1	2	4	3	4	1	4	20	1	1	1	0	0	0	0	0	0	0	0	1	2	2	0	0	1	0
91	1	2	1	0	1	1	3	3	3	4	3	2	4	4	3	4	2	1	2	20	1	1	1	0	0	0	0	0	0	0	0	1	2	2	0	0	1	0
96	2	2	0	1	3	3	3	3	4	3	3	3	3	3	3	3	3	3	4	71	4	2	0	1	1	1	1	1	0	1	1	5	3	1	1	0	0	0
96	2	2	0	0	3	3	3	3	5	3	3	3	3	3	3	3	3	3	4	71	4	2	0	1	1	1	1	1	0	1	1	5	3	1	1	0	0	0
96	2	2	1	1	5	5	3	2	5	2	3	3	2	2	2	2	3	3	3	71	4	2	0	1	1	1	1	1	0	1	1	5	3	1	1	0	0	0
96	2	2	1	0	5	4	3	2	5	2	3	3	2	2	3	3	3	3	3	71	4	2	0	1	1	1	1	1	0	1	1	5	3	1	1	0	0	0
98	3	2	0	1	4	4	4	4	4	2	2	2	2	2	4	4	4	2	4	33	2	2	-999	-999	1	0	0	0	1	0	1	-999	2	2	1	0	1	0
98	3	2	0	0	3	3	3	3	3	2	2	2	2	2	3	3	4	2	4	33	2	2	-999	-999	1	0	0	0	1	0	1	-999	2	2	1	0	1	0
98	3	2	1	1	2	2	2	2	2	4	4	4	4	4	2	2	2	2	2	33	2	2	-999	-999	1	0	0	0	1	0	1	-999	2	2	1	0	1	0
98	3	2	1	0	3	3	3	3	3	3	3	3	3	3	3	4	4	2	4	33	2	2	-999	-999	1	0	0	0	1	0	1	-999	2	2	1	0	1	0
100	2	2	0	1	3	3	3	3	3	1	1	1	1	1	1	1	1	1	2	53	3	2	-999	-999	1	0	0	1	0	0	1	-999	2	4	1	0	0	0
100	2	2	0	0	3	3	3	3	3	1	1	1	1	1	1	1	1	1	1	53	3	2	-999	-999	1	0	0	1	0	0	1	-999	2	4	1	0	0	0
100	2	2	1	1	3	3	3	3	3	1	3	1	1	1	3	3	3	3	4	53	3	2	-999	-999	1	0	0	1	0	0	1	-999	2	4	1	0	0	0
100	2	2	1	0	3	3	3	3	3	1	3	1	1	1	3	3	3	3	4	53	3	2	-999	-999	1	0	0	1	0	0	1	-999	2	4	1	0	0	0
101	3	2	0	1	3	5	3	3	3	1	1	3	3	3	3	3	3	3	3	56	3	2	-999	-999	1	0	0	1	1	0	1	2	2	2	1	1	1	1
101	3	2	0	0	3	5	3	3	3	1	1	3	3	3	3	3	3	3	3	56	3	2	-999	-999	1	0	0	1	1	0	1	2	2	2	1	1	1	1
101	3	2	1	1	3	5	3	3	3	1	3	3	3	3	3	3	3	3	3	56	3	2	-999	-999	1	0	0	1	1	0	1	2	2	2	1	1	1	1
101	3	2	1	0	3	5	3	3	3	1	3	3	3	3	3	3	3	3	3	56	3	2	-999	-999	1	0	0	1	1	0	1	2	2	2	1	1	1	1
104	3	2	0	1	3	5	3	2	2	5	3	5	5	5	2	2	2	2	2	49	3	1	-999	-999	1	0	0	0	1	0	1	-999	3	4	1	1	1	0
104	3	2	0	0	3	3	3	3	3	2	3	3	3	3	5	5	5	5	5	49	3	1	-999	-999	1	0	0	0	1	0	1	-999	3	4	1	1	1	0
104	3	2	1	1	2	5	3	3	1	5	3	5	5	5	3	1	1	3	3	49	3	1	-999	-999	1	0	0	0	1	0	1	-999	3	4	1	1	1	0
104	3	2	1	0	3	3	3	3	5	3	3	3	1	1	3	4	5	3	3	49	3	1	-999	-999	1	0	0	0	1	0	1	-999	3	4	1	1	1	0
105	2	2	0	1	3	4	3	3	4	3	1	3	1	1	4	4	4	3	4	21	1	2	0	0	1	0	0	1	0	0	1	3	3	2	0	0	1	1
105	2	2	0	0	3	3	3	3	4	3	1	3	1	1	4	4	4	3	4	21	1	2	0	0	1	0	0	1	0	0	1	3	3	2	0	0	1	1
105	2	2	1	1	3	3	3	3	4	3	1	1	1	1	1	4	4	4	4	21	1	2	0	0	1	0	0	1	0	0	1	3	3	2	0	0	1	1
105	2	2	1	0	3	3	3	3	4	3	1	1	1	1	1	4	4	4	4	21	1	2	0	0	1	0	0	1	0	0	1	3	3	2	0	0	1	1
106	2	2	0	1	5	3	4	3	5	1	2	2	1	1	3	4	4	1	4	24	1	2	0	0	1	0	0	1	0	0	1	2	3	2	1	1	1	1
106	2	2	0	0	2	3	2	1	5	3	2	2	1	1	3	4	4	1	2	24	1	2	0	0	1	0	0	1	0	0	1	2	3	2	1	1	1	1
106	2	2	1	1	5	4	4	4	4	1	1	1	1	1	4	4	4	1	4	24	1	2	0	0	1	0	0	1	0	0	1	2	3	2	1	1	1	1
106	2	2	1	0	2	2	2	2	3	1	1	1	1	1	3	4	4	1	2	24	1	2	0	0	1	0	0	1	0	0	1	2	3	2	1	1	1	1
107	3	2	0	1	5	5	4	4	5	5	2	2	2	2	2	3	5	4	2	25	2	2	0	0	1	0	0	0	1	0	1	-999	3	2	1	0	1	0
107	3	2	0	0	3	3	2	1	2	3	2	1	1	1	3	5	2	1	4	25	2	2	0	0	1	0	0	0	1	0	1	-999	3	2	1	0	1	0
107	3	2	1	1	4	5	3	3	4	2	2	2	2	3	3	4	4	4	3	25	2	2	0	0	1	0	0	0	1	0	1	-999	3	2	1	0	1	0
107	3	2	1	0	2	3	3	2	2	1	1	2	2	1	2	2	3	3	4	25	2	2	0	0	1	0	0	0	1	0	1	-999	3	2	1	0	1	0
108	1	2	0	1	5	4	4	5	4	1	1	1	1	1	4	4	5	4	5	27	2	2	0	0	1	1	0	0	0	1	0	5	3	2	0	0	1	1
108	1	2	0	0	3	2	3	4	3	1	2	2	1	1	2	2	2	2	2	27	2	2	0	0	1	1	0	0	0	1	0	5	3	2	0	0	1	1
108	1	2	1	1	5	5	5	5	5	1	1	1	1	1	5	5	5	5	5	27	2	2	0	0	1	1	0	0	0	1	0	5	3	2	0	0	1	1
108	1	2	1	0	2	2	2	2	2	1	1	1	1	1	2	2	2	2	1	27	2	2	0	0	1	1	0	0	0	1	0	5	3	2	0	0	1	1
109	3	2	0	1	5	4	5	4	4	1	1	3	1	2	5	3	5	3	3	27	2	2	0	0	1	0	0	0	1	0	1	4	3	2	1	1	1	1
109	3	2	0	0	2	1	1	2	5	5	5	3	4	5	1	3	3	3	3	27	2	2	0	0	1	0	0	0	1	0	1	4	3	2	1	1	1	1
109	3	2	1	1	4	5	4	3	2	3	3	4	4	4	2	3	3	4	3	27	2	2	0	0	1	0	0	0	1	0	1	4	3	2	1	1	1	1
109	3	2	1	0	2	1	3	3	5	3	3	3	2	3	4	4	3	4	3	27	2	2	0	0	1	0	0	0	1	0	1	4	3	2	1	1	1	1
110	2	2	0	1	4	4	3	3	3	3	1	3	2	1	3	3	3	3	4	28	2	2	0	0	1	1	0	1	0	1	1	5	2	2	1	1	0	0
110	2	2	0	0	3	2	3	3	3	3	1	3	2	1	3	3	3	3	3	28	2	2	0	0	1	1	0	1	0	1	1	5	2	2	1	1	0	0
110	2	2	1	1	2	5	3	3	3	4	3	4	4	4	2	3	3	3	2	28	2	2	0	0	1	1	0	1	0	1	1	5	2	2	1	1	0	0
110	2	2	1	0	3	3	3	3	3	3	3	2	2	2	4	4	4	3	4	28	2	2	0	0	1	1	0	1	0	1	1	5	2	2	1	1	0	0
111	3	2	0	1	5	5	4	3	4	4	1	4	4	2	3	4	5	4	4	29	2	2	0	0	1	0	0	0	1	0	1	-999	3	2	1	1	1	1
111	3	2	0	0	3	3	3	3	2	3	1	2	1	1	3	5	5	5	5	29	2	2	0	0	1	0	0	0	1	0	1	-999	3	2	1	1	1	1
111	3	2	1	1	4	4	3	4	5	4	3	4	5	5	1	2	4	4	4	29	2	2	0	0	1	0	0	0	1	0	1	-999	3	2	1	1	1	1
111	3	2	1	0	5	5	5	5	4	5	5	5	1	4	5	5	5	5	5	29	2	2	0	0	1	0	0	0	1	0	1	-999	3	2	1	1	1	1
115	2	2	0	1	5	4	3	3	3	3	2	2	2	1	4	3	3	1	3	35	2	2	0	0	1	1	0	0	0	1	0	3	2	2	0	0	1	0
115	2	2	0	0	3	2	2	2	4	3	2	1	2	1	3	3	2	1	3	35	2	2	0	0	1	1	0	0	0	1	0	3	2	2	0	0	1	0
115	2	2	1	1	2	5	2	2	2	4	2	3	3	2	2	2	3	2	2	35	2	2	0	0	1	1	0	0	0	1	0	3	2	2	0	0	1	0
115	2	2	1	0	4	2	3	3	4	2	2	1	1	1	3	4	5	4	4	35	2	2	0	0	1	1	0	0	0	1	0	3	2	2	0	0	1	0
116	2	2	0	1	5	2	3	4	2	5	1	4	2	4	2	2	4	4	1	35	2	2	0	0	1	1	0	1	0	1	1	-999	3	2	1	1	1	0
116	2	2	0	0	3	5	3	3	5	1	3	2	1	1	5	5	5	3	5	35	2	2	0	0	1	1	0	1	0	1	1	-999	3	2	1	1	1	0
116	2	2	1	1	1	5	3	3	4	5	4	4	5	5	2	1	1	1	1	35	2	2	0	0	1	1	0	1	0	1	1	-999	3	2	1	1	1	0
116	2	2	1	0	3	3	3	3	4	1	3	1	1	2	5	5	5	3	5	35	2	2	0	0	1	1	0	1	0	1	1	-999	3	2	1	1	1	0
117	3	2	0	1	5	4	5	5	4	1	1	1	1	1	4	4	5	4	5	37	2	2	0	0	1	1	0	1	1	1	1	-999	3	1	1	0	1	0
117	3	2	0	0	1	1	1	1	2	5	4	4	4	4	2	2	1	2	1	37	2	2	0	0	1	1	0	1	1	1	1	-999	3	1	1	0	1	0
117	3	2	1	1	4	4	5	4	4	1	1	1	2	2	4	5	5	4	5	37	2	2	0	0	1	1	0	1	1	1	1	-999	3	1	1	0	1	0
117	3	2	1	0	2	2	2	2	2	5	5	4	4	4	2	2	1	2	1	37	2	2	0	0	1	1	0	1	1	1	1	-999	3	1	1	0	1	0
119	3	2	0	1	5	5	2	1	5	2	2	2	1	1	5	5	5	4	5	39	2	2	0	0	1	0	0	0	1	0	1	2	3	4	0	1	1	0
119	3	2	0	0	1	2	2	5	1	2	2	4	5	1	1	1	1	1	3	39	2	2	0	0	1	0	0	0	1	0	1	2	3	4	0	1	1	0
119	3	2	1	1	5	5	5	5	5	2	3	3	3	3	4	4	4	4	4	39	2	2	0	0	1	0	0	0	1	0	1	2	3	4	0	1	1	0
119	3	2	1	0	2	5	3	4	4	3	3	3	3	3	4	4	4	4	4	39	2	2	0	0	1	0	0	0	1	0	1	2	3	4	0	1	1	0
121	1	2	0	1	4	4	3	3	3	1	1	1	1	1	5	4	4	3	4	41	2	2	0	0	1	1	0	1	1	1	1	-999	3	1	1	1	1	0
121	1	2	0	0	1	1	3	3	3	5	3	3	3	3	2	4	3	3	2	41	2	2	0	0	1	1	0	1	1	1	1	-999	3	1	1	1	1	0
121	1	2	1	1	2	3	2	1	3	3	4	4	3	4	2	1	1	3	1	41	2	2	0	0	1	1	0	1	1	1	1	-999	3	1	1	1	1	0
121	1	2	1	0	5	3	2	3	3	1	1	1	1	2	4	5	5	5	5	41	2	2	0	0	1	1	0	1	1	1	1	-999	3	1	1	1	1	0
123	3	2	0	1	5	4	2	2	4	3	4	4	4	2	2	2	2	2	2	43	2	2	0	0	1	0	0	0	1	0	1	2	3	2	1	0	1	0
123	3	2	0	0	5	2	2	2	3	2	2	2	2	2	4	4	4	2	4	43	2	2	0	0	1	0	0	0	1	0	1	2	3	2	1	0	1	0
123	3	2	1	1	2	5	2	2	2	4	4	4	2	2	2	2	2	2	2	43	2	2	0	0	1	0	0	0	1	0	1	2	3	2	1	0	1	0
123	3	2	1	0	4	2	3	2	2	2	2	2	2	2	4	4	4	3	4	43	2	2	0	0	1	0	0	0	1	0	1	2	3	2	1	0	1	0
127	2	2	0	1	4	5	4	4	4	1	1	2	3	2	4	4	4	4	3	45	3	2	0	0	1	1	0	1	0	1	1	6	3	1	1	1	1	0
127	2	2	0	0	3	5	4	3	4	1	3	2	3	3	3	4	4	4	3	45	3	2	0	0	1	1	0	1	0	1	1	6	3	1	1	1	1	0
127	2	2	1	1	2	2	2	2	2	3	5	4	2	5	2	2	2	2	1	45	3	2	0	0	1	1	0	1	0	1	1	6	3	1	1	1	1	0
127	2	2	1	0	4	5	4	4	4	1	2	2	1	1	5	4	5	4	5	45	3	2	0	0	1	1	0	1	0	1	1	6	3	1	1	1	1	0
129	2	2	0	1	4	5	4	4	5	4	1	1	1	1	3	4	5	1	4	46	3	2	0	0	1	0	0	1	0	0	1	3	2	4	0	0	1	1
129	2	2	0	0	2	3	2	3	5	2	2	1	1	1	3	4	5	1	2	46	3	2	0	0	1	0	0	1	0	0	1	3	2	4	0	0	1	1
129	2	2	1	1	4	4	3	4	3	1	1	1	1	1	3	4	4	3	4	46	3	2	0	0	1	0	0	1	0	0	1	3	2	4	0	0	1	1
129	2	2	1	0	2	2	2	2	3	1	1	1	1	1	3	4	4	3	2	46	3	2	0	0	1	0	0	1	0	0	1	3	2	4	0	0	1	1
130	1	2	0	1	5	5	5	5	4	1	1	1	1	1	5	5	5	3	5	48	3	2	0	0	1	1	0	0	0	1	0	-999	3	2	1	0	0	0
130	1	2	0	0	1	3	1	1	4	1	4	1	1	3	3	1	2	3	1	48	3	2	0	0	1	1	0	0	0	1	0	-999	3	2	1	0	0	0
130	1	2	1	1	5	5	3	4	5	1	1	1	1	1	5	5	5	3	5	48	3	2	0	0	1	1	0	0	0	1	0	-999	3	2	1	0	0	0
130	1	2	1	0	1	3	3	2	2	1	3	1	1	1	3	2	3	3	1	48	3	2	0	0	1	1	0	0	0	1	0	-999	3	2	1	0	0	0
131	2	2	0	1	1	3	1	1	1	1	1	1	1	1	4	3	3	3	1	50	3	2	0	0	0	0	0	0	0	0	0	-999	3	2	0	0	1	0
131	2	2	0	0	3	3	3	3	3	3	3	3	3	1	4	3	3	3	5	50	3	2	0	0	0	0	0	0	0	0	0	-999	3	2	0	0	1	0
131	2	2	1	1	1	5	3	2	3	4	3	3	1	3	3	3	3	4	1	50	3	2	0	0	0	0	0	0	0	0	0	-999	3	2	0	0	1	0
131	2	2	1	0	4	3	3	3	3	1	3	1	1	3	3	3	3	3	5	50	3	2	0	0	0	0	0	0	0	0	0	-999	3	2	0	0	1	0
133	2	2	0	1	3	3	3	3	3	3	3	3	3	3	4	3	3	3	3	51	3	2	0	0	1	1	0	1	0	1	1	3	3	2	1	1	1	1
133	2	2	0	0	3	3	3	3	3	3	3	3	3	3	4	3	3	3	3	51	3	2	0	0	1	1	0	1	0	1	1	3	3	2	1	1	1	1
133	2	2	1	1	3	4	3	3	4	3	3	3	3	3	4	4	4	3	3	51	3	2	0	0	1	1	0	1	0	1	1	3	3	2	1	1	1	1
133	2	2	1	0	3	3	3	3	4	3	3	3	3	3	4	4	4	3	3	51	3	2	0	0	1	1	0	1	0	1	1	3	3	2	1	1	1	1
134	2	2	0	1	5	4	4	5	4	1	1	1	1	2	4	4	4	4	4	53	3	2	0	0	1	1	0	1	0	1	1	5	3	1	1	0	1	0
134	2	2	0	0	1	2	1	1	2	4	5	3	3	4	2	2	2	2	2	53	3	2	0	0	1	1	0	1	0	1	1	5	3	1	1	0	1	0
134	2	2	1	1	4	4	4	4	4	3	2	3	3	2	4	4	4	3	4	53	3	2	0	0	1	1	0	1	0	1	1	5	3	1	1	0	1	0
134	2	2	1	0	2	2	2	2	2	2	3	2	2	3	2	2	2	2	2	53	3	2	0	0	1	1	0	1	0	1	1	5	3	1	1	0	1	0
137	2	2	0	1	3	5	3	4	4	4	3	3	3	3	4	4	4	3	4	57	3	2	0	0	1	1	1	1	0	1	1	5	3	2	1	1	1	0
137	2	2	0	0	3	3	3	3	4	2	3	3	3	3	2	2	2	3	2	57	3	2	0	0	1	1	1	1	0	1	1	5	3	2	1	1	1	0
137	2	2	1	1	3	5	3	3	4	5	3	4	5	4	4	4	4	3	4	57	3	2	0	0	1	1	1	1	0	1	1	5	3	2	1	1	1	0
137	2	2	1	0	3	1	3	3	3	1	3	3	3	3	1	4	4	3	4	57	3	2	0	0	1	1	1	1	0	1	1	5	3	2	1	1	1	0
138	1	2	0	1	5	3	3	4	3	1	2	1	2	2	4	5	5	5	5	60	3	2	0	0	1	1	0	0	0	1	0	3	3	4	1	0	1	0
138	1	2	0	0	3	3	3	3	3	2	2	1	2	2	4	4	5	5	4	60	3	2	0	0	1	1	0	0	0	1	0	3	3	4	1	0	1	0
138	1	2	1	1	3	4	3	2	3	1	2	2	2	1	4	3	3	2	4	60	3	2	0	0	1	1	0	0	0	1	0	3	3	4	1	0	1	0
138	1	2	1	0	3	3	3	2	3	1	3	2	2	1	4	4	4	2	4	60	3	2	0	0	1	1	0	0	0	1	0	3	3	4	1	0	1	0
145	2	2	0	1	5	5	4	3	2	1	3	4	1	3	3	4	2	2	1	27	2	1	0	0	0	0	0	0	0	0	0	3	3	2	1	0	1	0
145	2	2	0	0	2	2	2	3	5	5	3	1	4	3	3	2	4	5	5	27	2	1	0	0	0	0	0	0	0	0	0	3	3	2	1	0	1	0
145	2	2	1	1	1	5	3	3	1	5	4	4	4	4	1	2	2	2	1	27	2	1	0	0	0	0	0	0	0	0	0	3	3	2	1	0	1	0
145	2	2	1	0	5	2	3	3	5	1	2	2	3	3	5	5	5	5	5	27	2	1	0	0	0	0	0	0	0	0	0	3	3	2	1	0	1	0
146	1	2	0	1	3	4	3	2	3	2	3	2	2	2	3	4	4	4	3	29	2	1	0	0	0	0	0	0	0	0	0	3	3	2	1	0	1	0
146	1	2	0	0	3	4	3	2	3	2	3	2	2	2	3	4	4	4	3	29	2	1	0	0	0	0	0	0	0	0	0	3	3	2	1	0	1	0
146	1	2	1	1	4	3	2	2	3	2	4	2	2	3	3	3	3	4	3	29	2	1	0	0	0	0	0	0	0	0	0	3	3	2	1	0	1	0
146	1	2	1	0	4	3	2	2	3	2	4	2	2	3	3	3	3	4	3	29	2	1	0	0	0	0	0	0	0	0	0	3	3	2	1	0	1	0
148	1	2	0	1	4	4	3	3	4	3	2	2	3	2	4	4	4	4	4	34	2	1	0	0	1	1	0	0	0	1	0	-999	3	2	1	0	1	0
148	1	2	0	0	2	2	3	3	3	3	4	3	3	3	2	2	2	2	2	34	2	1	0	0	1	1	0	0	0	1	0	-999	3	2	1	0	1	0
148	1	2	1	1	3	3	3	3	3	3	4	3	3	3	2	2	2	2	2	34	2	1	0	0	1	1	0	0	0	1	0	-999	3	2	1	0	1	0
148	1	2	1	0	2	3	3	3	3	3	3	3	3	3	4	4	4	3	3	34	2	1	0	0	1	1	0	0	0	1	0	-999	3	2	1	0	1	0
149	3	2	0	1	2	5	3	2	2	4	3	5	5	5	2	1	2	1	1	35	2	1	0	0	1	1	0	1	1	1	1	4	2	2	1	1	1	1
149	3	2	0	0	3	3	3	4	5	2	2	1	3	1	5	5	5	5	5	35	2	1	0	0	1	1	0	1	1	1	1	4	2	2	1	1	1	1
149	3	2	1	1	2	5	1	1	2	5	4	5	5	5	1	1	1	1	1	35	2	1	0	0	1	1	0	1	1	1	1	4	2	2	1	1	1	1
149	3	2	1	0	5	3	5	5	5	1	2	2	2	3	5	5	5	5	5	35	2	1	0	0	1	1	0	1	1	1	1	4	2	2	1	1	1	1
153	3	2	0	1	3	4	3	5	5	1	1	4	1	1	4	4	4	4	4	43	2	1	0	0	1	0	0	0	1	0	1	3	3	4	1	0	0	0
153	3	2	0	0	4	3	3	5	5	1	1	1	1	1	1	1	4	3	4	43	2	1	0	0	1	0	0	0	1	0	1	3	3	4	1	0	0	0
153	3	2	1	1	2	4	3	3	4	4	3	5	4	3	3	2	2	3	2	43	2	1	0	0	1	0	0	0	1	0	1	3	3	4	1	0	0	0
153	3	2	1	0	4	4	3	3	4	2	3	4	3	3	3	4	4	3	4	43	2	1	0	0	1	0	0	0	1	0	1	3	3	4	1	0	0	0
157	3	2	0	1	4	4	4	4	3	4	2	4	3	3	3	4	4	4	4	55	3	1	0	0	1	0	0	1	1	0	1	-999	3	2	1	0	1	0
157	3	2	0	0	3	3	3	3	3	2	3	3	3	3	3	3	3	4	4	55	3	1	0	0	1	0	0	1	1	0	1	-999	3	2	1	0	1	0
157	3	2	1	1	3	4	3	3	4	3	3	3	3	4	3	4	3	2	1	55	3	1	0	0	1	0	0	1	1	0	1	-999	3	2	1	0	1	0
157	3	2	1	0	3	4	3	3	3	3	3	3	3	3	3	4	3	4	4	55	3	1	0	0	1	0	0	1	1	0	1	-999	3	2	1	0	1	0
159	2	2	0	1	3	4	3	3	3	3	2	3	3	3	2	2	3	1	3	30	2	2	0	0	1	1	0	1	0	1	1	3	3	2	1	0	0	0
159	2	2	0	0	3	3	3	3	3	3	3	3	3	3	3	3	3	3	3	30	2	2	0	0	1	1	0	1	0	1	1	3	3	2	1	0	0	0
159	2	2	1	1	3	4	3	4	3	3	3	4	3	3	3	2	3	3	2	30	2	2	0	0	1	1	0	1	0	1	1	3	3	2	1	0	0	0
159	2	2	1	0	3	3	3	3	3	3	3	3	3	3	3	4	4	4	4	30	2	2	0	0	1	1	0	1	0	1	1	3	3	2	1	0	0	0
160	3	2	0	1	4	1	4	5	1	1	3	3	1	2	5	5	5	3	5	34	2	2	0	0	1	1	1	1	1	1	1	6	2	2	1	0	1	0
160	3	2	0	0	2	5	1	1	5	4	1	3	4	4	2	2	2	3	1	34	2	2	0	0	1	1	1	1	1	1	1	6	2	2	1	0	1	0
160	3	2	1	1	5	5	4	5	1	5	1	4	5	5	2	5	5	3	5	34	2	2	0	0	1	1	1	1	1	1	1	6	2	2	1	0	1	0
160	3	2	1	0	1	1	2	1	5	1	4	1	1	1	5	2	1	3	1	34	2	2	0	0	1	1	1	1	1	1	1	6	2	2	1	0	1	0
161	3	2	0	1	3	2	3	2	2	2	2	2	2	2	2	2	4	2	4	39	2	2	0	0	1	0	0	0	1	0	1	3	3	2	1	1	1	1
161	3	2	0	0	3	2	3	2	2	1	2	2	2	2	2	2	4	2	4	39	2	2	0	0	1	0	0	0	1	0	1	3	3	2	1	1	1	1
161	3	2	1	1	2	4	2	2	2	4	2	4	2	2	2	3	4	2	4	39	2	2	0	0	1	0	0	0	1	0	1	3	3	2	1	1	1	1
161	3	2	1	0	2	2	2	2	2	2	2	2	2	2	4	4	4	2	4	39	2	2	0	0	1	0	0	0	1	0	1	3	3	2	1	1	1	1
163	2	2	0	1	1	5	5	4	4	5	3	5	4	4	4	4	4	4	4	45	3	2	0	0	1	1	0	1	0	1	1	6	3	2	1	0	1	0
163	2	2	0	0	5	5	1	3	2	3	3	3	3	3	2	4	4	1	2	45	3	2	0	0	1	1	0	1	0	1	1	6	3	2	1	0	1	0
163	2	2	1	1	4	5	4	4	4	2	2	4	4	4	4	4	4	4	4	45	3	2	0	0	1	1	0	1	0	1	1	6	3	2	1	0	1	0
163	2	2	1	0	1	4	2	2	3	2	2	3	2	2	4	4	4	4	4	45	3	2	0	0	1	1	0	1	0	1	1	6	3	2	1	0	1	0
165	2	2	0	1	5	5	5	1	2	1	1	1	1	2	5	3	5	5	3	51	3	2	0	0	1	1	0	1	0	1	1	3	3	2	1	1	1	0
165	2	2	0	0	5	5	5	1	2	1	1	1	1	2	5	5	5	5	5	51	3	2	0	0	1	1	0	1	0	1	1	3	3	2	1	1	1	0
165	2	2	1	1	3	5	3	3	2	4	3	5	4	3	1	2	3	3	1	51	3	2	0	0	1	1	0	1	0	1	1	3	3	2	1	1	1	0
165	2	2	1	0	5	3	1	3	5	1	1	3	2	1	5	5	5	5	5	51	3	2	0	0	1	1	0	1	0	1	1	3	3	2	1	1	1	0
166	1	2	0	1	5	4	3	5	5	5	4	5	2	5	4	5	5	5	5	24	1	1	0	0	0	0	0	0	0	0	0	2	3	2	1	0	0	0
166	1	2	0	0	4	5	3	5	4	3	4	5	2	5	4	4	5	5	5	24	1	1	0	0	0	0	0	0	0	0	0	2	3	2	1	0	0	0
166	1	2	1	1	5	5	4	4	5	4	3	3	3	4	5	4	5	5	5	24	1	1	0	0	0	0	0	0	0	0	0	2	3	2	1	0	0	0
166	1	2	1	0	4	5	4	3	4	4	4	3	3	4	4	3	4	4	5	24	1	1	0	0	0	0	0	0	0	0	0	2	3	2	1	0	0	0
168	2	2	0	1	3	4	3	3	3	3	3	3	3	3	3	3	3	3	3	35	2	1	0	0	1	0	0	1	0	0	1	4	1	2	1	0	0	0
168	2	2	0	0	3	3	3	3	3	3	2	3	3	3	3	3	3	3	3	35	2	1	0	0	1	0	0	1	0	0	1	4	1	2	1	0	0	0
168	2	2	1	1	3	4	3	2	2	3	3	1	1	1	2	2	2	2	3	35	2	1	0	0	1	0	0	1	0	0	1	4	1	2	1	0	0	0
168	2	2	1	0	3	3	3	3	4	3	3	3	3	3	4	5	5	5	5	35	2	1	0	0	1	0	0	1	0	0	1	4	1	2	1	0	0	0
171	1	2	0	1	4	4	3	4	4	2	2	2	2	2	4	4	4	3	4	43	2	1	0	0	0	0	0	0	0	0	0	-999	3	4	1	1	1	0
171	1	2	0	0	3	2	2	3	3	4	3	4	3	4	2	2	2	3	2	43	2	1	0	0	0	0	0	0	0	0	0	-999	3	4	1	1	1	0
171	1	2	1	1	4	4	4	4	4	2	2	2	2	2	4	4	4	3	4	43	2	1	0	0	0	0	0	0	0	0	0	-999	3	4	1	1	1	0
171	1	2	1	0	2	2	3	2	2	4	3	4	4	3	2	3	2	3	3	43	2	1	0	0	0	0	0	0	0	0	0	-999	3	4	1	1	1	0
172	3	2	0	1	5	5	5	5	4	1	4	1	1	4	1	1	2	3	1	32	2	2	0	0	1	1	0	1	1	1	1	6	2	2	1	0	0	0
172	3	2	0	0	3	4	3	1	1	4	4	2	4	3	3	3	4	5	4	32	2	2	0	0	1	1	0	1	1	1	1	6	2	2	1	0	0	0
172	3	2	1	1	1	1	1	1	1	5	5	5	5	5	1	1	1	1	1	32	2	2	0	0	1	1	0	1	1	1	1	6	2	2	1	0	0	0
172	3	2	1	0	5	5	5	4	5	1	1	1	1	1	5	5	5	5	4	32	2	2	0	0	1	1	0	1	1	1	1	6	2	2	1	0	0	0
174	2	2	0	1	5	4	4	3	5	2	2	3	2	2	3	2	4	4	4	49	3	1	0	0	1	1	0	1	0	1	1	6	3	2	1	0	1	0
174	2	2	0	0	5	4	3	3	5	1	2	3	2	1	3	4	4	4	4	49	3	1	0	0	1	1	0	1	0	1	1	6	3	2	1	0	1	0
174	2	2	1	1	2	3	3	3	3	4	2	3	3	3	3	3	3	3	4	49	3	1	0	0	1	1	0	1	0	1	1	6	3	2	1	0	1	0
174	2	2	1	0	4	3	4	4	3	2	1	2	1	3	4	4	4	3	4	49	3	1	0	0	1	1	0	1	0	1	1	6	3	2	1	0	1	0
175	2	2	0	1	5	5	5	5	5	1	1	1	1	1	4	4	4	3	5	49	3	2	0	0	1	1	0	1	0	1	1	-999	3	2	1	1	1	1
175	2	2	0	0	3	4	3	3	3	2	1	3	3	3	4	4	4	3	3	49	3	2	0	0	1	1	0	1	0	1	1	-999	3	2	1	1	1	1
175	2	2	1	1	3	5	4	3	3	4	3	4	3	3	4	4	4	3	3	49	3	2	0	0	1	1	0	1	0	1	1	-999	3	2	1	1	1	1
175	2	2	1	0	3	3	4	3	3	3	3	3	3	3	4	4	4	3	3	49	3	2	0	0	1	1	0	1	0	1	1	-999	3	2	1	1	1	1
176	2	2	0	1	3	5	3	2	3	3	3	5	3	3	1	4	3	2	1	46	3	1	1	0	1	0	0	1	0	0	1	2	1	3	1	0	0	0
176	2	2	0	0	3	1	3	4	3	3	4	1	3	4	5	4	3	3	4	46	3	1	1	0	1	0	0	1	0	0	1	2	1	3	1	0	0	0
176	2	2	1	1	4	5	3	3	4	3	4	3	3	3	2	3	3	2	2	46	3	1	1	0	1	0	0	1	0	0	1	2	1	3	1	0	0	0
176	2	2	1	0	3	3	4	5	4	3	3	4	3	3	4	4	3	3	3	46	3	1	1	0	1	0	0	1	0	0	1	2	1	3	1	0	0	0
177	1	2	0	1	5	5	5	5	5	1	1	1	1	1	5	5	5	5	5	22	1	2	0	0	1	1	1	1	1	-999	-999	6	3	4	1	1	1	1
177	1	2	0	0	2	1	1	1	1	5	5	5	5	5	1	1	1	1	1	22	1	2	0	0	1	1	1	1	1	-999	-999	6	3	4	1	1	1	1
177	1	2	1	1	5	5	5	5	5	1	1	1	1	1	5	5	5	5	5	22	1	2	0	0	1	1	1	1	1	-999	-999	6	3	4	1	1	1	1
177	1	2	1	0	1	1	1	1	1	5	5	5	5	5	1	1	1	1	1	22	1	2	0	0	1	1	1	1	1	-999	-999	6	3	4	1	1	1	1
179	1	2	0	1	4	4	3	3	5	1	2	1	2	2	5	4	4	3	5	21	1	2	1	0	1	1	0	0	0	1	0	1	2	2	1	0	1	0
179	1	2	0	0	2	2	2	2	1	3	4	4	4	4	2	2	2	3	2	21	1	2	1	0	1	1	0	0	0	1	0	1	2	2	1	0	1	0
179	1	2	1	1	2	2	3	3	4	2	2	4	2	4	3	4	3	3	4	21	1	2	1	0	1	1	0	0	0	1	0	1	2	2	1	0	1	0
179	1	2	1	0	4	4	5	3	4	4	2	4	2	2	4	4	4	3	4	21	1	2	1	0	1	1	0	0	0	1	0	1	2	2	1	0	1	0
180	3	2	0	1	4	4	3	2	3	3	5	2	4	3	2	4	4	4	3	21	1	2	0	0	1	0	0	0	1	0	1	3	3	4	1	1	1	1
180	3	2	0	0	5	2	3	3	5	3	3	3	2	2	5	4	4	5	5	21	1	2	0	0	1	0	0	0	1	0	1	3	3	4	1	1	1	1
180	3	2	1	1	2	5	1	2	2	4	5	5	4	4	2	2	2	3	1	21	1	2	0	0	1	0	0	0	1	0	1	3	3	4	1	1	1	1
180	3	2	1	0	5	3	4	4	5	2	2	1	3	2	4	5	5	5	5	21	1	2	0	0	1	0	0	0	1	0	1	3	3	4	1	1	1	1
181	1	2	0	1	4	4	3	3	4	2	2	2	2	1	4	4	3	4	4	23	1	1	0	0	1	1	0	0	0	1	0	3	3	2	0	0	1	0
181	1	2	0	0	3	2	3	3	3	3	2	2	2	2	3	3	3	3	4	23	1	1	0	0	1	1	0	0	0	1	0	3	3	2	0	0	1	0
181	1	2	1	1	2	5	4	3	2	4	3	4	2	4	3	3	3	4	2	23	1	1	0	0	1	1	0	0	0	1	0	3	3	2	0	0	1	0
181	1	2	1	0	4	3	3	3	4	3	3	2	2	2	4	4	4	4	4	23	1	1	0	0	1	1	0	0	0	1	0	3	3	2	0	0	1	0
182	2	2	0	1	1	5	2	1	1	5	5	4	4	5	1	2	1	3	1	50	3	1	0	0	1	1	1	1	0	1	1	3	3	2	1	1	1	0
182	2	2	0	0	5	3	4	5	4	1	1	2	2	2	4	4	4	3	5	50	3	1	0	0	1	1	1	1	0	1	1	3	3	2	1	1	1	0
182	2	2	1	1	2	4	2	1	1	4	4	4	5	5	1	1	1	1	1	50	3	1	0	0	1	1	1	1	0	1	1	3	3	2	1	1	1	0
182	2	2	1	0	4	2	4	5	5	2	2	2	1	1	5	4	5	5	5	50	3	1	0	0	1	1	1	1	0	1	1	3	3	2	1	1	1	0
183	2	2	0	1	3	5	3	1	3	5	2	5	5	5	1	1	1	1	1	29	2	2	0	1	1	0	0	1	0	0	1	1	3	4	1	0	1	1
183	2	2	0	0	5	5	5	5	5	2	1	1	1	1	5	5	5	5	5	29	2	2	0	1	1	0	0	1	0	0	1	1	3	4	1	0	1	1
183	2	2	1	1	1	5	1	1	1	5	5	5	5	5	1	1	1	1	1	29	2	2	0	1	1	0	0	1	0	0	1	1	3	4	1	0	1	1
183	2	2	1	0	5	3	5	5	5	1	1	1	3	3	5	5	5	5	5	29	2	2	0	1	1	0	0	1	0	0	1	1	3	4	1	0	1	1
185	1	2	0	1	4	2	3	2	1	1	3	3	3	1	5	5	5	5	3	58	3	2	0	0	1	1	0	0	0	1	0	3	3	2	1	1	1	1
185	1	2	0	0	1	1	3	1	1	1	1	1	3	1	1	2	3	1	3	58	3	2	0	0	1	1	0	0	0	1	0	3	3	2	1	1	1	1
185	1	2	1	1	5	5	5	5	5	5	5	5	5	5	5	3	4	4	5	58	3	2	0	0	1	1	0	0	0	1	0	3	3	2	1	1	1	1
185	1	2	1	0	1	1	1	1	1	1	1	1	1	1	3	3	2	2	2	58	3	2	0	0	1	1	0	0	0	1	0	3	3	2	1	1	1	1
186	3	2	0	1	3	3	3	4	4	1	3	3	3	1	2	3	3	3	3	35	2	2	0	0	1	1	0	0	1	1	1	4	3	2	1	1	1	0
186	3	2	0	0	5	5	3	3	4	3	3	3	3	1	2	3	3	3	3	35	2	2	0	0	1	1	0	0	1	1	1	4	3	2	1	1	1	0
186	3	2	1	1	2	1	3	3	4	1	1	1	1	4	1	1	1	1	1	35	2	2	0	0	1	1	0	0	1	1	1	4	3	2	1	1	1	0
186	3	2	1	0	3	3	3	4	3	3	4	3	3	3	3	4	3	4	5	35	2	2	0	0	1	1	0	0	1	1	1	4	3	2	1	1	1	0
189	3	2	0	1	2	3	2	2	4	2	1	2	3	2	3	3	3	3	3	27	2	2	0	0	1	0	0	1	1	0	1	6	1	2	1	1	0	0
189	3	2	0	0	1	3	2	1	5	2	1	1	2	1	5	4	4	5	5	27	2	2	0	0	1	0	0	1	1	0	1	6	1	2	1	1	0	0
189	3	2	1	1	1	4	2	2	3	4	3	3	3	2	3	3	3	3	2	27	2	2	0	0	1	0	0	1	1	0	1	6	1	2	1	1	0	0
189	3	2	1	0	3	2	2	2	5	2	2	2	2	1	4	5	5	5	5	27	2	2	0	0	1	0	0	1	1	0	1	6	1	2	1	1	0	0
191	1	2	0	1	4	4	4	5	4	2	2	2	2	2	4	4	4	3	4	22	1	2	0	0	1	1	0	0	0	1	0	-999	1	4	0	0	1	1
191	1	2	0	0	3	4	3	3	3	3	4	2	3	4	2	3	3	3	2	22	1	2	0	0	1	1	0	0	0	1	0	-999	1	4	0	0	1	1
191	1	2	1	1	3	4	2	3	3	3	3	3	2	2	3	2	3	3	3	22	1	2	0	0	1	1	0	0	0	1	0	-999	1	4	0	0	1	1
191	1	2	1	0	4	4	3	3	3	3	3	4	1	2	3	4	4	4	5	22	1	2	0	0	1	1	0	0	0	1	0	-999	1	4	0	0	1	1
193	1	2	0	1	5	5	4	3	3	1	1	1	1	1	4	5	5	5	5	34	2	1	0	0	0	0	0	0	0	0	0	-999	3	3	1	1	1	0
193	1	2	0	0	4	4	4	3	3	1	1	1	1	1	4	5	5	5	5	34	2	1	0	0	0	0	0	0	0	0	0	-999	3	3	1	1	1	0
193	1	2	1	1	5	5	5	5	5	1	1	1	1	1	5	5	5	5	5	34	2	1	0	0	0	0	0	0	0	0	0	-999	3	3	1	1	1	0
193	1	2	1	0	4	5	5	4	5	1	1	1	1	1	4	5	5	5	5	34	2	1	0	0	0	0	0	0	0	0	0	-999	3	3	1	1	1	0
194	1	2	0	1	5	2	2	1	5	3	5	1	2	2	1	1	3	1	5	18	1	2	1	0	0	0	0	0	0	0	0	1	2	1	1	0	1	1
194	1	2	0	0	1	4	3	4	1	5	1	4	3	3	4	3	5	5	2	18	1	2	1	0	0	0	0	0	0	0	0	1	2	1	1	0	1	1
194	1	2	1	1	1	1	2	2	5	1	1	1	1	3	5	5	4	1	1	18	1	2	1	0	0	0	0	0	0	0	0	1	2	1	1	0	1	1
194	1	2	1	0	3	4	2	3	1	4	4	3	4	3	2	1	1	3	3	18	1	2	1	0	0	0	0	0	0	0	0	1	2	1	1	0	1	1
196	3	2	0	1	5	5	4	5	5	5	1	5	3	3	1	3	3	3	4	29	2	2	0	0	1	0	0	0	1	0	1	-999	3	4	1	0	1	0
196	3	2	0	0	3	5	4	5	5	5	1	5	3	3	1	3	3	3	4	29	2	2	0	0	1	0	0	0	1	0	1	-999	3	4	1	0	1	0
196	3	2	1	1	5	5	5	5	5	4	1	4	5	4	3	5	5	5	5	29	2	2	0	0	1	0	0	0	1	0	1	-999	3	4	1	0	1	0
196	3	2	1	0	3	3	3	3	2	1	5	2	3	2	3	5	5	3	5	29	2	2	0	0	1	0	0	0	1	0	1	-999	3	4	1	0	1	0
199	2	2	0	1	3	4	3	3	4	2	3	4	3	2	4	2	3	3	2	44	2	2	0	0	1	0	1	1	0	1	1	3	1	2	1	0	1	0
199	2	2	0	0	5	4	4	3	4	4	3	3	2	3	4	4	4	2	4	44	2	2	0	0	1	0	1	1	0	1	1	3	1	2	1	0	1	0
199	2	2	1	1	1	4	2	3	2	5	5	5	5	3	1	1	1	2	1	44	2	2	0	0	1	0	1	1	0	1	1	3	1	2	1	0	1	0
199	2	2	1	0	5	4	5	3	4	1	1	1	1	3	5	5	5	4	5	44	2	2	0	0	1	0	1	1	0	1	1	3	1	2	1	0	1	0
203	3	2	0	1	5	3	5	4	5	1	1	2	2	1	5	5	5	5	5	23	1	2	0	0	1	0	0	0	1	0	1	6	2	1	1	0	0	0
203	3	2	0	0	1	4	1	3	1	5	5	5	5	5	3	3	2	3	1	23	1	2	0	0	1	0	0	0	1	0	1	6	2	1	1	0	0	0
203	3	2	1	1	3	4	3	3	3	3	2	5	5	5	3	3	3	4	4	23	1	2	0	0	1	0	0	0	1	0	1	6	2	1	1	0	0	0
203	3	2	1	0	3	2	4	3	5	3	2	4	4	3	3	3	3	3	4	23	1	2	0	0	1	0	0	0	1	0	1	6	2	1	1	0	0	0
205	3	2	0	1	4	4	3	3	3	2	2	4	4	4	3	2	2	2	2	23	1	1	0	0	1	0	0	0	1	0	1	2	3	2	1	0	1	0
205	3	2	0	0	4	5	3	3	3	2	2	2	3	3	3	3	3	2	4	23	1	1	0	0	1	0	0	0	1	0	1	2	3	2	1	0	1	0
205	3	2	1	1	2	4	1	1	2	4	4	5	4	5	2	1	1	3	1	23	1	1	0	0	1	0	0	0	1	0	1	2	3	2	1	0	1	0
205	3	2	1	0	4	2	3	4	4	2	1	2	1	1	4	4	4	3	4	23	1	1	0	0	1	0	0	0	1	0	1	2	3	2	1	0	1	0
206	2	2	0	1	5	5	3	4	5	2	1	4	4	3	4	4	4	3	5	39	2	1	0	0	1	1	0	1	1	1	1	5	1	2	0	0	1	0
206	2	2	0	0	2	5	3	2	5	5	1	2	2	3	2	4	4	3	2	39	2	1	0	0	1	1	0	1	1	1	1	5	1	2	0	0	1	0
206	2	2	1	1	1	5	2	2	5	5	5	5	4	4	2	2	2	1	1	39	2	1	0	0	1	1	0	1	1	1	1	5	1	2	0	0	1	0
206	2	2	1	0	5	5	3	3	5	1	1	2	2	2	4	5	5	3	5	39	2	1	0	0	1	1	0	1	1	1	1	5	1	2	0	0	1	0
207	3	2	0	1	5	5	3	3	4	3	3	3	3	3	4	3	4	3	4	24	1	2	0	0	1	1	0	0	1	1	1	3	3	1	0	1	0	1
207	3	2	0	0	4	5	3	3	3	3	3	3	3	3	3	3	4	3	4	24	1	2	0	0	1	1	0	0	1	1	1	3	3	1	0	1	0	1
207	3	2	1	1	4	4	3	3	4	3	3	3	3	3	4	3	3	4	4	24	1	2	0	0	1	1	0	0	1	1	1	3	3	1	0	1	0	1
207	3	2	1	0	4	4	3	3	4	3	3	3	3	3	4	3	3	4	4	24	1	2	0	0	1	1	0	0	1	1	1	3	3	1	0	1	0	1
208	2	2	0	1	5	4	3	3	5	4	3	4	1	1	5	5	5	3	4	35	2	1	0	0	1	0	0	1	0	0	1	3	3	2	1	1	1	1
208	2	2	0	0	5	4	3	3	5	1	3	1	1	1	5	5	5	3	4	35	2	1	0	0	1	0	0	1	0	0	1	3	3	2	1	1	1	1
208	2	2	1	1	3	5	2	3	3	4	4	4	3	3	3	4	4	3	4	35	2	1	0	0	1	0	0	1	0	0	1	3	3	2	1	1	1	1
208	2	2	1	0	3	3	4	3	3	2	3	3	3	3	3	4	4	3	4	35	2	1	0	0	1	0	0	1	0	0	1	3	3	2	1	1	1	1
211	1	2	0	1	2	3	1	1	2	1	1	1	1	1	4	4	3	1	4	18	1	1	1	0	0	0	0	0	0	0	0	1	2	1	1	0	0	0
211	1	2	0	0	2	3	1	1	1	1	2	1	2	1	1	2	2	1	2	18	1	1	1	0	0	0	0	0	0	0	0	1	2	1	1	0	0	0
211	1	2	1	1	2	3	2	1	3	1	1	1	2	1	2	2	2	1	2	18	1	1	1	0	0	0	0	0	0	0	0	1	2	1	1	0	0	0
211	1	2	1	0	1	2	1	1	1	1	1	1	1	1	3	3	3	3	3	18	1	1	1	0	0	0	0	0	0	0	0	1	2	1	1	0	0	0
212	1	2	0	1	5	5	3	3	5	1	1	1	1	1	4	4	5	4	5	30	2	2	0	0	1	1	0	0	0	1	0	4	1	2	1	0	0	0
212	1	2	0	0	5	4	3	3	5	1	1	1	1	1	2	4	2	2	2	30	2	2	0	0	1	1	0	0	0	1	0	4	1	2	1	0	0	0
212	1	2	1	1	4	4	4	4	4	1	1	1	1	1	5	4	4	4	5	30	2	2	0	0	1	1	0	0	0	1	0	4	1	2	1	0	0	0
212	1	2	1	0	2	4	3	3	4	1	1	1	1	1	3	3	3	3	2	30	2	2	0	0	1	1	0	0	0	1	0	4	1	2	1	0	0	0
215	1	2	0	1	5	1	5	5	5	1	1	1	1	1	5	5	5	5	5	22	1	1	0	0	0	0	0	0	0	0	0	2	2	2	0	1	0	0
215	1	2	0	0	5	5	5	1	5	5	1	5	5	5	1	1	1	1	1	22	1	1	0	0	0	0	0	0	0	0	0	2	2	2	0	1	0	0
215	1	2	1	1	5	5	5	4	4	1	1	1	4	4	4	3	3	5	4	22	1	1	0	0	0	0	0	0	0	0	0	2	2	2	0	1	0	0
215	1	2	1	0	1	5	1	4	4	4	1	4	4	4	4	2	3	4	4	22	1	1	0	0	0	0	0	0	0	0	0	2	2	2	0	1	0	0
217	1	2	0	1	5	5	4	4	4	1	1	1	1	1	5	5	4	4	5	35	2	1	0	0	1	1	0	0	0	1	0	4	3	2	1	1	1	1
217	1	2	0	0	3	3	3	3	3	3	3	4	4	3	2	3	3	3	3	35	2	1	0	0	1	1	0	0	0	1	0	4	3	2	1	1	1	1
217	1	2	1	1	5	5	5	5	5	1	1	1	1	1	5	5	5	4	5	35	2	1	0	0	1	1	0	0	0	1	0	4	3	2	1	1	1	1
217	1	2	1	0	3	3	3	3	3	3	4	3	4	4	3	3	3	3	3	35	2	1	0	0	1	1	0	0	0	1	0	4	3	2	1	1	1	1
219	1	2	0	1	2	2	4	2	4	2	5	2	2	2	2	4	4	4	2	24	1	1	1	0	0	0	0	0	0	0	0	1	3	3	1	1	1	1
219	1	2	0	0	1	1	5	1	5	1	1	1	1	1	1	5	3	3	1	24	1	1	1	0	0	0	0	0	0	0	0	1	3	3	1	1	1	1
219	1	2	1	1	4	4	4	3	4	3	3	4	2	3	4	4	4	3	3	24	1	1	1	0	0	0	0	0	0	0	0	1	3	3	1	1	1	1
219	1	2	1	0	2	3	4	3	3	3	3	4	2	3	3	3	3	4	4	24	1	1	1	0	0	0	0	0	0	0	0	1	3	3	1	1	1	1
222	3	2	0	1	3	5	3	4	4	2	3	2	2	3	4	4	4	3	4	28	2	1	0	0	1	1	0	1	0	1	1	2	1	2	0	1	1	0
222	3	2	0	0	3	4	3	3	2	4	3	4	4	3	2	2	2	3	2	28	2	1	0	0	1	1	0	1	0	1	1	2	1	2	0	1	1	0
222	3	2	1	1	2	5	4	2	2	4	4	5	4	4	3	4	3	3	3	28	2	1	0	0	1	1	0	1	0	1	1	2	1	2	0	1	1	0
222	3	2	1	0	4	3	2	4	4	2	2	2	2	2	3	4	4	3	3	28	2	1	0	0	1	1	0	1	0	1	1	2	1	2	0	1	1	0
223	2	2	0	1	4	2	3	4	5	5	1	1	1	1	5	2	5	2	5	74	4	2	0	1	1	1	0	1	0	1	1	4	2	4	1	0	0	0
223	2	2	0	0	3	2	3	3	5	3	1	1	1	1	3	2	5	2	5	74	4	2	0	1	1	1	0	1	0	1	1	4	2	4	1	0	0	0
223	2	2	1	1	4	5	5	5	5	1	1	1	1	1	2	2	2	2	2	74	4	2	0	1	1	1	0	1	0	1	1	4	2	4	1	0	0	0
223	2	2	1	0	4	5	5	5	5	1	1	1	1	1	2	2	2	2	2	74	4	2	0	1	1	1	0	1	0	1	1	4	2	4	1	0	0	0
224	2	2	0	1	3	1	1	1	1	2	1	4	1	1	3	1	1	2	1	49	3	2	-999	-999	1	0	0	1	0	0	1	-999	3	4	1	0	0	0
224	2	2	0	0	3	1	1	1	5	1	1	1	5	5	3	4	5	2	4	49	3	2	-999	-999	1	0	0	1	0	0	1	-999	3	4	1	0	0	0
224	2	2	1	1	1	5	1	1	1	4	1	4	4	4	1	1	1	1	1	49	3	2	-999	-999	1	0	0	1	0	0	1	-999	3	4	1	0	0	0
224	2	2	1	0	4	1	4	4	4	1	1	1	1	1	4	4	4	1	4	49	3	2	-999	-999	1	0	0	1	0	0	1	-999	3	4	1	0	0	0
225	2	2	0	1	5	4	5	4	4	3	2	3	2	2	3	4	4	3	4	44	2	2	0	0	1	1	0	1	0	1	1	4	2	4	1	0	0	0
225	2	2	0	0	3	3	3	4	3	3	3	3	2	3	3	3	3	3	3	44	2	2	0	0	1	1	0	1	0	1	1	4	2	4	1	0	0	0
225	2	2	1	1	3	4	4	3	2	4	3	4	4	4	3	3	4	4	3	44	2	2	0	0	1	1	0	1	0	1	1	4	2	4	1	0	0	0
225	2	2	1	0	3	2	3	3	3	2	3	3	2	3	3	3	4	4	3	44	2	2	0	0	1	1	0	1	0	1	1	4	2	4	1	0	0	0
226	2	2	0	1	3	1	3	3	4	2	4	5	4	4	2	1	2	3	2	54	3	1	0	0	1	1	1	1	0	1	1	-999	2	4	1	1	1	0
226	2	2	0	0	5	5	5	4	3	5	2	1	2	2	4	5	4	3	4	54	3	1	0	0	1	1	1	1	0	1	1	-999	2	4	1	1	1	0
226	2	2	1	1	4	5	4	4	4	3	2	5	4	2	4	3	3	3	3	54	3	1	0	0	1	1	1	1	0	1	1	-999	2	4	1	1	1	0
226	2	2	1	0	4	2	4	4	4	2	3	2	2	3	4	3	3	3	3	54	3	1	0	0	1	1	1	1	0	1	1	-999	2	4	1	1	1	0
227	2	2	0	1	2	5	4	4	4	1	2	2	1	1	2	2	2	3	2	49	3	2	0	0	1	0	0	1	0	0	1	-999	1	3	1	1	0	0
227	2	2	0	0	5	5	4	4	5	1	2	2	1	1	4	4	4	3	5	49	3	2	0	0	1	0	0	1	0	0	1	-999	1	3	1	1	0	0
227	2	2	1	1	2	4	5	5	4	4	1	3	2	2	3	2	2	2	1	49	3	2	0	0	1	0	0	1	0	0	1	-999	1	3	1	1	0	0
227	2	2	1	0	4	4	5	5	4	2	1	3	2	2	4	4	4	2	5	49	3	2	0	0	1	0	0	1	0	0	1	-999	1	3	1	1	0	0
230	2	2	0	1	3	2	3	4	4	4	2	4	4	4	1	1	1	1	1	42	2	2	0	0	1	1	1	1	0	1	1	5	2	2	1	1	1	0
230	2	2	0	0	2	3	3	3	3	4	4	3	3	3	4	5	5	5	5	42	2	2	0	0	1	1	1	1	0	1	1	5	2	2	1	1	1	0
230	2	2	1	1	5	5	1	1	1	5	5	5	1	5	1	1	5	1	1	42	2	2	0	0	1	1	1	1	0	1	1	5	2	2	1	1	1	0
230	2	2	1	0	1	1	5	5	5	1	1	1	5	1	5	5	1	5	5	42	2	2	0	0	1	1	1	1	0	1	1	5	2	2	1	1	1	0
231	1	2	0	1	4	5	5	5	4	1	3	3	3	3	5	5	5	4	5	38	2	1	0	0	1	1	0	0	0	1	0	3	3	3	0	1	1	0
231	1	2	0	0	1	1	1	1	2	5	3	3	3	3	1	1	1	2	1	38	2	1	0	0	1	1	0	0	0	1	0	3	3	3	0	1	1	0
231	1	2	1	1	4	5	4	3	4	1	1	3	1	4	4	2	2	2	4	38	2	1	0	0	1	1	0	0	0	1	0	3	3	3	0	1	1	0
231	1	2	1	0	2	2	2	3	2	1	1	3	1	2	4	4	4	5	2	38	2	1	0	0	1	1	0	0	0	1	0	3	3	3	0	1	1	0
234	3	2	0	1	5	5	5	3	3	4	1	4	1	1	3	2	3	3	3	39	2	2	0	0	1	1	0	1	1	1	1	3	3	3	1	0	1	0
234	3	2	0	0	3	5	2	3	2	4	1	2	1	1	5	2	3	3	3	39	2	2	0	0	1	1	0	1	1	1	1	3	3	3	1	0	1	0
234	3	2	1	1	3	5	4	4	5	5	2	4	4	2	3	3	4	4	3	39	2	2	0	0	1	1	0	1	1	1	1	3	3	3	1	0	1	0
234	3	2	1	0	3	5	3	3	5	3	2	2	2	2	4	3	3	4	3	39	2	2	0	0	1	1	0	1	1	1	1	3	3	3	1	0	1	0
235	3	2	0	1	4	5	5	4	4	1	1	2	1	1	5	5	4	3	5	32	2	1	0	0	1	1	0	0	1	1	1	3	2	3	1	0	1	0
235	3	2	0	0	3	4	3	3	3	3	4	3	4	4	3	2	3	2	1	32	2	1	0	0	1	1	0	0	1	1	1	3	2	3	1	0	1	0
235	3	2	1	1	5	5	5	5	4	1	4	2	1	1	5	5	4	5	5	32	2	1	0	0	1	1	0	0	1	1	1	3	2	3	1	0	1	0
235	3	2	1	0	2	3	2	2	3	3	5	4	4	4	1	1	2	2	1	32	2	1	0	0	1	1	0	0	1	1	1	3	2	3	1	0	1	0
236	2	2	0	1	1	5	1	1	1	4	5	4	3	5	1	1	1	1	1	46	3	2	-999	-999	1	1	0	1	0	1	1	-999	3	3	1	1	1	1
236	2	2	0	0	5	5	5	5	3	1	1	2	1	2	5	5	5	5	5	46	3	2	-999	-999	1	1	0	1	0	1	1	-999	3	3	1	1	1	1
236	2	2	1	1	1	5	1	1	1	5	5	5	5	5	1	1	1	1	1	46	3	2	-999	-999	1	1	0	1	0	1	1	-999	3	3	1	1	1	1
236	2	2	1	0	5	3	5	5	5	1	1	1	1	1	5	5	5	5	5	46	3	2	-999	-999	1	1	0	1	0	1	1	-999	3	3	1	1	1	1
238	2	2	0	1	3	5	2	3	2	4	3	4	4	3	2	2	3	2	2	46	3	1	0	0	1	1	0	1	0	1	1	4	3	2	1	1	1	1
238	2	2	0	0	4	5	3	3	3	3	3	2	3	3	4	3	3	2	4	46	3	1	0	0	1	1	0	1	0	1	1	4	3	2	1	1	1	1
238	2	2	1	1	3	4	2	2	2	4	3	4	3	3	2	2	3	2	2	46	3	1	0	0	1	1	0	1	0	1	1	4	3	2	1	1	1	1
238	2	2	1	0	3	4	3	3	3	3	3	3	3	3	3	4	3	3	4	46	3	1	0	0	1	1	0	1	0	1	1	4	3	2	1	1	1	1
242	2	2	0	1	4	2	4	4	4	2	1	2	2	2	3	4	4	2	4	47	3	2	0	0	1	1	0	1	0	1	1	3	2	2	0	0	1	0
242	2	2	0	0	3	4	3	3	4	4	4	2	1	1	3	4	4	2	4	47	3	2	0	0	1	1	0	1	0	1	1	3	2	2	0	0	1	0
242	2	2	1	1	4	4	4	3	4	2	2	4	2	2	3	3	4	2	4	47	3	2	0	0	1	1	0	1	0	1	1	3	2	2	0	0	1	0
242	2	2	1	0	4	4	4	3	4	2	2	2	2	2	3	4	4	2	4	47	3	2	0	0	1	1	0	1	0	1	1	3	2	2	0	0	1	0
243	1	2	0	1	4	3	3	3	4	1	2	2	2	2	4	4	4	2	4	52	3	1	0	0	1	1	0	0	0	1	0	3	2	2	0	0	1	0
243	1	2	0	0	3	2	3	3	3	4	4	2	4	2	2	2	2	2	2	52	3	1	0	0	1	1	0	0	0	1	0	3	2	2	0	0	1	0
243	1	2	1	1	3	2	3	2	4	2	3	2	2	2	2	2	4	2	2	52	3	1	0	0	1	1	0	0	0	1	0	3	2	2	0	0	1	0
243	1	2	1	0	3	4	3	2	3	3	3	2	4	2	3	3	4	2	4	52	3	1	0	0	1	1	0	0	0	1	0	3	2	2	0	0	1	0
246	1	2	0	1	4	4	4	4	3	2	2	2	2	2	4	4	4	3	4	32	2	1	0	0	1	0	0	1	0	0	1	2	3	2	1	0	1	0
246	1	2	0	0	2	2	2	3	3	3	3	3	3	3	2	4	4	3	2	32	2	1	0	0	1	0	0	1	0	0	1	2	3	2	1	0	1	0
246	1	2	1	1	4	4	4	4	3	2	3	2	2	2	4	3	4	3	4	32	2	1	0	0	1	0	0	1	0	0	1	2	3	2	1	0	1	0
246	1	2	1	0	2	3	3	3	3	3	3	3	3	3	2	3	4	3	3	32	2	1	0	0	1	0	0	1	0	0	1	2	3	2	1	0	1	0
250	1	2	0	1	3	4	3	4	3	1	2	2	1	2	4	4	3	4	4	24	1	1	0	0	1	1	0	0	0	1	0	3	2	2	0	0	1	0
250	1	2	0	0	2	2	3	2	3	5	3	4	4	2	2	3	3	2	2	24	1	1	0	0	1	1	0	0	0	1	0	3	2	2	0	0	1	0
250	1	2	1	1	4	3	4	4	4	1	3	2	1	1	3	4	4	3	4	24	1	1	0	0	1	1	0	0	0	1	0	3	2	2	0	0	1	0
250	1	2	1	0	3	4	2	2	3	5	3	3	3	3	3	3	3	3	2	24	1	1	0	0	1	1	0	0	0	1	0	3	2	2	0	0	1	0
253	1	2	0	1	5	5	4	4	4	2	2	2	2	2	5	4	5	3	5	47	3	1	0	0	1	1	0	0	0	1	0	3	2	3	1	0	1	0
253	1	2	0	0	3	5	3	2	4	2	2	2	2	2	5	4	5	3	3	47	3	1	0	0	1	1	0	0	0	1	0	3	2	3	1	0	1	0
253	1	2	1	1	3	4	3	3	3	3	3	2	2	2	5	3	3	3	3	47	3	1	0	0	1	1	0	0	0	1	0	3	2	3	1	0	1	0
253	1	2	1	0	3	3	3	3	3	3	3	2	2	2	3	3	3	3	3	47	3	1	0	0	1	1	0	0	0	1	0	3	2	3	1	0	1	0
255	1	2	0	1	4	4	4	4	4	1	4	1	1	2	4	4	4	3	5	21	1	1	0	0	1	1	0	0	0	1	0	-999	2	2	1	0	1	0
255	1	2	0	0	2	2	2	2	2	4	2	3	4	5	2	3	2	3	1	21	1	1	0	0	1	1	0	0	0	1	0	-999	2	2	1	0	1	0
255	1	2	1	1	4	4	5	5	4	1	2	1	1	1	3	3	4	3	5	21	1	1	0	0	1	1	0	0	0	1	0	-999	2	2	1	0	1	0
255	1	2	1	0	2	1	1	4	2	5	4	5	4	4	3	3	3	3	1	21	1	1	0	0	1	1	0	0	0	1	0	-999	2	2	1	0	1	0
256	2	2	0	1	3	3	3	3	3	3	3	3	3	3	5	5	5	3	5	28	2	2	-999	-999	1	1	0	1	0	1	1	-999	2	2	0	1	1	0
256	2	2	0	0	3	3	3	3	3	3	3	3	3	3	1	1	1	3	1	28	2	2	-999	-999	1	1	0	1	0	1	1	-999	2	2	0	1	1	0
256	2	2	1	1	3	3	3	3	3	3	3	3	3	3	5	5	5	3	5	28	2	2	-999	-999	1	1	0	1	0	1	1	-999	2	2	0	1	1	0
256	2	2	1	0	3	3	3	3	3	3	3	3	3	3	1	1	1	3	1	28	2	2	-999	-999	1	1	0	1	0	1	1	-999	2	2	0	1	1	0
257	3	2	0	1	5	5	3	3	1	5	4	1	1	4	1	1	2	1	1	21	1	2	0	0	1	0	0	0	1	0	1	3	3	2	1	0	0	1
257	3	2	0	0	1	1	3	3	1	1	2	5	1	1	1	1	2	1	1	21	1	2	0	0	1	0	0	0	1	0	1	3	3	2	1	0	0	1
257	3	2	1	1	4	1	4	2	3	2	1	1	1	3	3	1	2	1	3	21	1	2	0	0	1	0	0	0	1	0	1	3	3	2	1	0	0	1
257	3	2	1	0	4	1	5	2	3	2	1	1	1	3	3	1	2	1	3	21	1	2	0	0	1	0	0	0	1	0	1	3	3	2	1	0	0	1
258	2	2	0	1	3	4	3	3	3	3	3	3	2	2	4	4	4	4	5	25	2	2	0	0	1	0	0	1	0	0	1	4	3	2	1	1	1	1
258	2	2	0	0	3	4	3	3	3	4	4	3	2	2	2	2	2	4	2	25	2	2	0	0	1	0	0	1	0	0	1	4	3	2	1	1	1	1
258	2	2	1	1	4	4	3	3	3	3	3	4	4	3	2	2	2	2	2	25	2	2	0	0	1	0	0	1	0	0	1	4	3	2	1	1	1	1
258	2	2	1	0	3	3	3	3	3	3	3	3	3	3	4	4	4	4	4	25	2	2	0	0	1	0	0	1	0	0	1	4	3	2	1	1	1	1
260	1	2	0	1	4	1	1	1	3	1	1	1	1	1	3	4	4	3	3	36	2	2	0	0	0	0	0	0	0	0	0	3	3	1	1	1	1	1
260	1	2	0	0	3	1	1	1	3	1	1	1	1	1	3	4	4	3	3	36	2	2	0	0	0	0	0	0	0	0	0	3	3	1	1	1	1	1
260	1	2	1	1	3	4	1	1	4	1	1	1	1	1	3	4	4	3	3	36	2	2	0	0	0	0	0	0	0	0	0	3	3	1	1	1	1	1
260	1	2	1	0	3	4	1	1	4	1	1	1	1	1	3	4	4	3	3	36	2	2	0	0	0	0	0	0	0	0	0	3	3	1	1	1	1	1
262	1	2	0	1	5	5	5	5	3	1	1	1	1	1	5	5	5	3	4	45	3	2	0	0	1	1	0	0	0	1	0	4	3	2	1	0	1	0
262	1	2	0	0	1	1	1	1	3	1	5	1	1	1	1	1	1	3	2	45	3	2	0	0	1	1	0	0	0	1	0	4	3	2	1	0	1	0
262	1	2	1	1	5	5	5	5	5	1	1	1	1	1	5	2	5	3	4	45	3	2	0	0	1	1	0	0	0	1	0	4	3	2	1	0	1	0
262	1	2	1	0	1	1	1	1	1	1	1	1	1	1	1	4	1	3	2	45	3	2	0	0	1	1	0	0	0	1	0	4	3	2	1	0	1	0
263	3	2	0	1	4	5	3	3	3	3	3	4	4	3	2	3	4	3	2	25	2	1	0	0	1	0	0	0	1	0	1	2	3	3	1	1	1	1
263	3	2	0	0	4	5	3	3	3	2	3	3	3	3	4	3	4	3	4	25	2	1	0	0	1	0	0	0	1	0	1	2	3	3	1	1	1	1
263	3	2	1	1	2	5	2	3	2	4	4	4	4	4	2	2	2	3	2	25	2	1	0	0	1	0	0	0	1	0	1	2	3	3	1	1	1	1
263	3	2	1	0	3	4	4	3	4	3	3	2	3	2	4	4	4	3	4	25	2	1	0	0	1	0	0	0	1	0	1	2	3	3	1	1	1	1
264	1	2	0	1	4	3	4	4	3	1	1	1	1	1	3	5	5	4	4	33	2	1	0	0	0	0	0	0	0	0	0	3	3	2	1	1	1	1
264	1	2	0	0	3	1	1	1	1	5	4	5	5	1	1	2	2	1	1	33	2	1	0	0	0	0	0	0	0	0	0	3	3	2	1	1	1	1
264	1	2	1	1	5	5	4	5	3	1	4	1	1	1	3	4	3	4	4	33	2	1	0	0	0	0	0	0	0	0	0	3	3	2	1	1	1	1
264	1	2	1	0	2	1	1	3	3	4	1	1	1	1	3	1	4	5	2	33	2	1	0	0	0	0	0	0	0	0	0	3	3	2	1	1	1	1
266	1	2	0	1	5	4	3	3	4	1	2	2	2	2	4	4	4	4	4	67	4	1	0	0	1	1	1	0	0	1	0	5	3	3	1	0	1	0
266	1	2	0	0	3	3	3	3	3	3	3	2	2	2	4	4	4	4	4	67	4	1	0	0	1	1	1	0	0	1	0	5	3	3	1	0	1	0
266	1	2	1	1	4	3	3	3	3	2	3	3	3	3	4	4	4	4	4	67	4	1	0	0	1	1	1	0	0	1	0	5	3	3	1	0	1	0
266	1	2	1	0	4	3	3	3	3	3	3	3	3	3	4	4	4	4	4	67	4	1	0	0	1	1	1	0	0	1	0	5	3	3	1	0	1	0
267	3	2	0	1	3	5	4	3	3	3	3	3	3	3	5	3	3	4	4	29	2	2	0	0	1	1	0	1	1	1	1	5	2	2	1	0	1	1
267	3	2	0	0	3	1	2	2	5	3	3	1	1	1	2	3	3	3	4	29	2	2	0	0	1	1	0	1	1	1	1	5	2	2	1	0	1	1
267	3	2	1	1	4	5	3	3	2	5	2	3	3	1	3	3	4	3	3	29	2	2	0	0	1	1	0	1	1	1	1	5	2	2	1	0	1	1
267	3	2	1	0	3	1	3	3	5	1	3	1	1	1	4	5	5	4	3	29	2	2	0	0	1	1	0	1	1	1	1	5	2	2	1	0	1	1
271	3	2	0	1	5	5	5	4	5	4	4	1	1	1	3	3	4	5	4	57	3	1	0	0	1	0	0	0	1	0	1	2	2	3	1	1	1	1
271	3	2	0	0	3	5	2	3	5	4	5	1	4	3	3	3	4	5	4	57	3	1	0	0	1	0	0	0	1	0	1	2	2	3	1	1	1	1
271	3	2	1	1	4	5	3	3	4	3	3	3	3	2	3	4	3	3	3	57	3	1	0	0	1	0	0	0	1	0	1	2	2	3	1	1	1	1
271	3	2	1	0	3	3	3	3	5	3	3	3	3	3	3	5	5	5	5	57	3	1	0	0	1	0	0	0	1	0	1	2	2	3	1	1	1	1
272	2	2	0	1	4	4	1	1	3	1	2	1	1	4	2	2	3	1	1	24	1	2	1	0	1	0	0	1	0	0	1	-999	2	3	1	0	0	0
272	2	2	0	0	4	2	3	3	1	3	3	3	3	2	2	4	4	5	4	24	1	2	1	0	1	0	0	1	0	0	1	-999	2	3	1	0	0	0
272	2	2	1	1	1	5	3	3	1	5	4	5	4	5	1	1	1	1	1	24	1	2	1	0	1	0	0	1	0	0	1	-999	2	3	1	0	0	0
272	2	2	1	0	4	2	3	3	4	1	3	2	1	1	5	5	5	3	4	24	1	2	1	0	1	0	0	1	0	0	1	-999	2	3	1	0	0	0
273	3	2	0	1	5	4	4	4	4	3	2	1	2	3	5	5	5	4	5	22	1	2	0	0	1	0	0	0	1	0	1	3	3	2	1	1	1	1
273	3	2	0	0	4	4	2	2	3	3	4	1	3	3	3	3	3	3	1	22	1	2	0	0	1	0	0	0	1	0	1	3	3	2	1	1	1	1
273	3	2	1	1	5	5	4	4	3	4	3	4	3	3	5	5	5	4	5	22	1	2	0	0	1	0	0	0	1	0	1	3	3	2	1	1	1	1
273	3	2	1	0	4	3	3	3	3	2	3	3	3	3	1	2	3	3	3	22	1	2	0	0	1	0	0	0	1	0	1	3	3	2	1	1	1	1
274	1	2	0	1	4	5	4	4	4	4	4	3	4	3	4	5	5	5	4	44	2	2	0	0	0	0	0	0	0	0	0	3	3	2	1	0	1	0
274	1	2	0	0	2	3	3	3	3	3	3	3	2	3	3	3	3	3	3	44	2	2	0	0	0	0	0	0	0	0	0	3	3	2	1	0	1	0
274	1	2	1	1	4	4	4	5	4	3	4	5	4	3	4	4	4	4	5	44	2	2	0	0	0	0	0	0	0	0	0	3	3	2	1	0	1	0
274	1	2	1	0	2	3	3	3	3	3	3	3	3	3	3	3	3	3	3	44	2	2	0	0	0	0	0	0	0	0	0	3	3	2	1	0	1	0
280	1	2	0	1	4	5	4	4	4	1	1	1	2	1	5	5	4	4	5	36	2	1	0	1	1	1	0	0	0	1	0	1	3	3	1	1	1	0
280	1	2	0	0	1	3	2	2	3	3	4	3	3	2	2	3	3	3	2	36	2	1	0	1	1	1	0	0	0	1	0	1	3	3	1	1	1	0
280	1	2	1	1	5	5	4	4	4	5	2	2	2	2	5	5	5	5	5	36	2	1	0	1	1	1	0	0	0	1	0	1	3	3	1	1	1	0
280	1	2	1	0	2	2	2	2	3	2	4	3	3	3	2	2	2	2	2	36	2	1	0	1	1	1	0	0	0	1	0	1	3	3	1	1	1	0
286	3	2	0	1	2	5	1	1	1	4	1	4	3	3	1	1	1	1	1	62	3	2	-999	-999	1	1	1	0	1	1	1	-999	3	2	1	1	1	0
286	3	2	0	0	2	2	1	1	1	2	1	2	3	2	1	1	1	1	4	62	3	2	-999	-999	1	1	1	0	1	1	1	-999	3	2	1	1	1	0
286	3	2	1	1	1	5	1	1	4	4	1	5	4	4	3	3	3	3	3	62	3	2	-999	-999	1	1	1	0	1	1	1	-999	3	2	1	1	1	0
286	3	2	1	0	1	4	1	1	2	1	1	1	2	2	3	3	3	3	3	62	3	2	-999	-999	1	1	1	0	1	1	1	-999	3	2	1	1	1	0
287	2	2	0	1	3	3	3	1	2	3	4	1	2	2	3	3	3	4	5	39	2	2	0	0	1	0	0	1	0	0	1	5	3	4	0	0	1	0
287	2	2	0	0	3	3	3	3	4	3	4	1	2	4	4	5	4	2	5	39	2	2	0	0	1	0	0	1	0	0	1	5	3	4	0	0	1	0
287	2	2	1	1	4	4	4	4	3	4	1	4	4	1	3	3	4	1	2	39	2	2	0	0	1	0	0	1	0	0	1	5	3	4	0	0	1	0
287	2	2	1	0	4	4	2	4	3	4	1	1	1	1	4	4	4	1	2	39	2	2	0	0	1	0	0	1	0	0	1	5	3	4	0	0	1	0
290	1	2	0	1	4	4	4	4	4	3	1	2	2	2	4	4	4	3	4	44	2	2	0	0	1	1	0	0	0	1	0	-999	3	3	1	1	1	0
290	1	2	0	0	3	3	3	3	3	3	2	2	3	2	3	3	3	3	4	44	2	2	0	0	1	1	0	0	0	1	0	-999	3	3	1	1	1	0
290	1	2	1	1	2	4	4	4	4	2	3	2	2	2	3	3	3	3	3	44	2	2	0	0	1	1	0	0	0	1	0	-999	3	3	1	1	1	0
290	1	2	1	0	4	3	3	3	3	2	3	2	2	3	3	3	3	3	3	44	2	2	0	0	1	1	0	0	0	1	0	-999	3	3	1	1	1	0
292	3	2	0	1	5	5	3	3	3	1	1	3	3	3	5	5	5	5	5	58	3	1	0	0	1	1	0	1	1	1	1	-999	3	1	1	1	1	1
292	3	2	0	0	1	5	3	3	3	5	1	3	3	3	5	5	5	5	5	58	3	1	0	0	1	1	0	1	1	1	1	-999	3	1	1	1	1	1
292	3	2	1	1	5	5	3	3	3	3	1	3	1	1	5	5	5	5	5	58	3	1	0	0	1	1	0	1	1	1	1	-999	3	1	1	1	1	1
292	3	2	1	0	3	3	3	3	3	1	1	3	1	1	5	5	5	5	5	58	3	1	0	0	1	1	0	1	1	1	1	-999	3	1	1	1	1	1
297	2	2	0	1	4	4	3	3	2	1	2	1	2	2	3	4	4	3	4	32	2	1	1	0	0	0	0	0	0	0	0	2	3	2	0	1	1	0
297	2	2	0	0	2	3	3	3	4	4	3	4	4	2	4	4	4	4	2	32	2	1	1	0	0	0	0	0	0	0	0	2	3	2	0	1	1	0
297	2	2	1	1	4	4	3	3	3	2	2	4	2	4	2	4	4	2	2	32	2	1	1	0	0	0	0	0	0	0	0	2	3	2	0	1	1	0
297	2	2	1	0	3	2	3	3	3	2	4	2	4	2	4	4	4	4	4	32	2	1	1	0	0	0	0	0	0	0	0	2	3	2	0	1	1	0
299	3	2	0	1	4	4	3	4	3	1	2	3	2	2	3	3	3	4	3	24	1	2	0	0	0	0	0	0	0	0	0	-999	3	2	1	0	1	0
299	3	2	0	0	3	4	3	3	3	3	3	3	3	3	3	3	3	2	3	24	1	2	0	0	0	0	0	0	0	0	0	-999	3	2	1	0	1	0
299	3	2	1	1	3	4	3	3	3	4	2	3	3	1	3	3	3	3	3	24	1	2	0	0	0	0	0	0	0	0	0	-999	3	2	1	0	1	0
299	3	2	1	0	3	3	3	3	3	2	3	3	3	1	3	3	3	3	3	24	1	2	0	0	0	0	0	0	0	0	0	-999	3	2	1	0	1	0
301	1	2	0	1	4	4	5	4	4	2	2	1	3	3	5	4	4	3	4	35	2	1	0	0	0	0	0	0	0	0	0	2	3	2	1	0	0	0
301	1	2	0	0	3	4	1	2	1	4	2	2	2	2	2	2	2	3	2	35	2	1	0	0	0	0	0	0	0	0	0	2	3	2	1	0	0	0
301	1	2	1	1	4	4	4	4	4	2	2	2	2	2	4	5	5	4	5	35	2	1	0	0	0	0	0	0	0	0	0	2	3	2	1	0	0	0
301	1	2	1	0	1	1	1	3	3	1	1	3	1	1	1	1	2	2	1	35	2	1	0	0	0	0	0	0	0	0	0	2	3	2	1	0	0	0
303	1	2	0	1	3	5	4	4	4	1	3	2	3	3	4	3	4	3	4	20	1	2	0	0	1	0	0	1	0	0	1	-999	2	3	1	0	0	0
303	1	2	0	0	3	3	2	1	3	2	4	3	3	3	2	3	3	3	2	20	1	2	0	0	1	0	0	1	0	0	1	-999	2	3	1	0	0	0
303	1	2	1	1	2	4	3	4	4	1	4	3	3	3	3	3	3	3	3	20	1	2	0	0	1	0	0	1	0	0	1	-999	2	3	1	0	0	0
303	1	2	1	0	3	2	3	3	4	1	3	1	3	3	4	5	4	4	4	20	1	2	0	0	1	0	0	1	0	0	1	-999	2	3	1	0	0	0
304	3	2	0	1	3	5	3	3	3	4	3	4	3	3	1	2	2	3	2	19	1	1	0	0	1	0	0	0	1	0	1	3	3	1	1	1	1	1
304	3	2	0	0	5	4	3	3	3	2	3	2	3	3	3	4	4	3	4	19	1	1	0	0	1	0	0	0	1	0	1	3	3	1	1	1	1	1
304	3	2	1	1	4	4	3	3	3	3	3	3	3	3	4	4	4	3	4	19	1	1	0	0	1	0	0	0	1	0	1	3	3	1	1	1	1	1
304	3	2	1	0	4	4	3	3	3	3	3	3	3	3	4	4	4	3	4	19	1	1	0	0	1	0	0	0	1	0	1	3	3	1	1	1	1	1
305	1	2	0	1	3	5	3	3	3	1	1	2	1	1	4	5	5	5	4	32	2	2	1	0	0	0	0	0	0	0	0	1	3	2	1	0	1	0
305	1	2	0	0	5	3	3	3	3	1	1	2	1	1	4	3	5	3	5	32	2	2	1	0	0	0	0	0	0	0	0	1	3	2	1	0	1	0
305	1	2	1	1	1	1	1	1	1	1	5	1	1	1	1	1	1	1	1	32	2	2	1	0	0	0	0	0	0	0	0	1	3	2	1	0	1	0
305	1	2	1	0	5	5	4	5	3	1	1	1	1	1	5	5	5	5	5	32	2	2	1	0	0	0	0	0	0	0	0	1	3	2	1	0	1	0
310	3	2	0	1	4	5	2	5	4	2	2	2	2	3	4	4	4	4	4	36	2	2	0	0	1	0	1	0	1	1	1	3	3	4	1	0	0	1
310	3	2	0	0	2	4	3	3	3	4	2	3	2	2	3	4	4	3	4	36	2	2	0	0	1	0	1	0	1	1	1	3	3	4	1	0	0	1
310	3	2	1	1	3	4	2	4	4	2	2	2	2	2	2	2	4	2	2	36	2	2	0	0	1	0	1	0	1	1	1	3	3	4	1	0	0	1
310	3	2	1	0	3	4	3	4	4	2	3	3	3	3	3	3	4	3	2	36	2	2	0	0	1	0	1	0	1	1	1	3	3	4	1	0	0	1
314	1	2	0	1	5	4	4	4	4	2	2	2	2	3	4	4	4	4	4	43	2	1	0	0	1	1	0	0	0	1	0	-999	3	1	1	0	0	0
314	1	2	0	0	3	2	2	2	2	4	4	4	4	3	3	3	3	3	3	43	2	1	0	0	1	1	0	0	0	1	0	-999	3	1	1	0	0	0
314	1	2	1	1	5	4	4	4	4	4	4	4	4	4	4	4	4	4	4	43	2	1	0	0	1	1	0	0	0	1	0	-999	3	1	1	0	0	0
314	1	2	1	0	3	3	3	3	3	3	2	3	2	2	3	2	2	2	2	43	2	1	0	0	1	1	0	0	0	1	0	-999	3	1	1	0	0	0
319	3	2	0	1	2	4	4	3	2	2	4	2	2	2	4	3	3	3	4	34	2	2	0	0	1	1	0	1	1	1	1	4	2	2	1	1	1	0
319	3	2	0	0	3	3	2	2	4	2	2	2	3	2	3	4	4	4	4	34	2	2	0	0	1	1	0	1	1	1	1	4	2	2	1	1	1	0
319	3	2	1	1	2	4	2	2	2	4	5	4	2	4	2	2	2	2	2	34	2	2	0	0	1	1	0	1	1	1	1	4	2	2	1	1	1	0
319	3	2	1	0	4	2	5	3	4	3	2	2	2	2	4	4	4	5	5	34	2	2	0	0	1	1	0	1	1	1	1	4	2	2	1	1	1	0
325	1	2	0	1	3	4	3	3	4	2	2	2	2	3	5	5	5	5	5	67	4	2	0	1	0	0	0	0	0	0	0	4	3	3	1	0	1	0
325	1	2	0	0	2	2	2	3	4	4	3	2	2	3	1	1	1	1	1	67	4	2	0	1	0	0	0	0	0	0	0	4	3	3	1	0	1	0
325	1	2	1	1	4	3	4	3	4	2	3	3	3	3	4	5	4	4	5	67	4	2	0	1	0	0	0	0	0	0	0	4	3	3	1	0	1	0
325	1	2	1	0	2	3	2	3	2	3	3	3	3	3	2	1	2	2	1	67	4	2	0	1	0	0	0	0	0	0	0	4	3	3	1	0	1	0
327	1	2	0	1	3	4	2	4	2	3	4	3	3	3	3	3	3	4	3	21	1	2	0	0	0	0	0	0	0	0	0	1	3	4	1	0	1	0
327	1	2	0	0	4	4	2	2	5	3	2	3	3	3	4	4	4	3	5	21	1	2	0	0	0	0	0	0	0	0	0	1	3	4	1	0	1	0
327	1	2	1	1	3	2	2	4	2	3	3	3	3	3	3	3	3	4	3	21	1	2	0	0	0	0	0	0	0	0	0	1	3	4	1	0	1	0
327	1	2	1	0	4	5	4	3	5	3	3	4	4	3	3	3	4	3	3	21	1	2	0	0	0	0	0	0	0	0	0	1	3	4	1	0	1	0
329	2	2	0	1	3	3	3	3	3	4	5	5	4	1	1	1	1	1	1	60	3	1	0	0	1	1	0	1	0	1	1	-999	2	3	0	0	1	0
329	2	2	0	0	3	5	3	1	3	5	3	1	5	4	5	5	5	3	5	60	3	1	0	0	1	1	0	1	0	1	1	-999	2	3	0	0	1	0
329	2	2	1	1	1	5	1	5	1	1	1	5	5	5	1	1	1	1	1	60	3	1	0	0	1	1	0	1	0	1	1	-999	2	3	0	0	1	0
329	2	2	1	0	5	1	5	1	5	5	5	4	3	1	5	5	5	5	5	60	3	1	0	0	1	1	0	1	0	1	1	-999	2	3	0	0	1	0
332	3	2	0	1	1	5	4	4	3	4	3	4	2	4	1	1	2	1	4	34	2	1	0	0	1	0	0	0	1	0	1	3	2	1	1	0	0	1
332	3	2	0	0	5	3	2	4	4	3	2	2	2	1	4	5	5	1	4	34	2	1	0	0	1	0	0	0	1	0	1	3	2	1	1	0	0	1
332	3	2	1	1	2	5	4	4	3	4	3	4	4	3	4	4	4	3	3	34	2	1	0	0	1	0	0	0	1	0	1	3	2	1	1	0	0	1
332	3	2	1	0	4	1	3	3	3	2	3	3	2	3	3	3	3	3	3	34	2	1	0	0	1	0	0	0	1	0	1	3	2	1	1	0	0	1
334	1	2	0	1	5	3	3	3	3	1	3	3	3	3	3	4	4	4	3	50	3	1	0	0	1	1	1	0	0	1	0	-999	1	1	1	1	1	0
334	1	2	0	0	3	3	3	3	3	1	3	3	3	3	3	4	4	4	3	50	3	1	0	0	1	1	1	0	0	1	0	-999	1	1	1	1	1	0
334	1	2	1	1	3	3	2	3	3	2	2	3	3	2	3	3	3	3	3	50	3	1	0	0	1	1	1	0	0	1	0	-999	1	1	1	1	1	0
334	1	2	1	0	3	3	2	3	3	2	2	3	3	2	3	3	3	3	3	50	3	1	0	0	1	1	1	0	0	1	0	-999	1	1	1	1	1	0
335	1	2	0	1	3	3	3	3	3	2	1	2	3	3	5	5	5	3	4	20	1	1	1	0	0	0	0	0	0	0	0	1	3	2	1	0	1	0
335	1	2	0	0	3	3	3	3	3	2	1	2	3	3	3	3	3	3	3	20	1	1	1	0	0	0	0	0	0	0	0	1	3	2	1	0	1	0
335	1	2	1	1	3	3	3	3	3	3	3	3	3	3	4	4	5	3	5	20	1	1	1	0	0	0	0	0	0	0	0	1	3	2	1	0	1	0
335	1	2	1	0	3	3	3	3	3	3	3	3	3	3	3	3	3	3	3	20	1	1	1	0	0	0	0	0	0	0	0	1	3	2	1	0	1	0
337	1	2	0	1	4	4	5	5	4	2	2	2	2	2	3	3	4	3	3	29	2	1	1	0	0	0	0	0	0	0	0	1	3	2	1	0	1	0
337	1	2	0	0	2	4	3	4	4	3	2	2	2	2	3	3	4	3	3	29	2	1	1	0	0	0	0	0	0	0	0	1	3	2	1	0	1	0
337	1	2	1	1	4	4	4	4	3	2	2	3	2	3	3	3	3	3	3	29	2	1	1	0	0	0	0	0	0	0	0	1	3	2	1	0	1	0
337	1	2	1	0	4	3	3	3	3	2	2	3	2	3	3	3	3	3	3	29	2	1	1	0	0	0	0	0	0	0	0	1	3	2	1	0	1	0
338	3	2	0	1	5	3	4	4	4	1	2	2	1	2	3	4	4	5	5	38	2	2	0	0	1	0	0	1	1	0	1	3	3	3	0	1	1	1
338	3	2	0	0	2	3	3	3	3	3	3	3	3	3	3	3	3	2	2	38	2	2	0	0	1	0	0	1	1	0	1	3	3	3	0	1	1	1
338	3	2	1	1	5	5	5	5	5	5	5	2	2	2	5	4	5	5	5	38	2	2	0	0	1	0	0	1	1	0	1	3	3	3	0	1	1	1
338	3	2	1	0	1	1	1	1	2	1	1	3	3	3	2	2	2	2	2	38	2	2	0	0	1	0	0	1	1	0	1	3	3	3	0	1	1	1
340	3	2	0	1	5	5	5	4	3	3	5	3	2	2	4	4	4	5	5	27	2	2	0	0	1	0	0	1	1	0	1	-999	3	2	1	0	0	1
340	3	2	0	0	5	5	5	4	3	4	5	3	2	2	4	4	4	5	5	27	2	2	0	0	1	0	0	1	1	0	1	-999	3	2	1	0	0	1
340	3	2	1	1	3	5	2	1	3	5	5	5	4	5	5	3	2	2	2	27	2	2	0	0	1	0	0	1	1	0	1	-999	3	2	1	0	0	1
340	3	2	1	0	5	2	5	4	5	2	2	3	3	2	3	4	5	5	5	27	2	2	0	0	1	0	0	1	1	0	1	-999	3	2	1	0	0	1
344	2	2	0	1	4	5	4	4	5	4	3	1	1	1	2	2	4	1	4	52	3	1	0	0	1	1	0	0	0	1	0	4	2	2	1	1	1	0
344	2	2	0	0	2	4	1	2	5	2	3	1	1	1	3	3	4	1	2	52	3	1	0	0	1	1	0	0	0	1	0	4	2	2	1	1	1	0
344	2	2	1	1	2	5	3	3	4	4	1	4	4	1	4	2	4	2	2	52	3	1	0	0	1	1	0	0	0	1	0	4	2	2	1	1	1	0
344	2	2	1	0	4	4	3	3	5	2	1	2	2	1	4	3	4	2	4	52	3	1	0	0	1	1	0	0	0	1	0	4	2	2	1	1	1	0
345	3	2	0	1	5	5	5	5	5	4	1	1	1	5	5	5	5	5	5	25	2	2	0	0	1	0	0	0	1	0	1	3	3	4	1	1	1	1
345	3	2	0	0	2	4	1	1	1	3	5	5	5	1	1	1	1	1	1	25	2	2	0	0	1	0	0	0	1	0	1	3	3	4	1	1	1	1
345	3	2	1	1	5	5	5	5	5	4	1	1	5	4	5	5	5	5	5	25	2	2	0	0	1	0	0	0	1	0	1	3	3	4	1	1	1	1
345	3	2	1	0	2	2	1	1	2	2	5	5	2	1	1	2	1	1	1	25	2	2	0	0	1	0	0	0	1	0	1	3	3	4	1	1	1	1
346	1	2	0	1	4	4	4	3	3	2	2	1	2	2	4	5	4	5	4	22	1	1	1	0	1	1	0	0	0	1	0	1	3	1	1	0	1	0
346	1	2	0	0	3	3	3	3	4	4	2	4	4	3	4	4	3	5	3	22	1	1	1	0	1	1	0	0	0	1	0	1	3	1	1	0	1	0
346	1	2	1	1	2	3	4	3	3	2	3	2	4	2	3	2	2	3	2	22	1	1	1	0	1	1	0	0	0	1	0	1	3	1	1	0	1	0
346	1	2	1	0	4	4	3	3	3	3	3	4	2	3	4	4	4	5	4	22	1	1	1	0	1	1	0	0	0	1	0	1	3	1	1	0	1	0
350	1	2	0	1	4	3	3	4	3	2	2	2	2	2	4	4	4	3	3	25	2	1	0	0	0	0	0	0	0	0	0	3	3	2	1	0	0	0
350	1	2	0	0	3	3	3	3	3	2	2	2	2	2	3	4	4	2	3	25	2	1	0	0	0	0	0	0	0	0	0	3	3	2	1	0	0	0
350	1	2	1	1	4	4	4	4	3	2	2	2	2	2	4	4	4	3	4	25	2	1	0	0	0	0	0	0	0	0	0	3	3	2	1	0	0	0
350	1	2	1	0	3	3	3	3	3	2	2	2	2	2	3	3	3	3	3	25	2	1	0	0	0	0	0	0	0	0	0	3	3	2	1	0	0	0
351	2	2	0	1	3	4	3	3	3	1	1	1	1	1	3	3	3	3	3	55	3	1	0	0	1	1	0	1	0	1	1	5	3	2	1	1	1	1
351	2	2	0	0	3	4	3	3	3	1	1	1	1	1	3	3	3	3	3	55	3	1	0	0	1	1	0	1	0	1	1	5	3	2	1	1	1	1
351	2	2	1	1	3	3	3	3	4	1	1	1	1	1	4	4	4	1	1	55	3	1	0	0	1	1	0	1	0	1	1	5	3	2	1	1	1	1
351	2	2	1	0	3	3	3	3	4	1	1	1	1	1	4	4	4	1	1	55	3	1	0	0	1	1	0	1	0	1	1	5	3	2	1	1	1	1
352	2	1	0	1	3	4	3	3	3	2	2	4	3	3	2	1	2	3	2	61	3	2	0	1	1	1	0	1	0	1	1	2	2	3	1	0	1	0
352	2	1	0	0	3	2	3	3	3	3	3	3	3	3	2	3	3	3	3	61	3	2	0	1	1	1	0	1	0	1	1	2	2	3	1	0	1	0
352	2	1	1	1	2	5	2	2	2	5	4	4	4	4	2	1	1	2	2	61	3	2	0	1	1	1	0	1	0	1	1	2	2	3	1	0	1	0
352	2	1	1	0	3	3	3	3	2	2	3	3	3	3	3	4	3	3	4	61	3	2	0	1	1	1	0	1	0	1	1	2	2	3	1	0	1	0
353	1	1	0	1	5	5	4	4	4	1	3	4	2	2	4	4	4	4	4	62	3	2	0	1	1	1	1	1	0	1	1	2	3	3	1	1	1	1
353	1	1	0	0	1	3	3	3	4	3	2	4	2	2	3	4	3	3	3	62	3	2	0	1	1	1	1	1	0	1	1	2	3	3	1	1	1	1
353	1	1	1	1	4	4	4	4	4	2	2	2	2	2	4	4	4	4	4	62	3	2	0	1	1	1	1	1	0	1	1	2	3	3	1	1	1	1
353	1	1	1	0	3	3	3	3	4	3	2	2	2	2	3	3	3	4	3	62	3	2	0	1	1	1	1	1	0	1	1	2	3	3	1	1	1	1
354	2	1	0	1	5	5	4	4	4	1	1	1	1	5	4	4	4	3	3	36	2	1	0	1	1	0	0	1	0	0	1	1	3	3	1	1	1	1
354	2	1	0	0	2	5	3	2	3	3	1	5	5	1	4	4	4	3	3	36	2	1	0	1	1	0	0	1	0	0	1	1	3	3	1	1	1	1
354	2	1	1	1	2	5	1	1	5	3	2	3	3	1	4	3	3	1	2	36	2	1	0	1	1	0	0	1	0	0	1	1	3	3	1	1	1	1
354	2	1	1	0	4	4	3	3	5	3	2	3	2	1	4	4	3	3	4	36	2	1	0	1	1	0	0	1	0	0	1	1	3	3	1	1	1	1
355	2	1	0	1	4	4	3	3	4	4	1	3	1	3	4	4	3	5	5	41	2	1	0	1	1	1	0	1	0	1	1	-999	3	2	1	1	0	0
355	2	1	0	0	4	4	3	3	4	4	1	3	1	3	3	4	3	5	5	41	2	1	0	1	1	1	0	1	0	1	1	-999	3	2	1	1	0	0
355	2	1	1	1	3	5	3	3	4	4	3	4	4	2	4	3	4	2	4	41	2	1	0	1	1	1	0	1	0	1	1	-999	3	2	1	1	0	0
355	2	1	1	0	5	4	3	3	4	4	3	3	3	2	4	4	4	4	4	41	2	1	0	1	1	1	0	1	0	1	1	-999	3	2	1	1	0	0
356	1	1	0	1	4	5	3	4	3	5	1	3	2	3	4	4	4	4	5	58	3	1	0	1	0	0	0	0	0	0	0	5	1	4	1	0	1	0
356	1	1	0	0	1	2	3	3	3	3	3	4	3	3	3	3	2	3	1	58	3	1	0	1	0	0	0	0	0	0	0	5	1	4	1	0	1	0
356	1	1	1	1	4	4	3	4	4	2	4	3	2	2	3	3	4	4	5	58	3	1	0	1	0	0	0	0	0	0	0	5	1	4	1	0	1	0
356	1	1	1	0	3	3	3	2	3	3	3	3	3	2	3	3	3	3	2	58	3	1	0	1	0	0	0	0	0	0	0	5	1	4	1	0	1	0
357	1	1	0	1	4	4	4	4	4	2	1	1	1	2	4	2	2	3	4	60	3	1	0	1	1	1	0	0	0	1	0	2	3	3	1	0	1	0
357	1	1	0	0	2	3	2	1	2	4	4	4	4	4	1	3	3	3	2	60	3	1	0	1	1	1	0	0	0	1	0	2	3	3	1	0	1	0
357	1	1	1	1	1	1	2	1	3	1	4	4	3	3	2	2	2	1	1	60	3	1	0	1	1	1	0	0	0	1	0	2	3	3	1	0	1	0
357	1	1	1	0	4	4	3	4	3	4	2	1	3	3	4	4	4	4	4	60	3	1	0	1	1	1	0	0	0	1	0	2	3	3	1	0	1	0
358	1	1	0	1	2	5	4	4	4	3	3	3	3	3	5	5	5	3	4	28	2	2	0	0	1	1	0	0	0	1	0	4	1	1	0	0	1	0
358	1	1	0	0	4	2	2	2	2	3	3	3	3	3	2	2	2	3	2	28	2	2	0	0	1	1	0	0	0	1	0	4	1	1	0	0	1	0
358	1	1	1	1	2	3	3	3	3	3	5	4	3	5	1	1	1	3	1	28	2	2	0	0	1	1	0	0	0	1	0	4	1	1	0	0	1	0
358	1	1	1	0	4	3	3	3	3	3	1	2	3	1	5	5	5	3	5	28	2	2	0	0	1	1	0	0	0	1	0	4	1	1	0	0	1	0
359	2	1	0	1	2	2	4	4	4	4	3	4	2	3	2	3	2	3	2	33	2	2	0	0	1	0	0	1	0	0	1	4	1	3	1	0	1	0
359	2	1	0	0	4	1	4	3	3	2	3	1	2	3	4	4	4	3	4	33	2	2	0	0	1	0	0	1	0	0	1	4	1	3	1	0	1	0
359	2	1	1	1	2	4	4	3	3	4	3	4	3	3	2	2	2	3	2	33	2	2	0	0	1	0	0	1	0	0	1	4	1	3	1	0	1	0
359	2	1	1	0	4	3	3	4	4	3	3	3	3	3	4	4	4	4	4	33	2	2	0	0	1	0	0	1	0	0	1	4	1	3	1	0	1	0
360	1	1	0	1	4	5	3	3	4	3	5	2	1	1	5	4	4	3	3	62	3	1	0	0	1	1	0	0	0	1	0	-999	3	3	1	0	1	0
360	1	1	0	0	3	5	3	3	4	3	4	2	1	1	5	4	5	3	3	62	3	1	0	0	1	1	0	0	0	1	0	-999	3	3	1	0	1	0
360	1	1	1	1	2	4	3	1	4	2	5	3	1	5	1	1	1	1	1	62	3	1	0	0	1	1	0	0	0	1	0	-999	3	3	1	0	1	0
360	1	1	1	0	2	3	3	3	5	2	3	3	1	3	4	4	5	3	5	62	3	1	0	0	1	1	0	0	0	1	0	-999	3	3	1	0	1	0
361	1	1	0	1	4	4	4	3	2	1	3	3	2	3	4	4	4	4	4	16	1	2	1	0	1	0	0	1	0	0	1	2	3	2	1	0	1	0
361	1	1	0	0	3	2	2	3	4	2	2	2	4	3	4	4	3	4	3	16	1	2	1	0	1	0	0	1	0	0	1	2	3	2	1	0	1	0
361	1	1	1	1	4	2	2	3	5	3	3	1	3	1	4	4	5	5	5	16	1	2	1	0	1	0	0	1	0	0	1	2	3	2	1	0	1	0
361	1	1	1	0	3	3	2	2	4	3	2	1	2	3	3	3	3	5	2	16	1	2	1	0	1	0	0	1	0	0	1	2	3	2	1	0	1	0
362	1	1	0	1	5	3	5	3	3	1	5	1	1	3	3	3	3	3	3	63	3	2	1	0	1	1	0	0	0	1	0	-999	2	3	1	0	1	0
362	1	1	0	0	3	1	3	3	3	1	5	5	1	3	3	3	3	3	3	63	3	2	1	0	1	1	0	0	0	1	0	-999	2	3	1	0	1	0
362	1	1	1	1	3	3	3	3	3	3	3	3	3	3	3	3	3	3	3	63	3	2	1	0	1	1	0	0	0	1	0	-999	2	3	1	0	1	0
362	1	1	1	0	3	3	3	3	3	3	3	3	3	3	3	3	3	3	3	63	3	2	1	0	1	1	0	0	0	1	0	-999	2	3	1	0	1	0
363	1	1	0	1	5	3	3	3	3	2	2	2	3	2	5	5	4	3	5	62	3	2	0	1	1	1	1	1	0	1	1	4	2	3	1	0	1	0
363	1	1	0	0	2	4	3	3	3	4	3	3	3	2	2	2	2	3	2	62	3	2	0	1	1	1	1	1	0	1	1	4	2	3	1	0	1	0
363	1	1	1	1	1	5	1	1	3	5	5	5	4	4	1	1	1	1	2	62	3	2	0	1	1	1	1	1	0	1	1	4	2	3	1	0	1	0
363	1	1	1	0	3	3	3	3	3	3	3	3	3	3	4	4	4	3	3	62	3	2	0	1	1	1	1	1	0	1	1	4	2	3	1	0	1	0
364	1	1	0	1	1	3	3	3	3	2	3	3	3	1	3	3	3	3	3	62	3	2	0	1	1	1	1	0	0	1	0	2	3	1	1	0	0	0
364	1	1	0	0	2	2	2	1	3	1	2	1	2	3	1	1	1	1	1	62	3	2	0	1	1	1	1	0	0	1	0	2	3	1	1	0	0	0
364	1	1	1	1	3	3	3	4	3	3	1	1	1	1	5	5	5	3	5	62	3	2	0	1	1	1	1	0	0	1	0	2	3	1	1	0	0	0
364	1	1	1	0	1	1	1	1	1	1	3	2	4	5	1	1	1	3	1	62	3	2	0	1	1	1	1	0	0	1	0	2	3	1	1	0	0	0
365	2	1	0	1	1	5	2	2	3	4	4	4	3	3	2	2	2	1	3	62	3	2	0	1	1	1	0	1	0	1	1	4	2	2	1	0	1	0
365	2	1	0	0	5	3	3	3	3	2	3	3	3	3	3	3	3	3	3	62	3	2	0	1	1	1	0	1	0	1	1	4	2	2	1	0	1	0
365	2	1	1	1	1	5	2	2	3	5	4	3	3	3	1	2	2	3	3	62	3	2	0	1	1	1	0	1	0	1	1	4	2	2	1	0	1	0
365	2	1	1	0	4	3	3	3	3	3	3	3	3	3	3	4	3	3	3	62	3	2	0	1	1	1	0	1	0	1	1	4	2	2	1	0	1	0
366	1	1	0	1	4	4	3	3	4	2	3	2	2	2	4	3	4	4	4	63	3	2	0	1	1	1	0	0	0	1	0	6	3	3	1	0	1	0
366	1	1	0	0	2	3	2	2	3	3	3	3	3	3	2	3	3	3	2	63	3	2	0	1	1	1	0	0	0	1	0	6	3	3	1	0	1	0
366	1	1	1	1	2	4	2	3	2	3	4	4	3	4	1	1	1	2	1	63	3	2	0	1	1	1	0	0	0	1	0	6	3	3	1	0	1	0
366	1	1	1	0	4	3	3	4	4	2	2	2	2	3	4	4	4	3	4	63	3	2	0	1	1	1	0	0	0	1	0	6	3	3	1	0	1	0
367	1	1	0	1	4	4	4	4	3	2	2	2	2	2	4	4	4	3	4	64	3	2	0	1	1	1	0	0	0	1	0	-999	2	3	1	0	1	0
367	1	1	0	0	2	2	2	2	3	4	4	4	4	4	2	2	2	3	2	64	3	2	0	1	1	1	0	0	0	1	0	-999	2	3	1	0	1	0
367	1	1	1	1	4	3	3	3	3	2	2	3	2	3	4	4	4	3	4	64	3	2	0	1	1	1	0	0	0	1	0	-999	2	3	1	0	1	0
367	1	1	1	0	2	3	3	3	3	4	4	3	4	3	2	2	2	3	2	64	3	2	0	1	1	1	0	0	0	1	0	-999	2	3	1	0	1	0
368	1	1	0	1	4	2	4	4	4	3	3	3	3	3	4	4	4	4	4	64	3	2	0	1	1	1	0	0	0	1	0	3	3	3	1	0	1	0
368	1	1	0	0	2	4	2	2	2	3	3	3	3	3	2	3	3	3	3	64	3	2	0	1	1	1	0	0	0	1	0	3	3	3	1	0	1	0
368	1	1	1	1	2	2	3	3	2	3	4	4	3	4	2	2	2	2	2	64	3	2	0	1	1	1	0	0	0	1	0	3	3	3	1	0	1	0
368	1	1	1	0	4	4	3	3	4	3	2	2	3	2	4	4	4	4	4	64	3	2	0	1	1	1	0	0	0	1	0	3	3	3	1	0	1	0
369	2	1	0	1	4	4	3	3	3	3	2	3	2	3	3	3	3	3	2	64	3	2	0	1	1	1	0	1	0	1	1	-999	1	3	1	0	1	0
369	2	1	0	0	2	3	3	3	3	3	2	3	2	3	3	4	3	3	4	64	3	2	0	1	1	1	0	1	0	1	1	-999	1	3	1	0	1	0
369	2	1	1	1	1	4	3	2	2	4	4	4	3	3	1	1	1	3	1	64	3	2	0	1	1	1	0	1	0	1	1	-999	1	3	1	0	1	0
369	2	1	1	0	4	4	3	4	4	2	2	2	2	3	5	5	5	3	5	64	3	2	0	1	1	1	0	1	0	1	1	-999	1	3	1	0	1	0
370	1	1	0	1	4	4	3	3	4	2	2	3	3	2	4	4	4	4	4	65	4	2	0	1	1	1	1	0	0	1	0	5	3	4	1	0	1	0
370	1	1	0	0	2	2	3	3	2	4	4	3	3	3	2	2	2	2	2	65	4	2	0	1	1	1	1	0	0	1	0	5	3	4	1	0	1	0
370	1	1	1	1	2	4	3	2	2	3	4	4	3	4	2	2	2	2	2	65	4	2	0	1	1	1	1	0	0	1	0	5	3	4	1	0	1	0
370	1	1	1	0	4	2	3	3	4	3	2	2	3	2	4	4	4	4	4	65	4	2	0	1	1	1	1	0	0	1	0	5	3	4	1	0	1	0
371	1	1	0	1	3	4	2	3	2	2	2	3	2	2	3	3	3	2	2	65	4	2	0	1	1	1	1	1	0	1	1	5	3	3	0	0	1	0
371	1	1	0	0	2	3	2	3	2	2	3	3	2	2	3	3	2	2	2	65	4	2	0	1	1	1	1	1	0	1	1	5	3	3	0	0	1	0
371	1	1	1	1	3	2	2	2	2	2	2	2	2	2	2	3	3	2	2	65	4	2	0	1	1	1	1	1	0	1	1	5	3	3	0	0	1	0
371	1	1	1	0	3	2	2	2	2	2	2	2	2	2	3	3	3	2	2	65	4	2	0	1	1	1	1	1	0	1	1	5	3	3	0	0	1	0
372	1	1	0	1	5	4	4	4	3	3	3	3	3	2	4	4	4	3	4	65	4	2	0	1	1	1	0	0	0	1	0	5	3	4	1	0	0	0
372	1	1	0	0	1	3	3	3	3	3	3	3	3	2	2	2	2	3	2	65	4	2	0	1	1	1	0	0	0	1	0	5	3	4	1	0	0	0
372	1	1	1	1	1	5	1	1	1	5	5	5	5	5	1	1	1	3	1	65	4	2	0	1	1	1	0	0	0	1	0	5	3	4	1	0	0	0
372	1	1	1	0	5	1	5	5	5	1	1	1	1	1	5	5	5	3	5	65	4	2	0	1	1	1	0	0	0	1	0	5	3	4	1	0	0	0
373	2	1	0	1	5	5	4	4	4	1	1	1	1	1	4	4	4	4	4	65	4	2	0	1	1	1	0	1	0	1	1	2	2	2	1	0	1	0
373	2	1	0	0	3	3	3	3	3	3	3	3	3	3	3	3	3	3	3	65	4	2	0	1	1	1	0	1	0	1	1	2	2	2	1	0	1	0
373	2	1	1	1	3	4	3	3	4	3	1	3	3	2	4	3	3	3	3	65	4	2	0	1	1	1	0	1	0	1	1	2	2	2	1	0	1	0
373	2	1	1	0	3	4	3	3	4	3	3	3	3	2	3	3	3	3	3	65	4	2	0	1	1	1	0	1	0	1	1	2	2	2	1	0	1	0
374	2	1	0	1	3	5	2	2	4	4	2	2	2	1	4	3	4	4	4	65	4	2	0	1	1	1	0	1	0	1	1	-999	1	2	1	0	0	0
374	2	1	0	0	3	3	2	2	4	3	2	2	2	1	4	3	4	4	4	65	4	2	0	1	1	1	0	1	0	1	1	-999	1	2	1	0	0	0
374	2	1	1	1	3	5	3	2	3	4	3	2	2	2	4	2	3	3	2	65	4	2	0	1	1	1	0	1	0	1	1	-999	1	2	1	0	0	0
374	2	1	1	0	3	4	3	2	4	2	2	2	2	2	4	4	4	4	4	65	4	2	0	1	1	1	0	1	0	1	1	-999	1	2	1	0	0	0
375	1	1	0	1	5	4	5	4	4	1	2	2	1	2	4	4	4	3	4	66	4	2	0	1	1	1	0	0	0	1	0	5	3	4	1	1	1	0
375	1	1	0	0	1	2	2	2	2	4	4	3	4	4	2	2	2	3	2	66	4	2	0	1	1	1	0	0	0	1	0	5	3	4	1	1	1	0
375	1	1	1	1	2	2	4	2	2	3	4	4	4	4	2	2	2	2	2	66	4	2	0	1	1	1	0	0	0	1	0	5	3	4	1	1	1	0
375	1	1	1	0	4	4	2	3	4	2	2	2	2	2	4	4	4	4	4	66	4	2	0	1	1	1	0	0	0	1	0	5	3	4	1	1	1	0
376	1	1	0	1	4	5	3	1	3	1	1	1	1	3	5	5	5	1	3	66	4	2	0	1	1	1	0	0	0	1	0	6	3	3	1	0	1	0
376	1	1	0	0	1	1	3	1	3	1	3	1	3	3	1	3	1	1	3	66	4	2	0	1	1	1	0	0	0	1	0	6	3	3	1	0	1	0
376	1	1	1	1	1	5	1	1	1	5	5	4	5	5	1	1	1	1	1	66	4	2	0	1	1	1	0	0	0	1	0	6	3	3	1	0	1	0
376	1	1	1	0	5	1	3	4	5	1	1	2	1	1	5	5	5	3	5	66	4	2	0	1	1	1	0	0	0	1	0	6	3	3	1	0	1	0
377	1	1	0	1	5	5	5	5	5	1	1	2	1	1	5	5	5	5	5	66	4	2	0	1	1	1	0	0	0	1	0	-999	3	3	1	0	0	1
377	1	1	0	0	1	2	1	1	1	5	5	5	5	5	1	1	1	1	1	66	4	2	0	1	1	1	0	0	0	1	0	-999	3	3	1	0	0	1
377	1	1	1	1	5	5	5	5	5	1	1	1	1	1	5	5	5	5	5	66	4	2	0	1	1	1	0	0	0	1	0	-999	3	3	1	0	0	1
377	1	1	1	0	1	2	1	1	1	5	5	5	5	5	1	1	1	1	2	66	4	2	0	1	1	1	0	0	0	1	0	-999	3	3	1	0	0	1
378	2	1	0	1	3	4	3	2	3	4	3	4	4	3	2	2	2	3	1	66	4	2	0	1	1	0	1	0	1	1	1	4	1	4	1	0	0	0
378	2	1	0	0	4	5	3	2	3	3	3	3	3	3	4	3	4	3	3	66	4	2	0	1	1	0	1	0	1	1	1	4	1	4	1	0	0	0
378	2	1	1	1	1	1	2	1	4	1	5	5	1	5	1	1	1	1	1	66	4	2	0	1	1	0	1	0	1	1	1	4	1	4	1	0	0	0
378	2	1	1	0	3	3	3	3	3	3	3	3	3	3	3	3	3	3	2	66	4	2	0	1	1	0	1	0	1	1	1	4	1	4	1	0	0	0
379	1	1	0	1	4	4	3	3	3	2	2	2	2	3	2	3	2	3	2	67	4	2	0	1	1	1	0	1	0	1	1	5	3	4	0	0	1	0
379	1	1	0	0	2	3	2	2	3	2	2	2	3	3	2	3	3	3	4	67	4	2	0	1	1	1	0	1	0	1	1	5	3	4	0	0	1	0
379	1	1	1	1	2	4	2	3	2	3	4	4	2	3	2	2	1	1	2	67	4	2	0	1	1	1	0	1	0	1	1	5	3	4	0	0	1	0
379	1	1	1	0	4	2	3	3	2	2	2	2	2	3	3	4	4	4	4	67	4	2	0	1	1	1	0	1	0	1	1	5	3	4	0	0	1	0
380	1	1	0	1	5	5	4	3	3	5	3	3	3	3	5	5	5	3	5	67	4	2	0	1	1	1	0	0	0	1	0	-999	1	2	1	0	0	0
380	1	1	0	0	3	3	3	3	3	3	3	3	3	3	3	3	3	3	3	67	4	2	0	1	1	1	0	0	0	1	0	-999	1	2	1	0	0	0
380	1	1	1	1	5	3	3	3	3	3	3	3	3	3	4	4	4	3	4	67	4	2	0	1	1	1	0	0	0	1	0	-999	1	2	1	0	0	0
380	1	1	1	0	3	3	3	3	3	3	3	3	3	3	3	3	3	3	3	67	4	2	0	1	1	1	0	0	0	1	0	-999	1	2	1	0	0	0
381	1	1	0	1	4	4	3	3	3	2	4	4	2	1	5	4	4	4	4	67	4	2	0	1	1	1	0	0	0	1	0	5	3	3	1	0	1	0
381	1	1	0	0	2	2	2	2	2	1	2	2	4	4	2	2	2	2	2	67	4	2	0	1	1	1	0	0	0	1	0	5	3	3	1	0	1	0
381	1	1	1	1	1	5	1	1	1	4	5	5	5	5	1	1	5	1	1	67	4	2	0	1	1	1	0	0	0	1	0	5	3	3	1	0	1	0
381	1	1	1	0	5	2	5	4	4	2	2	2	1	1	5	5	2	4	4	67	4	2	0	1	1	1	0	0	0	1	0	5	3	3	1	0	1	0
382	1	1	0	1	5	5	5	5	5	2	3	1	3	3	5	5	5	5	5	68	4	2	0	1	1	1	0	0	0	1	0	5	3	4	1	0	1	1
382	1	1	0	0	2	3	1	3	3	4	5	3	3	4	1	3	3	2	2	68	4	2	0	1	1	1	0	0	0	1	0	5	3	4	1	0	1	1
382	1	1	1	1	3	5	1	1	2	3	4	5	4	5	2	2	2	2	2	68	4	2	0	1	1	1	0	0	0	1	0	5	3	4	1	0	1	1
382	1	1	1	0	3	3	3	3	4	3	3	3	3	3	4	5	5	4	5	68	4	2	0	1	1	1	0	0	0	1	0	5	3	4	1	0	1	1
383	1	1	0	1	3	3	3	3	3	3	3	3	2	2	4	4	4	3	4	68	4	2	0	1	1	1	0	0	0	1	0	5	2	3	1	0	1	0
383	1	1	0	0	3	3	3	3	3	3	3	3	2	2	2	2	2	3	2	68	4	2	0	1	1	1	0	0	0	1	0	5	2	3	1	0	1	0
383	1	1	1	1	2	4	3	2	2	3	4	2	2	3	2	2	2	3	2	68	4	2	0	1	1	1	0	0	0	1	0	5	2	3	1	0	1	0
383	1	1	1	0	3	3	3	2	3	3	2	2	2	3	4	4	4	3	4	68	4	2	0	1	1	1	0	0	0	1	0	5	2	3	1	0	1	0
384	1	1	0	1	3	3	1	3	3	1	1	1	1	1	2	3	3	3	3	69	4	2	0	1	1	1	1	1	0	1	1	-999	2	3	1	0	1	0
384	1	1	0	0	3	3	1	3	3	1	1	1	1	1	2	3	3	3	3	69	4	2	0	1	1	1	1	1	0	1	1	-999	2	3	1	0	1	0
384	1	1	1	1	1	3	2	1	1	2	4	4	4	4	1	1	1	1	1	69	4	2	0	1	1	1	1	1	0	1	1	-999	2	3	1	0	1	0
384	1	1	1	0	4	3	3	3	4	3	1	3	1	2	4	5	4	5	5	69	4	2	0	1	1	1	1	1	0	1	1	-999	2	3	1	0	1	0
385	1	1	0	1	1	4	3	3	3	1	1	2	2	2	4	4	4	4	4	69	4	2	0	1	1	1	0	0	0	1	0	2	2	1	1	0	1	0
385	1	1	0	0	2	2	3	3	3	2	3	3	3	3	3	3	3	3	3	69	4	2	0	1	1	1	0	0	0	1	0	2	2	1	1	0	1	0
385	1	1	1	1	3	4	2	3	4	3	2	3	3	3	4	3	4	3	4	69	4	2	0	1	1	1	0	0	0	1	0	2	2	1	1	0	1	0
385	1	1	1	0	3	3	3	3	3	3	3	3	3	3	3	3	3	3	3	69	4	2	0	1	1	1	0	0	0	1	0	2	2	1	1	0	1	0
386	1	1	0	1	4	4	3	4	4	2	3	3	2	2	4	4	5	3	4	70	4	2	0	1	1	1	0	1	0	1	1	6	3	2	1	0	1	0
386	1	1	0	0	2	2	3	3	4	4	3	3	4	2	3	2	3	3	1	70	4	2	0	1	1	1	0	1	0	1	1	6	3	2	1	0	1	0
386	1	1	1	1	2	4	3	3	3	3	4	4	3	2	3	3	2	3	2	70	4	2	0	1	1	1	0	1	0	1	1	6	3	2	1	0	1	0
386	1	1	1	0	4	2	4	4	3	2	3	2	3	2	4	4	4	3	4	70	4	2	0	1	1	1	0	1	0	1	1	6	3	2	1	0	1	0
387	1	1	0	1	5	5	5	5	5	3	1	1	3	1	5	5	5	5	5	70	4	2	0	1	1	1	0	0	0	1	0	5	2	2	1	0	0	0
387	1	1	0	0	1	1	1	1	1	1	5	5	5	5	1	1	1	3	1	70	4	2	0	1	1	1	0	0	0	1	0	5	2	2	1	0	0	0
387	1	1	1	1	5	5	5	3	3	1	1	1	3	3	3	3	3	3	3	70	4	2	0	1	1	1	0	0	0	1	0	5	2	2	1	0	0	0
387	1	1	1	0	3	3	1	3	3	3	3	3	3	3	3	3	3	3	3	70	4	2	0	1	1	1	0	0	0	1	0	5	2	2	1	0	0	0
388	1	1	0	1	4	3	3	4	4	4	4	2	3	3	4	4	4	3	4	70	4	2	0	1	1	1	0	0	0	1	0	6	3	4	1	0	1	0
388	1	1	0	0	2	3	3	2	3	3	2	4	4	4	2	3	2	3	3	70	4	2	0	1	1	1	0	0	0	1	0	6	3	4	1	0	1	0
388	1	1	1	1	2	4	2	2	2	3	4	4	3	3	2	2	2	3	2	70	4	2	0	1	1	1	0	0	0	1	0	6	3	4	1	0	1	0
388	1	1	1	0	4	3	3	4	3	2	2	3	4	2	3	3	3	3	4	70	4	2	0	1	1	1	0	0	0	1	0	6	3	4	1	0	1	0
389	1	1	0	1	3	4	5	4	5	4	1	2	1	5	5	5	5	5	5	70	4	2	0	1	1	1	0	0	0	1	0	5	3	3	1	0	1	0
389	1	1	0	0	2	1	1	1	1	2	5	3	5	1	1	1	1	1	1	70	4	2	0	1	1	1	0	0	0	1	0	5	3	3	1	0	1	0
389	1	1	1	1	5	5	5	5	5	1	5	1	5	1	5	5	5	4	4	70	4	2	0	1	1	1	0	0	0	1	0	5	3	3	1	0	1	0
389	1	1	1	0	1	1	1	1	1	4	1	5	1	5	1	1	1	1	1	70	4	2	0	1	1	1	0	0	0	1	0	5	3	3	1	0	1	0
390	1	1	0	1	5	5	5	5	5	1	1	1	1	5	5	5	5	5	5	71	4	2	0	1	1	1	0	0	0	1	0	5	3	4	1	0	1	0
390	1	1	0	0	1	1	1	1	1	5	5	5	5	1	1	1	1	1	1	71	4	2	0	1	1	1	0	0	0	1	0	5	3	4	1	0	1	0
390	1	1	1	1	3	4	3	3	5	3	3	3	3	3	4	4	4	4	4	71	4	2	0	1	1	1	0	0	0	1	0	5	3	4	1	0	1	0
390	1	1	1	0	4	4	3	4	3	4	4	4	3	3	5	5	5	5	5	71	4	2	0	1	1	1	0	0	0	1	0	5	3	4	1	0	1	0
391	1	1	0	1	5	3	3	4	4	2	2	3	1	2	5	5	5	5	5	74	4	2	0	1	1	1	0	0	0	1	0	5	3	4	1	0	1	0
391	1	1	0	0	2	3	3	3	3	2	2	3	1	3	1	3	3	3	3	74	4	2	0	1	1	1	0	0	0	1	0	5	3	4	1	0	1	0
391	1	1	1	1	2	3	1	1	2	4	5	4	4	5	2	2	2	3	2	74	4	2	0	1	1	1	0	0	0	1	0	5	3	4	1	0	1	0
391	1	1	1	0	3	3	3	3	3	3	3	2	2	2	4	4	5	3	4	74	4	2	0	1	1	1	0	0	0	1	0	5	3	4	1	0	1	0
392	1	1	0	1	4	5	3	4	4	3	1	2	1	1	5	4	5	2	3	74	4	2	0	1	1	1	0	1	0	1	1	4	1	2	1	0	1	0
392	1	1	0	0	2	3	3	3	3	3	2	1	1	1	3	4	5	2	3	74	4	2	0	1	1	1	0	1	0	1	1	4	1	2	1	0	1	0
392	1	1	1	1	4	4	1	4	4	1	1	1	1	1	5	4	5	1	4	74	4	2	0	1	1	1	0	1	0	1	1	4	1	2	1	0	1	0
392	1	1	1	0	3	3	1	2	3	1	1	1	1	1	4	4	4	1	2	74	4	2	0	1	1	1	0	1	0	1	1	4	1	2	1	0	1	0
393	1	1	0	1	3	3	3	3	3	3	3	3	3	3	3	3	3	3	3	75	4	2	0	1	1	1	0	0	0	1	0	-999	2	3	1	0	0	0
393	1	1	0	0	3	3	3	3	3	3	3	3	3	3	3	3	3	3	3	75	4	2	0	1	1	1	0	0	0	1	0	-999	2	3	1	0	0	0
393	1	1	1	1	4	3	3	3	3	3	3	3	3	3	4	4	4	3	4	75	4	2	0	1	1	1	0	0	0	1	0	-999	2	3	1	0	0	0
393	1	1	1	0	3	3	3	3	3	3	3	3	3	3	3	3	3	3	4	75	4	2	0	1	1	1	0	0	0	1	0	-999	2	3	1	0	0	0
394	1	1	0	1	2	2	2	2	2	2	2	2	2	2	3	3	3	3	3	76	4	2	0	1	1	1	0	1	0	1	1	-999	3	4	1	0	1	0
394	1	1	0	0	2	2	2	2	2	2	2	2	2	2	3	3	3	3	3	76	4	2	0	1	1	1	0	1	0	1	1	-999	3	4	1	0	1	0
394	1	1	1	1	3	3	3	3	3	3	3	3	3	3	3	3	3	3	3	76	4	2	0	1	1	1	0	1	0	1	1	-999	3	4	1	0	1	0
394	1	1	1	0	3	3	3	3	3	3	3	3	3	3	3	3	3	3	3	76	4	2	0	1	1	1	0	1	0	1	1	-999	3	4	1	0	1	0
395	1	1	0	1	5	5	5	5	5	1	1	1	1	1	5	5	5	5	5	77	4	2	0	1	1	1	0	1	0	1	1	5	2	2	1	1	1	1
395	1	1	0	0	1	1	1	1	1	4	5	5	5	5	1	1	1	1	1	77	4	2	0	1	1	1	0	1	0	1	1	5	2	2	1	1	1	1
395	1	1	1	1	5	5	5	5	5	1	1	1	1	1	3	3	3	3	3	77	4	2	0	1	1	1	0	1	0	1	1	5	2	2	1	1	1	1
395	1	1	1	0	1	1	1	1	1	5	5	5	5	5	5	5	5	5	5	77	4	2	0	1	1	1	0	1	0	1	1	5	2	2	1	1	1	1
396	1	1	0	1	3	3	3	3	3	3	3	3	3	3	3	3	3	3	3	77	4	2	0	1	1	1	0	0	0	1	0	5	3	4	1	0	1	0
396	1	1	0	0	3	3	3	3	3	3	3	3	3	3	3	3	3	3	3	77	4	2	0	1	1	1	0	0	0	1	0	5	3	4	1	0	1	0
396	1	1	1	1	3	3	3	3	3	3	3	3	3	3	3	3	3	3	3	77	4	2	0	1	1	1	0	0	0	1	0	5	3	4	1	0	1	0
396	1	1	1	0	3	3	3	3	3	3	3	3	3	3	3	3	3	3	3	77	4	2	0	1	1	1	0	0	0	1	0	5	3	4	1	0	1	0
397	1	1	0	1	5	3	3	3	3	5	3	3	3	3	3	3	4	4	4	82	4	2	0	1	0	0	0	0	0	0	0	-999	3	3	1	0	1	0
397	1	1	0	0	3	5	3	3	3	3	3	4	4	4	3	3	4	3	3	82	4	2	0	1	0	0	0	0	0	0	0	-999	3	3	1	0	1	0
397	1	1	1	1	3	3	3	3	4	4	3	4	3	4	4	4	4	3	3	82	4	2	0	1	0	0	0	0	0	0	0	-999	3	3	1	0	1	0
397	1	1	1	0	3	3	3	3	3	3	3	3	3	3	3	3	3	3	3	82	4	2	0	1	0	0	0	0	0	0	0	-999	3	3	1	0	1	0
398	1	1	0	1	5	5	5	5	4	1	1	1	1	1	5	5	5	4	5	60	3	1	0	1	0	0	0	0	0	0	0	3	3	4	1	0	1	0
398	1	1	0	0	1	2	1	2	3	3	4	3	3	3	2	3	2	2	1	60	3	1	0	1	0	0	0	0	0	0	0	3	3	4	1	0	1	0
398	1	1	1	1	5	4	5	4	4	1	1	1	1	1	5	5	5	4	5	60	3	1	0	1	0	0	0	0	0	0	0	3	3	4	1	0	1	0
398	1	1	1	0	1	1	1	1	3	4	5	2	4	4	1	1	1	2	1	60	3	1	0	1	0	0	0	0	0	0	0	3	3	4	1	0	1	0
399	2	1	0	1	2	5	3	2	2	4	4	4	3	4	2	1	1	1	1	61	3	1	0	1	1	1	0	1	0	1	1	-999	2	2	1	0	1	0
399	2	1	0	0	4	2	3	3	3	2	2	2	3	2	4	5	4	4	5	61	3	1	0	1	1	1	0	1	0	1	1	-999	2	2	1	0	1	0
399	2	1	1	1	1	5	3	1	1	5	5	5	5	5	1	1	1	1	1	61	3	1	0	1	1	1	0	1	0	1	1	-999	2	2	1	0	1	0
399	2	1	1	0	4	3	3	3	3	1	1	1	1	2	4	5	4	4	5	61	3	1	0	1	1	1	0	1	0	1	1	-999	2	2	1	0	1	0
400	1	1	0	1	4	3	3	3	4	2	3	2	2	1	4	4	4	5	4	62	3	1	0	1	1	1	0	0	0	1	0	-999	3	3	1	1	1	0
400	1	1	0	0	2	4	3	3	3	4	3	3	3	1	3	3	2	3	3	62	3	1	0	1	1	1	0	0	0	1	0	-999	3	3	1	1	1	0
400	1	1	1	1	3	3	3	3	3	2	3	3	3	2	3	2	2	3	3	62	3	1	0	1	1	1	0	0	0	1	0	-999	3	3	1	1	1	0
400	1	1	1	0	3	3	3	3	3	2	3	3	3	2	3	3	3	3	4	62	3	1	0	1	1	1	0	0	0	1	0	-999	3	3	1	1	1	0
401	1	1	0	1	5	4	4	4	3	1	1	1	1	1	4	4	4	3	4	62	3	1	0	1	1	1	0	1	0	1	1	-999	3	3	1	0	1	0
401	1	1	0	0	1	1	1	1	1	5	5	4	4	4	1	1	1	1	2	62	3	1	0	1	1	1	0	1	0	1	1	-999	3	3	1	0	1	0
401	1	1	1	1	2	3	2	2	3	3	2	4	3	4	2	2	2	4	2	62	3	1	0	1	1	1	0	1	0	1	1	-999	3	3	1	0	1	0
401	1	1	1	0	3	2	3	3	3	3	4	3	3	3	4	4	4	3	4	62	3	1	0	1	1	1	0	1	0	1	1	-999	3	3	1	0	1	0
402	1	1	0	1	4	4	4	4	4	1	1	1	1	1	4	4	4	4	4	62	3	1	0	1	0	0	0	0	0	0	0	5	3	3	1	0	1	0
402	1	1	0	0	1	1	1	1	1	4	4	4	4	4	1	1	1	1	1	62	3	1	0	1	0	0	0	0	0	0	0	5	3	3	1	0	1	0
402	1	1	1	1	1	4	1	1	1	4	4	4	4	4	1	1	1	1	1	62	3	1	0	1	0	0	0	0	0	0	0	5	3	3	1	0	1	0
402	1	1	1	0	4	1	4	4	4	1	1	1	1	1	4	4	4	4	4	62	3	1	0	1	0	0	0	0	0	0	0	5	3	3	1	0	1	0
403	1	1	0	1	3	3	3	3	3	3	1	1	1	1	3	3	3	3	3	62	3	1	0	1	1	1	0	1	0	1	1	4	3	3	1	1	1	0
403	1	1	0	0	3	3	3	3	3	3	1	1	1	1	3	3	3	3	3	62	3	1	0	1	1	1	0	1	0	1	1	4	3	3	1	1	1	0
403	1	1	1	1	3	3	3	3	3	1	3	3	2	3	3	5	4	3	3	62	3	1	0	1	1	1	0	1	0	1	1	4	3	3	1	1	1	0
403	1	1	1	0	3	3	3	3	3	2	3	3	2	3	3	5	4	3	3	62	3	1	0	1	1	1	0	1	0	1	1	4	3	3	1	1	1	0
404	1	1	0	1	3	4	4	4	2	2	3	3	2	3	4	2	2	3	4	63	3	1	0	1	1	1	0	0	0	1	0	5	2	3	1	0	1	0
404	1	1	0	0	3	2	3	3	4	4	3	3	4	3	3	4	4	3	3	63	3	1	0	1	1	1	0	0	0	1	0	5	2	3	1	0	1	0
404	1	1	1	1	1	4	1	1	1	4	4	4	4	4	1	1	1	1	1	63	3	1	0	1	1	1	0	0	0	1	0	5	2	3	1	0	1	0
404	1	1	1	0	4	1	4	4	4	1	1	1	1	1	4	4	4	4	4	63	3	1	0	1	1	1	0	0	0	1	0	5	2	3	1	0	1	0
405	1	1	0	1	3	4	3	3	3	1	3	2	3	1	5	5	5	3	5	63	3	1	0	1	0	0	0	0	0	0	0	4	3	3	1	0	1	1
405	1	1	0	0	1	2	3	3	3	4	3	3	3	3	1	1	1	3	2	63	3	1	0	1	0	0	0	0	0	0	0	4	3	3	1	0	1	1
405	1	1	1	1	1	4	3	3	3	1	3	3	3	3	2	2	2	2	1	63	3	1	0	1	0	0	0	0	0	0	0	4	3	3	1	0	1	1
405	1	1	1	0	3	3	3	3	3	3	3	3	3	3	3	3	3	3	4	63	3	1	0	1	0	0	0	0	0	0	0	4	3	3	1	0	1	1
406	1	1	0	1	5	4	4	4	4	2	2	2	2	2	4	4	4	3	4	64	3	1	0	1	1	1	0	0	0	1	0	6	1	2	1	0	1	0
406	1	1	0	0	2	4	2	2	3	2	4	3	2	2	4	4	4	3	3	64	3	1	0	1	1	1	0	0	0	1	0	6	1	2	1	0	1	0
406	1	1	1	1	3	3	3	3	3	3	3	3	3	3	3	3	3	3	3	64	3	1	0	1	1	1	0	0	0	1	0	6	1	2	1	0	1	0
406	1	1	1	0	3	3	3	3	3	3	3	3	3	3	3	3	3	3	3	64	3	1	0	1	1	1	0	0	0	1	0	6	1	2	1	0	1	0
407	1	1	0	1	5	5	5	5	4	1	1	1	1	2	3	3	3	3	4	65	4	1	0	1	1	1	0	0	0	1	0	3	3	3	1	0	1	0
407	1	1	0	0	1	1	1	1	2	5	5	5	5	4	3	3	3	3	2	65	4	1	0	1	1	1	0	0	0	1	0	3	3	3	1	0	1	0
407	1	1	1	1	3	3	3	3	3	3	3	3	3	3	3	3	3	3	3	65	4	1	0	1	1	1	0	0	0	1	0	3	3	3	1	0	1	0
407	1	1	1	0	3	3	3	3	3	3	3	3	3	3	3	3	3	3	3	65	4	1	0	1	1	1	0	0	0	1	0	3	3	3	1	0	1	0
408	1	1	0	1	3	5	3	3	3	1	3	3	2	2	3	3	4	2	3	65	4	1	0	1	1	1	0	0	0	1	0	5	3	2	1	0	1	0
408	1	1	0	0	4	2	3	3	3	3	3	3	4	2	3	3	3	2	3	65	4	1	0	1	1	1	0	0	0	1	0	5	3	2	1	0	1	0
408	1	1	1	1	4	3	4	3	3	2	3	2	1	1	4	4	4	3	4	65	4	1	0	1	1	1	0	0	0	1	0	5	3	2	1	0	1	0
408	1	1	1	0	2	3	3	3	3	3	3	2	1	1	2	3	3	3	3	65	4	1	0	1	1	1	0	0	0	1	0	5	3	2	1	0	1	0
409	1	1	0	1	4	4	3	2	4	2	2	2	2	2	3	3	4	2	2	65	4	1	0	1	1	1	0	0	0	1	0	3	1	1	1	0	1	0
409	1	1	0	0	3	4	2	2	4	4	3	3	2	2	3	3	3	2	2	65	4	1	0	1	1	1	0	0	0	1	0	3	1	1	1	0	1	0
409	1	1	1	1	2	4	3	2	2	2	3	3	2	3	3	3	3	3	3	65	4	1	0	1	1	1	0	0	0	1	0	3	1	1	1	0	1	0
409	1	1	1	0	3	3	3	2	2	3	3	3	2	3	3	3	3	3	3	65	4	1	0	1	1	1	0	0	0	1	0	3	1	1	1	0	1	0
410	1	1	0	1	3	3	3	3	3	3	3	3	3	3	5	5	5	4	4	65	4	1	0	1	1	1	0	0	0	1	0	4	2	3	1	1	1	1
410	1	1	0	0	3	3	3	3	3	3	3	3	3	3	5	5	5	4	4	65	4	1	0	1	1	1	0	0	0	1	0	4	2	3	1	1	1	1
410	1	1	1	1	1	5	1	2	1	1	5	5	5	5	1	1	1	1	1	65	4	1	0	1	1	1	0	0	0	1	0	4	2	3	1	1	1	1
410	1	1	1	0	5	1	5	5	5	5	5	1	5	1	5	5	5	5	5	65	4	1	0	1	1	1	0	0	0	1	0	4	2	3	1	1	1	1
411	1	1	0	1	5	3	4	3	4	2	4	2	1	1	5	4	3	4	5	65	4	1	0	1	1	1	0	0	0	1	0	4	3	4	1	0	1	0
411	1	1	0	0	2	3	3	2	4	3	3	2	3	2	3	4	3	3	3	65	4	1	0	1	1	1	0	0	0	1	0	4	3	4	1	0	1	0
411	1	1	1	1	1	3	5	1	1	3	5	5	4	5	2	1	1	3	2	65	4	1	0	1	1	1	0	0	0	1	0	4	3	4	1	0	1	0
411	1	1	1	0	5	3	3	3	3	3	3	2	3	3	3	3	3	3	3	65	4	1	0	1	1	1	0	0	0	1	0	4	3	4	1	0	1	0
412	1	1	0	1	4	4	4	4	4	1	3	1	3	3	4	4	4	3	4	66	4	1	0	1	1	1	0	0	0	1	0	4	2	2	1	0	0	0
412	1	1	0	0	3	3	3	3	3	3	3	3	3	3	1	1	1	3	1	66	4	1	0	1	1	1	0	0	0	1	0	4	2	2	1	0	0	0
412	1	1	1	1	3	4	3	3	3	3	4	4	3	3	2	1	1	3	1	66	4	1	0	1	1	1	0	0	0	1	0	4	2	2	1	0	0	0
412	1	1	1	0	3	3	3	3	3	3	3	3	3	3	4	4	4	3	4	66	4	1	0	1	1	1	0	0	0	1	0	4	2	2	1	0	0	0
413	1	1	0	1	5	5	5	4	4	1	1	2	1	2	4	4	5	3	5	66	4	1	0	1	1	1	0	1	0	1	1	-999	2	3	1	0	1	0
413	1	1	0	0	2	1	2	2	4	4	3	1	3	2	4	3	5	3	1	66	4	1	0	1	1	1	0	1	0	1	1	-999	2	3	1	0	1	0
413	1	1	1	1	5	5	4	3	5	1	2	3	2	1	4	4	4	1	4	66	4	1	0	1	1	1	0	1	0	1	1	-999	2	3	1	0	1	0
413	1	1	1	0	3	2	2	3	2	3	3	3	3	1	4	4	4	1	3	66	4	1	0	1	1	1	0	1	0	1	1	-999	2	3	1	0	1	0
414	1	1	0	1	4	5	4	4	4	1	1	1	1	1	5	4	5	3	5	66	4	1	0	1	1	1	0	0	0	1	0	5	3	3	1	0	1	0
414	1	1	0	0	1	2	3	3	3	3	3	3	3	1	3	3	3	3	3	66	4	1	0	1	1	1	0	0	0	1	0	5	3	3	1	0	1	0
414	1	1	1	1	1	3	1	1	1	3	4	3	1	2	1	1	1	1	1	66	4	1	0	1	1	1	0	0	0	1	0	5	3	3	1	0	1	0
414	1	1	1	0	5	3	5	5	3	1	1	1	1	1	5	5	5	5	5	66	4	1	0	1	1	1	0	0	0	1	0	5	3	3	1	0	1	0
415	1	1	0	1	3	3	3	3	3	1	2	3	3	1	3	3	3	2	3	66	4	1	0	1	0	0	0	0	0	0	0	-999	3	4	1	0	1	0
415	1	1	0	0	3	1	3	3	3	1	2	3	3	2	3	3	3	2	3	66	4	1	0	1	0	0	0	0	0	0	0	-999	3	4	1	0	1	0
415	1	1	1	1	1	2	1	1	2	2	4	4	3	3	2	1	1	3	1	66	4	1	0	1	0	0	0	0	0	0	0	-999	3	4	1	0	1	0
415	1	1	1	0	4	3	4	4	3	3	2	2	3	3	2	4	4	3	4	66	4	1	0	1	0	0	0	0	0	0	0	-999	3	4	1	0	1	0
416	1	1	0	1	3	4	3	3	4	2	3	1	1	1	3	4	4	3	3	66	4	1	0	1	1	1	0	0	0	1	0	-999	2	3	0	0	1	0
416	1	1	0	0	4	4	3	3	4	2	4	1	1	1	4	4	4	3	4	66	4	1	0	1	1	1	0	0	0	1	0	-999	2	3	0	0	1	0
416	1	1	1	1	1	2	1	1	3	3	5	4	3	4	1	1	1	2	1	66	4	1	0	1	1	1	0	0	0	1	0	-999	2	3	0	0	1	0
416	1	1	1	0	5	4	4	5	5	1	1	1	1	1	5	5	5	5	5	66	4	1	0	1	1	1	0	0	0	1	0	-999	2	3	0	0	1	0
417	1	1	0	1	3	3	3	3	3	3	3	3	3	3	3	3	3	3	3	66	4	1	0	1	1	1	0	0	0	1	0	5	2	2	1	1	0	0
417	1	1	0	0	3	3	3	3	3	3	3	3	3	3	3	3	3	3	3	66	4	1	0	1	1	1	0	0	0	1	0	5	2	2	1	1	0	0
417	1	1	1	1	4	3	3	3	3	2	3	3	3	3	4	3	3	3	3	66	4	1	0	1	1	1	0	0	0	1	0	5	2	2	1	1	0	0
417	1	1	1	0	4	3	3	3	3	2	3	3	3	3	3	3	3	3	3	66	4	1	0	1	1	1	0	0	0	1	0	5	2	2	1	1	0	0
418	1	1	0	1	4	4	4	3	3	3	2	3	3	3	3	4	4	3	4	66	4	1	0	1	1	1	0	0	0	1	0	4	2	2	1	0	0	0
418	1	1	0	0	3	3	3	3	3	3	3	3	3	3	3	3	3	3	3	66	4	1	0	1	1	1	0	0	0	1	0	4	2	2	1	0	0	0
418	1	1	1	1	2	2	2	3	2	2	4	3	3	4	2	4	2	2	2	66	4	1	0	1	1	1	0	0	0	1	0	4	2	2	1	0	0	0
418	1	1	1	0	4	4	4	3	4	4	2	3	3	2	4	2	4	4	4	66	4	1	0	1	1	1	0	0	0	1	0	4	2	2	1	0	0	0
419	2	1	0	1	3	4	2	4	3	2	2	2	3	2	3	3	4	4	3	66	4	1	0	1	1	1	0	1	0	1	1	5	1	2	1	0	1	0
419	2	1	0	0	3	3	2	3	4	2	2	2	2	2	3	4	3	3	4	66	4	1	0	1	1	1	0	1	0	1	1	5	1	2	1	0	1	0
419	2	1	1	1	1	5	2	2	2	5	5	4	4	4	2	1	1	1	1	66	4	1	0	1	1	1	0	1	0	1	1	5	1	2	1	0	1	0
419	2	1	1	0	4	3	3	3	4	2	2	2	2	2	4	4	5	4	5	66	4	1	0	1	1	1	0	1	0	1	1	5	1	2	1	0	1	0
420	1	1	0	1	4	2	3	3	4	2	1	1	1	1	4	4	5	4	5	67	4	1	0	1	0	0	0	0	0	0	0	3	3	3	1	0	1	0
420	1	1	0	0	2	4	1	2	2	4	4	4	4	4	2	2	1	2	2	67	4	1	0	1	0	0	0	0	0	0	0	3	3	3	1	0	1	0
420	1	1	1	1	4	4	3	3	3	2	3	3	1	2	4	4	4	3	3	67	4	1	0	1	0	0	0	0	0	0	0	3	3	3	1	0	1	0
420	1	1	1	0	2	4	3	3	3	3	3	3	3	2	4	4	4	3	3	67	4	1	0	1	0	0	0	0	0	0	0	3	3	3	1	0	1	0
421	1	1	0	1	3	4	3	4	4	3	3	3	2	3	4	4	5	4	5	67	4	1	0	1	1	1	0	0	0	1	0	5	3	4	1	0	1	0
421	1	1	0	0	3	3	3	3	4	3	3	3	3	3	4	4	4	4	4	67	4	1	0	1	1	1	0	0	0	1	0	5	3	4	1	0	1	0
421	1	1	1	1	2	4	3	3	4	4	3	4	4	3	5	4	4	3	4	67	4	1	0	1	1	1	0	0	0	1	0	5	3	4	1	0	1	0
421	1	1	1	0	4	3	3	3	4	3	3	3	3	3	4	4	4	3	4	67	4	1	0	1	1	1	0	0	0	1	0	5	3	4	1	0	1	0
422	1	1	0	1	5	5	4	4	5	2	1	2	1	2	4	5	5	5	5	68	4	1	0	1	1	1	0	0	0	1	0	5	3	2	1	0	1	0
422	1	1	0	0	3	3	3	3	4	3	3	2	2	2	4	4	3	5	3	68	4	1	0	1	1	1	0	0	0	1	0	5	3	2	1	0	1	0
422	1	1	1	1	2	4	3	3	4	3	4	4	3	2	2	4	4	3	4	68	4	1	0	1	1	1	0	0	0	1	0	5	3	2	1	0	1	0
422	1	1	1	0	4	3	3	3	5	3	3	2	3	2	3	4	4	5	4	68	4	1	0	1	1	1	0	0	0	1	0	5	3	2	1	0	1	0
423	1	1	0	1	3	3	3	3	2	1	3	2	2	1	3	3	3	3	3	69	4	1	0	1	1	1	0	0	0	1	0	-999	3	4	1	1	1	0
423	1	1	0	0	2	3	3	2	2	2	3	2	2	1	2	2	3	2	2	69	4	1	0	1	1	1	0	0	0	1	0	-999	3	4	1	1	1	0
423	1	1	1	1	1	2	2	2	2	2	2	2	2	1	1	1	1	1	1	69	4	1	0	1	1	1	0	0	0	1	0	-999	3	4	1	1	1	0
423	1	1	1	0	3	3	2	2	3	2	1	1	2	1	3	3	3	3	3	69	4	1	0	1	1	1	0	0	0	1	0	-999	3	4	1	1	1	0
424	1	1	0	1	4	4	4	4	4	3	4	3	3	3	4	4	4	3	4	69	4	1	0	1	1	1	0	1	0	1	1	4	3	3	1	0	1	0
424	1	1	0	0	3	3	3	3	3	4	3	3	3	3	3	3	3	3	3	69	4	1	0	1	1	1	0	1	0	1	1	4	3	3	1	0	1	0
424	1	1	1	1	4	4	4	4	4	3	4	3	3	3	4	3	4	3	4	69	4	1	0	1	1	1	0	1	0	1	1	4	3	3	1	0	1	0
424	1	1	1	0	3	3	3	3	3	3	3	3	3	3	3	3	3	3	3	69	4	1	0	1	1	1	0	1	0	1	1	4	3	3	1	0	1	0
425	1	1	0	1	5	5	5	5	3	5	3	3	3	5	5	5	5	4	5	70	4	1	0	1	1	1	0	0	0	1	0	-999	2	3	1	0	1	0
425	1	1	0	0	3	3	3	3	3	1	3	3	3	2	3	2	3	3	3	70	4	1	0	1	1	1	0	0	0	1	0	-999	2	3	1	0	1	0
425	1	1	1	1	4	3	4	3	3	4	4	3	3	3	4	3	3	3	3	70	4	1	0	1	1	1	0	0	0	1	0	-999	2	3	1	0	1	0
425	1	1	1	0	4	3	4	3	3	4	4	3	3	3	4	3	3	3	3	70	4	1	0	1	1	1	0	0	0	1	0	-999	2	3	1	0	1	0
426	1	1	0	1	4	4	3	3	4	2	2	2	3	3	4	4	4	4	4	71	4	1	0	1	0	0	0	0	0	0	0	5	2	4	1	0	1	0
426	1	1	0	0	1	4	1	1	1	4	4	4	4	4	2	1	2	2	2	71	4	1	0	1	0	0	0	0	0	0	0	5	2	4	1	0	1	0
426	1	1	1	1	3	4	1	3	4	2	1	2	2	2	3	3	3	4	4	71	4	1	0	1	0	0	0	0	0	0	0	5	2	4	1	0	1	0
426	1	1	1	0	2	4	3	3	3	3	3	4	4	3	2	2	2	3	2	71	4	1	0	1	0	0	0	0	0	0	0	5	2	4	1	0	1	0
427	1	1	0	1	3	4	3	2	3	1	2	2	2	2	4	4	4	3	4	71	4	1	0	1	1	1	0	0	0	1	0	-999	3	4	1	0	1	0
427	1	1	0	0	2	3	3	2	3	3	2	2	2	2	2	2	2	3	2	71	4	1	0	1	1	1	0	0	0	1	0	-999	3	4	1	0	1	0
427	1	1	1	1	2	4	2	2	2	2	2	2	2	2	2	2	2	2	2	71	4	1	0	1	1	1	0	0	0	1	0	-999	3	4	1	0	1	0
427	1	1	1	0	2	3	3	2	2	2	3	2	2	2	3	4	4	3	4	71	4	1	0	1	1	1	0	0	0	1	0	-999	3	4	1	0	1	0
428	1	1	0	1	5	3	1	1	5	1	1	3	3	1	4	5	5	3	5	71	4	1	0	1	1	1	0	1	0	1	1	6	3	4	1	1	1	1
428	1	1	0	0	3	5	3	3	3	3	3	3	5	4	4	3	3	3	3	71	4	1	0	1	1	1	0	1	0	1	1	6	3	4	1	1	1	1
428	1	1	1	1	2	4	2	2	5	2	3	2	2	2	2	3	4	2	1	71	4	1	0	1	1	1	0	1	0	1	1	6	3	4	1	1	1	1
428	1	1	1	0	5	3	4	2	5	2	2	2	3	2	5	4	5	5	5	71	4	1	0	1	1	1	0	1	0	1	1	6	3	4	1	1	1	1
429	1	1	0	1	4	2	4	5	5	1	4	1	1	1	4	5	5	3	5	71	4	1	0	1	1	1	0	0	0	1	0	4	2	3	1	0	1	0
429	1	1	0	0	2	1	3	3	3	3	3	3	3	1	3	4	3	3	3	71	4	1	0	1	1	1	0	0	0	1	0	4	2	3	1	0	1	0
429	1	1	1	1	2	5	2	2	2	1	4	3	3	3	2	2	2	2	2	71	4	1	0	1	1	1	0	0	0	1	0	4	2	3	1	0	1	0
429	1	1	1	0	4	3	3	3	3	1	3	2	3	3	3	3	3	4	4	71	4	1	0	1	1	1	0	0	0	1	0	4	2	3	1	0	1	0
430	1	1	0	1	4	5	3	4	4	2	2	2	2	2	4	4	4	4	4	72	4	1	0	1	1	1	0	0	0	1	0	5	3	3	1	1	0	0
430	1	1	0	0	2	2	3	2	2	3	4	2	2	2	2	2	2	2	2	72	4	1	0	1	1	1	0	0	0	1	0	5	3	3	1	1	0	0
430	1	1	1	1	2	4	3	2	2	3	4	3	3	3	2	2	2	2	2	72	4	1	0	1	1	1	0	0	0	1	0	5	3	3	1	1	0	0
430	1	1	1	0	4	2	3	4	4	3	2	3	3	3	4	4	4	4	4	72	4	1	0	1	1	1	0	0	0	1	0	5	3	3	1	1	0	0
431	1	1	0	1	4	3	3	3	3	2	1	1	1	1	3	3	3	3	3	72	4	1	0	1	1	1	0	0	0	1	0	5	3	3	1	0	1	0
431	1	1	0	0	1	2	1	1	1	1	3	3	3	3	1	1	1	1	1	72	4	1	0	1	1	1	0	0	0	1	0	5	3	3	1	0	1	0
431	1	1	1	1	2	3	2	2	3	3	3	3	2	3	3	2	4	2	3	72	4	1	0	1	1	1	0	0	0	1	0	5	3	3	1	0	1	0
431	1	1	1	0	3	2	3	2	2	2	2	3	3	3	3	3	3	4	4	72	4	1	0	1	1	1	0	0	0	1	0	5	3	3	1	0	1	0
432	2	1	0	1	3	3	3	3	3	4	3	3	3	3	4	3	3	3	3	72	4	1	0	1	1	1	0	1	0	1	1	5	2	2	1	0	0	0
432	2	1	0	0	3	3	3	3	3	3	3	3	3	3	3	3	3	3	3	72	4	1	0	1	1	1	0	1	0	1	1	5	2	2	1	0	0	0
432	2	1	1	1	3	4	3	3	3	4	3	3	3	3	2	2	2	3	2	72	4	1	0	1	1	1	0	1	0	1	1	5	2	2	1	0	0	0
432	2	1	1	0	3	3	3	3	3	3	3	3	3	3	4	4	4	3	4	72	4	1	0	1	1	1	0	1	0	1	1	5	2	2	1	0	0	0
433	1	1	0	1	4	4	3	4	4	3	1	1	1	1	4	4	4	4	4	73	4	1	0	1	1	1	0	0	0	1	0	4	3	3	1	1	1	0
433	1	1	0	0	1	1	3	2	3	3	1	1	1	1	1	2	2	2	1	73	4	1	0	1	1	1	0	0	0	1	0	4	3	3	1	1	1	0
433	1	1	1	1	2	4	3	2	2	4	4	4	4	4	2	2	2	2	1	73	4	1	0	1	1	1	0	0	0	1	0	4	3	3	1	1	1	0
433	1	1	1	0	4	2	4	4	4	1	2	2	2	2	4	4	4	4	4	73	4	1	0	1	1	1	0	0	0	1	0	4	3	3	1	1	1	0
434	1	1	0	1	5	3	5	5	3	3	3	3	3	2	5	5	5	4	5	73	4	1	0	1	1	1	0	0	0	1	0	3	3	4	1	0	1	0
434	1	1	0	0	3	3	3	3	3	4	4	3	3	2	4	4	4	3	4	73	4	1	0	1	1	1	0	0	0	1	0	3	3	4	1	0	1	0
434	1	1	1	1	3	5	2	1	1	5	5	5	5	5	1	1	1	1	1	73	4	1	0	1	1	1	0	0	0	1	0	3	3	4	1	0	1	0
434	1	1	1	0	5	4	5	5	5	4	1	2	1	1	5	5	5	5	5	73	4	1	0	1	1	1	0	0	0	1	0	3	3	4	1	0	1	0
435	1	1	0	1	3	4	2	2	2	1	3	2	2	2	5	3	4	3	4	73	4	1	0	1	1	1	0	1	0	1	1	5	3	2	1	0	1	0
435	1	1	0	0	3	2	2	2	2	1	3	2	2	2	3	3	3	3	2	73	4	1	0	1	1	1	0	1	0	1	1	5	3	2	1	0	1	0
435	1	1	1	1	2	2	2	2	2	2	2	2	2	2	4	4	4	2	3	73	4	1	0	1	1	1	0	1	0	1	1	5	3	2	1	0	1	0
435	1	1	1	0	2	2	2	2	2	2	2	2	2	2	5	5	5	2	4	73	4	1	0	1	1	1	0	1	0	1	1	5	3	2	1	0	1	0
436	1	1	0	1	4	4	2	3	3	2	1	2	2	3	4	4	4	3	4	74	4	1	0	1	1	1	0	0	0	1	0	-999	1	4	1	0	1	0
436	1	1	0	0	3	2	2	2	3	3	4	2	2	3	3	2	2	2	2	74	4	1	0	1	1	1	0	0	0	1	0	-999	1	4	1	0	1	0
436	1	1	1	1	4	4	1	4	4	2	1	1	1	3	3	4	4	2	4	74	4	1	0	1	1	1	0	0	0	1	0	-999	1	4	1	0	1	0
436	1	1	1	0	3	2	1	2	2	2	1	2	1	3	3	2	3	2	3	74	4	1	0	1	1	1	0	0	0	1	0	-999	1	4	1	0	1	0
437	1	1	0	1	4	3	3	4	3	2	1	1	1	1	5	4	5	4	5	74	4	1	0	1	1	1	0	1	0	1	1	-999	1	2	1	0	1	0
437	1	1	0	0	2	3	3	2	3	4	3	2	2	2	2	2	2	3	2	74	4	1	0	1	1	1	0	1	0	1	1	-999	1	2	1	0	1	0
437	1	1	1	1	4	3	3	3	3	1	2	1	1	1	4	4	4	3	4	74	4	1	0	1	1	1	0	1	0	1	1	-999	1	2	1	0	1	0
437	1	1	1	0	3	3	3	3	3	3	2	1	2	1	3	4	4	3	2	74	4	1	0	1	1	1	0	1	0	1	1	-999	1	2	1	0	1	0
438	1	1	0	1	4	4	4	5	4	4	4	3	3	5	4	4	4	5	4	77	4	1	0	1	1	1	0	0	0	1	0	-999	3	3	1	0	0	0
438	1	1	0	0	3	2	2	3	3	2	3	3	3	2	3	3	3	2	1	77	4	1	0	1	1	1	0	0	0	1	0	-999	3	3	1	0	0	0
438	1	1	1	1	4	3	4	5	4	3	4	4	3	3	3	3	3	3	3	77	4	1	0	1	1	1	0	0	0	1	0	-999	3	3	1	0	0	0
438	1	1	1	0	4	3	4	4	4	3	4	4	3	3	3	3	3	3	3	77	4	1	0	1	1	1	0	0	0	1	0	-999	3	3	1	0	0	0
439	1	1	0	1	4	4	4	4	4	4	3	3	3	3	4	4	4	4	4	78	4	1	0	1	1	1	0	0	0	1	0	5	3	2	1	0	1	0
439	1	1	0	0	3	3	3	3	3	3	3	3	3	3	3	3	3	3	3	78	4	1	0	1	1	1	0	0	0	1	0	5	3	2	1	0	1	0
439	1	1	1	1	5	4	4	4	4	3	3	3	3	3	4	4	4	4	4	78	4	1	0	1	1	1	0	0	0	1	0	5	3	2	1	0	1	0
439	1	1	1	0	4	3	3	3	3	3	3	3	3	3	3	3	3	3	3	78	4	1	0	1	1	1	0	0	0	1	0	5	3	2	1	0	1	0
440	1	1	0	1	4	4	3	4	4	2	2	3	2	2	4	4	4	4	4	79	4	1	0	1	1	1	0	0	0	1	0	-999	2	4	0	0	1	0
440	1	1	0	0	3	3	3	3	3	3	3	2	3	1	3	3	3	3	3	79	4	1	0	1	1	1	0	0	0	1	0	-999	2	4	0	0	1	0
440	1	1	1	1	4	4	4	3	4	2	4	3	2	3	3	4	4	4	4	79	4	1	0	1	1	1	0	0	0	1	0	-999	2	4	0	0	1	0
440	1	1	1	0	3	3	3	3	3	3	3	3	2	3	3	3	3	3	3	79	4	1	0	1	1	1	0	0	0	1	0	-999	2	4	0	0	1	0
441	1	1	0	1	4	4	3	1	3	2	3	2	1	2	4	4	4	3	4	81	4	1	0	1	1	1	0	0	0	1	0	4	3	4	1	0	1	0
441	1	1	0	0	2	3	3	1	3	4	3	1	1	2	1	2	2	3	5	81	4	1	0	1	1	1	0	0	0	1	0	4	3	4	1	0	1	0
441	1	1	1	1	4	3	3	2	3	2	2	3	1	3	4	3	4	3	4	81	4	1	0	1	1	1	0	0	0	1	0	4	3	4	1	0	1	0
441	1	1	1	0	3	3	3	2	3	2	3	3	1	3	3	3	3	3	2	81	4	1	0	1	1	1	0	0	0	1	0	4	3	4	1	0	1	0
442	3	1	0	1	3	3	3	3	3	3	3	3	3	3	3	3	3	4	3	30	2	2	-999	-999	1	0	0	0	1	0	1	-999	3	4	0	1	0	0
442	3	1	0	0	3	3	3	3	3	3	3	3	3	3	3	3	3	4	3	30	2	2	-999	-999	1	0	0	0	1	0	1	-999	3	4	0	1	0	0
442	3	1	1	1	3	3	3	3	3	3	3	3	3	3	3	3	3	3	3	30	2	2	-999	-999	1	0	0	0	1	0	1	-999	3	4	0	1	0	0
442	3	1	1	0	3	2	3	3	3	3	3	3	3	3	3	3	3	3	3	30	2	2	-999	-999	1	0	0	0	1	0	1	-999	3	4	0	1	0	0
443	1	1	0	1	4	3	3	4	5	1	1	2	1	1	4	4	4	4	5	42	2	2	-999	-999	1	1	0	1	0	1	1	2	3	3	1	1	1	0
443	1	1	0	0	1	5	2	1	2	4	4	5	5	4	1	1	1	1	1	42	2	2	-999	-999	1	1	0	1	0	1	1	2	3	3	1	1	1	0
443	1	1	1	1	1	4	1	1	1	4	5	4	4	5	1	1	1	1	1	42	2	2	-999	-999	1	1	0	1	0	1	1	2	3	3	1	1	1	0
443	1	1	1	0	4	3	5	3	4	2	1	2	2	1	5	4	4	3	4	42	2	2	-999	-999	1	1	0	1	0	1	1	2	3	3	1	1	1	0
444	3	1	0	1	3	3	3	3	4	3	3	3	3	2	2	4	4	4	4	46	3	2	-999	-999	1	1	0	1	1	1	1	-999	1	2	1	0	0	1
444	3	1	0	0	2	2	2	2	3	2	1	2	2	4	3	3	3	4	4	46	3	2	-999	-999	1	1	0	1	1	1	1	-999	1	2	1	0	0	1
444	3	1	1	1	3	4	3	4	4	4	3	4	4	4	3	2	3	2	3	46	3	2	-999	-999	1	1	0	1	1	1	1	-999	1	2	1	0	0	1
444	3	1	1	0	3	3	3	4	4	3	2	4	3	3	4	4	2	4	4	46	3	2	-999	-999	1	1	0	1	1	1	1	-999	1	2	1	0	0	1
445	1	1	0	1	4	2	3	2	3	2	2	2	1	2	4	4	4	3	4	57	3	1	-999	-999	1	0	1	0	0	1	0	5	3	3	1	0	1	0
445	1	1	0	0	3	3	3	3	3	3	3	2	2	2	4	4	4	3	3	57	3	1	-999	-999	1	0	1	0	0	1	0	5	3	3	1	0	1	0
445	1	1	1	1	1	4	2	1	2	2	4	4	3	4	2	2	2	1	1	57	3	1	-999	-999	1	0	1	0	0	1	0	5	3	3	1	0	1	0
445	1	1	1	0	4	3	3	4	4	3	3	2	3	3	5	4	4	4	4	57	3	1	-999	-999	1	0	1	0	0	1	0	5	3	3	1	0	1	0
446	1	1	0	1	5	5	5	5	5	1	1	1	5	1	5	5	5	5	5	64	3	1	-999	-999	1	1	0	0	0	1	0	-999	3	4	1	0	1	0
446	1	1	0	0	1	1	1	1	1	5	5	5	1	5	1	1	1	1	1	64	3	1	-999	-999	1	1	0	0	0	1	0	-999	3	4	1	0	1	0
446	1	1	1	1	2	5	2	1	1	4	5	5	5	5	1	1	1	1	1	64	3	1	-999	-999	1	1	0	0	0	1	0	-999	3	4	1	0	1	0
446	1	1	1	0	5	1	5	5	5	1	1	1	1	1	5	5	5	5	5	64	3	1	-999	-999	1	1	0	0	0	1	0	-999	3	4	1	0	1	0
447	2	1	0	1	4	5	4	4	5	2	2	4	1	1	5	4	5	3	5	19	1	2	0	0	1	0	0	1	0	0	1	-999	3	2	1	1	1	1
447	2	1	0	0	4	4	4	4	5	2	2	4	1	1	5	4	5	3	5	19	1	2	0	0	1	0	0	1	0	0	1	-999	3	2	1	1	1	1
447	2	1	1	1	3	5	3	3	5	1	1	3	1	1	5	5	5	3	3	19	1	2	0	0	1	0	0	1	0	0	1	-999	3	2	1	1	1	1
447	2	1	1	0	3	4	3	3	5	1	1	3	1	1	5	5	5	3	3	19	1	2	0	0	1	0	0	1	0	0	1	-999	3	2	1	1	1	1
448	1	1	0	1	3	3	1	1	1	3	1	1	1	1	3	3	3	3	3	24	1	2	0	0	0	0	0	0	0	0	0	5	2	2	0	1	1	1
448	1	1	0	0	3	3	1	1	1	5	1	1	4	1	3	3	3	3	3	24	1	2	0	0	0	0	0	0	0	0	0	5	2	2	0	1	1	1
448	1	1	1	1	3	4	1	1	1	3	1	1	1	1	3	3	3	3	3	24	1	2	0	0	0	0	0	0	0	0	0	5	2	2	0	1	1	1
448	1	1	1	0	3	3	1	1	1	3	1	1	1	1	3	3	3	3	3	24	1	2	0	0	0	0	0	0	0	0	0	5	2	2	0	1	1	1
449	2	1	0	1	2	4	3	3	4	1	1	3	2	1	3	4	4	3	4	25	2	2	0	0	1	1	0	1	0	1	1	3	3	3	1	1	1	1
449	2	1	0	0	3	3	3	3	4	1	1	2	2	1	3	4	4	3	4	25	2	2	0	0	1	1	0	1	0	1	1	3	3	3	1	1	1	1
449	2	1	1	1	3	4	2	3	4	4	1	3	3	1	4	4	4	3	3	25	2	2	0	0	1	1	0	1	0	1	1	3	3	3	1	1	1	1
449	2	1	1	0	3	4	2	3	4	2	1	3	3	1	4	4	4	4	4	25	2	2	0	0	1	1	0	1	0	1	1	3	3	3	1	1	1	1
450	1	1	0	1	3	4	3	3	3	3	3	3	3	3	3	4	4	3	3	27	2	2	0	0	0	0	0	0	0	0	0	4	2	2	1	0	1	0
450	1	1	0	0	3	3	3	3	3	3	3	3	3	3	3	4	4	3	3	27	2	2	0	0	0	0	0	0	0	0	0	4	2	2	1	0	1	0
450	1	1	1	1	3	4	3	3	3	3	4	3	3	4	1	2	2	3	1	27	2	2	0	0	0	0	0	0	0	0	0	4	2	2	1	0	1	0
450	1	1	1	0	3	3	3	3	3	3	3	3	3	3	5	5	5	3	5	27	2	2	0	0	0	0	0	0	0	0	0	4	2	2	1	0	1	0
451	2	1	0	1	4	4	4	4	3	3	2	3	2	3	4	4	4	1	3	31	2	2	0	0	1	0	0	1	0	0	1	4	3	1	1	0	1	0
451	2	1	0	0	3	3	3	3	3	3	2	2	3	2	3	3	3	1	3	31	2	2	0	0	1	0	0	1	0	0	1	4	3	1	1	0	1	0
451	2	1	1	1	3	5	3	3	3	4	3	4	3	4	2	2	2	1	2	31	2	2	0	0	1	0	0	1	0	0	1	4	3	1	1	0	1	0
451	2	1	1	0	3	3	3	3	3	3	3	3	3	3	3	3	3	1	3	31	2	2	0	0	1	0	0	1	0	0	1	4	3	1	1	0	1	0
452	3	1	0	1	3	4	3	3	3	3	1	3	3	3	3	3	3	4	4	32	2	2	0	0	1	1	0	1	1	1	1	5	2	1	1	0	1	0
452	3	1	0	0	3	4	3	3	3	3	1	3	3	3	3	3	3	4	4	32	2	2	0	0	1	1	0	1	1	1	1	5	2	1	1	0	1	0
452	3	1	1	1	2	5	3	3	2	5	4	5	4	5	1	2	1	3	2	32	2	2	0	0	1	1	0	1	1	1	1	5	2	1	1	0	1	0
452	3	1	1	0	4	5	3	3	4	1	1	2	1	1	5	4	4	3	4	32	2	2	0	0	1	1	0	1	1	1	1	5	2	1	1	0	1	0
453	2	1	0	1	3	2	2	2	2	4	3	3	3	2	3	2	3	2	3	33	2	2	0	0	1	0	0	1	0	0	1	6	3	2	1	0	1	0
453	2	1	0	0	3	4	4	4	2	2	2	2	2	2	3	4	3	2	3	33	2	2	0	0	1	0	0	1	0	0	1	6	3	2	1	0	1	0
453	2	1	1	1	2	2	3	3	3	3	3	3	3	3	3	3	3	3	3	33	2	2	0	0	1	0	0	1	0	0	1	6	3	2	1	0	1	0
453	2	1	1	0	4	4	3	3	3	3	3	3	3	3	3	3	3	3	3	33	2	2	0	0	1	0	0	1	0	0	1	6	3	2	1	0	1	0
454	3	1	0	1	3	4	3	1	1	1	1	1	1	1	4	3	3	1	3	33	2	2	0	0	1	0	0	1	1	0	1	5	3	2	1	1	0	1
454	3	1	0	0	3	1	3	1	1	1	1	1	1	1	3	3	3	1	3	33	2	2	0	0	1	0	0	1	1	0	1	5	3	2	1	1	0	1
454	3	1	1	1	4	4	3	1	1	1	1	1	1	1	3	3	3	3	4	33	2	2	0	0	1	0	0	1	1	0	1	5	3	2	1	1	0	1
454	3	1	1	0	3	3	3	1	1	1	1	1	1	1	3	3	3	3	3	33	2	2	0	0	1	0	0	1	1	0	1	5	3	2	1	1	0	1
455	1	1	0	1	4	4	3	3	3	1	1	2	2	2	5	4	4	4	4	34	2	2	0	0	0	0	0	0	0	0	0	4	3	2	1	0	1	0
455	1	1	0	0	2	2	2	3	2	3	2	2	3	2	2	3	3	2	3	34	2	2	0	0	0	0	0	0	0	0	0	4	3	2	1	0	1	0
455	1	1	1	1	2	4	2	2	2	3	5	4	2	4	3	3	4	3	4	34	2	2	0	0	0	0	0	0	0	0	0	4	3	2	1	0	1	0
455	1	1	1	0	3	2	2	2	3	2	2	1	2	2	4	4	2	3	2	34	2	2	0	0	0	0	0	0	0	0	0	4	3	2	1	0	1	0
456	2	1	0	1	4	2	4	4	4	3	2	1	1	1	4	2	4	1	3	35	2	2	0	0	1	0	0	1	0	0	1	6	2	1	1	0	1	0
456	2	1	0	0	2	5	3	3	3	4	3	2	3	3	4	3	3	1	3	35	2	2	0	0	1	0	0	1	0	0	1	6	2	1	1	0	1	0
456	2	1	1	1	4	1	3	4	2	4	1	4	1	4	4	4	3	2	1	35	2	2	0	0	1	0	0	1	0	0	1	6	2	1	1	0	1	0
456	2	1	1	0	3	3	2	3	4	1	4	2	2	1	4	2	4	3	5	35	2	2	0	0	1	0	0	1	0	0	1	6	2	1	1	0	1	0
457	3	1	0	1	4	5	3	3	3	4	3	3	1	2	4	4	3	3	3	36	2	2	0	0	1	0	0	1	1	0	1	-999	3	3	1	1	1	1
457	3	1	0	0	3	1	3	3	3	3	3	3	1	2	4	4	3	3	3	36	2	2	0	0	1	0	0	1	1	0	1	-999	3	3	1	1	1	1
457	3	1	1	1	1	5	3	3	3	1	3	3	3	3	3	3	3	3	3	36	2	2	0	0	1	0	0	1	1	0	1	-999	3	3	1	1	1	1
457	3	1	1	0	5	5	3	3	3	5	3	3	3	3	3	3	3	3	3	36	2	2	0	0	1	0	0	1	1	0	1	-999	3	3	1	1	1	1
458	2	1	0	1	2	5	3	2	3	5	3	4	5	4	3	2	2	2	2	39	2	2	0	0	1	1	0	1	0	1	1	4	2	1	1	0	0	0
458	2	1	0	0	4	5	3	3	3	3	3	3	3	3	3	2	2	2	4	39	2	2	0	0	1	1	0	1	0	1	1	4	2	1	1	0	0	0
458	2	1	1	1	3	4	2	2	2	4	4	4	4	4	2	2	2	2	2	39	2	2	0	0	1	1	0	1	0	1	1	4	2	1	1	0	0	0
458	2	1	1	0	3	3	3	3	3	3	3	3	3	3	3	3	3	3	4	39	2	2	0	0	1	1	0	1	0	1	1	4	2	1	1	0	0	0
459	2	1	0	1	3	3	4	2	3	1	1	2	1	1	3	3	3	3	4	39	2	2	0	0	1	0	0	1	1	0	1	4	3	2	1	0	1	0
459	2	1	0	0	3	2	3	2	3	1	1	1	1	1	3	3	3	3	2	39	2	2	0	0	1	0	0	1	1	0	1	4	3	2	1	0	1	0
459	2	1	1	1	2	5	3	3	1	5	4	5	4	4	1	1	1	2	1	39	2	2	0	0	1	0	0	1	1	0	1	4	3	2	1	0	1	0
459	2	1	1	0	3	3	3	3	3	2	3	3	3	3	3	3	3	3	4	39	2	2	0	0	1	0	0	1	1	0	1	4	3	2	1	0	1	0
460	2	1	0	1	4	4	3	2	3	1	1	1	1	1	4	3	4	3	4	42	2	2	0	0	1	1	0	1	0	1	1	6	2	3	1	0	0	1
460	2	1	0	0	3	4	3	2	3	1	1	1	1	1	2	3	3	3	2	42	2	2	0	0	1	1	0	1	0	1	1	6	2	3	1	0	0	1
460	2	1	1	1	3	4	3	2	3	4	2	4	2	2	4	3	4	3	4	42	2	2	0	0	1	1	0	1	0	1	1	6	2	3	1	0	0	1
460	2	1	1	0	3	3	3	2	3	2	3	3	2	2	4	4	4	3	4	42	2	2	0	0	1	1	0	1	0	1	1	6	2	3	1	0	0	1
461	3	1	0	1	3	4	3	3	3	1	1	1	1	1	4	4	4	3	4	43	2	2	0	0	1	1	1	0	1	1	1	5	1	1	1	0	1	0
461	3	1	0	0	3	4	3	3	3	1	1	1	1	1	4	4	4	3	4	43	2	2	0	0	1	1	1	0	1	1	1	5	1	1	1	0	1	0
461	3	1	1	1	3	4	3	3	3	1	1	1	2	2	4	4	4	4	4	43	2	2	0	0	1	1	1	0	1	1	1	5	1	1	1	0	1	0
461	3	1	1	0	3	4	3	3	3	1	1	1	1	1	5	5	5	4	5	43	2	2	0	0	1	1	1	0	1	1	1	5	1	1	1	0	1	0
462	2	1	0	1	3	4	3	2	3	3	3	2	2	2	3	3	3	3	3	44	2	2	0	0	1	1	0	1	0	1	1	-999	2	2	1	1	1	0
462	2	1	0	0	3	3	3	2	3	3	3	2	2	2	3	3	3	3	3	44	2	2	0	0	1	1	0	1	0	1	1	-999	2	2	1	1	1	0
462	2	1	1	1	2	4	3	3	3	4	3	3	3	3	2	2	3	3	2	44	2	2	0	0	1	1	0	1	0	1	1	-999	2	2	1	1	1	0
462	2	1	1	0	3	2	2	2	4	2	2	2	2	2	4	4	4	3	4	44	2	2	0	0	1	1	0	1	0	1	1	-999	2	2	1	1	1	0
463	2	1	0	1	5	3	3	3	3	1	3	3	3	3	5	5	5	3	3	45	3	2	0	0	1	1	0	1	0	1	1	5	3	2	1	1	1	1
463	2	1	0	0	1	3	3	3	3	1	3	3	3	3	5	5	5	3	3	45	3	2	0	0	1	1	0	1	0	1	1	5	3	2	1	1	1	1
463	2	1	1	1	1	5	1	1	1	5	5	5	5	5	1	1	1	1	1	45	3	2	0	0	1	1	0	1	0	1	1	5	3	2	1	1	1	1
463	2	1	1	0	5	1	5	5	5	1	1	1	2	1	5	5	5	5	5	45	3	2	0	0	1	1	0	1	0	1	1	5	3	2	1	1	1	1
464	2	1	0	1	3	3	3	3	3	3	3	2	1	1	3	3	3	3	3	46	3	2	0	0	1	0	0	1	0	0	1	4	3	2	1	1	1	1
464	2	1	0	0	5	3	3	3	3	3	3	2	1	1	3	3	3	3	3	46	3	2	0	0	1	0	0	1	0	0	1	4	3	2	1	1	1	1
464	2	1	1	1	3	3	3	3	3	3	3	3	3	3	3	3	3	3	3	46	3	2	0	0	1	0	0	1	0	0	1	4	3	2	1	1	1	1
464	2	1	1	0	3	3	3	3	3	3	3	3	3	3	3	3	3	3	3	46	3	2	0	0	1	0	0	1	0	0	1	4	3	2	1	1	1	1
465	1	1	0	1	4	4	3	3	4	2	3	2	2	2	4	4	4	3	3	48	3	2	0	0	1	1	0	1	0	1	1	4	3	4	1	0	1	0
465	1	1	0	0	3	3	3	3	4	2	3	2	2	2	4	3	4	3	3	48	3	2	0	0	1	1	0	1	0	1	1	4	3	4	1	0	1	0
465	1	1	1	1	3	4	3	3	4	2	3	2	2	2	3	3	3	3	3	48	3	2	0	0	1	1	0	1	0	1	1	4	3	4	1	0	1	0
465	1	1	1	0	3	3	3	3	4	2	3	2	2	2	4	4	3	3	4	48	3	2	0	0	1	1	0	1	0	1	1	4	3	4	1	0	1	0
466	2	1	0	1	5	3	3	4	3	1	1	1	1	1	5	4	5	4	4	48	3	2	0	0	1	0	0	1	0	0	1	4	2	1	1	1	1	0
466	2	1	0	0	1	3	1	2	3	5	5	5	5	5	1	2	1	1	1	48	3	2	0	0	1	0	0	1	0	0	1	4	2	1	1	1	1	0
466	2	1	1	1	4	4	3	4	2	3	1	2	1	1	2	4	4	4	4	48	3	2	0	0	1	0	0	1	0	0	1	4	2	1	1	1	1	0
466	2	1	1	0	2	4	3	2	2	3	4	2	4	4	3	4	4	3	4	48	3	2	0	0	1	0	0	1	0	0	1	4	2	1	1	1	1	0
467	2	1	0	1	2	2	2	2	3	2	2	2	2	2	4	2	2	2	4	48	3	2	0	0	1	0	0	1	0	0	1	5	3	3	1	1	1	0
467	2	1	0	0	3	3	2	2	3	2	2	3	4	4	2	2	3	2	2	48	3	2	0	0	1	0	0	1	0	0	1	5	3	3	1	1	1	0
467	2	1	1	1	2	4	2	2	2	3	2	4	4	4	2	2	2	2	2	48	3	2	0	0	1	0	0	1	0	0	1	5	3	3	1	1	1	0
467	2	1	1	0	2	4	2	2	4	2	2	2	2	2	4	3	4	4	4	48	3	2	0	0	1	0	0	1	0	0	1	5	3	3	1	1	1	0
468	2	1	0	1	4	4	4	4	4	3	2	2	2	2	3	3	4	3	4	50	3	2	0	0	1	1	0	1	0	1	1	-999	2	1	1	1	1	0
468	2	1	0	0	4	4	3	3	4	4	2	2	3	2	2	3	4	3	3	50	3	2	0	0	1	1	0	1	0	1	1	-999	2	1	1	1	1	0
468	2	1	1	1	2	5	2	3	4	4	3	3	3	3	2	2	2	3	2	50	3	2	0	0	1	1	0	1	0	1	1	-999	2	1	1	1	1	0
468	2	1	1	0	4	4	3	4	4	3	2	2	2	2	4	4	4	3	4	50	3	2	0	0	1	1	0	1	0	1	1	-999	2	1	1	1	1	0
469	2	1	0	1	4	4	3	3	4	2	1	2	2	2	3	4	4	3	4	50	3	2	0	0	1	1	0	1	0	1	1	5	3	2	1	1	1	1
469	2	1	0	0	3	3	3	3	4	2	1	2	2	2	3	4	4	3	3	50	3	2	0	0	1	1	0	1	0	1	1	5	3	2	1	1	1	1
469	2	1	1	1	4	4	3	3	4	4	4	4	3	2	2	2	3	2	2	50	3	2	0	0	1	1	0	1	0	1	1	5	3	2	1	1	1	1
469	2	1	1	0	4	4	3	3	4	2	2	2	5	5	4	4	4	4	4	50	3	2	0	0	1	1	0	1	0	1	1	5	3	2	1	1	1	1
470	3	1	0	1	4	4	4	4	4	1	1	1	1	1	4	4	4	4	4	52	3	2	0	0	1	1	0	0	1	1	1	6	2	4	1	1	1	0
470	3	1	0	0	1	4	1	1	1	1	1	1	1	1	1	1	1	1	1	52	3	2	0	0	1	1	0	0	1	1	1	6	2	4	1	1	1	0
470	3	1	1	1	4	4	4	4	4	1	1	1	1	1	4	4	4	4	4	52	3	2	0	0	1	1	0	0	1	1	1	6	2	4	1	1	1	0
470	3	1	1	0	1	4	1	1	1	1	4	1	1	1	1	1	1	1	1	52	3	2	0	0	1	1	0	0	1	1	1	6	2	4	1	1	1	0
471	1	1	0	1	3	3	3	3	3	3	3	4	3	3	3	2	3	3	4	53	3	2	0	0	1	1	0	0	0	1	0	5	1	1	1	1	1	1
471	1	1	0	0	3	3	3	3	3	3	3	2	3	3	3	3	3	3	3	53	3	2	0	0	1	1	0	0	0	1	0	5	1	1	1	1	1	1
471	1	1	1	1	1	5	1	2	3	3	5	5	3	5	1	1	1	3	1	53	3	2	0	0	1	1	0	0	0	1	0	5	1	1	1	1	1	1
471	1	1	1	0	4	3	3	3	3	3	3	3	3	3	4	4	4	3	3	53	3	2	0	0	1	1	0	0	0	1	0	5	1	1	1	1	1	1
472	2	1	0	1	3	2	3	3	3	2	3	3	3	3	2	2	2	3	3	53	3	2	0	0	1	1	0	1	0	1	1	4	3	3	1	0	1	0
472	2	1	0	0	3	1	3	3	3	1	3	3	3	3	3	3	2	3	3	53	3	2	0	0	1	1	0	1	0	1	1	4	3	3	1	0	1	0
472	2	1	1	1	3	3	3	3	3	3	3	3	3	3	3	3	3	3	3	53	3	2	0	0	1	1	0	1	0	1	1	4	3	3	1	0	1	0
472	2	1	1	0	3	3	3	3	3	3	3	3	3	3	3	3	3	4	3	53	3	2	0	0	1	1	0	1	0	1	1	4	3	3	1	0	1	0
473	2	1	0	1	3	3	3	3	3	2	2	2	2	2	1	1	1	3	3	56	3	2	0	0	1	1	0	1	0	1	1	5	3	3	1	1	1	1
473	2	1	0	0	3	3	3	3	3	2	2	2	2	2	1	1	1	3	3	56	3	2	0	0	1	1	0	1	0	1	1	5	3	3	1	1	1	1
473	2	1	1	1	3	1	2	3	3	3	2	1	3	3	1	1	1	3	3	56	3	2	0	0	1	1	0	1	0	1	1	5	3	3	1	1	1	1
473	2	1	1	0	3	3	2	3	3	3	2	2	3	3	1	1	1	3	3	56	3	2	0	0	1	1	0	1	0	1	1	5	3	3	1	1	1	1
474	1	1	0	1	3	3	3	1	1	3	3	2	1	1	3	3	3	3	3	57	3	2	0	0	1	1	0	0	0	1	0	5	3	2	1	0	0	0
474	1	1	0	0	3	3	3	1	1	3	3	2	1	1	3	3	3	3	3	57	3	2	0	0	1	1	0	0	0	1	0	5	3	2	1	0	0	0
474	1	1	1	1	3	3	3	2	3	1	3	2	1	1	3	3	3	3	3	57	3	2	0	0	1	1	0	0	0	1	0	5	3	2	1	0	0	0
474	1	1	1	0	3	3	3	2	3	1	3	2	1	1	3	3	3	3	3	57	3	2	0	0	1	1	0	0	0	1	0	5	3	2	1	0	0	0
475	1	1	0	1	5	4	4	4	4	2	2	3	2	2	4	4	5	4	5	58	3	2	0	0	1	1	0	0	0	1	0	5	3	3	1	1	1	0
475	1	1	0	0	2	2	3	2	2	4	4	4	3	2	2	3	2	2	2	58	3	2	0	0	1	1	0	0	0	1	0	5	3	3	1	1	1	0
475	1	1	1	1	4	4	4	4	4	2	2	2	1	1	4	4	4	4	4	58	3	2	0	0	1	1	0	0	0	1	0	5	3	3	1	1	1	0
475	1	1	1	0	2	4	3	3	4	2	2	3	2	3	3	4	3	4	3	58	3	2	0	0	1	1	0	0	0	1	0	5	3	3	1	1	1	0
476	2	1	0	1	5	5	5	5	5	1	1	1	1	1	5	5	5	5	5	58	3	2	0	0	1	1	0	1	0	1	1	5	3	3	1	0	1	0
476	2	1	0	0	5	5	5	5	5	1	1	1	1	1	5	5	5	5	5	58	3	2	0	0	1	1	0	1	0	1	1	5	3	3	1	0	1	0
476	2	1	1	1	5	5	5	5	5	1	1	1	1	1	5	5	5	5	5	58	3	2	0	0	1	1	0	1	0	1	1	5	3	3	1	0	1	0
476	2	1	1	0	5	5	5	5	5	1	1	1	1	1	5	5	5	5	5	58	3	2	0	0	1	1	0	1	0	1	1	5	3	3	1	0	1	0
477	1	1	0	1	4	5	4	4	4	3	3	3	4	3	4	3	4	4	4	59	3	2	0	0	1	1	0	0	0	1	0	4	3	4	1	1	1	0
477	1	1	0	0	2	3	3	2	2	4	3	3	2	3	2	3	2	2	2	59	3	2	0	0	1	1	0	0	0	1	0	4	3	4	1	1	1	0
477	1	1	1	1	2	5	2	2	3	4	4	4	4	4	2	2	2	2	2	59	3	2	0	0	1	1	0	0	0	1	0	4	3	4	1	1	1	0
477	1	1	1	0	2	3	3	3	3	3	3	3	3	3	4	4	4	5	5	59	3	2	0	0	1	1	0	0	0	1	0	4	3	4	1	1	1	0
478	1	1	0	1	4	4	4	4	3	2	2	2	1	1	4	4	4	4	5	61	3	2	0	0	1	1	0	0	0	1	0	6	3	3	1	0	1	0
478	1	1	0	0	3	3	3	3	3	2	2	2	1	2	2	2	2	2	2	61	3	2	0	0	1	1	0	0	0	1	0	6	3	3	1	0	1	0
478	1	1	1	1	4	4	4	4	3	2	1	1	1	1	5	4	5	4	4	61	3	2	0	0	1	1	0	0	0	1	0	6	3	3	1	0	1	0
478	1	1	1	0	2	2	3	3	3	2	2	2	2	2	2	2	2	3	2	61	3	2	0	0	1	1	0	0	0	1	0	6	3	3	1	0	1	0
479	2	1	0	1	4	4	3	3	3	2	3	3	3	3	3	3	4	3	3	61	3	2	0	0	1	1	0	1	0	1	1	-999	3	4	1	0	1	0
479	2	1	0	0	4	4	3	3	3	2	3	3	3	3	3	3	4	3	3	61	3	2	0	0	1	1	0	1	0	1	1	-999	3	4	1	0	1	0
479	2	1	1	1	3	4	3	3	3	3	2	3	3	3	3	3	4	3	3	61	3	2	0	0	1	1	0	1	0	1	1	-999	3	4	1	0	1	0
479	2	1	1	0	3	4	3	3	3	3	2	3	3	3	3	3	4	3	3	61	3	2	0	0	1	1	0	1	0	1	1	-999	3	4	1	0	1	0
480	2	1	0	1	4	4	2	3	3	3	2	3	3	3	4	3	4	3	4	62	3	2	0	0	1	1	1	1	0	1	1	6	3	4	1	1	1	0
480	2	1	0	0	3	3	3	3	3	3	3	3	3	3	2	3	3	3	2	62	3	2	0	0	1	1	1	1	0	1	1	6	3	4	1	1	1	0
480	2	1	1	1	3	4	3	3	3	4	3	4	3	3	4	2	3	3	3	62	3	2	0	0	1	1	1	1	0	1	1	6	3	4	1	1	1	0
480	2	1	1	0	3	3	3	3	3	3	3	3	3	3	3	3	3	3	3	62	3	2	0	0	1	1	1	1	0	1	1	6	3	4	1	1	1	0
481	1	1	0	1	3	4	1	1	1	1	1	1	1	1	4	4	4	3	5	64	3	2	0	0	1	1	1	1	0	1	1	6	3	2	1	0	1	1
481	1	1	0	0	3	3	1	1	1	1	1	1	1	1	2	3	3	3	3	64	3	2	0	0	1	1	1	1	0	1	1	6	3	2	1	0	1	1
481	1	1	1	1	2	4	1	1	1	1	4	2	1	1	1	1	1	3	1	64	3	2	0	0	1	1	1	1	0	1	1	6	3	2	1	0	1	1
481	1	1	1	0	4	2	1	1	1	1	1	2	1	1	5	5	5	3	5	64	3	2	0	0	1	1	1	1	0	1	1	6	3	2	1	0	1	1
482	1	1	0	1	5	5	1	5	5	1	1	1	1	1	5	5	5	5	5	64	3	2	0	0	1	1	0	0	0	1	0	6	3	2	1	0	0	1
482	1	1	0	0	1	1	5	1	1	5	5	5	5	5	1	1	1	1	1	64	3	2	0	0	1	1	0	0	0	1	0	6	3	2	1	0	0	1
482	1	1	1	1	2	4	2	2	3	2	2	4	2	4	2	2	2	2	2	64	3	2	0	0	1	1	0	0	0	1	0	6	3	2	1	0	0	1
482	1	1	1	0	4	4	4	4	3	4	4	2	2	2	4	4	4	4	4	64	3	2	0	0	1	1	0	0	0	1	0	6	3	2	1	0	0	1
483	1	1	0	1	4	5	4	3	3	2	1	1	2	2	4	4	4	3	4	65	4	2	0	0	1	1	1	1	0	1	1	6	3	2	0	0	1	0
483	1	1	0	0	5	3	3	3	3	4	1	1	3	2	3	4	4	3	2	65	4	2	0	0	1	1	1	1	0	1	1	6	3	2	0	0	1	0
483	1	1	1	1	1	4	2	2	2	3	4	5	3	4	2	1	3	3	1	65	4	2	0	0	1	1	1	1	0	1	1	6	3	2	0	0	1	0
483	1	1	1	0	4	3	3	3	4	3	1	1	3	3	4	5	4	3	5	65	4	2	0	0	1	1	1	1	0	1	1	6	3	2	0	0	1	0
484	1	1	0	1	4	4	3	4	4	2	2	3	2	3	4	4	4	4	4	65	4	2	0	0	1	1	0	0	0	1	0	5	2	3	1	0	0	0
484	1	1	0	0	3	3	2	3	3	4	3	2	3	2	3	3	3	3	3	65	4	2	0	0	1	1	0	0	0	1	0	5	2	3	1	0	0	0
484	1	1	1	1	3	4	3	4	4	3	3	2	2	2	4	3	4	4	4	65	4	2	0	0	1	1	0	0	0	1	0	5	2	3	1	0	0	0
484	1	1	1	0	4	3	4	3	3	4	4	3	3	3	3	4	3	3	3	65	4	2	0	0	1	1	0	0	0	1	0	5	2	3	1	0	0	0
485	1	1	0	1	1	3	3	2	3	2	3	2	2	1	4	2	4	3	4	26	2	1	0	0	0	0	0	0	0	0	0	4	3	1	1	0	0	0
485	1	1	0	0	1	3	3	2	3	1	3	2	2	1	2	4	3	3	2	26	2	1	0	0	0	0	0	0	0	0	0	4	3	1	1	0	0	0
485	1	1	1	1	2	4	2	2	3	1	2	1	2	1	3	4	4	4	4	26	2	1	0	0	0	0	0	0	0	0	0	4	3	1	1	0	0	0
485	1	1	1	0	2	4	2	2	3	2	2	2	2	1	4	5	5	3	3	26	2	1	0	0	0	0	0	0	0	0	0	4	3	1	1	0	0	0
486	1	1	0	1	3	3	3	3	3	2	3	3	3	3	3	3	3	3	3	27	2	1	0	0	0	0	0	0	0	0	0	3	2	2	1	0	1	0
486	1	1	0	0	3	3	3	3	3	3	3	3	3	3	3	3	3	3	3	27	2	1	0	0	0	0	0	0	0	0	0	3	2	2	1	0	1	0
486	1	1	1	1	4	2	3	3	4	2	1	2	3	1	3	3	3	3	3	27	2	1	0	0	0	0	0	0	0	0	0	3	2	2	1	0	1	0
486	1	1	1	0	4	2	3	3	4	2	1	2	3	1	3	3	3	3	3	27	2	1	0	0	0	0	0	0	0	0	0	3	2	2	1	0	1	0
487	1	1	0	1	4	2	3	3	3	2	2	2	2	3	4	4	4	4	4	28	2	1	0	0	0	0	0	0	0	0	0	-999	3	2	1	0	1	0
487	1	1	0	0	3	4	3	3	2	3	4	4	4	4	3	2	2	2	2	28	2	1	0	0	0	0	0	0	0	0	0	-999	3	2	1	0	1	0
487	1	1	1	1	2	2	2	2	4	2	3	2	2	3	3	3	3	3	3	28	2	1	0	0	0	0	0	0	0	0	0	-999	3	2	1	0	1	0
487	1	1	1	0	4	3	3	3	3	3	3	3	3	3	4	4	4	4	4	28	2	1	0	0	0	0	0	0	0	0	0	-999	3	2	1	0	1	0
488	1	1	0	1	5	5	5	5	3	1	1	1	1	1	5	5	5	5	5	29	2	1	0	0	1	1	1	1	0	1	1	3	2	3	1	0	1	0
488	1	1	0	0	3	5	5	3	3	5	5	5	5	5	1	1	1	3	1	29	2	1	0	0	1	1	1	1	0	1	1	3	2	3	1	0	1	0
488	1	1	1	1	5	2	5	5	1	1	1	1	1	1	5	5	5	5	5	29	2	1	0	0	1	1	1	1	0	1	1	3	2	3	1	0	1	0
488	1	1	1	0	3	4	4	5	1	1	1	1	1	1	3	5	3	4	4	29	2	1	0	0	1	1	1	1	0	1	1	3	2	3	1	0	1	0
489	2	1	0	1	4	4	4	3	4	1	1	1	1	1	4	4	4	1	3	29	2	1	0	0	0	0	0	0	0	0	0	3	3	2	1	0	1	0
489	2	1	0	0	4	4	4	3	4	1	1	1	1	1	4	4	4	1	3	29	2	1	0	0	0	0	0	0	0	0	0	3	3	2	1	0	1	0
489	2	1	1	1	4	4	4	4	4	1	1	1	1	1	4	3	4	1	3	29	2	1	0	0	0	0	0	0	0	0	0	3	3	2	1	0	1	0
489	2	1	1	0	4	4	4	4	4	1	1	1	1	1	4	3	4	1	3	29	2	1	0	0	0	0	0	0	0	0	0	3	3	2	1	0	1	0
490	2	1	0	1	3	4	3	3	4	1	1	2	1	1	4	4	4	3	3	30	2	1	0	0	1	0	0	1	0	0	1	4	3	2	1	1	1	1
490	2	1	0	0	3	4	3	3	4	1	1	2	1	1	4	4	4	3	3	30	2	1	0	0	1	0	0	1	0	0	1	4	3	2	1	1	1	1
490	2	1	1	1	1	5	3	1	2	4	4	4	1	3	4	2	2	1	1	30	2	1	0	0	1	0	0	1	0	0	1	4	3	2	1	1	1	1
490	2	1	1	0	3	4	3	3	4	1	1	1	1	1	2	4	4	3	4	30	2	1	0	0	1	0	0	1	0	0	1	4	3	2	1	1	1	1
491	1	1	0	1	3	3	2	3	3	2	2	2	2	3	4	3	3	3	4	32	2	1	0	0	1	0	1	0	0	1	0	3	2	2	0	0	1	0
491	1	1	0	0	3	4	2	3	3	4	2	3	2	3	4	3	3	3	3	32	2	1	0	0	1	0	1	0	0	1	0	3	2	2	0	0	1	0
491	1	1	1	1	2	4	2	2	2	2	2	2	2	3	2	4	4	2	3	32	2	1	0	0	1	0	1	0	0	1	0	3	2	2	0	0	1	0
491	1	1	1	0	2	3	2	2	2	2	2	2	2	3	4	4	4	2	3	32	2	1	0	0	1	0	1	0	0	1	0	3	2	2	0	0	1	0
492	1	1	0	1	4	3	3	3	3	4	2	4	3	2	3	3	3	2	2	33	2	1	0	0	1	1	0	0	1	1	1	3	3	2	1	0	1	0
492	1	1	0	0	4	3	2	3	3	4	2	3	3	2	3	2	3	3	2	33	2	1	0	0	1	1	0	0	1	1	1	3	3	2	1	0	1	0
492	1	1	1	1	2	4	2	5	1	4	4	5	4	4	1	1	1	1	1	33	2	1	0	0	1	1	0	0	1	1	1	3	3	2	1	0	1	0
492	1	1	1	0	4	3	3	3	4	2	2	1	2	2	4	4	4	5	5	33	2	1	0	0	1	1	0	0	1	1	1	3	3	2	1	0	1	0
493	1	1	0	1	3	3	3	5	3	1	1	2	1	1	5	3	3	3	5	34	2	1	0	0	1	0	1	1	1	1	1	-999	3	1	1	1	1	1
493	1	1	0	0	3	3	3	5	3	1	1	2	1	1	3	3	3	3	5	34	2	1	0	0	1	0	1	1	1	1	1	-999	3	1	1	1	1	1
493	1	1	1	1	5	4	3	3	3	1	1	1	1	1	4	4	4	3	4	34	2	1	0	0	1	0	1	1	1	1	1	-999	3	1	1	1	1	1
493	1	1	1	0	3	4	3	3	3	1	1	1	1	1	3	4	4	3	4	34	2	1	0	0	1	0	1	1	1	1	1	-999	3	1	1	1	1	1
494	1	1	0	1	3	3	4	3	4	2	1	2	1	2	4	4	4	3	3	34	2	1	0	0	1	0	1	0	0	1	0	5	2	2	0	0	1	0
494	1	1	0	0	3	3	4	3	4	2	1	2	1	2	4	3	4	3	3	34	2	1	0	0	1	0	1	0	0	1	0	5	2	2	0	0	1	0
494	1	1	1	1	2	3	3	2	2	1	4	2	2	2	2	2	3	3	2	34	2	1	0	0	1	0	1	0	0	1	0	5	2	2	0	0	1	0
494	1	1	1	0	2	3	3	2	2	2	2	2	2	2	4	4	4	3	4	34	2	1	0	0	1	0	1	0	0	1	0	5	2	2	0	0	1	0
495	1	1	0	1	3	4	3	3	3	3	1	2	2	2	4	4	4	4	4	37	2	1	0	0	0	0	0	0	0	0	0	2	3	2	1	1	1	1
495	1	1	0	0	3	4	3	3	3	2	1	2	2	2	3	4	3	3	3	37	2	1	0	0	0	0	0	0	0	0	0	2	3	2	1	1	1	1
495	1	1	1	1	3	4	3	3	3	2	2	2	2	2	3	3	3	3	3	37	2	1	0	0	0	0	0	0	0	0	0	2	3	2	1	1	1	1
495	1	1	1	0	3	4	3	3	3	2	2	2	2	2	3	3	3	3	3	37	2	1	0	0	0	0	0	0	0	0	0	2	3	2	1	1	1	1
496	2	1	0	1	4	4	3	4	3	3	2	3	2	2	4	3	3	3	2	41	2	1	0	0	1	1	1	1	0	1	1	5	1	2	1	0	1	0
496	2	1	0	0	3	4	3	3	3	3	2	3	2	2	2	3	3	3	2	41	2	1	0	0	1	1	1	1	0	1	1	5	1	2	1	0	1	0
496	2	1	1	1	4	4	4	3	2	2	3	3	4	2	3	3	3	3	2	41	2	1	0	0	1	1	1	1	0	1	1	5	1	2	1	0	1	0
496	2	1	1	0	3	4	3	3	3	2	3	3	3	2	3	3	3	3	2	41	2	1	0	0	1	1	1	1	0	1	1	5	1	2	1	0	1	0
497	1	1	0	1	5	5	4	4	4	2	1	3	3	4	4	4	4	4	5	44	2	1	0	0	1	1	0	0	0	1	0	-999	3	2	1	0	1	0
497	1	1	0	0	2	2	3	2	3	4	4	3	3	3	3	4	4	3	4	44	2	1	0	0	1	1	0	0	0	1	0	-999	3	2	1	0	1	0
497	1	1	1	1	3	3	3	3	3	3	3	3	3	3	4	3	3	3	3	44	2	1	0	0	1	1	0	0	0	1	0	-999	3	2	1	0	1	0
497	1	1	1	0	3	3	3	3	3	3	3	3	3	3	4	3	3	3	3	44	2	1	0	0	1	1	0	0	0	1	0	-999	3	2	1	0	1	0
498	1	1	0	1	5	2	5	5	5	1	1	1	1	1	4	5	5	5	5	45	3	1	0	0	1	1	0	0	0	1	0	-999	3	2	1	0	1	0
498	1	1	0	0	5	2	5	3	5	1	1	1	3	1	3	5	5	5	3	45	3	1	0	0	1	1	0	0	0	1	0	-999	3	2	1	0	1	0
498	1	1	1	1	3	5	2	1	3	1	1	2	2	1	4	4	4	4	4	45	3	1	0	0	1	1	0	0	0	1	0	-999	3	2	1	0	1	0
498	1	1	1	0	3	5	3	1	3	4	1	4	3	2	3	3	3	3	3	45	3	1	0	0	1	1	0	0	0	1	0	-999	3	2	1	0	1	0
499	2	1	0	1	4	5	3	3	4	2	3	4	2	4	4	3	4	2	3	47	3	1	0	0	1	1	0	1	0	1	1	3	2	2	1	1	1	1
499	2	1	0	0	3	3	3	3	4	4	2	1	2	2	2	3	4	2	3	47	3	1	0	0	1	1	0	1	0	1	1	3	2	2	1	1	1	1
499	2	1	1	1	4	5	3	3	3	2	2	4	3	2	2	4	4	2	3	47	3	1	0	0	1	1	0	1	0	1	1	3	2	2	1	1	1	1
499	2	1	1	0	4	4	3	3	4	2	2	2	3	2	2	4	4	2	4	47	3	1	0	0	1	1	0	1	0	1	1	3	2	2	1	1	1	1
500	2	1	0	1	4	5	4	4	4	4	2	3	2	2	4	4	4	4	4	52	3	1	0	0	1	0	0	1	0	0	1	5	3	2	1	1	1	1
500	2	1	0	0	2	4	2	2	4	4	4	4	4	4	2	2	2	2	2	52	3	1	0	0	1	0	0	1	0	0	1	5	3	2	1	1	1	1
500	2	1	1	1	3	5	3	3	4	4	3	5	4	4	3	3	3	2	2	52	3	1	0	0	1	0	0	1	0	0	1	5	3	2	1	1	1	1
500	2	1	1	0	3	4	4	3	4	2	2	2	3	2	4	4	4	4	4	52	3	1	0	0	1	0	0	1	0	0	1	5	3	2	1	1	1	1
501	1	1	0	1	5	4	4	3	5	5	3	1	3	1	5	5	5	5	5	53	3	1	0	0	0	0	0	0	0	0	0	-999	3	3	1	0	0	0
501	1	1	0	0	1	2	2	1	3	1	2	3	3	1	3	3	1	3	1	53	3	1	0	0	0	0	0	0	0	0	0	-999	3	3	1	0	0	0
501	1	1	1	1	5	5	5	5	5	1	1	1	1	1	5	4	5	4	5	53	3	1	0	0	0	0	0	0	0	0	0	-999	3	3	1	0	0	0
501	1	1	1	0	1	3	1	3	2	1	1	1	1	1	5	3	5	1	4	53	3	1	0	0	0	0	0	0	0	0	0	-999	3	3	1	0	0	0
502	1	1	0	1	4	4	3	2	4	1	1	2	2	1	5	5	5	4	5	54	3	1	0	0	1	0	0	1	0	0	1	3	3	2	1	1	1	0
502	1	1	0	0	1	3	3	2	3	3	2	2	2	3	2	3	1	3	2	54	3	1	0	0	1	0	0	1	0	0	1	3	3	2	1	1	1	0
502	1	1	1	1	1	5	2	3	4	2	4	3	3	4	1	2	1	1	2	54	3	1	0	0	1	0	0	1	0	0	1	3	3	2	1	1	1	0
502	1	1	1	0	3	3	3	3	3	1	3	1	1	2	4	4	4	3	4	54	3	1	0	0	1	0	0	1	0	0	1	3	3	2	1	1	1	0
503	2	1	0	1	4	4	4	3	4	2	1	2	2	2	4	3	4	3	3	57	3	1	0	0	1	0	0	1	0	0	1	3	3	2	1	0	1	0
503	2	1	0	0	4	4	4	3	4	2	1	2	2	2	3	3	3	3	4	57	3	1	0	0	1	0	0	1	0	0	1	3	3	2	1	0	1	0
503	2	1	1	1	4	4	3	3	4	2	2	2	1	2	4	3	4	3	4	57	3	1	0	0	1	0	0	1	0	0	1	3	3	2	1	0	1	0
503	2	1	1	0	3	4	3	3	4	3	2	2	1	2	4	3	3	3	4	57	3	1	0	0	1	0	0	1	0	0	1	3	3	2	1	0	1	0
504	1	1	0	1	4	3	3	4	3	1	3	3	1	2	4	4	4	3	5	58	3	1	0	0	1	1	0	1	0	1	1	6	3	2	1	0	1	1
504	1	1	0	0	1	3	3	1	3	5	3	4	5	3	2	1	1	4	1	58	3	1	0	0	1	1	0	1	0	1	1	6	3	2	1	0	1	1
504	1	1	1	1	3	4	3	1	3	3	4	3	1	3	2	2	1	1	1	58	3	1	0	0	1	1	0	1	0	1	1	6	3	2	1	0	1	1
504	1	1	1	0	3	3	3	1	3	3	3	3	1	3	3	4	5	3	4	58	3	1	0	0	1	1	0	1	0	1	1	6	3	2	1	0	1	1
505	1	1	0	1	4	4	3	3	2	3	3	4	4	4	2	2	3	4	4	59	3	1	0	0	0	0	0	0	0	0	0	4	3	2	1	1	1	0
505	1	1	0	0	3	3	3	3	3	3	3	3	3	3	3	3	3	3	3	59	3	1	0	0	0	0	0	0	0	0	0	4	3	2	1	1	1	0
505	1	1	1	1	2	5	2	4	2	4	4	4	4	5	1	1	1	1	1	59	3	1	0	0	0	0	0	0	0	0	0	4	3	2	1	1	1	0
505	1	1	1	0	3	3	3	3	3	3	3	3	3	3	4	4	3	3	5	59	3	1	0	0	0	0	0	0	0	0	0	4	3	2	1	1	1	0
506	1	1	0	1	2	2	2	3	2	3	2	4	3	3	3	3	3	3	3	59	3	1	0	0	0	0	0	0	0	0	0	4	3	2	1	1	1	0
506	1	1	0	0	4	2	2	3	3	3	4	4	3	3	4	3	3	3	3	59	3	1	0	0	0	0	0	0	0	0	0	4	3	2	1	1	1	0
506	1	1	1	1	2	4	3	2	4	2	4	4	4	4	2	2	2	3	2	59	3	1	0	0	0	0	0	0	0	0	0	4	3	2	1	1	1	0
506	1	1	1	0	4	3	3	3	3	4	3	3	3	3	3	3	3	3	4	59	3	1	0	0	0	0	0	0	0	0	0	4	3	2	1	1	1	0
507	1	1	0	1	5	4	3	4	4	1	2	2	2	1	3	3	4	4	4	60	3	1	0	0	0	0	0	0	0	0	0	4	3	4	1	1	1	0
507	1	1	0	0	1	3	2	2	2	3	4	4	2	1	1	1	2	2	2	60	3	1	0	0	0	0	0	0	0	0	0	4	3	4	1	1	1	0
507	1	1	1	1	3	3	1	1	3	1	1	1	1	1	4	3	4	3	4	60	3	1	0	0	0	0	0	0	0	0	0	4	3	4	1	1	1	0
507	1	1	1	0	3	1	1	1	3	1	1	1	1	1	3	2	2	3	2	60	3	1	0	0	0	0	0	0	0	0	0	4	3	4	1	1	1	0
508	1	1	0	1	5	4	2	4	3	2	5	3	2	2	4	4	5	5	5	61	3	1	0	0	1	1	0	0	0	1	0	5	3	3	1	0	0	0
508	1	1	0	0	2	4	2	1	3	4	5	1	4	1	2	3	2	1	1	61	3	1	0	0	1	1	0	0	0	1	0	5	3	3	1	0	0	0
508	1	1	1	1	2	5	2	1	2	5	3	1	1	1	5	5	4	1	1	61	3	1	0	0	1	1	0	0	0	1	0	5	3	3	1	0	0	0
508	1	1	1	0	4	2	3	1	3	2	3	1	2	2	1	5	4	3	5	61	3	1	0	0	1	1	0	0	0	1	0	5	3	3	1	0	0	0
509	1	1	0	1	4	4	3	3	4	2	2	2	2	2	4	4	4	3	5	63	3	1	0	0	1	1	0	0	0	1	0	4	3	3	1	0	1	0
509	1	1	0	0	1	3	3	3	3	4	3	4	4	3	2	2	2	3	1	63	3	1	0	0	1	1	0	0	0	1	0	4	3	3	1	0	1	0
509	1	1	1	1	3	4	3	3	3	2	4	3	3	3	2	2	2	3	2	63	3	1	0	0	1	1	0	0	0	1	0	4	3	3	1	0	1	0
509	1	1	1	0	3	4	3	3	4	2	2	3	3	2	4	4	4	3	4	63	3	1	0	0	1	1	0	0	0	1	0	4	3	3	1	0	1	0
510	2	1	0	1	4	4	2	2	3	2	1	2	1	1	3	3	3	1	3	27	2	2	0	0	1	1	0	1	0	1	1	3	3	1	1	0	1	0
510	2	1	0	0	3	3	2	2	3	2	1	2	1	1	3	3	3	1	3	27	2	2	0	0	1	1	0	1	0	1	1	3	3	1	1	0	1	0
510	2	1	1	1	3	4	2	3	3	3	1	4	3	4	2	2	3	3	2	27	2	2	0	0	1	1	0	1	0	1	1	3	3	1	1	0	1	0
510	2	1	1	0	3	2	2	3	4	3	1	2	3	2	4	5	3	3	4	27	2	2	0	0	1	1	0	1	0	1	1	3	3	1	1	0	1	0
511	1	1	0	1	2	4	4	4	3	1	1	1	1	1	4	4	4	4	3	38	2	2	0	0	0	0	0	0	0	0	0	6	3	2	1	0	1	0
511	1	1	0	0	3	2	3	2	3	1	1	1	1	1	4	4	4	4	3	38	2	2	0	0	0	0	0	0	0	0	0	6	3	2	1	0	1	0
511	1	1	1	1	4	4	3	4	3	1	1	1	1	1	4	4	4	3	3	38	2	2	0	0	0	0	0	0	0	0	0	6	3	2	1	0	1	0
511	1	1	1	0	3	3	3	2	3	1	1	1	1	1	4	4	4	3	3	38	2	2	0	0	0	0	0	0	0	0	0	6	3	2	1	0	1	0
512	2	1	0	1	4	4	3	3	3	3	2	3	3	2	3	3	3	2	3	45	3	2	0	0	1	1	0	1	0	1	1	2	1	2	1	0	0	0
512	2	1	0	0	4	4	3	3	3	3	2	3	3	2	3	3	3	2	3	45	3	2	0	0	1	1	0	1	0	1	1	2	1	2	1	0	0	0
512	2	1	1	1	3	5	3	3	3	4	3	3	3	2	3	3	3	3	3	45	3	2	0	0	1	1	0	1	0	1	1	2	1	2	1	0	0	0
512	2	1	1	0	3	4	3	3	3	3	3	3	3	2	3	3	3	3	3	45	3	2	0	0	1	1	0	1	0	1	1	2	1	2	1	0	0	0
513	2	1	0	1	4	4	3	3	3	1	2	3	3	1	4	4	4	4	5	45	3	2	0	0	1	0	1	1	0	1	1	6	1	1	1	0	1	0
513	2	1	0	0	3	4	3	3	3	1	2	1	3	1	4	4	4	4	5	45	3	2	0	0	1	0	1	1	0	1	1	6	1	1	1	0	1	0
513	2	1	1	1	4	4	4	3	3	3	1	3	1	1	4	5	5	3	5	45	3	2	0	0	1	0	1	1	0	1	1	6	1	1	1	0	1	0
513	2	1	1	0	3	4	3	3	3	2	1	2	1	1	4	5	5	3	5	45	3	2	0	0	1	0	1	1	0	1	1	6	1	1	1	0	1	0
514	2	1	0	1	5	4	5	5	5	1	1	1	1	1	5	5	5	1	3	46	3	2	0	0	1	0	0	1	0	0	1	2	3	1	1	1	1	1
514	2	1	0	0	5	5	5	5	5	1	1	1	1	1	5	4	4	1	3	46	3	2	0	0	1	0	0	1	0	0	1	2	3	1	1	1	1	1
514	2	1	1	1	2	5	4	3	5	4	1	1	1	1	3	4	5	1	1	46	3	2	0	0	1	0	0	1	0	0	1	2	3	1	1	1	1	1
514	2	1	1	0	2	4	4	3	5	2	1	2	1	1	3	5	5	1	1	46	3	2	0	0	1	0	0	1	0	0	1	2	3	1	1	1	1	1
515	3	1	0	1	5	3	4	4	4	3	1	1	1	1	4	4	3	2	4	46	3	2	0	0	1	0	0	0	1	0	1	-999	3	1	1	1	1	0
515	3	1	0	0	3	5	3	4	4	2	1	1	1	1	4	4	3	2	4	46	3	2	0	0	1	0	0	0	1	0	1	-999	3	1	1	1	1	0
515	3	1	1	1	3	4	4	4	4	2	2	2	2	1	4	4	4	2	3	46	3	2	0	0	1	0	0	0	1	0	1	-999	3	1	1	1	1	0
515	3	1	1	0	3	3	3	3	4	2	2	1	1	1	4	4	4	2	4	46	3	2	0	0	1	0	0	0	1	0	1	-999	3	1	1	1	1	0
516	1	1	0	1	4	4	3	4	4	4	1	1	1	1	4	4	4	4	4	47	3	2	0	0	1	1	0	0	0	1	0	-999	3	4	1	1	1	1
516	1	1	0	0	3	3	2	3	3	3	2	3	3	3	1	1	1	3	2	47	3	2	0	0	1	1	0	0	0	1	0	-999	3	4	1	1	1	1
516	1	1	1	1	4	4	3	4	4	2	1	1	1	1	4	4	4	4	4	47	3	2	0	0	1	1	0	0	0	1	0	-999	3	4	1	1	1	1
516	1	1	1	0	2	3	3	3	3	3	3	3	3	3	3	3	2	3	3	47	3	2	0	0	1	1	0	0	0	1	0	-999	3	4	1	1	1	1
517	2	1	0	1	5	5	4	4	3	2	1	3	1	1	5	4	4	3	3	48	3	2	0	0	1	1	0	0	0	1	0	3	3	2	1	1	1	1
517	2	1	0	0	3	5	3	3	3	1	1	3	1	1	1	2	3	3	3	48	3	2	0	0	1	1	0	0	0	1	0	3	3	2	1	1	1	1
517	2	1	1	1	4	5	2	3	3	3	1	2	2	2	3	3	4	3	3	48	3	2	0	0	1	1	0	0	0	1	0	3	3	2	1	1	1	1
517	2	1	1	0	3	4	2	3	3	3	1	2	2	2	3	3	2	3	3	48	3	2	0	0	1	1	0	0	0	1	0	3	3	2	1	1	1	1
518	1	1	0	1	4	5	3	3	4	1	1	1	3	1	4	3	3	3	5	49	3	2	0	0	1	1	0	0	0	1	0	6	3	2	1	1	1	1
518	1	1	0	0	2	3	3	3	4	3	1	1	3	1	3	3	3	3	3	49	3	2	0	0	1	1	0	0	0	1	0	6	3	2	1	1	1	1
518	1	1	1	1	3	5	3	4	4	3	3	5	3	4	1	2	2	3	3	49	3	2	0	0	1	1	0	0	0	1	0	6	3	2	1	1	1	1
518	1	1	1	0	3	2	3	2	4	3	1	1	3	2	5	4	5	3	5	49	3	2	0	0	1	1	0	0	0	1	0	6	3	2	1	1	1	1
519	3	1	0	1	5	5	5	5	5	1	1	1	1	1	5	5	5	5	5	59	3	2	0	0	1	1	1	1	1	1	1	3	3	2	1	1	1	1
519	3	1	0	0	1	5	1	1	1	5	5	5	5	5	1	1	1	1	1	59	3	2	0	0	1	1	1	1	1	1	1	3	3	2	1	1	1	1
519	3	1	1	1	5	5	5	5	5	1	2	1	1	1	5	5	5	5	5	59	3	2	0	0	1	1	1	1	1	1	1	3	3	2	1	1	1	1
519	3	1	1	0	1	5	1	1	1	5	5	5	5	5	1	1	1	1	1	59	3	2	0	0	1	1	1	1	1	1	1	3	3	2	1	1	1	1
520	2	1	0	1	3	5	3	5	3	1	3	5	1	1	3	5	5	1	3	30	2	1	0	0	1	0	0	1	0	0	1	2	3	3	1	1	1	1
520	2	1	0	0	3	3	3	5	3	1	3	3	1	1	3	5	5	1	3	30	2	1	0	0	1	0	0	1	0	0	1	2	3	3	1	1	1	1
520	2	1	1	1	3	3	3	5	3	1	3	1	1	1	3	3	5	1	3	30	2	1	0	0	1	0	0	1	0	0	1	2	3	3	1	1	1	1
520	2	1	1	0	3	3	3	5	3	1	3	1	1	1	3	3	5	1	3	30	2	1	0	0	1	0	0	1	0	0	1	2	3	3	1	1	1	1
521	2	1	0	1	4	4	4	4	5	2	2	2	2	1	4	4	4	3	5	34	2	1	0	0	1	0	0	1	0	0	1	3	2	2	1	1	0	0
521	2	1	0	0	4	4	4	4	5	2	2	2	2	1	4	4	4	3	5	34	2	1	0	0	1	0	0	1	0	0	1	3	2	2	1	1	0	0
521	2	1	1	1	4	4	4	4	4	2	2	2	2	1	4	4	4	3	4	34	2	1	0	0	1	0	0	1	0	0	1	3	2	2	1	1	0	0
521	2	1	1	0	4	2	4	4	4	2	2	2	2	1	4	5	5	4	4	34	2	1	0	0	1	0	0	1	0	0	1	3	2	2	1	1	0	0
522	1	1	0	1	3	4	3	4	3	1	1	3	1	1	4	5	5	3	4	45	3	1	0	0	0	0	0	0	0	0	0	5	3	1	0	0	1	0
522	1	1	0	0	3	3	3	3	3	1	1	3	1	1	5	5	5	3	2	45	3	1	0	0	0	0	0	0	0	0	0	5	3	1	0	0	1	0
522	1	1	1	1	3	3	4	3	3	3	2	2	1	1	3	3	4	3	3	45	3	1	0	0	0	0	0	0	0	0	0	5	3	1	0	0	1	0
522	1	1	1	0	3	3	3	3	3	3	1	1	1	1	5	4	5	3	4	45	3	1	0	0	0	0	0	0	0	0	0	5	3	1	0	0	1	0
523	1	1	0	1	4	4	3	3	3	1	1	1	1	1	5	3	3	4	4	47	3	1	0	0	1	0	0	1	0	0	1	3	3	2	1	0	1	0
523	1	1	0	0	3	3	3	3	3	3	1	1	1	1	5	5	5	5	5	47	3	1	0	0	1	0	0	1	0	0	1	3	3	2	1	0	1	0
523	1	1	1	1	1	4	1	3	3	1	3	3	1	1	2	2	2	1	3	47	3	1	0	0	1	0	0	1	0	0	1	3	3	2	1	0	1	0
523	1	1	1	0	3	3	1	3	3	1	3	2	1	1	5	5	5	5	4	47	3	1	0	0	1	0	0	1	0	0	1	3	3	2	1	0	1	0
524	1	1	0	1	5	5	5	5	5	1	1	1	1	1	5	5	5	5	5	63	3	1	0	0	1	1	0	0	0	1	0	4	3	4	1	1	1	0
524	1	1	0	0	1	1	1	1	1	5	5	5	5	5	1	1	1	1	1	63	3	1	0	0	1	1	0	0	0	1	0	4	3	4	1	1	1	0
524	1	1	1	1	3	4	3	4	3	2	4	3	3	3	3	4	4	3	3	63	3	1	0	0	1	1	0	0	0	1	0	4	3	4	1	1	1	0
524	1	1	1	0	3	5	3	3	4	4	3	3	3	3	3	3	3	4	3	63	3	1	0	0	1	1	0	0	0	1	0	4	3	4	1	1	1	0
525	1	1	0	1	5	5	5	5	5	1	1	1	1	1	5	5	5	5	5	65	4	1	0	0	1	1	0	0	0	1	0	-999	1	4	1	1	1	0
525	1	1	0	0	1	1	1	1	1	5	5	5	5	5	1	1	1	1	5	65	4	1	0	0	1	1	0	0	0	1	0	-999	1	4	1	1	1	0
525	1	1	1	1	5	5	5	5	5	1	1	1	1	1	5	5	5	4	5	65	4	1	0	0	1	1	0	0	0	1	0	-999	1	4	1	1	1	0
525	1	1	1	0	1	1	1	1	1	5	5	5	5	3	1	1	1	3	1	65	4	1	0	0	1	1	0	0	0	1	0	-999	1	4	1	1	1	0
527	2	2	0	1	4	4	5	4	4	2	1	4	3	2	4	3	3	3	4	29	2	2	0	0	1	0	1	1	0	1	1	3	2	2	0	1	0	0
527	2	2	0	0	2	3	1	2	3	3	4	2	3	4	2	3	3	3	2	29	2	2	0	0	1	0	1	1	0	1	1	3	2	2	0	1	0	0
527	2	2	1	1	3	4	3	3	3	3	3	3	3	3	3	2	3	3	3	29	2	2	0	0	1	0	1	1	0	1	1	3	2	2	0	1	0	0
527	2	2	1	0	3	2	3	3	3	3	3	3	3	3	3	4	3	3	3	29	2	2	0	0	1	0	1	1	0	1	1	3	2	2	0	1	0	0
530	2	2	0	1	4	5	4	4	4	1	1	1	1	1	5	5	5	2	5	58	3	1	0	0	1	1	0	1	0	1	1	5	3	2	1	1	1	1
530	2	2	0	0	1	3	2	2	3	3	3	3	2	3	2	3	3	2	1	58	3	1	0	0	1	1	0	1	0	1	1	5	3	2	1	1	1	1
530	2	2	1	1	4	5	2	3	2	5	3	4	4	3	4	3	3	1	4	58	3	1	0	0	1	1	0	1	0	1	1	5	3	2	1	1	1	1
530	2	2	1	0	2	3	2	2	4	3	3	2	2	2	4	4	4	3	3	58	3	1	0	0	1	1	0	1	0	1	1	5	3	2	1	1	1	1
531	2	2	0	1	3	4	2	2	5	1	1	3	4	3	5	4	2	1	5	47	3	2	0	0	1	0	0	1	1	0	1	3	3	2	1	0	1	0
531	2	2	0	0	2	2	1	2	5	1	2	3	3	3	5	5	5	1	3	47	3	2	0	0	1	0	0	1	1	0	1	3	3	2	1	0	1	0
531	2	2	1	1	5	5	4	4	4	3	1	4	3	4	5	2	3	1	5	47	3	2	0	0	1	0	0	1	1	0	1	3	3	2	1	0	1	0
531	2	2	1	0	1	1	2	2	1	3	3	2	3	2	3	4	3	4	3	47	3	2	0	0	1	0	0	1	1	0	1	3	3	2	1	0	1	0
532	2	2	0	1	4	5	3	3	3	5	3	5	5	4	1	1	2	3	2	34	2	1	-999	-999	1	0	0	1	0	0	1	-999	2	2	1	1	1	0
532	2	2	0	0	3	1	3	3	3	1	3	1	1	4	5	5	5	4	5	34	2	1	-999	-999	1	0	0	1	0	0	1	-999	2	2	1	1	1	0
532	2	2	1	1	2	5	2	1	3	5	3	5	5	5	1	1	1	3	1	34	2	1	-999	-999	1	0	0	1	0	0	1	-999	2	2	1	1	1	0
532	2	2	1	0	5	2	4	5	3	1	1	1	1	1	5	5	5	4	5	34	2	1	-999	-999	1	0	0	1	0	0	1	-999	2	2	1	1	1	0
533	2	2	0	1	4	4	4	4	4	3	2	4	3	3	4	4	4	4	4	37	2	2	0	0	1	1	0	0	0	1	0	5	3	1	1	1	1	1
533	2	2	0	0	2	3	3	3	3	3	3	3	3	3	3	3	3	3	3	37	2	2	0	0	1	1	0	0	0	1	0	5	3	1	1	1	1	1
533	2	2	1	1	4	4	3	4	3	3	1	3	1	1	3	3	4	3	3	37	2	2	0	0	1	1	0	0	0	1	0	5	3	1	1	1	1	1
533	2	2	1	0	2	1	3	3	3	1	3	3	1	1	3	3	3	3	3	37	2	2	0	0	1	1	0	0	0	1	0	5	3	1	1	1	1	1
534	3	2	0	1	3	4	5	4	4	3	4	3	3	3	4	4	5	4	5	27	2	1	0	0	1	0	1	0	1	1	1	3	2	2	1	0	1	0
534	3	2	0	0	3	3	3	2	4	3	3	4	3	2	3	4	5	4	5	27	2	1	0	0	1	0	1	0	1	1	1	3	2	2	1	0	1	0
534	3	2	1	1	2	4	3	2	2	2	4	4	2	3	2	3	2	2	2	27	2	1	0	0	1	0	1	0	1	1	1	3	2	2	1	0	1	0
534	3	2	1	0	3	4	4	4	4	2	3	2	2	3	4	4	4	4	4	27	2	1	0	0	1	0	1	0	1	1	1	3	2	2	1	0	1	0
535	1	2	0	1	3	5	4	4	5	1	1	1	1	1	3	4	4	3	5	23	1	1	0	0	0	0	0	0	0	0	0	2	3	2	1	1	0	0
535	1	2	0	0	3	1	1	1	1	5	5	4	5	5	3	2	1	3	1	23	1	1	0	0	0	0	0	0	0	0	0	2	3	2	1	1	0	0
535	1	2	1	1	5	5	5	5	5	1	1	1	1	1	3	4	4	3	5	23	1	1	0	0	0	0	0	0	0	0	0	2	3	2	1	1	0	0
535	1	2	1	0	1	1	1	1	1	5	5	5	5	5	3	2	2	3	1	23	1	1	0	0	0	0	0	0	0	0	0	2	3	2	1	1	0	0
540	2	2	0	1	4	4	4	4	4	2	3	3	3	3	4	4	4	4	5	21	1	2	1	0	1	0	0	1	0	0	1	3	3	2	1	1	0	0
540	2	2	0	0	3	4	2	3	3	3	3	3	2	3	2	2	3	2	4	21	1	2	1	0	1	0	0	1	0	0	1	3	3	2	1	1	0	0
540	2	2	1	1	2	4	4	4	4	3	3	2	3	3	4	5	4	3	4	21	1	2	1	0	1	0	0	1	0	0	1	3	3	2	1	1	0	0
540	2	2	1	0	2	3	3	2	2	3	2	3	4	2	3	2	3	3	2	21	1	2	1	0	1	0	0	1	0	0	1	3	3	2	1	1	0	0
546	2	2	0	1	5	4	5	3	3	3	1	3	1	1	5	4	4	5	3	33	2	2	0	0	1	1	0	1	0	1	1	4	2	3	1	1	1	0
546	2	2	0	0	3	4	3	3	3	3	1	3	1	1	3	4	4	3	3	33	2	2	0	0	1	1	0	1	0	1	1	4	2	3	1	1	1	0
546	2	2	1	1	5	4	5	5	4	3	1	2	1	1	5	4	4	1	3	33	2	2	0	0	1	1	0	1	0	1	1	4	2	3	1	1	1	0
546	2	2	1	0	4	5	3	4	4	2	2	1	1	1	5	5	4	1	3	33	2	2	0	0	1	1	0	1	0	1	1	4	2	3	1	1	1	0
547	3	2	0	1	4	4	4	4	4	2	2	2	2	2	4	4	4	3	4	35	2	2	0	0	1	0	0	0	1	0	1	3	3	2	1	1	1	1
547	3	2	0	0	3	2	2	2	2	4	4	4	4	4	2	2	2	3	2	35	2	2	0	0	1	0	0	0	1	0	1	3	3	2	1	1	1	1
547	3	2	1	1	4	4	4	4	4	2	2	2	2	2	4	4	4	4	4	35	2	2	0	0	1	0	0	0	1	0	1	3	3	2	1	1	1	1
547	3	2	1	0	2	2	2	3	2	4	4	2	4	4	3	3	2	3	3	35	2	2	0	0	1	0	0	0	1	0	1	3	3	2	1	1	1	1
549	1	2	0	1	5	5	4	4	3	1	1	1	3	3	4	4	3	3	4	38	2	1	0	0	1	1	0	0	0	1	0	2	3	2	1	1	1	1
549	1	2	0	0	1	1	3	3	3	5	3	3	3	3	4	4	3	3	2	38	2	1	0	0	1	1	0	0	0	1	0	2	3	2	1	1	1	1
549	1	2	1	1	5	4	4	5	3	2	2	2	2	2	4	4	4	3	4	38	2	1	0	0	1	1	0	0	0	1	0	2	3	2	1	1	1	1
549	1	2	1	0	3	3	3	3	3	3	3	3	3	2	3	3	3	3	3	38	2	1	0	0	1	1	0	0	0	1	0	2	3	2	1	1	1	1
550	1	2	0	1	5	3	5	5	5	1	1	1	1	1	5	5	5	5	5	47	3	1	0	0	1	1	1	0	0	1	0	3	3	2	1	1	1	1
550	1	2	0	0	1	4	1	1	1	5	4	4	4	5	1	1	1	1	1	47	3	1	0	0	1	1	1	0	0	1	0	3	3	2	1	1	1	1
550	1	2	1	1	5	5	3	4	5	1	1	1	1	1	5	5	5	3	4	47	3	1	0	0	1	1	1	0	0	1	0	3	3	2	1	1	1	1
550	1	2	1	0	2	1	3	2	5	3	3	3	5	3	3	3	3	3	3	47	3	1	0	0	1	1	1	0	0	1	0	3	3	2	1	1	1	1
551	1	2	0	1	4	4	3	4	4	1	1	2	2	2	4	4	4	3	4	54	3	1	0	0	0	0	0	0	0	0	0	-999	3	2	0	0	1	0
551	1	2	0	0	4	4	3	4	4	1	1	2	2	2	4	4	4	3	4	54	3	1	0	0	0	0	0	0	0	0	0	-999	3	2	0	0	1	0
551	1	2	1	1	4	4	3	3	4	2	2	2	2	2	4	4	4	3	3	54	3	1	0	0	0	0	0	0	0	0	0	-999	3	2	0	0	1	0
551	1	2	1	0	4	4	3	3	4	2	2	2	2	2	4	4	4	3	3	54	3	1	0	0	0	0	0	0	0	0	0	-999	3	2	0	0	1	0
553	1	2	0	1	5	3	3	3	3	1	3	3	3	3	4	3	3	3	3	42	2	1	0	0	0	0	0	0	0	0	0	-999	3	1	1	0	1	0
553	1	2	0	0	1	4	3	3	3	5	3	3	3	3	2	3	3	3	3	42	2	1	0	0	0	0	0	0	0	0	0	-999	3	1	1	0	1	0
553	1	2	1	1	3	3	3	3	3	3	3	3	3	3	3	3	3	3	3	42	2	1	0	0	0	0	0	0	0	0	0	-999	3	1	1	0	1	0
553	1	2	1	0	3	3	3	3	3	3	3	3	3	3	3	3	3	3	3	42	2	1	0	0	0	0	0	0	0	0	0	-999	3	1	1	0	1	0
556	2	2	0	1	4	4	3	4	4	3	4	3	2	1	4	4	4	3	4	51	3	2	0	0	1	0	1	1	0	1	1	3	1	4	1	1	1	0
556	2	2	0	0	3	3	3	2	3	3	4	3	3	1	2	3	3	3	3	51	3	2	0	0	1	0	1	1	0	1	1	3	1	4	1	1	1	0
556	2	2	1	1	4	4	3	4	5	2	2	2	2	2	4	3	4	3	3	51	3	2	0	0	1	0	1	1	0	1	1	3	1	4	1	1	1	0
556	2	2	1	0	3	3	3	3	2	3	3	3	2	2	4	3	3	3	3	51	3	2	0	0	1	0	1	1	0	1	1	3	1	4	1	1	1	0
557	2	2	0	1	4	2	4	5	4	1	3	4	2	2	4	4	5	3	5	19	1	1	0	0	0	0	0	0	0	0	0	3	2	2	0	0	1	1
557	2	2	0	0	2	4	2	3	4	3	3	3	3	3	2	2	3	3	2	19	1	1	0	0	0	0	0	0	0	0	0	3	2	2	0	0	1	1
557	2	2	1	1	3	2	2	3	3	2	4	5	4	4	2	4	3	3	3	19	1	1	0	0	0	0	0	0	0	0	0	3	2	2	0	0	1	1
557	2	2	1	0	3	4	3	3	3	2	2	2	3	2	5	5	5	4	5	19	1	1	0	0	0	0	0	0	0	0	0	3	2	2	0	0	1	1
558	3	2	0	1	4	5	3	3	4	4	4	2	2	3	4	4	4	4	4	23	1	1	0	0	1	0	0	0	1	0	1	3	2	1	1	0	1	1
558	3	2	0	0	2	3	3	3	2	2	2	4	3	3	2	2	2	2	2	23	1	1	0	0	1	0	0	0	1	0	1	3	2	1	1	0	1	1
558	3	2	1	1	3	4	3	3	4	2	3	4	4	4	4	2	2	2	2	23	1	1	0	0	1	0	0	0	1	0	1	3	2	1	1	0	1	1
558	3	2	1	0	3	2	3	3	2	3	3	2	2	2	2	4	4	4	4	23	1	1	0	0	1	0	0	0	1	0	1	3	2	1	1	0	1	1
559	1	2	0	1	3	4	3	2	4	4	2	2	2	2	4	4	4	4	4	41	2	1	0	0	1	1	0	0	0	1	0	3	3	1	1	1	1	0
559	1	2	0	0	2	4	3	2	4	3	2	2	2	2	4	4	4	4	4	41	2	1	0	0	1	1	0	0	0	1	0	3	3	1	1	1	1	0
559	1	2	1	1	4	4	3	3	4	2	2	2	2	2	4	3	3	3	4	41	2	1	0	0	1	1	0	0	0	1	0	3	3	1	1	1	1	0
559	1	2	1	0	3	3	3	3	4	3	3	2	2	2	4	4	4	4	4	41	2	1	0	0	1	1	0	0	0	1	0	3	3	1	1	1	1	0
565	3	2	0	1	3	3	3	3	3	2	3	3	3	2	3	3	3	3	3	38	2	2	1	0	1	1	0	1	1	1	1	-999	3	2	1	1	1	0
565	3	2	0	0	3	3	3	3	3	2	3	3	3	2	3	3	3	3	3	38	2	2	1	0	1	1	0	1	1	1	1	-999	3	2	1	1	1	0
565	3	2	1	1	3	3	3	3	3	3	3	3	3	3	3	3	3	3	3	38	2	2	1	0	1	1	0	1	1	1	1	-999	3	2	1	1	1	0
565	3	2	1	0	3	3	3	3	3	3	3	3	3	3	3	3	3	3	3	38	2	2	1	0	1	1	0	1	1	1	1	-999	3	2	1	1	1	0
566	1	2	0	1	5	4	3	3	4	1	3	3	3	2	4	2	4	4	4	21	1	1	1	0	1	0	0	1	0	0	1	1	2	3	1	1	1	1
566	1	2	0	0	3	3	3	3	4	3	3	3	3	4	2	4	4	4	2	21	1	1	1	0	1	0	0	1	0	0	1	1	2	3	1	1	1	1
566	1	2	1	1	4	4	4	4	4	2	2	2	2	2	4	4	4	4	4	21	1	1	1	0	1	0	0	1	0	0	1	1	2	3	1	1	1	1
566	1	2	1	0	2	2	4	4	2	4	4	4	2	2	4	4	4	4	2	21	1	1	1	0	1	0	0	1	0	0	1	1	2	3	1	1	1	1
568	2	2	0	1	4	5	4	3	3	3	3	3	2	2	4	3	5	4	4	31	2	1	-999	-999	1	1	0	1	0	1	1	-999	3	2	1	1	1	1
568	2	2	0	0	3	5	3	3	3	3	3	2	2	2	4	3	5	3	2	31	2	1	-999	-999	1	1	0	1	0	1	1	-999	3	2	1	1	1	1
568	2	2	1	1	4	5	4	4	4	3	2	4	3	2	5	5	5	4	5	31	2	1	-999	-999	1	1	0	1	0	1	1	-999	3	2	1	1	1	1
568	2	2	1	0	3	3	3	3	4	3	2	3	3	2	5	3	3	3	3	31	2	1	-999	-999	1	1	0	1	0	1	1	-999	3	2	1	1	1	1
575	1	2	0	1	3	3	3	2	3	2	3	1	2	3	4	3	3	2	3	45	3	2	0	0	1	1	0	1	0	1	1	6	3	2	0	0	1	1
575	1	2	0	0	3	3	3	2	3	2	3	1	2	3	3	4	4	4	3	45	3	2	0	0	1	1	0	1	0	1	1	6	3	2	0	0	1	1
575	1	2	1	1	2	4	2	3	2	2	4	4	3	4	3	3	3	3	3	45	3	2	0	0	1	1	0	1	0	1	1	6	3	2	0	0	1	1
575	1	2	1	0	4	3	3	3	3	2	3	2	3	3	4	4	4	4	4	45	3	2	0	0	1	1	0	1	0	1	1	6	3	2	0	0	1	1
577	3	2	0	1	5	5	3	1	3	3	1	1	1	1	4	4	5	3	3	40	2	2	0	0	1	1	0	1	1	1	1	4	1	1	1	0	0	0
577	3	2	0	0	1	5	3	1	2	3	1	1	1	1	3	4	5	3	3	40	2	2	0	0	1	1	0	1	1	1	1	4	1	1	1	0	0	0
577	3	2	1	1	5	5	3	3	2	3	1	1	1	1	5	4	4	1	3	40	2	2	0	0	1	1	0	1	1	1	1	4	1	1	1	0	0	0
577	3	2	1	0	3	3	3	3	3	3	3	1	1	1	5	5	4	1	3	40	2	2	0	0	1	1	0	1	1	1	1	4	1	1	1	0	0	0
578	2	2	0	1	4	3	4	4	4	3	1	3	3	2	3	5	2	2	4	27	2	1	0	0	1	1	0	0	0	1	0	2	3	2	1	1	1	0
578	2	2	0	0	2	3	4	4	4	3	1	3	3	2	4	2	5	5	5	27	2	1	0	0	1	1	0	0	0	1	0	2	3	2	1	1	1	0
578	2	2	1	1	2	5	2	1	2	5	4	1	1	1	1	1	1	2	1	27	2	1	0	0	1	1	0	0	0	1	0	2	3	2	1	1	1	0
578	2	2	1	0	5	3	5	5	5	2	2	5	5	5	5	5	5	5	5	27	2	1	0	0	1	1	0	0	0	1	0	2	3	2	1	1	1	0
580	2	2	0	1	3	4	2	2	4	4	3	4	4	4	1	2	2	1	3	59	3	1	0	0	1	0	0	1	0	0	1	3	2	3	1	0	1	0
580	2	2	0	0	3	4	4	4	4	2	3	2	2	2	4	3	4	1	3	59	3	1	0	0	1	0	0	1	0	0	1	3	2	3	1	0	1	0
580	2	2	1	1	4	5	3	3	4	4	3	4	4	4	4	2	3	2	3	59	3	1	0	0	1	0	0	1	0	0	1	3	2	3	1	0	1	0
580	2	2	1	0	4	2	3	4	4	2	3	2	2	2	4	4	3	4	3	59	3	1	0	0	1	0	0	1	0	0	1	3	2	3	1	0	1	0
586	3	2	0	1	3	3	3	4	3	3	2	3	2	2	4	4	4	3	4	31	2	1	0	0	1	0	0	1	1	0	1	3	3	2	1	1	1	0
586	3	2	0	0	5	3	3	4	3	3	2	3	2	2	3	3	3	3	3	31	2	1	0	0	1	0	0	1	1	0	1	3	3	2	1	1	1	0
586	3	2	1	1	3	2	4	4	2	4	3	4	3	2	2	2	2	3	2	31	2	1	0	0	1	0	0	1	1	0	1	3	3	2	1	1	1	0
586	3	2	1	0	4	4	3	3	3	3	3	2	3	2	4	4	4	3	4	31	2	1	0	0	1	0	0	1	1	0	1	3	3	2	1	1	1	0
588	2	2	0	1	5	5	3	4	5	5	1	5	1	4	4	1	4	3	5	35	2	1	0	0	1	0	0	1	0	0	1	3	3	3	1	1	1	1
588	2	2	0	0	4	4	5	1	1	1	1	1	1	1	3	5	1	5	5	35	2	1	0	0	1	0	0	1	0	0	1	3	3	3	1	1	1	1
588	2	2	1	1	3	5	3	3	5	5	3	5	5	5	3	1	1	3	5	35	2	1	0	0	1	0	0	1	0	0	1	3	3	3	1	1	1	1
588	2	2	1	0	5	2	5	1	1	5	1	1	1	1	5	5	5	5	5	35	2	1	0	0	1	0	0	1	0	0	1	3	3	3	1	1	1	1
589	1	2	0	1	1	2	4	2	4	1	3	1	1	3	3	4	3	3	5	32	2	2	0	1	0	0	0	0	0	0	0	1	3	3	1	0	0	1
589	1	2	0	0	2	3	2	3	2	5	3	1	4	3	2	4	4	2	5	32	2	2	0	1	0	0	0	0	0	0	0	1	3	3	1	0	0	1
589	1	2	1	1	3	3	3	4	3	1	1	2	1	2	1	3	1	1	3	32	2	2	0	1	0	0	0	0	0	0	0	1	3	3	1	0	0	1
589	1	2	1	0	2	3	3	2	3	1	1	3	3	4	2	3	5	3	3	32	2	2	0	1	0	0	0	0	0	0	0	1	3	3	1	0	0	1
590	3	2	0	1	4	3	4	4	4	2	2	1	2	3	4	5	5	4	4	32	2	2	0	1	1	1	0	0	1	1	1	2	1	2	0	0	1	0
590	3	2	0	0	3	3	1	2	3	2	5	4	3	2	2	3	3	2	1	32	2	2	0	1	1	1	0	0	1	1	1	2	1	2	0	0	1	0
590	3	2	1	1	4	5	4	4	4	3	3	4	2	3	5	4	5	4	5	32	2	2	0	1	1	1	0	0	1	1	1	2	1	2	0	0	1	0
590	3	2	1	0	2	1	3	2	3	3	2	3	3	2	3	2	2	3	2	32	2	2	0	1	1	1	0	0	1	1	1	2	1	2	0	0	1	0
591	2	2	0	1	4	2	2	2	2	1	2	2	1	1	4	4	4	2	2	39	2	2	0	1	1	1	1	1	0	1	1	1	3	3	1	1	1	0
591	2	2	0	0	4	2	2	2	4	1	2	2	1	1	4	4	4	2	4	39	2	2	0	1	1	1	1	1	0	1	1	1	3	3	1	1	1	0
591	2	2	1	1	4	4	2	3	2	4	4	2	2	2	4	3	2	2	2	39	2	2	0	1	1	1	1	1	0	1	1	1	3	3	1	1	1	0
591	2	2	1	0	4	4	4	4	4	2	2	2	2	2	4	4	4	4	4	39	2	2	0	1	1	1	1	1	0	1	1	1	3	3	1	1	1	0
592	2	2	0	1	3	5	3	3	5	3	3	3	3	2	4	4	3	3	2	27	2	2	0	0	1	0	0	1	0	0	1	2	3	2	1	0	1	1
592	2	2	0	0	3	3	3	3	5	3	3	3	3	2	4	4	3	3	4	27	2	2	0	0	1	0	0	1	0	0	1	2	3	2	1	0	1	1
592	2	2	1	1	3	4	3	3	4	4	4	4	3	1	2	2	2	4	2	27	2	2	0	0	1	0	0	1	0	0	1	2	3	2	1	0	1	1
592	2	2	1	0	3	4	3	3	5	3	2	2	3	1	5	4	4	4	5	27	2	2	0	0	1	0	0	1	0	0	1	2	3	2	1	0	1	1
604	1	2	0	1	4	3	3	3	3	3	3	3	3	3	4	4	4	4	4	36	2	2	0	1	1	0	0	1	1	0	1	-999	2	3	0	1	1	0
604	1	2	0	0	3	3	3	3	3	3	3	3	3	3	2	2	2	2	2	36	2	2	0	1	1	0	0	1	1	0	1	-999	2	3	0	1	1	0
604	1	2	1	1	4	3	3	3	4	2	2	3	3	2	3	3	4	4	4	36	2	2	0	1	1	0	0	1	1	0	1	-999	2	3	0	1	1	0
604	1	2	1	0	2	3	3	3	4	4	2	3	3	2	3	3	4	4	4	36	2	2	0	1	1	0	0	1	1	0	1	-999	2	3	0	1	1	0
605	2	2	0	1	5	5	5	5	5	1	1	3	1	1	5	5	5	5	5	36	2	2	0	1	1	0	0	1	1	0	1	1	2	4	1	1	1	1
605	2	2	0	0	5	5	2	3	5	1	1	3	1	1	5	3	5	3	3	36	2	2	0	1	1	0	0	1	1	0	1	1	2	4	1	1	1	1
605	2	2	1	1	5	5	5	5	5	1	1	3	1	1	5	4	5	5	5	36	2	2	0	1	1	0	0	1	1	0	1	1	2	4	1	1	1	1
605	2	2	1	0	3	3	5	3	5	3	1	3	3	1	3	4	3	3	3	36	2	2	0	1	1	0	0	1	1	0	1	1	2	4	1	1	1	1
607	1	2	0	1	4	4	2	3	3	1	3	1	1	1	4	4	4	3	2	62	3	2	0	1	1	1	0	0	0	1	0	5	3	4	1	0	0	0
607	1	2	0	0	5	4	2	4	3	1	3	1	1	1	5	5	5	4	5	62	3	2	0	1	1	1	0	0	0	1	0	5	3	4	1	0	0	0
607	1	2	1	1	4	4	4	3	3	1	1	1	1	1	4	4	4	3	4	62	3	2	0	1	1	1	0	0	0	1	0	5	3	4	1	0	0	0
607	1	2	1	0	4	4	4	3	3	1	1	1	1	1	4	5	5	3	5	62	3	2	0	1	1	1	0	0	0	1	0	5	3	4	1	0	0	0
610	3	2	0	1	4	5	4	4	5	2	1	1	1	1	3	4	5	5	5	68	4	2	0	1	1	0	0	1	1	0	1	2	3	2	1	0	1	1
610	3	2	0	0	2	5	4	4	5	1	1	1	1	1	3	4	5	5	5	68	4	2	0	1	1	0	0	1	1	0	1	2	3	2	1	0	1	1
610	3	2	1	1	2	5	3	1	3	4	3	4	3	3	2	3	3	3	4	68	4	2	0	1	1	0	0	1	1	0	1	2	3	2	1	0	1	1
610	3	2	1	0	2	2	2	5	5	2	1	1	1	3	5	5	5	5	4	68	4	2	0	1	1	0	0	1	1	0	1	2	3	2	1	0	1	1
611	2	2	0	1	3	4	3	3	4	3	2	3	3	3	4	4	2	3	2	74	4	2	0	1	1	1	0	1	0	1	1	-999	3	4	1	0	0	0
611	2	2	0	0	3	4	3	3	2	3	2	3	3	3	3	4	4	3	4	74	4	2	0	1	1	1	0	1	0	1	1	-999	3	4	1	0	0	0
611	2	2	1	1	2	4	2	3	2	5	2	4	3	3	2	2	2	2	2	74	4	2	0	1	1	1	0	1	0	1	1	-999	3	4	1	0	0	0
611	2	2	1	0	4	4	2	3	4	1	2	2	3	3	4	4	4	4	4	74	4	2	0	1	1	1	0	1	0	1	1	-999	3	4	1	0	0	0
612	1	2	0	1	3	5	1	4	4	1	1	3	1	1	3	5	5	4	4	67	4	1	0	1	1	1	0	0	0	1	0	4	3	3	1	0	0	0
612	1	2	0	0	4	5	1	4	4	1	1	3	1	1	3	5	5	4	4	67	4	1	0	1	1	1	0	0	0	1	0	4	3	3	1	0	0	0
612	1	2	1	1	5	4	4	4	5	3	2	3	3	1	5	4	4	3	3	67	4	1	0	1	1	1	0	0	0	1	0	4	3	3	1	0	0	0
612	1	2	1	0	5	4	4	4	5	3	2	3	3	1	5	4	4	3	3	67	4	1	0	1	1	1	0	0	0	1	0	4	3	3	1	0	0	0
615	3	2	0	1	4	4	1	1	4	1	1	3	3	1	4	5	4	4	4	19	1	2	0	0	1	0	0	1	1	0	1	4	3	4	1	0	1	0
615	3	2	0	0	2	2	1	1	4	4	1	2	2	1	3	2	4	4	2	19	1	2	0	0	1	0	0	1	1	0	1	4	3	4	1	0	1	0
615	3	2	1	1	4	4	3	2	4	4	2	2	2	2	4	4	4	3	4	19	1	2	0	0	1	0	0	1	1	0	1	4	3	4	1	0	1	0
615	3	2	1	0	2	2	3	2	4	2	2	2	2	2	2	4	4	3	2	19	1	2	0	0	1	0	0	1	1	0	1	4	3	4	1	0	1	0
616	1	2	0	1	4	5	4	5	5	1	1	3	4	4	3	2	2	1	1	22	1	2	0	0	1	0	0	1	0	0	1	2	2	4	0	0	1	0
616	1	2	0	0	3	3	5	4	5	1	1	3	3	1	3	5	5	5	5	22	1	2	0	0	1	0	0	1	0	0	1	2	2	4	0	0	1	0
616	1	2	1	1	3	3	2	3	4	1	4	1	1	3	1	1	1	1	1	22	1	2	0	0	1	0	0	1	0	0	1	2	2	4	0	0	1	0
616	1	2	1	0	3	3	5	3	2	3	1	4	1	3	5	5	5	5	5	22	1	2	0	0	1	0	0	1	0	0	1	2	2	4	0	0	1	0
617	3	2	0	1	1	5	1	2	2	4	4	5	4	4	1	1	1	1	1	22	1	2	0	0	1	0	0	1	1	0	1	4	3	2	0	1	0	1
617	3	2	0	0	5	2	1	1	1	1	1	1	1	1	5	5	5	5	5	22	1	2	0	0	1	0	0	1	1	0	1	4	3	2	0	1	0	1
617	3	2	1	1	1	4	2	1	1	5	5	4	4	4	1	1	1	1	1	22	1	2	0	0	1	0	0	1	1	0	1	4	3	2	0	1	0	1
617	3	2	1	0	5	1	1	1	1	2	1	1	1	1	5	5	5	5	5	22	1	2	0	0	1	0	0	1	1	0	1	4	3	2	0	1	0	1
618	3	2	0	1	1	5	1	1	3	5	1	3	3	1	5	4	4	4	5	22	1	2	0	0	1	0	0	0	1	0	1	3	2	2	0	1	1	1
618	3	2	0	0	1	1	1	1	1	1	1	1	1	1	5	5	5	5	5	22	1	2	0	0	1	0	0	0	1	0	1	3	2	2	0	1	1	1
618	3	2	1	1	5	5	1	1	5	1	4	5	5	5	5	3	4	5	5	22	1	2	0	0	1	0	0	0	1	0	1	3	2	2	0	1	1	1
618	3	2	1	0	2	2	5	5	4	1	5	1	1	1	5	5	5	5	5	22	1	2	0	0	1	0	0	0	1	0	1	3	2	2	0	1	1	1
623	3	2	0	1	3	4	3	1	3	4	2	4	1	3	2	2	3	3	3	36	2	2	0	0	1	1	0	0	0	1	0	-999	3	1	1	0	1	0
623	3	2	0	0	3	4	3	1	3	3	2	4	1	3	4	4	3	3	3	36	2	2	0	0	1	1	0	0	0	1	0	-999	3	1	1	0	1	0
623	3	2	1	1	3	5	3	3	3	4	3	4	4	4	2	2	2	3	2	36	2	2	0	0	1	1	0	0	0	1	0	-999	3	1	1	0	1	0
623	3	2	1	0	3	5	3	3	3	4	3	4	4	2	4	5	5	3	4	36	2	2	0	0	1	1	0	0	0	1	0	-999	3	1	1	0	1	0
624	1	2	0	1	2	2	2	3	2	1	1	1	1	1	5	5	5	1	5	40	2	2	0	0	0	0	0	0	0	0	0	-999	3	3	1	1	1	1
624	1	2	0	0	2	2	2	3	2	3	1	2	2	1	5	5	5	1	5	40	2	2	0	0	0	0	0	0	0	0	0	-999	3	3	1	1	1	1
624	1	2	1	1	2	4	3	4	3	2	4	4	2	4	2	1	1	1	1	40	2	2	0	0	0	0	0	0	0	0	0	-999	3	3	1	1	1	1
624	1	2	1	0	4	2	3	3	3	2	2	3	2	2	4	4	4	4	4	40	2	2	0	0	0	0	0	0	0	0	0	-999	3	3	1	1	1	1
625	2	2	0	1	3	5	3	3	5	5	2	4	4	1	2	3	4	4	2	40	2	2	0	0	1	1	0	1	1	1	1	3	3	3	1	1	1	1
625	2	2	0	0	4	5	3	3	5	1	3	1	2	3	5	3	3	4	4	40	2	2	0	0	1	1	0	1	1	1	1	3	3	3	1	1	1	1
625	2	2	1	1	1	4	1	3	5	5	2	4	2	2	1	5	3	4	1	40	2	2	0	0	1	1	0	1	1	1	1	3	3	3	1	1	1	1
625	2	2	1	0	3	4	5	3	5	2	2	3	5	2	4	3	3	5	3	40	2	2	0	0	1	1	0	1	1	1	1	3	3	3	1	1	1	1
627	1	2	0	1	5	4	4	4	3	2	2	1	1	1	4	4	4	4	4	43	2	2	0	0	1	0	0	1	0	0	1	5	2	4	1	0	1	0
627	1	2	0	0	3	4	3	4	3	2	2	1	1	1	3	4	4	3	3	43	2	2	0	0	1	0	0	1	0	0	1	5	2	4	1	0	1	0
627	1	2	1	1	4	4	4	4	4	2	1	2	1	1	4	4	4	4	4	43	2	2	0	0	1	0	0	1	0	0	1	5	2	4	1	0	1	0
627	1	2	1	0	3	4	4	4	4	2	1	2	1	1	4	5	5	4	4	43	2	2	0	0	1	0	0	1	0	0	1	5	2	4	1	0	1	0
628	2	2	0	1	5	4	4	4	3	2	2	2	2	1	4	4	4	3	4	46	3	2	0	0	1	0	0	1	0	0	1	2	3	2	1	1	1	1
628	2	2	0	0	2	3	2	1	3	3	4	2	4	1	1	2	2	3	2	46	3	2	0	0	1	0	0	1	0	0	1	2	3	2	1	1	1	1
628	2	2	1	1	4	4	3	3	3	3	2	3	2	2	4	4	4	3	4	46	3	2	0	0	1	0	0	1	0	0	1	2	3	2	1	1	1	1
628	2	2	1	0	2	2	2	1	3	2	4	2	3	2	3	3	2	3	2	46	3	2	0	0	1	0	0	1	0	0	1	2	3	2	1	1	1	1
630	1	2	0	1	5	5	5	5	5	5	5	5	5	4	5	5	5	4	5	50	3	2	0	0	1	1	0	1	0	1	1	4	1	3	1	0	0	0
630	1	2	0	0	1	1	1	1	1	1	1	1	1	1	1	1	1	1	1	50	3	2	0	0	1	1	0	1	0	1	1	4	1	3	1	0	0	0
630	1	2	1	1	2	2	4	4	4	4	5	5	5	5	2	4	1	2	4	50	3	2	0	0	1	1	0	1	0	1	1	4	1	3	1	0	0	0
630	1	2	1	0	5	2	2	2	2	4	1	1	2	1	1	1	5	1	1	50	3	2	0	0	1	1	0	1	0	1	1	4	1	3	1	0	0	0
631	1	2	0	1	3	4	2	2	3	2	2	2	2	2	3	3	3	3	3	50	3	2	0	0	1	1	1	0	0	1	0	3	2	2	1	0	0	0
631	1	2	0	0	3	3	2	2	3	2	2	2	2	2	4	4	4	3	3	50	3	2	0	0	1	1	1	0	0	1	0	3	2	2	1	0	0	0
631	1	2	1	1	3	4	2	2	2	2	3	2	2	2	2	2	3	2	2	50	3	2	0	0	1	1	1	0	0	1	0	3	2	2	1	0	0	0
631	1	2	1	0	3	3	2	2	2	2	2	2	2	2	4	4	4	4	4	50	3	2	0	0	1	1	1	0	0	1	0	3	2	2	1	0	0	0
632	2	2	0	1	5	4	3	3	3	3	2	3	3	3	5	3	3	3	4	51	3	2	0	0	1	1	0	1	0	1	1	4	3	2	1	1	1	1
632	2	2	0	0	1	3	3	3	3	3	2	3	3	3	1	3	3	3	3	51	3	2	0	0	1	1	0	1	0	1	1	4	3	2	1	1	1	1
632	2	2	1	1	4	4	3	3	3	2	3	3	3	3	4	4	4	2	3	51	3	2	0	0	1	1	0	1	0	1	1	4	3	2	1	1	1	1
632	2	2	1	0	3	4	3	3	3	2	3	3	3	3	4	4	4	2	3	51	3	2	0	0	1	1	0	1	0	1	1	4	3	2	1	1	1	1
633	2	2	0	1	5	5	5	5	5	1	1	1	1	1	3	5	5	5	3	53	3	2	0	0	1	0	0	1	0	0	1	3	3	3	1	1	1	1
633	2	2	0	0	4	5	5	5	5	1	1	1	1	1	3	5	5	5	3	53	3	2	0	0	1	0	0	1	0	0	1	3	3	3	1	1	1	1
633	2	2	1	1	5	5	5	5	5	1	1	1	1	1	3	4	4	3	5	53	3	2	0	0	1	0	0	1	0	0	1	3	3	3	1	1	1	1
633	2	2	1	0	5	5	5	5	5	1	1	1	1	1	3	4	4	3	5	53	3	2	0	0	1	0	0	1	0	0	1	3	3	3	1	1	1	1
634	2	2	0	1	1	5	3	3	4	1	2	4	4	3	3	2	3	3	3	64	3	2	0	0	1	1	0	1	0	1	1	-999	3	4	1	0	1	0
634	2	2	0	0	4	3	3	3	4	4	3	3	3	3	3	4	4	3	3	64	3	2	0	0	1	1	0	1	0	1	1	-999	3	4	1	0	1	0
634	2	2	1	1	1	5	3	1	5	5	5	5	3	4	2	1	1	2	1	64	3	2	0	0	1	1	0	1	0	1	1	-999	3	4	1	0	1	0
634	2	2	1	0	5	1	3	5	1	1	1	1	3	4	4	5	2	4	1	64	3	2	0	0	1	1	0	1	0	1	1	-999	3	4	1	0	1	0
635	1	2	0	1	3	3	4	4	4	1	1	1	1	1	5	5	5	3	5	27	2	1	0	0	1	1	0	0	0	1	0	1	3	2	1	0	0	0
635	1	2	0	0	3	3	4	3	4	1	1	1	1	1	3	3	3	3	4	27	2	1	0	0	1	1	0	0	0	1	0	1	3	2	1	0	0	0
635	1	2	1	1	5	5	5	5	3	1	1	1	1	1	5	5	5	3	5	27	2	1	0	0	1	1	0	0	0	1	0	1	3	2	1	0	0	0
635	1	2	1	0	3	4	3	4	3	2	3	2	1	1	3	3	3	3	3	27	2	1	0	0	1	1	0	0	0	1	0	1	3	2	1	0	0	0
636	2	2	0	1	4	4	4	4	5	1	1	1	1	1	5	3	3	3	3	32	2	1	0	0	1	0	0	1	0	0	1	3	3	2	1	1	1	1
636	2	2	0	0	4	4	4	4	5	1	1	1	1	1	5	3	3	3	3	32	2	1	0	0	1	0	0	1	0	0	1	3	3	2	1	1	1	1
636	2	2	1	1	3	5	3	3	3	4	1	2	3	3	3	3	4	3	3	32	2	1	0	0	1	0	0	1	0	0	1	3	3	2	1	1	1	1
636	2	2	1	0	4	3	3	3	4	3	1	1	1	2	5	4	4	3	4	32	2	1	0	0	1	0	0	1	0	0	1	3	3	2	1	1	1	1
637	2	2	0	1	4	5	4	4	3	4	3	2	2	2	5	5	4	3	3	32	2	1	0	0	1	0	0	1	0	0	1	2	3	2	1	1	1	1
637	2	2	0	0	4	5	4	4	4	3	3	2	2	2	5	5	5	3	3	32	2	1	0	0	1	0	0	1	0	0	1	2	3	2	1	1	1	1
637	2	2	1	1	2	5	1	1	1	5	4	5	5	3	1	1	1	3	1	32	2	1	0	0	1	0	0	1	0	0	1	2	3	2	1	1	1	1
637	2	2	1	0	4	4	4	4	4	2	2	2	2	1	4	4	4	3	5	32	2	1	0	0	1	0	0	1	0	0	1	2	3	2	1	1	1	1
638	2	2	0	1	3	5	3	3	2	1	4	5	4	4	1	1	1	1	1	32	2	1	0	0	1	0	0	1	0	0	1	4	3	2	1	0	1	1
638	2	2	0	0	3	4	3	3	3	3	2	3	3	3	2	3	3	3	4	32	2	1	0	0	1	0	0	1	0	0	1	4	3	2	1	0	1	1
638	2	2	1	1	4	5	3	3	2	5	4	4	4	4	3	2	3	3	3	32	2	1	0	0	1	0	0	1	0	0	1	4	3	2	1	0	1	1
638	2	2	1	0	5	3	3	3	5	1	1	2	1	1	5	5	4	5	4	32	2	1	0	0	1	0	0	1	0	0	1	4	3	2	1	0	1	1
639	2	2	0	1	5	5	3	3	4	2	2	3	3	2	3	3	4	4	4	33	2	1	0	0	1	0	0	1	0	0	1	-999	2	3	1	1	1	1
639	2	2	0	0	3	3	3	3	3	2	3	3	3	3	3	3	3	3	3	33	2	1	0	0	1	0	0	1	0	0	1	-999	2	3	1	1	1	1
639	2	2	1	1	2	4	3	3	4	3	3	3	3	3	3	3	3	4	3	33	2	1	0	0	1	0	0	1	0	0	1	-999	2	3	1	1	1	1
639	2	2	1	0	4	2	3	3	2	3	3	3	3	3	3	3	3	2	3	33	2	1	0	0	1	0	0	1	0	0	1	-999	2	3	1	1	1	1
641	2	2	0	1	4	2	4	4	4	2	3	3	2	2	3	5	5	2	3	39	2	1	0	0	1	0	0	1	0	0	1	4	3	2	1	1	0	0
641	2	2	0	0	3	3	3	4	4	2	3	3	2	2	3	5	5	2	3	39	2	1	0	0	1	0	0	1	0	0	1	4	3	2	1	1	0	0
641	2	2	1	1	4	5	2	1	2	5	3	5	4	3	2	1	1	1	1	39	2	1	0	0	1	0	0	1	0	0	1	4	3	2	1	1	0	0
641	2	2	1	0	4	3	3	3	4	2	2	2	3	3	3	3	3	3	3	39	2	1	0	0	1	0	0	1	0	0	1	4	3	2	1	1	0	0
642	3	2	0	1	3	2	3	4	3	2	1	3	3	3	4	4	5	4	4	39	2	1	0	0	1	1	1	1	1	1	1	3	2	2	1	1	1	0
642	3	2	0	0	2	3	3	3	3	4	3	3	3	3	2	4	4	3	4	39	2	1	0	0	1	1	1	1	1	1	1	3	2	2	1	1	1	0
642	3	2	1	1	3	4	3	3	3	4	3	4	3	4	2	2	4	2	4	39	2	1	0	0	1	1	1	1	1	1	1	3	2	2	1	1	1	0
642	3	2	1	0	3	3	3	3	3	3	3	3	3	2	4	3	4	3	2	39	2	1	0	0	1	1	1	1	1	1	1	3	2	2	1	1	1	0
645	3	2	0	1	3	4	4	3	4	3	4	3	3	4	3	4	4	3	3	43	2	1	0	0	1	0	0	0	1	0	1	-999	2	2	1	0	0	0
645	3	2	0	0	3	4	4	3	4	3	4	3	3	4	3	4	4	3	3	43	2	1	0	0	1	0	0	0	1	0	1	-999	2	2	1	0	0	0
645	3	2	1	1	4	4	3	4	4	4	3	4	4	4	3	3	3	4	3	43	2	1	0	0	1	0	0	0	1	0	1	-999	2	2	1	0	0	0
645	3	2	1	0	4	4	3	4	4	4	3	4	4	4	3	3	3	4	3	43	2	1	0	0	1	0	0	0	1	0	1	-999	2	2	1	0	0	0
650	1	2	0	1	5	4	4	3	4	1	3	2	2	1	3	2	2	3	3	50	3	2	0	0	1	1	0	0	0	1	0	-999	3	2	1	1	1	1
650	1	2	0	0	1	2	3	3	3	3	3	3	3	1	3	3	3	3	4	50	3	2	0	0	1	1	0	0	0	1	0	-999	3	2	1	1	1	1
650	1	2	1	1	1	3	1	2	3	3	5	4	3	5	1	1	1	1	1	50	3	2	0	0	1	1	0	0	0	1	0	-999	3	2	1	1	1	1
650	1	2	1	0	5	3	5	5	3	3	1	1	3	1	5	5	5	3	5	50	3	2	0	0	1	1	0	0	0	1	0	-999	3	2	1	1	1	1
651	3	2	0	1	3	5	4	3	4	4	5	2	3	2	3	2	4	2	2	53	3	2	0	0	1	1	0	0	1	1	1	-999	2	2	1	1	1	1
651	3	2	0	0	3	5	4	3	4	4	5	2	3	2	3	4	4	2	4	53	3	2	0	0	1	1	0	0	1	1	1	-999	2	2	1	1	1	1
651	3	2	1	1	4	5	4	3	3	4	3	4	3	3	4	4	4	3	3	53	3	2	0	0	1	1	0	0	1	1	1	-999	2	2	1	1	1	1
651	3	2	1	0	3	4	3	3	3	2	3	2	2	3	4	4	4	3	3	53	3	2	0	0	1	1	0	0	1	1	1	-999	2	2	1	1	1	1
654	3	2	0	1	3	4	3	3	4	1	1	3	1	3	3	3	4	3	5	36	2	1	0	0	1	1	0	1	1	1	1	-999	2	2	1	0	1	0
654	3	2	0	0	2	4	3	3	3	3	3	3	3	3	3	3	3	3	3	36	2	1	0	0	1	1	0	1	1	1	1	-999	2	2	1	0	1	0
654	3	2	1	1	4	5	3	3	3	3	3	3	3	3	3	3	3	4	3	36	2	1	0	0	1	1	0	1	1	1	1	-999	2	2	1	0	1	0
654	3	2	1	0	3	3	3	3	3	3	3	3	3	3	3	3	3	3	3	36	2	1	0	0	1	1	0	1	1	1	1	-999	2	2	1	0	1	0
655	1	2	0	1	4	4	3	4	3	1	2	2	2	2	4	4	4	3	3	45	3	1	0	0	1	0	0	1	0	0	1	3	3	3	1	0	0	0
655	1	2	0	0	3	4	3	4	4	3	2	3	3	2	4	3	4	3	3	45	3	1	0	0	1	0	0	1	0	0	1	3	3	3	1	0	0	0
655	1	2	1	1	4	4	4	3	4	2	2	2	2	2	4	4	4	2	2	45	3	1	0	0	1	0	0	1	0	0	1	3	3	3	1	0	0	0
655	1	2	1	0	3	4	3	3	3	2	2	2	2	2	4	4	4	2	2	45	3	1	0	0	1	0	0	1	0	0	1	3	3	3	1	0	0	0
656	2	2	0	1	2	5	3	5	5	1	1	1	2	1	2	4	4	3	4	55	3	2	0	1	1	0	0	1	1	0	1	1	3	4	1	1	1	1
656	2	2	0	0	5	5	5	5	5	1	3	1	1	1	5	5	5	5	5	55	3	2	0	1	1	0	0	1	1	0	1	1	3	4	1	1	1	1
656	2	2	1	1	1	5	1	4	4	4	4	4	4	2	2	3	3	3	1	55	3	2	0	1	1	0	0	1	1	0	1	1	3	4	1	1	1	1
656	2	2	1	0	5	4	5	3	5	1	1	1	1	1	5	3	3	3	5	55	3	2	0	1	1	0	0	1	1	0	1	1	3	4	1	1	1	1
657	1	2	0	1	4	5	3	4	4	1	2	2	3	3	4	4	4	4	5	20	1	2	0	0	0	0	0	0	0	0	0	1	3	3	1	1	1	0
657	1	2	0	0	3	2	3	2	3	4	3	3	3	3	1	1	2	2	2	20	1	2	0	0	0	0	0	0	0	0	0	1	3	3	1	1	1	0
657	1	2	1	1	2	3	3	3	4	1	2	1	2	3	4	2	4	3	4	20	1	2	0	0	0	0	0	0	0	0	0	1	3	3	1	1	1	0
657	1	2	1	0	3	4	3	3	2	3	4	4	4	3	3	4	3	3	4	20	1	2	0	0	0	0	0	0	0	0	0	1	3	3	1	1	1	0
658	1	2	0	1	5	4	1	1	3	3	1	1	1	1	3	3	4	3	4	21	1	2	0	0	1	1	0	0	0	1	0	3	2	2	0	1	0	0
658	1	2	0	0	3	3	1	1	3	3	1	1	1	1	3	3	2	3	3	21	1	2	0	0	1	1	0	0	0	1	0	3	2	2	0	1	0	0
658	1	2	1	1	3	4	3	1	3	1	1	2	1	1	4	4	4	3	4	21	1	2	0	0	1	1	0	0	0	1	0	3	2	2	0	1	0	0
658	1	2	1	0	3	1	3	1	3	1	1	2	1	1	3	3	4	3	4	21	1	2	0	0	1	1	0	0	0	1	0	3	2	2	0	1	0	0
661	1	2	0	1	2	2	3	3	2	2	2	2	1	1	4	4	4	3	2	29	2	2	0	0	0	0	0	0	0	0	0	2	3	2	1	0	1	0
661	1	2	0	0	2	3	1	1	2	2	2	2	1	2	4	4	4	3	2	29	2	2	0	0	0	0	0	0	0	0	0	2	3	2	1	0	1	0
661	1	2	1	1	2	3	4	4	1	2	1	1	1	2	3	2	4	4	4	29	2	2	0	0	0	0	0	0	0	0	0	2	3	2	1	0	1	0
661	1	2	1	0	3	1	1	2	1	1	1	1	1	2	3	4	4	4	4	29	2	2	0	0	0	0	0	0	0	0	0	2	3	2	1	0	1	0
667	2	2	0	1	1	4	1	3	3	5	4	3	3	3	1	1	5	1	5	39	2	2	0	0	1	0	0	1	0	0	1	2	3	2	1	1	1	1
667	2	2	0	0	5	4	3	3	3	5	1	3	3	3	5	1	5	5	5	39	2	2	0	0	1	0	0	1	0	0	1	2	3	2	1	1	1	1
667	2	2	1	1	3	4	3	3	3	1	4	3	3	3	1	3	5	5	1	39	2	2	0	0	1	0	0	1	0	0	1	2	3	2	1	1	1	1
667	2	2	1	0	3	4	3	3	3	1	1	3	3	3	5	3	5	5	5	39	2	2	0	0	1	0	0	1	0	0	1	2	3	2	1	1	1	1
668	3	2	0	1	3	5	1	3	1	5	5	5	5	5	2	2	1	1	2	24	1	1	0	0	1	0	0	0	1	0	1	-999	3	2	1	1	1	1
668	3	2	0	0	5	4	4	3	4	1	4	2	3	2	4	4	4	4	4	24	1	1	0	0	1	0	0	0	1	0	1	-999	3	2	1	1	1	1
668	3	2	1	1	2	5	3	3	2	5	5	5	5	5	2	2	2	2	2	24	1	1	0	0	1	0	0	0	1	0	1	-999	3	2	1	1	1	1
668	3	2	1	0	4	2	3	3	4	4	2	2	2	2	4	4	4	4	5	24	1	1	0	0	1	0	0	0	1	0	1	-999	3	2	1	1	1	1
669	1	2	0	1	5	1	5	4	1	1	1	4	1	2	5	5	5	4	5	29	2	1	0	0	1	1	0	0	0	1	0	4	2	2	1	0	1	0
669	1	2	0	0	1	5	1	2	5	5	5	1	5	5	1	1	2	1	1	29	2	1	0	0	1	1	0	0	0	1	0	4	2	2	1	0	1	0
669	1	2	1	1	4	5	4	4	4	4	4	4	4	1	1	1	1	5	5	29	2	1	0	0	1	1	0	0	0	1	0	4	2	2	1	0	1	0
669	1	2	1	0	2	1	2	2	1	2	1	2	1	4	5	5	5	1	1	29	2	1	0	0	1	1	0	0	0	1	0	4	2	2	1	0	1	0
670	1	2	0	1	4	4	4	5	4	2	2	2	2	2	5	4	4	3	5	31	2	1	0	0	0	0	0	0	0	0	0	2	3	2	1	1	1	1
670	1	2	0	0	3	3	3	3	3	2	3	3	2	2	3	4	4	3	3	31	2	1	0	0	0	0	0	0	0	0	0	2	3	2	1	1	1	1
670	1	2	1	1	5	5	5	5	5	2	2	2	2	2	5	4	4	4	5	31	2	1	0	0	0	0	0	0	0	0	0	2	3	2	1	1	1	1
670	1	2	1	0	3	3	3	3	3	2	2	3	2	2	3	4	4	3	3	31	2	1	0	0	0	0	0	0	0	0	0	2	3	2	1	1	1	1
673	1	2	0	1	5	3	3	3	3	1	2	3	3	3	4	4	4	4	4	17	1	2	1	0	0	0	0	0	0	0	0	1	3	2	1	1	0	0
673	1	2	0	0	3	3	3	3	3	4	4	3	3	3	3	2	2	3	2	17	1	2	1	0	0	0	0	0	0	0	0	1	3	2	1	1	0	0
673	1	2	1	1	4	3	4	4	3	3	4	3	3	3	3	4	4	4	4	17	1	2	1	0	0	0	0	0	0	0	0	1	3	2	1	1	0	0
673	1	2	1	0	2	3	2	3	3	3	2	3	3	3	3	2	2	2	2	17	1	2	1	0	0	0	0	0	0	0	0	1	3	2	1	1	0	0
674	2	2	0	1	4	2	4	3	4	1	3	1	1	2	4	4	4	5	4	17	1	2	1	0	1	0	0	1	0	0	1	1	2	4	0	0	1	1
674	2	2	0	0	2	4	3	2	3	3	4	2	2	2	3	3	4	5	4	17	1	2	1	0	1	0	0	1	0	0	1	1	2	4	0	0	1	1
674	2	2	1	1	3	5	3	3	3	4	3	3	4	2	3	4	4	5	4	17	1	2	1	0	1	0	0	1	0	0	1	1	2	4	0	0	1	1
674	2	2	1	0	4	3	3	3	4	2	2	2	2	2	4	4	4	5	5	17	1	2	1	0	1	0	0	1	0	0	1	1	2	4	0	0	1	1
675	1	2	0	1	3	3	3	3	3	3	3	3	3	3	3	3	3	4	3	19	1	2	1	0	0	0	0	0	0	0	0	1	2	3	1	0	1	0
675	1	2	0	0	3	3	3	3	3	3	3	3	3	3	3	3	3	4	3	19	1	2	1	0	0	0	0	0	0	0	0	1	2	3	1	0	1	0
675	1	2	1	1	3	4	3	4	3	3	3	4	2	2	3	4	3	3	3	19	1	2	1	0	0	0	0	0	0	0	0	1	2	3	1	0	1	0
675	1	2	1	0	4	4	3	2	3	3	3	3	2	2	3	4	3	4	3	19	1	2	1	0	0	0	0	0	0	0	0	1	2	3	1	0	1	0
677	2	2	0	1	4	4	3	3	4	4	2	1	2	1	4	4	5	3	4	20	1	2	1	0	1	0	0	1	0	0	1	1	2	2	1	0	1	0
677	2	2	0	0	2	5	3	3	5	2	2	2	3	3	3	2	5	3	4	20	1	2	1	0	1	0	0	1	0	0	1	1	2	2	1	0	1	0
677	2	2	1	1	2	5	3	2	4	4	2	3	2	2	2	3	4	2	1	20	1	2	1	0	1	0	0	1	0	0	1	1	2	2	1	0	1	0
677	2	2	1	0	3	4	3	3	5	3	1	1	1	1	4	5	5	4	4	20	1	2	1	0	1	0	0	1	0	0	1	1	2	2	1	0	1	0
679	3	2	0	1	5	5	1	1	4	1	3	1	1	1	4	2	4	4	3	21	1	2	1	0	1	0	0	0	1	0	1	1	3	2	1	1	1	1
679	3	2	0	0	3	3	3	1	3	4	3	1	1	1	4	4	4	4	4	21	1	2	1	0	1	0	0	0	1	0	1	1	3	2	1	1	1	1
679	3	2	1	1	2	4	2	2	1	4	3	4	4	4	3	2	2	3	2	21	1	2	1	0	1	0	0	0	1	0	1	1	3	2	1	1	1	1
679	3	2	1	0	4	2	4	4	4	2	2	2	2	2	4	4	4	3	4	21	1	2	1	0	1	0	0	0	1	0	1	1	3	2	1	1	1	1
684	1	2	0	1	4	4	3	3	2	2	3	2	2	1	4	4	4	2	3	18	1	1	1	0	0	0	0	0	0	0	0	1	2	2	1	0	1	0
684	1	2	0	0	3	3	3	2	2	3	3	2	2	2	4	4	4	2	3	18	1	1	1	0	0	0	0	0	0	0	0	1	2	2	1	0	1	0
684	1	2	1	1	2	4	2	2	4	2	2	3	2	2	3	3	3	3	3	18	1	1	1	0	0	0	0	0	0	0	0	1	2	2	1	0	1	0
684	1	2	1	0	4	4	3	2	4	2	2	2	2	1	5	5	4	3	5	18	1	1	1	0	0	0	0	0	0	0	0	1	2	2	1	0	1	0
685	1	2	0	1	4	4	4	4	3	5	1	2	2	2	5	4	4	3	4	18	1	1	1	0	0	0	0	0	0	0	0	1	3	2	1	0	1	0
685	1	2	0	0	2	2	2	2	3	1	4	4	3	3	1	4	3	3	2	18	1	1	1	0	0	0	0	0	0	0	0	1	3	2	1	0	1	0
685	1	2	1	1	5	2	4	4	4	4	2	1	2	2	4	4	4	4	4	18	1	1	1	0	0	0	0	0	0	0	0	1	3	2	1	0	1	0
685	1	2	1	0	1	4	3	2	3	2	3	4	3	4	3	3	3	4	2	18	1	1	1	0	0	0	0	0	0	0	0	1	3	2	1	0	1	0
688	3	2	0	1	1	5	1	1	2	5	1	5	5	5	1	1	2	1	1	28	2	1	0	1	1	0	1	0	1	1	1	-999	3	2	0	0	1	0
688	3	2	0	0	4	3	3	3	3	1	3	3	3	3	3	3	3	3	5	28	2	1	0	1	1	0	1	0	1	1	1	-999	3	2	0	0	1	0
688	3	2	1	1	1	5	1	1	2	5	5	5	5	5	1	1	1	1	1	28	2	1	0	1	1	0	1	0	1	1	1	-999	3	2	0	0	1	0
688	3	2	1	0	3	3	3	3	3	3	3	3	3	3	5	5	5	5	5	28	2	1	0	1	1	0	1	0	1	1	1	-999	3	2	0	0	1	0
689	2	2	0	1	3	5	3	1	2	4	4	2	1	2	2	3	3	3	2	64	3	2	0	1	1	1	0	1	0	1	1	3	2	2	1	0	1	0
689	2	2	0	0	4	3	3	3	4	4	2	2	2	2	4	4	5	3	4	64	3	2	0	1	1	1	0	1	0	1	1	3	2	2	1	0	1	0
689	2	2	1	1	2	4	3	2	3	3	3	3	2	1	3	2	2	2	2	64	3	2	0	1	1	1	0	1	0	1	1	3	2	2	1	0	1	0
689	2	2	1	0	5	2	4	4	3	1	2	3	2	1	4	4	4	3	4	64	3	2	0	1	1	1	0	1	0	1	1	3	2	2	1	0	1	0
690	1	2	0	1	5	5	4	5	4	1	1	1	1	2	5	5	4	4	5	67	4	2	0	1	0	0	0	0	0	0	0	3	3	4	1	0	1	0
690	1	2	0	0	1	1	1	2	2	5	5	4	4	4	2	2	2	2	1	67	4	2	0	1	0	0	0	0	0	0	0	3	3	4	1	0	1	0
690	1	2	1	1	4	4	3	3	4	2	2	3	2	2	4	3	4	3	3	67	4	2	0	1	0	0	0	0	0	0	0	3	3	4	1	0	1	0
690	1	2	1	0	3	2	3	3	4	3	3	3	2	2	3	3	4	4	3	67	4	2	0	1	0	0	0	0	0	0	0	3	3	4	1	0	1	0
691	2	2	0	1	4	5	4	2	4	1	1	1	1	1	4	4	4	4	4	67	4	2	0	1	1	1	0	1	0	1	1	-999	2	3	1	0	1	0
691	2	2	0	0	3	5	2	3	5	1	2	1	1	1	2	3	4	4	4	67	4	2	0	1	1	1	0	1	0	1	1	-999	2	3	1	0	1	0
691	2	2	1	1	1	5	1	2	2	5	5	4	3	3	2	2	2	3	2	67	4	2	0	1	1	1	0	1	0	1	1	-999	2	3	1	0	1	0
691	2	2	1	0	4	1	5	4	4	1	1	2	3	3	4	5	5	3	4	67	4	2	0	1	1	1	0	1	0	1	1	-999	2	3	1	0	1	0
693	3	2	0	1	3	5	3	3	1	4	3	4	4	3	1	1	3	3	4	28	2	2	-999	-999	1	0	0	1	1	0	1	-999	1	2	1	1	1	1
693	3	2	0	0	4	3	3	3	5	1	1	1	1	1	5	5	5	3	5	28	2	2	-999	-999	1	0	0	1	1	0	1	-999	1	2	1	1	1	1
693	3	2	1	1	2	5	1	2	1	5	4	5	5	4	1	1	1	3	3	28	2	2	-999	-999	1	0	0	1	1	0	1	-999	1	2	1	1	1	1
693	3	2	1	0	5	3	3	2	5	1	1	3	1	1	5	4	5	3	3	28	2	2	-999	-999	1	0	0	1	1	0	1	-999	1	2	1	1	1	1
694	3	2	0	1	4	1	3	3	5	1	1	3	3	1	3	4	4	3	4	35	2	2	-999	-999	1	0	0	0	1	0	1	-999	2	2	1	1	0	0
694	3	2	0	0	3	1	3	3	3	2	1	3	3	2	3	3	4	3	3	35	2	2	-999	-999	1	0	0	0	1	0	1	-999	2	2	1	1	0	0
694	3	2	1	1	4	4	3	2	4	2	1	2	1	1	3	4	4	3	4	35	2	2	-999	-999	1	0	0	0	1	0	1	-999	2	2	1	1	0	0
694	3	2	1	0	4	4	3	2	4	2	1	2	1	1	3	4	4	3	4	35	2	2	-999	-999	1	0	0	0	1	0	1	-999	2	2	1	1	0	0
696	3	2	0	1	3	5	4	2	3	5	2	4	4	2	4	3	4	3	4	40	2	1	-999	-999	1	0	0	0	1	0	1	-999	2	1	1	0	1	0
696	3	2	0	0	2	3	3	2	3	2	2	2	4	2	4	4	4	3	4	40	2	1	-999	-999	1	0	0	0	1	0	1	-999	2	1	1	0	1	0
696	3	2	1	1	3	5	2	2	3	5	3	4	2	2	4	4	4	3	3	40	2	1	-999	-999	1	0	0	0	1	0	1	-999	2	1	1	0	1	0
696	3	2	1	0	3	2	2	2	3	2	3	2	2	2	4	4	4	3	3	40	2	1	-999	-999	1	0	0	0	1	0	1	-999	2	1	1	0	1	0
700	3	2	0	1	4	4	4	2	2	3	2	5	4	4	2	2	2	2	5	22	1	2	0	0	1	0	0	0	1	0	1	-999	2	2	1	0	0	1
700	3	2	0	0	4	4	4	4	2	4	2	3	2	2	4	2	2	2	5	22	1	2	0	0	1	0	0	0	1	0	1	-999	2	2	1	0	0	1
700	3	2	1	1	3	4	3	3	2	4	3	5	4	4	4	3	3	3	3	22	1	2	0	0	1	0	0	0	1	0	1	-999	2	2	1	0	0	1
700	3	2	1	0	3	4	3	3	3	3	3	4	3	3	5	4	3	3	3	22	1	2	0	0	1	0	0	0	1	0	1	-999	2	2	1	0	0	1
701	3	2	0	1	3	5	3	4	4	4	2	4	2	4	1	2	4	2	1	23	1	2	0	0	1	0	0	0	1	0	1	3	2	2	0	1	1	0
701	3	2	0	0	4	3	3	2	4	2	3	2	3	2	5	5	4	5	5	23	1	2	0	0	1	0	0	0	1	0	1	3	2	2	0	1	1	0
701	3	2	1	1	2	4	3	2	2	4	3	4	4	4	2	2	4	2	2	23	1	2	0	0	1	0	0	0	1	0	1	3	2	2	0	1	1	0
701	3	2	1	0	4	2	4	4	4	2	3	2	2	2	4	4	4	4	4	23	1	2	0	0	1	0	0	0	1	0	1	3	2	2	0	1	1	0
706	2	2	0	1	3	4	2	2	2	4	2	2	2	2	4	4	4	4	4	30	2	2	0	0	1	0	0	1	0	0	1	3	2	2	1	1	1	0
706	2	2	0	0	4	2	2	2	2	2	2	2	2	2	4	4	4	4	4	30	2	2	0	0	1	0	0	1	0	0	1	3	2	2	1	1	1	0
706	2	2	1	1	3	4	2	2	2	4	2	3	2	2	4	4	4	4	3	30	2	2	0	0	1	0	0	1	0	0	1	3	2	2	1	1	1	0
706	2	2	1	0	4	3	3	1	2	3	2	2	2	2	4	4	4	4	4	30	2	2	0	0	1	0	0	1	0	0	1	3	2	2	1	1	1	0
709	2	2	0	1	2	4	2	1	2	2	2	2	1	2	4	4	4	4	4	37	2	2	0	0	1	0	0	1	0	0	1	-999	2	2	1	0	1	0
709	2	2	0	0	2	2	2	1	2	2	2	2	1	2	4	4	4	4	4	37	2	2	0	0	1	0	0	1	0	0	1	-999	2	2	1	0	1	0
709	2	2	1	1	2	4	3	2	2	4	3	2	2	2	4	4	4	4	4	37	2	2	0	0	1	0	0	1	0	0	1	-999	2	2	1	0	1	0
709	2	2	1	0	4	2	3	2	2	2	3	2	2	2	4	4	4	4	4	37	2	2	0	0	1	0	0	1	0	0	1	-999	2	2	1	0	1	0
712	1	2	0	1	4	5	4	5	3	2	2	5	1	2	5	5	4	4	4	42	2	2	0	0	0	0	0	0	0	0	0	3	3	2	1	0	1	0
712	1	2	0	0	2	1	2	1	3	2	1	1	3	2	2	3	2	2	1	42	2	2	0	0	0	0	0	0	0	0	0	3	3	2	1	0	1	0
712	1	2	1	1	2	4	4	4	3	3	3	3	3	3	3	4	4	3	3	42	2	2	0	0	0	0	0	0	0	0	0	3	3	2	1	0	1	0
712	1	2	1	0	3	2	3	3	3	3	3	3	3	3	4	3	3	3	3	42	2	2	0	0	0	0	0	0	0	0	0	3	3	2	1	0	1	0
715	2	2	0	1	3	4	2	2	3	4	2	4	2	3	3	3	4	3	3	46	3	2	0	0	1	1	0	1	0	1	1	4	3	2	1	1	1	1
715	2	2	0	0	3	4	2	2	3	3	2	4	2	3	3	3	4	3	3	46	3	2	0	0	1	1	0	1	0	1	1	4	3	2	1	1	1	1
715	2	2	1	1	3	5	3	3	3	4	4	4	3	3	1	2	3	3	2	46	3	2	0	0	1	1	0	1	0	1	1	4	3	2	1	1	1	1
715	2	2	1	0	4	3	3	3	3	2	3	3	3	3	3	4	3	3	4	46	3	2	0	0	1	1	0	1	0	1	1	4	3	2	1	1	1	1
718	1	2	0	1	4	4	4	4	5	1	1	1	1	1	5	5	5	1	5	55	3	2	0	0	1	1	0	1	1	1	1	-999	3	2	1	0	1	0
718	1	2	0	0	2	2	1	3	3	3	3	3	3	3	3	3	3	1	3	55	3	2	0	0	1	1	0	1	1	1	1	-999	3	2	1	0	1	0
718	1	2	1	1	5	4	4	4	4	1	1	1	1	1	3	5	5	1	2	55	3	2	0	0	1	1	0	1	1	1	1	-999	3	2	1	0	1	0
718	1	2	1	0	3	3	3	3	3	3	3	3	3	3	3	3	3	1	2	55	3	2	0	0	1	1	0	1	1	1	1	-999	3	2	1	0	1	0
719	2	2	0	1	5	1	1	5	5	1	1	1	1	1	5	5	5	5	5	61	3	2	0	0	1	0	0	1	0	0	1	4	3	2	1	0	0	0
719	2	2	0	0	2	1	1	5	5	1	1	1	1	1	2	4	4	4	2	61	3	2	0	0	1	0	0	1	0	0	1	4	3	2	1	0	0	0
719	2	2	1	1	1	5	1	1	1	5	5	5	5	5	1	1	1	1	1	61	3	2	0	0	1	0	0	1	0	0	1	4	3	2	1	0	0	0
719	2	2	1	0	5	1	5	5	5	1	1	1	1	1	5	5	5	5	5	61	3	2	0	0	1	0	0	1	0	0	1	4	3	2	1	0	0	0
722	2	2	0	1	5	5	3	4	3	4	3	5	4	3	4	3	3	2	4	32	2	1	0	0	1	1	0	0	0	1	0	3	3	2	1	0	1	0
722	2	2	0	0	3	3	3	3	3	3	4	2	3	3	3	3	3	3	3	32	2	1	0	0	1	1	0	0	0	1	0	3	3	2	1	0	1	0
722	2	2	1	1	3	5	3	3	3	4	3	4	4	2	3	2	3	2	2	32	2	1	0	0	1	1	0	0	0	1	0	3	3	2	1	0	1	0
722	2	2	1	0	3	4	3	3	3	3	3	3	3	3	3	3	3	2	4	32	2	1	0	0	1	1	0	0	0	1	0	3	3	2	1	0	1	0
723	3	2	0	1	5	4	2	4	4	4	2	2	2	2	5	4	5	5	5	32	2	1	0	0	1	1	0	0	1	1	1	-999	1	2	1	0	0	0
723	3	2	0	0	1	4	4	2	2	4	4	2	2	4	1	2	1	1	2	32	2	1	0	0	1	1	0	0	1	1	1	-999	1	2	1	0	0	0
723	3	2	1	1	2	4	3	2	4	5	3	4	4	2	2	2	2	3	2	32	2	1	0	0	1	1	0	0	1	1	1	-999	1	2	1	0	0	0
723	3	2	1	0	4	2	3	4	2	4	3	2	2	2	4	4	4	3	4	32	2	1	0	0	1	1	0	0	1	1	1	-999	1	2	1	0	0	0
726	3	2	0	1	2	5	2	4	4	5	1	5	5	2	2	1	3	1	2	34	2	1	0	0	1	0	0	0	1	0	1	2	3	3	1	0	1	0
726	3	2	0	0	5	5	2	4	4	2	1	5	5	3	2	1	3	1	4	34	2	1	0	0	1	0	0	0	1	0	1	2	3	3	1	0	1	0
726	3	2	1	1	1	4	1	1	1	5	3	5	5	5	1	1	1	1	1	34	2	1	0	0	1	0	0	0	1	0	1	2	3	3	1	0	1	0
726	3	2	1	0	3	3	3	3	3	3	2	3	3	4	4	3	4	3	4	34	2	1	0	0	1	0	0	0	1	0	1	2	3	3	1	0	1	0
728	1	2	0	1	5	5	5	5	5	5	2	5	5	5	5	4	4	3	5	39	2	1	0	0	1	1	0	0	0	1	0	-999	3	2	1	0	1	0
728	1	2	0	0	1	1	1	1	1	1	3	1	1	1	1	2	2	3	1	39	2	1	0	0	1	1	0	0	0	1	0	-999	3	2	1	0	1	0
728	1	2	1	1	2	3	3	3	1	2	2	2	3	3	4	1	4	4	2	39	2	1	0	0	1	1	0	0	0	1	0	-999	3	2	1	0	1	0
728	1	2	1	0	4	3	3	3	5	4	4	3	3	3	3	5	3	3	4	39	2	1	0	0	1	1	0	0	0	1	0	-999	3	2	1	0	1	0
730	3	2	0	1	3	4	2	3	2	3	2	2	2	2	4	2	4	2	4	45	3	1	0	0	1	1	1	1	1	1	1	-999	2	3	1	0	1	0
730	3	2	0	0	3	4	2	3	4	3	2	2	2	2	4	3	4	2	4	45	3	1	0	0	1	1	1	1	1	1	1	-999	2	3	1	0	1	0
730	3	2	1	1	2	4	2	2	2	4	2	2	4	2	2	2	4	2	3	45	3	1	0	0	1	1	1	1	1	1	1	-999	2	3	1	0	1	0
730	3	2	1	0	4	2	2	2	4	3	2	2	2	2	4	4	4	4	3	45	3	1	0	0	1	1	1	1	1	1	1	-999	2	3	1	0	1	0
732	3	2	0	1	1	5	3	3	2	5	1	5	4	5	3	3	3	4	3	47	3	1	0	0	1	1	0	0	1	1	1	2	3	2	1	1	1	1
732	3	2	0	0	1	3	3	3	2	3	3	2	3	3	3	4	4	5	5	47	3	1	0	0	1	1	0	0	1	1	1	2	3	2	1	1	1	1
732	3	2	1	1	1	5	3	3	1	5	1	5	5	5	3	1	3	3	2	47	3	1	0	0	1	1	0	0	1	1	1	2	3	2	1	1	1	1
732	3	2	1	0	3	4	3	2	4	3	1	2	2	2	4	3	4	4	5	47	3	1	0	0	1	1	0	0	1	1	1	2	3	2	1	1	1	1
734	1	2	0	1	5	4	5	5	5	1	1	1	1	1	5	5	5	5	5	57	3	1	0	0	1	0	0	0	1	0	1	-999	2	2	1	0	0	0
734	1	2	0	0	3	4	4	3	2	1	1	1	3	3	3	1	2	3	2	57	3	1	0	0	1	0	0	0	1	0	1	-999	2	2	1	0	0	0
734	1	2	1	1	5	5	4	5	5	2	1	1	1	1	5	5	5	5	5	57	3	1	0	0	1	0	0	0	1	0	1	-999	2	2	1	0	0	0
734	1	2	1	0	2	5	2	2	2	5	3	3	3	1	1	1	1	1	1	57	3	1	0	0	1	0	0	0	1	0	1	-999	2	2	1	0	0	0
736	2	2	0	1	3	4	3	3	1	2	2	2	2	1	3	3	3	1	1	30	2	2	0	0	1	1	0	1	0	1	1	4	3	1	1	0	1	1
736	2	2	0	0	3	2	3	1	1	1	1	1	1	1	3	4	4	1	1	30	2	2	0	0	1	1	0	1	0	1	1	4	3	1	1	0	1	1
736	2	2	1	1	1	5	3	3	3	4	2	4	4	4	3	2	2	1	1	30	2	2	0	0	1	1	0	1	0	1	1	4	3	1	1	0	1	1
736	2	2	1	0	1	1	1	3	3	1	1	1	1	1	3	5	5	4	5	30	2	2	0	0	1	1	0	1	0	1	1	4	3	1	1	0	1	1
737	3	2	0	1	3	1	1	3	1	3	4	1	1	1	5	1	3	3	3	31	2	2	0	0	1	0	0	0	1	0	1	3	3	4	1	1	1	1
737	3	2	0	0	5	5	5	5	5	5	3	5	5	5	1	5	5	3	3	31	2	2	0	0	1	0	0	0	1	0	1	3	3	4	1	1	1	1
737	3	2	1	1	1	3	5	1	1	1	1	1	1	1	1	1	1	1	1	31	2	2	0	0	1	0	0	0	1	0	1	3	3	4	1	1	1	1
737	3	2	1	0	5	5	5	5	5	5	1	5	5	5	5	5	5	5	5	31	2	2	0	0	1	0	0	0	1	0	1	3	3	4	1	1	1	1
741	3	2	0	1	5	5	4	5	5	3	1	3	2	2	5	5	5	5	5	50	3	2	0	0	1	1	0	0	1	1	1	1	1	4	1	0	0	0
741	3	2	0	0	1	2	2	1	2	5	4	5	5	5	1	2	1	1	1	50	3	2	0	0	1	1	0	0	1	1	1	1	1	4	1	0	0	0
741	3	2	1	1	5	4	5	4	5	1	2	2	2	4	4	5	4	5	5	50	3	2	0	0	1	1	0	0	1	1	1	1	1	4	1	0	0	0
741	3	2	1	0	1	2	1	2	2	1	4	4	4	4	2	2	2	2	2	50	3	2	0	0	1	1	0	0	1	1	1	1	1	4	1	0	0	0
743	1	2	0	1	5	1	3	4	5	3	5	3	1	3	5	5	5	4	5	62	3	2	0	0	1	1	1	1	0	1	1	6	3	2	1	1	1	1
743	1	2	0	0	1	5	3	2	1	3	1	3	5	3	1	1	1	2	1	62	3	2	0	0	1	1	1	1	0	1	1	6	3	2	1	1	1	1
743	1	2	1	1	4	5	3	3	4	1	4	3	3	4	4	4	3	3	3	62	3	2	0	0	1	1	1	1	0	1	1	6	3	2	1	1	1	1
743	1	2	1	0	4	1	3	3	2	1	4	3	3	2	2	2	3	3	3	62	3	2	0	0	1	1	1	1	0	1	1	6	3	2	1	1	1	1
744	2	2	0	1	4	5	2	4	2	4	4	4	4	3	2	2	3	3	2	24	1	1	0	0	1	0	0	1	0	0	1	3	3	3	1	1	1	1
744	2	2	0	0	4	5	5	3	4	1	1	1	1	3	4	4	3	3	5	24	1	1	0	0	1	0	0	1	0	0	1	3	3	3	1	1	1	1
744	2	2	1	1	2	5	2	3	2	4	3	5	4	4	1	1	1	3	1	24	1	1	0	0	1	0	0	1	0	0	1	3	3	3	1	1	1	1
744	2	2	1	0	4	4	2	3	4	2	3	2	2	1	5	5	5	3	5	24	1	1	0	0	1	0	0	1	0	0	1	3	3	3	1	1	1	1
747	1	2	0	1	5	4	3	4	5	2	1	3	2	1	4	4	4	3	3	48	3	1	0	0	0	0	0	0	0	0	0	-999	3	4	1	1	1	1
747	1	2	0	0	3	4	3	3	5	2	1	3	2	1	4	4	4	3	3	48	3	1	0	0	0	0	0	0	0	0	0	-999	3	4	1	1	1	1
747	1	2	1	1	4	3	4	4	5	1	1	1	1	1	5	5	5	5	5	48	3	1	0	0	0	0	0	0	0	0	0	-999	3	4	1	1	1	1
747	1	2	1	0	4	3	4	4	5	1	1	1	1	1	5	5	5	5	5	48	3	1	0	0	0	0	0	0	0	0	0	-999	3	4	1	1	1	1
752	2	2	0	1	4	5	4	4	5	4	1	1	1	1	2	4	4	4	5	68	4	2	0	1	1	1	0	1	0	1	1	4	3	2	1	0	1	0
752	2	2	0	0	5	2	4	4	5	1	1	2	1	1	1	4	5	4	5	68	4	2	0	1	1	1	0	1	0	1	1	4	3	2	1	0	1	0
752	2	2	1	1	1	5	3	3	3	3	3	3	3	4	3	3	3	3	3	68	4	2	0	1	1	1	0	1	0	1	1	4	3	2	1	0	1	0
752	2	2	1	0	5	1	5	1	1	1	1	1	1	1	5	5	5	5	5	68	4	2	0	1	1	1	0	1	0	1	1	4	3	2	1	0	1	0
753	3	2	0	1	3	5	3	3	5	1	1	1	1	1	3	5	4	4	4	42	2	2	0	0	1	0	0	1	1	0	1	3	3	2	1	1	1	0
753	3	2	0	0	3	5	3	3	5	1	1	1	1	1	3	5	4	4	4	42	2	2	0	0	1	0	0	1	1	0	1	3	3	2	1	1	1	0
753	3	2	1	1	3	5	3	3	5	3	1	1	1	1	4	4	4	4	5	42	2	2	0	0	1	0	0	1	1	0	1	3	3	2	1	1	1	0
753	3	2	1	0	3	5	3	3	5	3	1	1	1	1	4	4	4	4	5	42	2	2	0	0	1	0	0	1	1	0	1	3	3	2	1	1	1	0
754	1	2	0	1	5	5	5	4	4	1	2	3	1	3	3	4	4	4	4	26	2	1	0	0	1	1	0	0	0	1	0	3	3	1	0	0	0	1
754	1	2	0	0	4	3	3	2	3	4	3	2	3	3	3	3	2	3	2	26	2	1	0	0	1	1	0	0	0	1	0	3	3	1	0	0	0	1
754	1	2	1	1	2	5	3	3	3	4	3	4	3	3	2	3	3	3	2	26	2	1	0	0	1	1	0	0	0	1	0	3	3	1	0	0	0	1
754	1	2	1	0	4	3	3	3	3	3	3	3	3	3	3	4	3	3	4	26	2	1	0	0	1	1	0	0	0	1	0	3	3	1	0	0	0	1
755	1	2	0	1	4	5	4	5	3	3	3	3	2	3	5	4	5	3	5	30	2	1	0	0	0	0	0	0	0	0	0	2	2	2	1	0	1	0
755	1	2	0	0	4	5	4	3	2	3	3	3	2	3	1	4	3	3	3	30	2	1	0	0	0	0	0	0	0	0	0	2	2	2	1	0	1	0
755	1	2	1	1	3	5	3	3	4	5	3	5	4	3	1	2	2	3	4	30	2	1	0	0	0	0	0	0	0	0	0	2	2	2	1	0	1	0
755	1	2	1	0	3	3	3	3	3	2	3	2	2	3	5	4	4	3	4	30	2	1	0	0	0	0	0	0	0	0	0	2	2	2	1	0	1	0
756	2	2	0	1	1	5	1	1	1	5	4	5	5	4	1	2	2	3	1	30	2	1	0	0	1	1	0	1	0	1	1	3	3	4	1	1	1	1
756	2	2	0	0	5	2	5	5	5	1	1	1	1	1	5	5	4	5	5	30	2	1	0	0	1	1	0	1	0	1	1	3	3	4	1	1	1	1
756	2	2	1	1	1	5	3	3	3	5	3	3	3	3	3	3	3	3	3	30	2	1	0	0	1	1	0	1	0	1	1	3	3	4	1	1	1	1
756	2	2	1	0	5	1	1	5	5	1	1	1	1	1	5	5	5	5	5	30	2	1	0	0	1	1	0	1	0	1	1	3	3	4	1	1	1	1
757	3	2	0	1	5	4	5	4	5	5	3	5	4	4	2	4	4	4	4	38	2	1	0	0	1	0	0	1	1	0	1	-999	2	2	1	1	0	0
757	3	2	0	0	3	2	3	3	4	3	3	4	3	3	4	3	3	3	3	38	2	1	0	0	1	0	0	1	1	0	1	-999	2	2	1	1	0	0
757	3	2	1	1	4	4	4	4	4	4	4	4	4	4	3	4	4	4	4	38	2	1	0	0	1	0	0	1	1	0	1	-999	2	2	1	1	0	0
757	3	2	1	0	3	2	2	2	3	3	2	3	3	3	2	2	2	3	3	38	2	1	0	0	1	0	0	1	1	0	1	-999	2	2	1	1	0	0
758	2	2	0	1	3	5	3	3	5	4	1	1	2	1	3	3	3	3	3	38	2	2	0	0	1	1	0	1	1	1	1	2	3	2	1	1	1	0
758	2	2	0	0	3	5	3	3	5	2	1	1	2	1	3	3	3	3	3	38	2	2	0	0	1	1	0	1	1	1	1	2	3	2	1	1	1	0
758	2	2	1	1	3	5	3	3	4	4	2	2	1	1	3	2	3	2	3	38	2	2	0	0	1	1	0	1	1	1	1	2	3	2	1	1	1	0
758	2	2	1	0	3	5	3	3	4	2	2	1	1	1	4	4	4	3	3	38	2	2	0	0	1	1	0	1	1	1	1	2	3	2	1	1	1	0
759	2	2	0	1	4	4	3	4	3	3	3	3	4	3	4	4	4	3	1	36	2	1	0	0	1	1	0	1	0	1	1	-999	1	2	1	1	1	1
759	2	2	0	0	5	5	3	4	4	5	4	3	5	5	5	5	5	4	5	36	2	1	0	0	1	1	0	1	0	1	1	-999	1	2	1	1	1	1
759	2	2	1	1	1	5	3	3	3	4	3	4	3	3	3	1	3	2	3	36	2	1	0	0	1	1	0	1	0	1	1	-999	1	2	1	1	1	1
759	2	2	1	0	5	3	5	3	4	5	4	5	3	5	3	5	5	5	3	36	2	1	0	0	1	1	0	1	0	1	1	-999	1	2	1	1	1	1
761	3	2	0	1	2	5	4	3	5	3	3	3	3	3	4	3	4	3	5	20	1	1	0	0	1	1	0	0	1	1	1	3	3	4	1	1	1	1
761	3	2	0	0	3	2	2	3	1	3	3	3	3	1	3	5	2	3	3	20	1	1	0	0	1	1	0	0	1	1	1	3	3	4	1	1	1	1
761	3	2	1	1	2	5	5	1	1	5	5	5	5	5	2	1	1	3	1	20	1	1	0	0	1	1	0	0	1	1	1	3	3	4	1	1	1	1
761	3	2	1	0	5	1	1	5	5	1	1	1	1	1	5	5	5	5	5	20	1	1	0	0	1	1	0	0	1	1	1	3	3	4	1	1	1	1
762	2	2	0	1	3	5	3	3	3	3	3	3	3	3	3	5	4	4	3	67	4	1	0	1	1	0	0	1	0	0	1	5	3	2	1	1	1	0
762	2	2	0	0	4	4	3	3	3	2	3	3	3	3	3	5	4	3	3	67	4	1	0	1	1	0	0	1	0	0	1	5	3	2	1	1	1	0
762	2	2	1	1	1	5	3	3	3	4	3	3	3	3	3	3	3	3	2	67	4	1	0	1	1	0	0	1	0	0	1	5	3	2	1	1	1	0
762	2	2	1	0	5	4	3	3	3	1	3	3	3	3	3	3	3	3	3	67	4	1	0	1	1	0	0	1	0	0	1	5	3	2	1	1	1	0
764	1	2	0	1	4	5	3	4	4	2	2	3	3	2	5	4	4	4	5	51	3	1	0	0	1	1	0	0	0	1	0	-999	2	2	1	0	0	0
764	1	2	0	0	2	3	3	2	2	5	4	3	3	4	1	2	2	2	1	51	3	1	0	0	1	1	0	0	0	1	0	-999	2	2	1	0	0	0
764	1	2	1	1	4	4	5	5	4	2	2	1	1	1	4	4	4	3	3	51	3	1	0	0	1	1	0	0	0	1	0	-999	2	2	1	0	0	0
764	1	2	1	0	2	2	1	1	2	4	4	5	4	4	2	1	1	3	3	51	3	1	0	0	1	1	0	0	0	1	0	-999	2	2	1	0	0	0
765	1	2	0	1	4	2	1	1	1	1	1	1	1	1	4	4	4	3	2	21	1	2	0	0	1	1	0	0	0	1	0	2	3	2	1	1	0	0
765	1	2	0	0	3	2	1	1	1	1	1	1	1	1	4	4	4	3	4	21	1	2	0	0	1	1	0	0	0	1	0	2	3	2	1	1	0	0
765	1	2	1	1	3	4	1	1	5	3	1	1	1	1	4	4	4	3	3	21	1	2	0	0	1	1	0	0	0	1	0	2	3	2	1	1	0	0
765	1	2	1	0	3	3	1	1	5	3	1	1	1	1	4	4	4	4	4	21	1	2	0	0	1	1	0	0	0	1	0	2	3	2	1	1	0	0
767	2	2	0	1	3	5	4	4	4	4	2	4	3	3	2	2	2	1	1	26	2	2	0	0	1	1	0	1	0	1	1	4	3	2	1	0	1	1
767	2	2	0	0	4	3	3	2	4	2	3	2	2	2	4	4	4	4	4	26	2	2	0	0	1	1	0	1	0	1	1	4	3	2	1	0	1	1
767	2	2	1	1	2	4	4	4	4	4	2	4	2	3	3	3	3	3	2	26	2	2	0	0	1	1	0	1	0	1	1	4	3	2	1	0	1	1
767	2	2	1	0	4	2	3	3	4	2	2	2	2	2	4	4	4	3	4	26	2	2	0	0	1	1	0	1	0	1	1	4	3	2	1	0	1	1
769	1	2	0	1	3	3	3	3	3	3	3	3	3	3	4	4	4	4	4	55	3	2	0	0	0	0	0	0	0	0	0	2	3	2	1	1	1	1
769	1	2	0	0	3	3	3	3	3	3	3	3	3	3	4	4	4	2	4	55	3	2	0	0	0	0	0	0	0	0	0	2	3	2	1	1	1	1
769	1	2	1	1	2	4	3	3	3	3	3	3	3	3	3	2	4	4	4	55	3	2	0	0	0	0	0	0	0	0	0	2	3	2	1	1	1	1
769	1	2	1	0	4	4	3	3	3	3	3	3	3	3	2	3	4	4	4	55	3	2	0	0	0	0	0	0	0	0	0	2	3	2	1	1	1	1
770	2	2	0	1	1	1	4	3	3	2	1	3	3	1	5	3	3	3	3	31	2	1	0	0	1	1	0	1	0	1	1	5	3	2	1	1	1	0
770	2	2	0	0	3	3	3	3	3	3	3	3	3	1	5	4	4	3	3	31	2	1	0	0	1	1	0	1	0	1	1	5	3	2	1	1	1	0
770	2	2	1	1	4	4	3	3	3	4	3	2	2	3	3	3	3	3	4	31	2	1	0	0	1	1	0	1	0	1	1	5	3	2	1	1	1	0
770	2	2	1	0	3	4	3	3	3	3	3	2	2	3	3	3	3	3	4	31	2	1	0	0	1	1	0	1	0	1	1	5	3	2	1	1	1	0
772	1	2	0	1	3	4	3	4	4	2	4	3	2	2	4	4	4	3	4	52	3	1	0	0	1	1	0	0	0	1	0	4	3	2	1	0	1	0
772	1	2	0	0	3	2	3	3	3	4	3	2	3	3	3	3	3	3	3	52	3	1	0	0	1	1	0	0	0	1	0	4	3	2	1	0	1	0
772	1	2	1	1	3	4	4	4	4	3	3	3	3	2	4	4	4	4	4	52	3	1	0	0	1	1	0	0	0	1	0	4	3	2	1	0	1	0
772	1	2	1	0	3	3	3	3	3	2	3	3	3	3	3	3	3	3	3	52	3	1	0	0	1	1	0	0	0	1	0	4	3	2	1	0	1	0
774	1	2	0	1	3	3	3	3	3	1	1	1	1	1	3	4	4	3	4	38	2	2	0	0	0	0	0	0	0	0	0	4	3	2	1	0	0	0
774	1	2	0	0	3	3	3	3	3	1	1	1	1	1	3	4	4	3	4	38	2	2	0	0	0	0	0	0	0	0	0	4	3	2	1	0	0	0
774	1	2	1	1	3	3	3	3	3	1	2	1	1	1	3	5	5	3	3	38	2	2	0	0	0	0	0	0	0	0	0	4	3	2	1	0	0	0
774	1	2	1	0	3	3	3	3	3	1	2	1	1	1	3	5	5	3	3	38	2	2	0	0	0	0	0	0	0	0	0	4	3	2	1	0	0	0
777	2	2	0	1	3	4	3	5	4	2	1	4	2	3	4	4	3	3	4	38	2	2	0	0	1	1	0	0	0	1	0	3	2	4	1	1	1	1
777	2	2	0	0	3	3	3	3	4	2	1	3	2	2	3	4	4	3	4	38	2	2	0	0	1	1	0	0	0	1	0	3	2	4	1	1	1	1
777	2	2	1	1	4	4	4	4	4	2	1	3	1	1	4	4	4	4	3	38	2	2	0	0	1	1	0	0	0	1	0	3	2	4	1	1	1	1
777	2	2	1	0	4	3	4	4	5	1	1	3	1	1	5	4	4	3	3	38	2	2	0	0	1	1	0	0	0	1	0	3	2	4	1	1	1	1
778	3	2	0	1	4	5	4	3	4	1	3	1	1	1	3	5	5	3	3	30	2	2	0	1	1	0	0	0	1	0	1	1	3	2	1	1	1	1
778	3	2	0	0	3	5	4	3	4	1	3	1	1	1	3	5	5	3	3	30	2	2	0	1	1	0	0	0	1	0	1	1	3	2	1	1	1	1
778	3	2	1	1	3	4	3	3	3	1	1	1	1	3	3	5	4	3	4	30	2	2	0	1	1	0	0	0	1	0	1	1	3	2	1	1	1	1
778	3	2	1	0	3	4	3	3	3	1	1	1	1	3	3	5	4	3	4	30	2	2	0	1	1	0	0	0	1	0	1	1	3	2	1	1	1	1
779	2	2	0	1	5	4	5	5	5	1	1	1	1	1	5	3	4	4	3	22	1	2	0	0	1	1	0	1	0	1	1	3	2	1	1	0	1	0
779	2	2	0	0	1	4	1	1	1	3	5	1	1	3	3	3	3	3	3	22	1	2	0	0	1	1	0	1	0	1	1	3	2	1	1	0	1	0
779	2	2	1	1	1	5	1	1	1	5	5	5	5	5	1	1	1	1	1	22	1	2	0	0	1	1	0	1	0	1	1	3	2	1	1	0	1	0
779	2	2	1	0	5	1	5	5	5	1	1	1	1	1	5	5	5	5	5	22	1	2	0	0	1	1	0	1	0	1	1	3	2	1	1	0	1	0
780	1	2	0	1	4	4	3	3	4	2	1	1	2	2	3	3	3	4	4	25	2	2	0	0	0	0	0	0	0	0	0	2	3	2	1	1	1	1
780	1	2	0	0	4	3	3	3	3	2	1	1	2	2	4	4	4	5	5	25	2	2	0	0	0	0	0	0	0	0	0	2	3	2	1	1	1	1
780	1	2	1	1	4	4	4	4	3	3	2	3	3	4	3	3	3	4	4	25	2	2	0	0	0	0	0	0	0	0	0	2	3	2	1	1	1	1
780	1	2	1	0	3	3	3	3	4	3	2	3	3	3	4	4	4	5	5	25	2	2	0	0	0	0	0	0	0	0	0	2	3	2	1	1	1	1
781	2	2	0	1	5	5	3	3	5	1	3	2	3	3	5	5	5	5	5	39	2	2	0	0	1	0	0	1	0	0	1	-999	3	2	1	1	1	1
781	2	2	0	0	1	1	1	1	1	5	1	5	1	5	1	1	1	1	1	39	2	2	0	0	1	0	0	1	0	0	1	-999	3	2	1	1	1	1
781	2	2	1	1	3	5	3	3	5	1	3	2	3	3	5	5	5	5	5	39	2	2	0	0	1	0	0	1	0	0	1	-999	3	2	1	1	1	1
781	2	2	1	0	3	5	3	3	1	1	3	2	3	3	1	1	1	1	1	39	2	2	0	0	1	0	0	1	0	0	1	-999	3	2	1	1	1	1
782	2	2	0	1	5	1	1	1	1	1	5	5	3	5	1	1	1	1	1	22	1	2	1	0	1	0	0	0	1	0	1	1	3	2	1	1	0	0
782	2	2	0	0	5	1	5	5	3	1	1	1	3	1	5	5	5	5	5	22	1	2	1	0	1	0	0	0	1	0	1	1	3	2	1	1	0	0
782	2	2	1	1	5	5	5	1	1	1	1	1	1	1	5	5	5	5	5	22	1	2	1	0	1	0	0	0	1	0	1	1	3	2	1	1	0	0
782	2	2	1	0	1	1	3	1	1	1	1	1	1	1	1	1	1	1	1	22	1	2	1	0	1	0	0	0	1	0	1	1	3	2	1	1	0	0
785	1	2	0	1	4	3	3	3	3	2	1	2	2	2	5	5	5	3	5	28	2	2	0	0	0	0	0	0	0	0	0	5	3	2	1	1	1	1
785	1	2	0	0	1	3	3	3	3	4	4	4	4	4	1	1	1	3	2	28	2	2	0	0	0	0	0	0	0	0	0	5	3	2	1	1	1	1
785	1	2	1	1	1	3	1	1	2	4	5	5	3	5	1	1	1	1	1	28	2	2	0	0	0	0	0	0	0	0	0	5	3	2	1	1	1	1
785	1	2	1	0	5	3	3	4	4	2	1	2	3	1	5	5	5	3	5	28	2	2	0	0	0	0	0	0	0	0	0	5	3	2	1	1	1	1
787	3	2	0	1	4	5	3	4	4	2	2	1	1	1	4	4	4	4	5	53	3	1	0	0	1	1	1	1	1	1	1	4	3	3	1	1	1	0
787	3	2	0	0	4	5	3	4	4	2	2	1	1	1	3	4	4	4	3	53	3	1	0	0	1	1	1	1	1	1	1	4	3	3	1	1	1	0
787	3	2	1	1	3	5	3	3	4	3	1	1	1	1	4	4	4	4	4	53	3	1	0	0	1	1	1	1	1	1	1	4	3	3	1	1	1	0
787	3	2	1	0	4	5	3	3	4	3	1	1	1	1	4	4	4	4	4	53	3	1	0	0	1	1	1	1	1	1	1	4	3	3	1	1	1	0
788	1	2	0	1	4	5	1	2	3	1	1	1	1	3	4	4	4	3	5	20	1	2	0	0	1	1	0	0	0	1	0	3	2	2	1	1	1	0
788	1	2	0	0	3	2	1	1	3	2	2	1	2	3	3	3	4	3	4	20	1	2	0	0	1	1	0	0	0	1	0	3	2	2	1	1	1	0
788	1	2	1	1	3	4	3	2	3	1	4	4	2	1	1	2	2	3	2	20	1	2	0	0	1	1	0	0	0	1	0	3	2	2	1	1	1	0
788	1	2	1	0	3	3	3	2	3	1	3	2	2	1	5	5	4	3	4	20	1	2	0	0	1	1	0	0	0	1	0	3	2	2	1	1	1	0
789	1	2	0	1	3	4	3	4	4	1	3	3	2	1	4	4	4	3	4	21	1	2	0	0	0	0	0	0	0	0	0	2	3	2	1	1	1	1
789	1	2	0	0	2	3	3	3	3	1	3	4	2	1	3	3	3	3	3	21	1	2	0	0	0	0	0	0	0	0	0	2	3	2	1	1	1	1
789	1	2	1	1	3	5	4	3	3	2	4	4	1	4	1	2	2	3	1	21	1	2	0	0	0	0	0	0	0	0	0	2	3	2	1	1	1	1
789	1	2	1	0	3	3	3	3	4	3	3	3	2	2	5	5	5	4	4	21	1	2	0	0	0	0	0	0	0	0	0	2	3	2	1	1	1	1
790	2	2	0	1	4	2	1	2	3	1	1	2	2	1	4	3	3	3	2	31	2	2	0	0	1	0	0	1	0	0	1	-999	1	2	1	1	0	0
790	2	2	0	0	4	4	1	2	3	2	1	2	2	2	4	4	3	4	4	31	2	2	0	0	1	0	0	1	0	0	1	-999	1	2	1	1	0	0
790	2	2	1	1	2	5	3	3	2	4	3	3	4	2	3	2	4	3	2	31	2	2	0	0	1	0	0	1	0	0	1	-999	1	2	1	1	0	0
790	2	2	1	0	2	2	3	3	4	2	3	3	2	4	3	4	4	3	4	31	2	2	0	0	1	0	0	1	0	0	1	-999	1	2	1	1	0	0
791	2	2	0	1	2	5	2	4	5	4	3	1	1	1	1	5	5	3	1	41	2	2	0	0	1	1	0	0	0	1	0	3	3	2	1	1	1	0
791	2	2	0	0	5	4	5	4	5	1	1	1	1	1	5	5	5	5	5	41	2	2	0	0	1	1	0	0	0	1	0	3	3	2	1	1	1	0
791	2	2	1	1	4	5	4	4	5	4	4	1	1	1	1	5	4	5	1	41	2	2	0	0	1	1	0	0	0	1	0	3	3	2	1	1	1	0
791	2	2	1	0	5	5	4	5	5	1	1	1	1	1	5	5	5	5	5	41	2	2	0	0	1	1	0	0	0	1	0	3	3	2	1	1	1	0
792	3	2	0	1	3	5	3	3	4	4	1	4	2	1	1	3	3	3	1	20	1	2	1	0	1	0	0	1	1	0	1	1	1	1	0	0	1	1
792	3	2	0	0	4	4	3	3	5	2	1	2	1	1	5	4	3	3	5	20	1	2	1	0	1	0	0	1	1	0	1	1	1	1	0	0	1	1
792	3	2	1	1	3	5	4	3	2	4	1	4	3	2	1	3	3	3	1	20	1	2	1	0	1	0	0	1	1	0	1	1	1	1	0	0	1	1
792	3	2	1	0	3	4	5	5	4	2	1	2	1	1	5	4	5	3	5	20	1	2	1	0	1	0	0	1	1	0	1	1	1	1	0	0	1	1
793	2	2	0	1	4	5	2	5	3	2	4	2	2	4	3	2	2	3	2	21	1	2	1	0	1	0	0	1	0	0	1	1	3	2	1	1	1	0
793	2	2	0	0	3	3	3	2	3	2	2	2	2	2	4	4	3	3	4	21	1	2	1	0	1	0	0	1	0	0	1	1	3	2	1	1	1	0
793	2	2	1	1	2	5	2	1	3	4	5	4	4	4	3	3	3	2	1	21	1	2	1	0	1	0	0	1	0	0	1	1	3	2	1	1	1	0
793	2	2	1	0	5	3	3	3	3	2	2	3	2	2	4	5	5	4	5	21	1	2	1	0	1	0	0	1	0	0	1	1	3	2	1	1	1	0
795	1	2	0	1	3	5	4	4	4	3	2	1	1	1	4	5	5	5	5	19	1	1	1	0	0	0	0	0	0	0	0	1	2	2	0	0	1	0
795	1	2	0	0	4	4	4	4	2	3	2	1	4	3	4	5	5	5	4	19	1	1	1	0	0	0	0	0	0	0	0	1	2	2	0	0	1	0
795	1	2	1	1	5	5	5	4	4	2	2	2	2	2	5	5	5	5	5	19	1	1	1	0	0	0	0	0	0	0	0	1	2	2	0	0	1	0
795	1	2	1	0	3	4	4	3	4	4	4	4	4	4	4	4	5	5	3	19	1	1	1	0	0	0	0	0	0	0	0	1	2	2	0	0	1	0
799	2	2	0	1	4	4	3	3	4	1	1	2	1	1	4	4	4	5	5	59	3	1	0	0	1	1	0	1	0	1	1	-999	3	3	1	1	1	0
799	2	2	0	0	2	4	3	3	4	1	1	2	1	1	4	4	4	4	4	59	3	1	0	0	1	1	0	1	0	1	1	-999	3	3	1	1	1	0
799	2	2	1	1	3	5	4	4	3	1	1	3	1	1	4	4	4	3	3	59	3	1	0	0	1	1	0	1	0	1	1	-999	3	3	1	1	1	0
799	2	2	1	0	3	3	3	3	3	1	1	1	1	1	4	4	4	3	4	59	3	1	0	0	1	1	0	1	0	1	1	-999	3	3	1	1	1	0
800	2	2	0	1	3	5	3	3	2	4	2	4	4	3	4	2	3	3	3	61	3	2	0	0	1	1	0	1	0	1	1	-999	2	3	1	0	0	0
800	2	2	0	0	4	1	3	3	5	2	3	2	2	3	4	4	3	3	3	61	3	2	0	0	1	1	0	1	0	1	1	-999	2	3	1	0	0	0
800	2	2	1	1	2	5	3	3	3	5	3	4	4	3	2	2	3	3	2	61	3	2	0	0	1	1	0	1	0	1	1	-999	2	3	1	0	0	0
800	2	2	1	0	4	2	3	3	3	1	3	2	2	3	4	4	3	3	4	61	3	2	0	0	1	1	0	1	0	1	1	-999	2	3	1	0	0	0
