2	3	2	0	0	1	1	2	2	2	2	5	3	3	4	2	3	2	3	2	28	2	2	0	0	1	0	0	1	1	0	1	2	3	3	0	1	1	0
2	3	2	0	1	5	5	5	4	5	2	1	3	1	2	5	3	4	3	5	28	2	2	0	0	1	0	0	1	1	0	1	2	3	3	0	1	1	0
2	3	2	1	0	3	5	4	4	4	3	2	3	2	2	4	4	4	4	4	28	2	2	0	0	1	0	0	1	1	0	1	2	3	3	0	1	1	0
2	3	2	1	1	5	4	5	5	5	1	2	1	1	1	5	5	5	5	5	28	2	2	0	0	1	0	0	1	1	0	1	2	3	3	0	1	1	0
8	1	2	0	0	2	2	2	2	3	3	3	3	3	3	1	1	1	2	2	21	1	2	1	0	1	1	0	0	0	1	0	3	3	4	1	0	1	1
8	1	2	0	1	5	4	5	4	4	3	1	3	3	2	5	5	5	4	4	21	1	2	1	0	1	1	0	0	0	1	0	3	3	4	1	0	1	1
8	1	2	1	0	4	3	4	4	4	3	3	2	1	1	5	5	5	4	4	21	1	2	1	0	1	1	0	0	0	1	0	3	3	4	1	0	1	1
8	1	2	1	1	2	3	4	4	4	3	3	2	1	1	5	5	5	4	4	21	1	2	1	0	1	1	0	0	0	1	0	3	3	4	1	0	1	1
10	1	2	0	0	1	4	2	1	1	3	5	5	5	5	2	3	3	3	1	51	3	2	0	1	0	0	0	0	0	0	0	3	3	4	1	0	1	0
10	1	2	0	1	5	4	5	5	5	1	1	1	1	1	5	5	5	3	5	51	3	2	0	1	0	0	0	0	0	0	0	3	3	4	1	0	1	0
10	1	2	1	0	4	3	4	4	3	2	2	3	2	2	4	4	4	3	5	51	3	2	0	1	0	0	0	0	0	0	0	3	3	4	1	0	1	0
10	1	2	1	1	5	3	4	4	3	2	2	3	2	2	4	4	4	3	5	51	3	2	0	1	0	0	0	0	0	0	0	3	3	4	1	0	1	0
11	1	2	0	0	1	3	1	1	1	3	5	5	3	5	1	1	1	1	1	65	4	2	0	1	1	1	0	0	0	1	0	-999	3	3	1	0	1	0
11	1	2	0	1	5	5	5	5	4	1	1	1	1	1	5	5	5	5	5	65	4	2	0	1	1	1	0	0	0	1	0	-999	3	3	1	0	1	0
11	1	2	1	0	5	5	5	5	4	3	3	4	3	5	5	4	5	5	5	65	4	2	0	1	1	1	0	0	0	1	0	-999	3	3	1	0	1	0
11	1	2	1	1	1	1	1	1	2	3	3	2	3	4	5	3	5	5	5	65	4	2	0	1	1	1	0	0	0	1	0	-999	3	3	1	0	1	0
13	1	2	0	0	3	3	3	3	3	3	1	2	4	3	2	2	2	2	1	27	2	2	0	0	1	1	0	0	0	1	0	4	1	2	0	0	1	0
13	1	2	0	1	5	4	3	3	3	2	1	2	2	2	5	4	4	5	5	27	2	2	0	0	1	1	0	0	0	1	0	4	1	2	0	0	1	0
13	1	2	1	0	5	4	4	2	3	3	1	2	1	1	4	4	4	5	4	27	2	2	0	0	1	1	0	0	0	1	0	4	1	2	0	0	1	0
13	1	2	1	1	3	4	2	4	3	3	1	4	1	1	5	5	5	4	5	27	2	2	0	0	1	1	0	0	0	1	0	4	1	2	0	0	1	0
15	2	2	0	0	2	4	3	2	3	3	4	4	3	3	3	1	2	3	1	34	2	2	0	0	1	1	0	0	0	1	0	-999	1	2	0	0	1	0
15	2	2	0	1	5	4	5	4	3	2	1	1	1	3	4	5	5	3	5	34	2	2	0	0	1	1	0	0	0	1	0	-999	1	2	0	0	1	0
15	2	2	1	0	4	4	4	5	3	2	1	1	1	2	5	5	5	4	5	34	2	2	0	0	1	1	0	0	0	1	0	-999	1	2	0	0	1	0
15	2	2	1	1	4	4	4	4	3	3	1	3	3	2	4	4	4	4	4	34	2	2	0	0	1	1	0	0	0	1	0	-999	1	2	0	0	1	0
21	2	2	0	0	2	3	3	4	5	2	3	3	3	3	5	5	5	5	5	53	3	2	0	0	1	0	0	1	1	0	1	-999	2	3	1	0	0	0
21	2	2	0	1	5	4	3	4	5	2	3	3	3	3	5	5	5	4	5	53	3	2	0	0	1	0	0	1	1	0	1	-999	2	3	1	0	0	0
21	2	2	1	0	4	4	3	4	5	3	3	3	3	3	5	5	5	5	5	53	3	2	0	0	1	0	0	1	1	0	1	-999	2	3	1	0	0	0
21	2	2	1	1	4	4	3	4	5	3	3	3	3	3	5	5	5	5	5	53	3	2	0	0	1	0	0	1	1	0	1	-999	2	3	1	0	0	0
27	2	2	0	0	1	3	1	1	3	1	4	1	1	4	1	3	3	3	2	33	2	1	0	0	1	0	0	1	0	0	1	5	1	2	0	0	1	0
27	2	2	0	1	5	3	4	4	3	1	1	1	1	1	5	5	5	3	5	33	2	1	0	0	1	0	0	1	0	0	1	5	1	2	0	0	1	0
27	2	2	1	0	5	5	5	5	3	1	1	1	1	1	5	5	5	3	5	33	2	1	0	0	1	0	0	1	0	0	1	5	1	2	0	0	1	0
27	2	2	1	1	5	3	5	5	3	1	1	1	1	1	4	4	4	3	5	33	2	1	0	0	1	0	0	1	0	0	1	5	1	2	0	0	1	0
28	1	2	0	0	1	3	5	5	5	2	5	5	1	5	1	1	1	1	1	45	3	1	0	0	1	1	0	0	0	1	0	4	3	3	1	1	1	0
28	1	2	0	1	5	1	1	1	1	1	1	1	5	1	5	5	5	5	5	45	3	1	0	0	1	1	0	0	0	1	0	4	3	3	1	1	1	0
28	1	2	1	0	5	5	5	5	4	3	3	3	3	5	5	4	5	4	4	45	3	1	0	0	1	1	0	0	0	1	0	4	3	3	1	1	1	0
28	1	2	1	1	1	5	1	4	4	3	3	5	3	5	5	4	5	4	4	45	3	1	0	0	1	1	0	0	0	1	0	4	3	3	1	1	1	0
29	3	2	0	0	2	3	3	3	3	3	3	3	3	3	1	2	2	2	2	54	3	1	0	0	1	1	0	1	1	1	1	4	1	2	1	0	0	0
29	3	2	0	1	5	4	3	4	3	2	3	3	2	2	5	5	4	3	5	54	3	1	0	0	1	1	0	1	1	1	1	4	1	2	1	0	0	0
29	3	2	1	0	5	3	4	4	3	3	3	3	3	3	4	3	4	3	5	54	3	1	0	0	1	1	0	1	1	1	1	4	1	2	1	0	0	0
29	3	2	1	1	2	3	3	3	3	3	3	3	3	3	3	3	3	3	3	54	3	1	0	0	1	1	0	1	1	1	1	4	1	2	1	0	0	0
38	1	2	0	0	1	5	3	1	3	3	1	4	4	4	1	1	1	1	1	43	2	2	0	0	1	1	0	0	0	1	0	4	2	2	1	1	1	0
38	1	2	0	1	5	5	5	5	3	1	4	1	2	1	5	5	5	5	5	43	2	2	0	0	1	1	0	0	0	1	0	4	2	2	1	1	1	0
38	1	2	1	0	1	4	2	4	4	4	3	2	2	2	4	4	4	4	4	43	2	2	0	0	1	1	0	0	0	1	0	4	2	2	1	1	1	0
38	1	2	1	1	5	4	5	5	4	1	1	1	2	2	5	5	5	5	5	43	2	2	0	0	1	1	0	0	0	1	0	4	2	2	1	1	1	0
45	1	2	0	0	1	1	1	4	1	5	5	3	5	5	1	1	1	3	1	73	4	2	0	1	1	1	0	0	0	1	0	4	3	4	1	0	0	0
45	1	2	0	1	5	3	5	4	5	1	1	3	1	1	5	5	5	3	5	73	4	2	0	1	1	1	0	0	0	1	0	4	3	4	1	0	0	0
45	1	2	1	0	3	3	3	3	3	3	3	3	3	3	4	3	4	3	5	73	4	2	0	1	1	1	0	0	0	1	0	4	3	4	1	0	0	0
45	1	2	1	1	3	3	3	3	3	3	3	3	3	3	4	3	4	3	5	73	4	2	0	1	1	1	0	0	0	1	0	4	3	4	1	0	0	0
53	1	2	0	0	1	1	1	1	3	1	4	3	1	4	3	2	2	1	2	28	2	1	0	0	1	1	0	0	0	1	0	1	1	3	0	0	1	1
53	1	2	0	1	5	1	5	5	3	1	1	1	1	1	3	4	4	1	4	28	2	1	0	0	1	1	0	0	0	1	0	1	1	3	0	0	1	1
53	1	2	1	0	3	1	1	1	1	1	1	1	1	1	1	1	1	1	1	28	2	1	0	0	1	1	0	0	0	1	0	1	1	3	0	0	1	1
53	1	2	1	1	3	1	1	1	1	1	1	1	1	1	1	1	1	1	1	28	2	1	0	0	1	1	0	0	0	1	0	1	1	3	0	0	1	1
55	2	2	0	0	3	3	3	3	3	1	2	1	1	3	1	3	3	3	1	30	2	1	0	0	1	1	0	1	0	1	1	5	1	2	0	0	1	0
55	2	2	0	1	5	3	3	3	3	1	1	1	1	3	5	5	5	3	5	30	2	1	0	0	1	1	0	1	0	1	1	5	1	2	0	0	1	0
55	2	2	1	0	5	3	3	3	3	1	3	3	1	1	5	5	5	3	5	30	2	1	0	0	1	1	0	1	0	1	1	5	1	2	0	0	1	0
55	2	2	1	1	5	3	3	3	3	1	3	3	1	1	5	5	5	3	5	30	2	1	0	0	1	1	0	1	0	1	1	5	1	2	0	0	1	0
63	2	2	0	0	3	5	2	3	3	1	3	3	3	1	3	4	4	3	5	30	2	1	0	0	1	1	0	1	0	1	1	3	3	2	1	1	1	1
63	2	2	0	1	5	5	4	4	4	1	1	1	1	1	4	5	4	3	5	30	2	1	0	0	1	1	0	1	0	1	1	3	3	2	1	1	1	1
63	2	2	1	0	5	5	5	4	4	1	1	1	1	1	1	5	5	5	5	30	2	1	0	0	1	1	0	1	0	1	1	3	3	2	1	1	1	1
63	2	2	1	1	5	5	5	4	4	1	1	1	1	1	1	5	5	5	5	30	2	1	0	0	1	1	0	1	0	1	1	3	3	2	1	1	1	1
64	3	2	0	0	2	3	3	3	4	3	3	3	3	2	3	3	3	3	3	32	2	1	0	0	1	0	0	0	1	0	1	5	2	2	1	0	1	1
64	3	2	0	1	5	4	4	4	4	2	2	2	2	2	4	3	4	3	4	32	2	1	0	0	1	0	0	0	1	0	1	5	2	2	1	0	1	1
64	3	2	1	0	5	2	4	4	5	2	2	2	2	2	5	4	4	3	4	32	2	1	0	0	1	0	0	0	1	0	1	5	2	2	1	0	1	1
64	3	2	1	1	3	3	3	3	3	3	3	3	3	3	4	3	3	3	3	32	2	1	0	0	1	0	0	0	1	0	1	5	2	2	1	0	1	1
66	2	2	0	0	1	1	1	1	5	1	1	1	1	1	5	5	5	5	5	38	2	2	0	1	0	0	0	0	0	0	0	-999	1	4	1	1	1	1
66	2	2	0	1	5	4	4	3	2	3	1	1	1	1	5	5	5	5	5	38	2	2	0	1	0	0	0	0	0	0	0	-999	1	4	1	1	1	1
66	2	2	1	0	5	4	3	1	5	1	1	1	1	1	5	5	5	5	5	38	2	2	0	1	0	0	0	0	0	0	0	-999	1	4	1	1	1	1
66	2	2	1	1	5	4	3	1	4	4	1	1	1	1	5	5	5	5	5	38	2	2	0	1	0	0	0	0	0	0	0	-999	1	4	1	1	1	1
75	1	2	0	0	3	2	3	3	2	1	2	1	1	3	4	4	4	3	3	25	2	2	0	0	1	1	0	1	1	1	1	-999	3	4	1	0	1	0
75	1	2	0	1	5	5	3	4	2	1	1	1	1	2	5	5	5	4	5	25	2	2	0	0	1	1	0	1	1	1	1	-999	3	4	1	0	1	0
75	1	2	1	0	5	5	3	3	4	1	1	1	1	1	5	5	5	5	5	25	2	2	0	0	1	1	0	1	1	1	1	-999	3	4	1	0	1	0
75	1	2	1	1	4	3	5	5	3	2	1	1	1	1	3	4	4	3	3	25	2	2	0	0	1	1	0	1	1	1	1	-999	3	4	1	0	1	0
87	2	2	0	0	3	5	3	4	5	1	1	1	1	1	5	5	4	5	4	35	2	2	1	0	1	1	0	1	0	1	1	-999	1	2	1	0	1	0
87	2	2	0	1	5	5	4	4	5	1	1	1	1	1	5	5	5	5	5	35	2	2	1	0	1	1	0	1	0	1	1	-999	1	2	1	0	1	0
87	2	2	1	0	4	5	4	4	5	1	1	1	1	1	5	5	5	5	5	35	2	2	1	0	1	1	0	1	0	1	1	-999	1	2	1	0	1	0
87	2	2	1	1	5	5	5	5	5	1	1	1	1	1	5	5	5	5	5	35	2	2	1	0	1	1	0	1	0	1	1	-999	1	2	1	0	1	0
89	1	2	0	0	3	3	2	3	3	1	2	1	1	1	3	3	3	4	3	19	1	1	1	0	1	1	0	0	0	1	0	1	3	2	1	0	0	0
89	1	2	0	1	5	3	4	3	3	1	1	1	1	1	4	4	4	4	5	19	1	1	1	0	1	1	0	0	0	1	0	1	3	2	1	0	0	0
89	1	2	1	0	5	3	3	3	3	1	1	2	1	1	5	4	4	4	4	19	1	1	1	0	1	1	0	0	0	1	0	1	3	2	1	0	0	0
89	1	2	1	1	5	3	3	3	3	1	1	2	1	1	5	4	4	4	4	19	1	1	1	0	1	1	0	0	0	1	0	1	3	2	1	0	0	0
97	1	2	0	0	2	4	3	2	3	3	5	1	4	4	2	2	2	3	2	62	3	1	0	1	0	0	0	0	0	0	0	2	3	2	1	0	0	0
97	1	2	0	1	5	5	3	4	3	2	2	1	1	2	5	5	5	3	5	62	3	1	0	1	0	0	0	0	0	0	0	2	3	2	1	0	0	0
97	1	2	1	0	3	2	2	4	4	2	1	1	2	2	4	4	4	3	4	62	3	1	0	1	0	0	0	0	0	0	0	2	3	2	1	0	0	0
97	1	2	1	1	5	4	5	5	5	1	1	1	2	2	5	5	5	3	5	62	3	1	0	1	0	0	0	0	0	0	0	2	3	2	1	0	0	0
102	2	2	0	0	2	3	2	2	3	1	3	3	3	3	2	2	2	2	2	31	2	1	-999	-999	1	0	0	1	0	0	1	-999	3	3	1	0	1	0
102	2	2	0	1	5	3	4	4	4	2	2	2	2	2	4	4	4	4	4	31	2	1	-999	-999	1	0	0	1	0	0	1	-999	3	3	1	0	1	0
102	2	2	1	0	4	4	4	4	4	3	2	2	2	2	4	4	4	4	4	31	2	1	-999	-999	1	0	0	1	0	0	1	-999	3	3	1	0	1	0
102	2	2	1	1	2	3	3	3	3	4	2	3	3	2	4	3	3	3	3	31	2	1	-999	-999	1	0	0	1	0	0	1	-999	3	3	1	0	1	0
114	2	2	0	0	1	3	3	1	1	1	5	3	5	3	2	2	2	1	1	34	2	2	0	0	1	0	0	1	0	0	1	-999	3	2	1	0	0	0
114	2	2	0	1	5	5	5	5	5	1	1	1	1	1	5	5	5	5	5	34	2	2	0	0	1	0	0	1	0	0	1	-999	3	2	1	0	0	0
114	2	2	1	0	3	4	5	5	5	3	1	2	3	2	5	5	5	5	5	34	2	2	0	0	1	0	0	1	0	0	1	-999	3	2	1	0	0	0
114	2	2	1	1	5	3	5	5	5	3	3	2	3	3	5	5	5	5	5	34	2	2	0	0	1	0	0	1	0	0	1	-999	3	2	1	0	0	0
118	1	2	0	0	2	3	3	3	3	3	3	2	3	3	3	3	3	2	3	37	2	2	0	0	1	1	0	0	0	1	0	-999	1	4	1	1	1	0
118	1	2	0	1	5	4	4	3	3	3	3	2	3	3	4	4	5	2	4	37	2	2	0	0	1	1	0	0	0	1	0	-999	1	4	1	1	1	0
118	1	2	1	0	3	3	4	4	2	3	2	2	2	2	4	4	4	2	4	37	2	2	0	0	1	1	0	0	0	1	0	-999	1	4	1	1	1	0
118	1	2	1	1	3	3	4	4	2	3	2	2	2	2	4	4	4	2	4	37	2	2	0	0	1	1	0	0	0	1	0	-999	1	4	1	1	1	0
125	1	2	0	0	1	3	1	3	3	2	3	1	3	1	1	1	1	2	1	43	2	2	0	0	1	0	0	1	1	0	1	4	3	4	0	1	1	0
125	1	2	0	1	5	3	5	5	5	1	1	3	1	1	5	5	5	4	5	43	2	2	0	0	1	0	0	1	1	0	1	4	3	4	0	1	1	0
125	1	2	1	0	4	4	5	5	5	4	3	3	3	1	4	5	5	5	4	43	2	2	0	0	1	0	0	1	1	0	1	4	3	4	0	1	1	0
125	1	2	1	1	5	5	5	5	5	5	3	3	3	1	5	5	5	5	5	43	2	2	0	0	1	0	0	1	1	0	1	4	3	4	0	1	1	0
126	2	2	0	0	1	3	3	3	3	5	3	3	3	3	3	3	3	3	3	44	2	2	0	0	1	1	1	1	0	1	1	3	3	2	1	1	1	1
126	2	2	0	1	5	3	4	4	4	1	1	1	1	1	5	4	4	2	4	44	2	2	0	0	1	1	1	1	0	1	1	3	3	2	1	1	1	1
126	2	2	1	0	3	3	4	4	4	3	2	2	2	2	3	4	4	2	5	44	2	2	0	0	1	1	1	1	0	1	1	3	3	2	1	1	1	1
126	2	2	1	1	3	3	5	5	4	3	2	2	3	2	3	4	4	2	5	44	2	2	0	0	1	1	1	1	0	1	1	3	3	2	1	1	1	1
135	2	2	0	0	1	1	1	1	3	1	5	5	3	3	1	1	1	1	5	54	3	2	0	0	1	1	0	1	0	1	1	3	2	2	1	0	1	0
135	2	2	0	1	5	1	3	5	3	1	1	1	1	3	5	5	5	1	5	54	3	2	0	0	1	1	0	1	0	1	1	3	2	2	1	0	1	0
135	2	2	1	0	5	5	5	5	3	1	1	1	1	1	3	5	5	1	5	54	3	2	0	0	1	1	0	1	0	1	1	3	2	2	1	0	1	0
135	2	2	1	1	5	5	5	5	3	1	1	1	1	1	5	5	5	1	5	54	3	2	0	0	1	1	0	1	0	1	1	3	2	2	1	0	1	0
139	3	2	0	0	5	2	4	5	5	2	4	4	2	5	5	5	5	5	5	60	3	2	0	0	1	1	1	1	1	1	1	3	3	1	1	0	1	0
139	3	2	0	1	5	2	4	5	5	2	4	1	2	5	5	5	5	5	5	60	3	2	0	0	1	1	1	1	1	1	1	3	3	1	1	0	1	0
139	3	2	1	0	5	5	5	5	5	2	5	1	5	5	5	5	5	5	5	60	3	2	0	0	1	1	1	1	1	1	1	3	3	1	1	0	1	0
139	3	2	1	1	5	5	5	5	5	2	5	1	5	5	5	5	5	5	5	60	3	2	0	0	1	1	1	1	1	1	1	3	3	1	1	0	1	0
140	2	2	0	0	1	1	1	1	1	5	5	4	4	4	1	1	1	1	1	66	4	2	0	0	1	0	0	1	0	0	1	-999	3	3	1	1	1	1
140	2	2	0	1	5	5	5	5	5	1	1	1	1	1	5	5	5	5	5	66	4	2	0	0	1	0	0	1	0	0	1	-999	3	3	1	1	1	1
140	2	2	1	0	5	5	5	5	5	1	1	1	1	1	5	5	5	5	5	66	4	2	0	0	1	0	0	1	0	0	1	-999	3	3	1	1	1	1
140	2	2	1	1	5	5	5	5	5	1	1	1	1	1	5	5	5	5	5	66	4	2	0	0	1	0	0	1	0	0	1	-999	3	3	1	1	1	1
141	3	2	0	0	2	5	3	2	4	1	3	2	1	2	2	5	2	5	5	-999	-999	2	0	0	1	0	0	1	1	0	1	3	1	2	1	1	1	1
141	3	2	0	1	5	5	5	4	4	1	1	3	1	2	5	4	5	5	5	-999	-999	2	0	0	1	0	0	1	1	0	1	3	1	2	1	1	1	1
141	3	2	1	0	5	5	4	5	5	2	1	1	2	2	5	5	5	5	5	-999	-999	2	0	0	1	0	0	1	1	0	1	3	1	2	1	1	1	1
141	3	2	1	1	5	5	4	5	5	2	1	4	4	3	5	2	4	5	5	-999	-999	2	0	0	1	0	0	1	1	0	1	3	1	2	1	1	1	1
144	3	2	0	0	1	5	3	5	4	3	1	3	2	1	5	4	5	3	1	25	2	1	0	0	1	0	0	0	1	0	1	3	1	2	0	0	1	1
144	3	2	0	1	5	5	4	5	5	2	1	1	1	1	5	5	5	3	5	25	2	1	0	0	1	0	0	0	1	0	1	3	1	2	0	0	1	1
144	3	2	1	0	4	5	4	4	5	1	1	1	1	1	5	5	5	1	4	25	2	1	0	0	1	0	0	0	1	0	1	3	1	2	0	0	1	1
144	3	2	1	1	5	5	5	5	5	1	1	1	1	1	5	5	5	1	5	25	2	1	0	0	1	0	0	0	1	0	1	3	1	2	0	0	1	1
147	1	2	0	0	1	2	1	1	1	1	5	5	5	5	1	1	1	1	1	30	2	1	0	0	1	0	0	0	1	0	1	-999	3	2	1	1	0	1
147	1	2	0	1	5	5	5	5	5	4	1	1	2	1	5	5	5	5	5	30	2	1	0	0	1	0	0	0	1	0	1	-999	3	2	1	1	0	1
147	1	2	1	0	3	3	3	4	5	1	3	1	1	1	2	4	4	5	4	30	2	1	0	0	1	0	0	0	1	0	1	-999	3	2	1	1	0	1
147	1	2	1	1	5	4	5	5	4	1	1	1	4	1	5	4	4	5	5	30	2	1	0	0	1	0	0	0	1	0	1	-999	3	2	1	1	0	1
150	1	2	0	0	1	2	2	2	3	2	2	1	1	5	1	1	1	2	2	35	2	1	0	0	1	1	0	0	0	1	0	2	2	4	1	0	0	0
150	1	2	0	1	5	3	4	4	4	4	4	4	3	3	4	5	5	4	5	35	2	1	0	0	1	1	0	0	0	1	0	2	2	4	1	0	0	0
150	1	2	1	0	5	4	2	4	5	3	1	3	3	3	4	2	3	2	2	35	2	1	0	0	1	1	0	0	0	1	0	2	2	4	1	0	0	0
150	1	2	1	1	2	5	1	4	3	5	5	4	1	2	4	5	5	5	5	35	2	1	0	0	1	1	0	0	0	1	0	2	2	4	1	0	0	0
151	1	2	0	0	1	1	1	1	1	5	5	5	5	5	1	1	1	1	1	37	2	1	0	0	0	0	0	0	0	0	0	-999	3	3	1	1	1	1
151	1	2	0	1	5	5	5	5	5	1	1	1	1	1	5	5	5	5	5	37	2	1	0	0	0	0	0	0	0	0	0	-999	3	3	1	1	1	1
151	1	2	1	0	5	1	5	5	5	1	1	1	1	1	5	5	5	5	5	37	2	1	0	0	0	0	0	0	0	0	0	-999	3	3	1	1	1	1
151	1	2	1	1	4	5	5	5	5	1	1	1	1	1	5	5	5	5	5	37	2	1	0	0	0	0	0	0	0	0	0	-999	3	3	1	1	1	1
152	1	2	0	0	4	1	1	1	3	1	1	1	1	1	4	4	4	4	4	40	2	1	0	0	0	0	0	0	0	0	0	3	2	1	1	1	1	1
152	1	2	0	1	5	1	4	4	4	1	1	1	1	1	4	4	4	4	4	40	2	1	0	0	0	0	0	0	0	0	0	3	2	1	1	1	1	1
152	1	2	1	0	4	2	3	3	3	1	2	2	2	2	4	4	4	4	4	40	2	1	0	0	0	0	0	0	0	0	0	3	2	1	1	1	1	1
152	1	2	1	1	4	2	3	3	3	1	2	2	2	2	4	4	4	4	4	40	2	1	0	0	0	0	0	0	0	0	0	3	2	1	1	1	1	1
154	2	2	0	0	1	2	1	2	3	3	4	3	1	4	1	2	2	3	1	44	2	1	0	0	1	1	1	1	0	1	1	-999	3	1	1	0	1	0
154	2	2	0	1	5	4	4	4	3	1	1	2	2	2	5	4	4	3	5	44	2	1	0	0	1	1	1	1	0	1	1	-999	3	1	1	0	1	0
154	2	2	1	0	2	4	4	3	3	2	2	2	1	2	4	4	4	4	5	44	2	1	0	0	1	1	1	1	0	1	1	-999	3	1	1	0	1	0
154	2	2	1	1	4	4	4	3	3	2	2	2	1	2	4	4	4	4	5	44	2	1	0	0	1	1	1	1	0	1	1	-999	3	1	1	0	1	0
156	2	2	0	0	1	1	1	1	1	1	5	5	5	5	1	1	1	3	1	52	3	1	0	0	1	1	0	1	0	1	1	3	2	2	1	0	1	0
156	2	2	0	1	5	5	5	5	5	5	1	1	1	1	5	5	5	3	5	52	3	1	0	0	1	1	0	1	0	1	1	3	2	2	1	0	1	0
156	2	2	1	0	1	5	5	5	5	1	1	1	1	1	5	5	5	5	5	52	3	1	0	0	1	1	0	1	0	1	1	3	2	2	1	0	1	0
156	2	2	1	1	5	5	5	5	5	1	1	1	1	1	5	5	5	5	5	52	3	1	0	0	1	1	0	1	0	1	1	3	2	2	1	0	1	0
158	1	2	0	0	1	3	3	3	3	4	3	4	1	3	2	3	3	3	2	27	2	2	0	0	1	1	0	0	0	1	0	-999	2	2	1	0	0	0
158	1	2	0	1	5	3	3	3	3	1	1	1	1	3	5	5	5	3	5	27	2	2	0	0	1	1	0	0	0	1	0	-999	2	2	1	0	0	0
158	1	2	1	0	4	4	3	4	3	3	3	3	1	1	4	4	4	3	4	27	2	2	0	0	1	1	0	0	0	1	0	-999	2	2	1	0	0	0
158	1	2	1	1	5	5	5	5	3	3	3	3	1	1	5	5	5	3	5	27	2	2	0	0	1	1	0	0	0	1	0	-999	2	2	1	0	0	0
162	1	2	0	0	2	3	2	1	4	3	5	4	5	3	3	1	3	3	1	41	2	2	0	0	1	1	0	0	0	1	0	-999	2	2	1	0	0	1
162	1	2	0	1	5	3	4	4	4	3	1	2	2	2	5	5	5	3	5	41	2	2	0	0	1	1	0	0	0	1	0	-999	2	2	1	0	0	1
162	1	2	1	0	4	3	4	4	4	1	3	2	2	2	4	4	4	5	5	41	2	2	0	0	1	1	0	0	0	1	0	-999	2	2	1	0	0	1
162	1	2	1	1	2	3	5	4	4	1	3	2	2	2	4	4	4	4	5	41	2	2	0	0	1	1	0	0	0	1	0	-999	2	2	1	0	0	1
164	2	2	0	0	1	3	1	1	3	5	2	5	3	4	1	3	1	3	1	49	3	2	0	0	1	0	0	1	0	0	1	5	3	4	1	1	1	1
164	2	2	0	1	5	5	5	5	3	1	5	1	3	3	5	4	5	3	5	49	3	2	0	0	1	0	0	1	0	0	1	5	3	4	1	1	1	1
164	2	2	1	0	5	4	5	5	4	1	1	1	2	1	5	5	5	5	5	49	3	2	0	0	1	0	0	1	0	0	1	5	3	4	1	1	1	1
164	2	2	1	1	5	4	5	5	4	1	1	1	2	1	5	5	5	5	5	49	3	2	0	0	1	0	0	1	0	0	1	5	3	4	1	1	1	1
167	1	2	0	0	2	2	1	1	3	4	4	2	3	4	2	3	3	3	2	34	2	1	0	0	0	0	0	0	0	0	0	-999	3	3	1	0	1	1
167	1	2	0	1	5	4	5	4	3	2	2	2	2	2	4	4	4	3	4	34	2	1	0	0	0	0	0	0	0	0	0	-999	3	3	1	0	1	1
167	1	2	1	0	4	3	5	4	3	3	3	2	3	2	4	3	3	4	3	34	2	1	0	0	0	0	0	0	0	0	0	-999	3	3	1	0	1	1
167	1	2	1	1	5	3	5	4	3	3	3	2	3	2	4	3	3	4	3	34	2	1	0	0	0	0	0	0	0	0	0	-999	3	3	1	0	1	1
169	1	2	0	0	3	3	3	2	2	3	3	2	3	2	1	3	3	2	2	35	2	1	0	0	1	1	0	0	0	1	0	3	1	2	1	0	0	0
169	1	2	0	1	5	3	3	3	3	2	2	2	2	2	5	5	5	3	5	35	2	1	0	0	1	1	0	0	0	1	0	3	1	2	1	0	0	0
169	1	2	1	0	3	3	3	4	3	2	2	3	2	2	1	5	3	3	5	35	2	1	0	0	1	1	0	0	0	1	0	3	1	2	1	0	0	0
169	1	2	1	1	3	3	3	3	3	2	2	3	3	3	1	5	3	3	3	35	2	1	0	0	1	1	0	0	0	1	0	3	1	2	1	0	0	0
170	2	2	0	0	3	3	3	3	4	3	4	3	1	3	3	2	3	4	1	35	2	1	0	0	1	1	0	1	0	1	1	3	3	2	1	1	1	1
170	2	2	0	1	5	4	4	5	4	3	1	3	1	1	5	5	5	5	5	35	2	1	0	0	1	1	0	1	0	1	1	3	3	2	1	1	1	1
170	2	2	1	0	1	3	3	3	3	1	3	1	1	1	4	4	4	4	4	35	2	1	0	0	1	1	0	1	0	1	1	3	3	2	1	1	1	1
170	2	2	1	1	1	4	4	4	3	1	1	3	3	1	5	5	5	5	5	35	2	1	0	0	1	1	0	1	0	1	1	3	3	2	1	1	1	1
178	2	2	0	0	3	3	3	2	4	3	4	2	2	2	1	1	2	3	1	28	2	1	0	0	1	0	0	1	0	0	1	-999	3	2	1	1	1	0
178	2	2	0	1	5	3	5	4	4	2	1	2	2	2	5	5	4	4	5	28	2	1	0	0	1	0	0	1	0	0	1	-999	3	2	1	1	1	0
178	2	2	1	0	4	4	4	4	4	1	1	2	2	2	4	3	4	4	4	28	2	1	0	0	1	0	0	1	0	0	1	-999	3	2	1	1	1	0
178	2	2	1	1	5	4	5	5	4	2	1	2	2	2	5	5	5	4	5	28	2	1	0	0	1	0	0	1	0	0	1	-999	3	2	1	1	1	0
187	1	2	0	0	1	1	1	1	1	5	5	5	5	5	1	1	1	3	1	58	3	1	0	0	1	1	0	0	0	1	0	3	3	2	1	1	1	0
187	1	2	0	1	5	5	5	5	5	1	1	1	1	1	5	5	5	3	5	58	3	1	0	0	1	1	0	0	0	1	0	3	3	2	1	1	1	0
187	1	2	1	0	1	3	3	3	4	3	3	3	3	3	4	5	4	4	4	58	3	1	0	0	1	1	0	0	0	1	0	3	3	2	1	1	1	0
187	1	2	1	1	5	5	5	5	5	1	1	1	1	1	5	5	5	5	5	58	3	1	0	0	1	1	0	0	0	1	0	3	3	2	1	1	1	0
188	2	2	0	0	1	1	1	1	1	5	5	5	5	5	1	1	1	1	1	56	3	2	0	1	1	1	0	1	0	1	1	1	2	2	1	0	0	0
188	2	2	0	1	5	5	5	5	5	1	1	1	1	1	5	5	5	5	5	56	3	2	0	1	1	1	0	1	0	1	1	1	2	2	1	0	0	0
188	2	2	1	0	5	5	5	5	5	1	1	1	1	1	5	5	5	4	5	56	3	2	0	1	1	1	0	1	0	1	1	1	2	2	1	0	0	0
188	2	2	1	1	5	5	5	5	5	1	1	1	1	1	5	3	5	4	5	56	3	2	0	1	1	1	0	1	0	1	1	1	2	2	1	0	0	0
190	2	2	0	0	1	1	1	2	2	4	2	2	1	2	1	2	1	2	1	35	2	2	0	1	1	0	0	1	0	0	1	1	3	3	1	0	1	1
190	2	2	0	1	5	5	5	5	5	1	1	2	1	2	5	5	5	4	5	35	2	2	0	1	1	0	0	1	0	0	1	1	3	3	1	0	1	1
190	2	2	1	0	2	2	2	3	3	3	2	3	3	2	2	3	3	3	3	35	2	2	0	1	1	0	0	1	0	0	1	1	3	3	1	0	1	1
190	2	2	1	1	5	4	5	5	5	1	2	1	1	2	5	5	5	5	5	35	2	2	0	1	1	0	0	1	0	0	1	1	3	3	1	0	1	1
192	1	2	0	0	1	1	1	1	1	4	4	5	4	5	1	1	1	2	1	25	2	1	0	0	0	0	0	0	0	0	0	1	3	3	1	0	1	0
192	1	2	0	1	5	5	5	5	5	1	1	1	2	1	5	5	5	3	5	25	2	1	0	0	0	0	0	0	0	0	0	1	3	3	1	0	1	0
192	1	2	1	0	4	4	4	4	4	1	1	1	1	1	3	4	3	3	4	25	2	1	0	0	0	0	0	0	0	0	0	1	3	3	1	0	1	0
192	1	2	1	1	5	5	5	5	5	1	1	1	1	1	3	5	3	3	5	25	2	1	0	0	0	0	0	0	0	0	0	1	3	3	1	0	1	0
197	2	2	0	0	2	3	3	1	2	3	5	4	3	4	1	1	2	1	2	31	2	2	0	0	0	0	0	0	0	0	0	6	1	3	0	0	1	1
197	2	2	0	1	5	5	5	5	5	1	1	1	1	1	5	5	5	5	5	31	2	2	0	0	0	0	0	0	0	0	0	6	1	3	0	0	1	1
197	2	2	1	0	4	4	4	4	4	1	1	2	3	1	4	4	4	4	4	31	2	2	0	0	0	0	0	0	0	0	0	6	1	3	0	0	1	1
197	2	2	1	1	5	5	5	5	5	1	1	1	2	1	5	5	5	5	5	31	2	2	0	0	0	0	0	0	0	0	0	6	1	3	0	0	1	1
200	2	2	0	0	3	3	2	2	2	3	5	4	5	5	1	2	1	3	2	48	3	2	0	0	1	0	0	1	0	0	1	2	3	2	1	1	1	1
200	2	2	0	1	5	4	5	5	4	2	1	1	1	2	5	4	5	4	5	48	3	2	0	0	1	0	0	1	0	0	1	2	3	2	1	1	1	1
200	2	2	1	0	3	3	4	4	4	3	4	3	2	2	4	4	4	4	4	48	3	2	0	0	1	0	0	1	0	0	1	2	3	2	1	1	1	1
200	2	2	1	1	4	4	5	4	4	4	3	3	2	2	5	4	4	4	4	48	3	2	0	0	1	0	0	1	0	0	1	2	3	2	1	1	1	1
201	3	2	0	0	3	3	3	3	3	3	3	3	3	3	3	3	3	3	3	55	3	2	0	0	1	1	0	1	1	1	1	-999	2	2	1	1	1	1
201	3	2	0	1	5	5	5	4	4	3	3	4	3	3	4	4	4	4	4	55	3	2	0	0	1	1	0	1	1	1	1	-999	2	2	1	1	1	1
201	3	2	1	0	4	3	3	3	3	3	3	3	3	3	4	4	4	3	3	55	3	2	0	0	1	1	0	1	1	1	1	-999	2	2	1	1	1	1
201	3	2	1	1	5	4	3	3	3	3	3	3	3	3	5	5	5	3	5	55	3	2	0	0	1	1	0	1	1	1	1	-999	2	2	1	1	1	1
202	2	2	0	0	1	1	1	1	3	5	5	5	5	5	1	1	1	1	1	32	2	1	0	0	1	1	0	1	0	1	1	4	3	3	1	0	1	1
202	2	2	0	1	5	5	5	5	3	1	1	1	1	1	5	5	5	5	5	32	2	1	0	0	1	1	0	1	0	1	1	4	3	3	1	0	1	1
202	2	2	1	0	4	4	4	5	3	1	1	1	1	1	5	5	5	4	5	32	2	1	0	0	1	1	0	1	0	1	1	4	3	3	1	0	1	1
202	2	2	1	1	5	4	5	5	3	1	1	1	1	1	5	5	5	4	5	32	2	1	0	0	1	1	0	1	0	1	1	4	3	3	1	0	1	1
204	1	2	0	0	2	4	3	3	3	4	3	3	3	3	1	3	3	3	2	28	2	2	0	0	0	0	0	0	0	0	0	4	3	3	0	0	1	0
204	1	2	0	1	5	3	4	4	4	1	1	3	2	3	5	4	4	3	5	28	2	2	0	0	0	0	0	0	0	0	0	4	3	3	0	0	1	0
204	1	2	1	0	4	3	3	4	3	1	3	3	2	2	3	4	4	3	4	28	2	2	0	0	0	0	0	0	0	0	0	4	3	3	0	0	1	0
204	1	2	1	1	5	3	3	4	4	1	3	3	2	2	4	4	4	3	4	28	2	2	0	0	0	0	0	0	0	0	0	4	3	3	0	0	1	0
209	3	2	0	0	2	3	2	2	2	3	2	5	5	4	1	2	2	3	1	41	2	2	0	1	1	1	0	0	1	1	1	5	2	3	1	0	1	1
209	3	2	0	1	5	3	4	4	5	1	4	2	2	2	5	5	5	3	5	41	2	2	0	1	1	1	0	0	1	1	1	5	2	3	1	0	1	1
209	3	2	1	0	4	3	5	3	3	3	3	3	3	3	3	3	3	3	3	41	2	2	0	1	1	1	0	0	1	1	1	5	2	3	1	0	1	1
209	3	2	1	1	5	3	4	3	3	3	3	3	3	3	3	3	3	3	3	41	2	2	0	1	1	1	0	0	1	1	1	5	2	3	1	0	1	1
210	2	2	0	0	3	5	2	4	4	3	3	2	3	1	4	3	4	3	3	61	3	2	0	0	1	0	0	1	0	0	1	2	3	2	1	0	0	0
210	2	2	0	1	5	4	4	4	4	3	3	2	3	1	5	5	4	4	4	61	3	2	0	0	1	0	0	1	0	0	1	2	3	2	1	0	0	0
210	2	2	1	0	4	4	4	4	4	2	1	2	2	2	3	2	4	3	4	61	3	2	0	0	1	0	0	1	0	0	1	2	3	2	1	0	0	0
210	2	2	1	1	5	4	4	4	4	2	1	2	2	2	4	2	4	4	4	61	3	2	0	0	1	0	0	1	0	0	1	2	3	2	1	0	0	0
213	2	2	0	0	2	3	1	3	3	1	3	2	1	2	2	4	3	2	3	39	2	1	0	1	1	1	0	0	0	1	0	2	1	2	1	0	0	0
213	2	2	0	1	5	4	4	5	3	1	3	2	1	1	5	5	4	4	5	39	2	1	0	1	1	1	0	0	0	1	0	2	1	2	1	0	0	0
213	2	2	1	0	5	5	5	5	5	1	1	1	1	1	5	5	5	4	4	39	2	1	0	1	1	1	0	0	0	1	0	2	1	2	1	0	0	0
213	2	2	1	1	2	5	5	5	5	2	1	1	1	1	4	5	4	5	5	39	2	1	0	1	1	1	0	0	0	1	0	2	1	2	1	0	0	0
214	2	2	0	0	1	1	1	1	1	5	5	5	5	5	1	1	1	1	1	48	3	2	0	1	1	1	0	0	0	1	0	1	3	4	1	0	1	0
214	2	2	0	1	5	5	5	5	5	1	1	1	1	1	5	5	5	5	5	48	3	2	0	1	1	1	0	0	0	1	0	1	3	4	1	0	1	0
214	2	2	1	0	1	1	1	1	1	5	5	5	5	5	1	1	1	1	1	48	3	2	0	1	1	1	0	0	0	1	0	1	3	4	1	0	1	0
214	2	2	1	1	5	5	5	5	5	1	1	1	1	1	5	5	5	5	5	48	3	2	0	1	1	1	0	0	0	1	0	1	3	4	1	0	1	0
218	1	2	0	0	1	5	1	1	3	1	5	3	1	3	1	1	1	1	1	66	4	1	0	1	1	1	0	0	0	1	0	5	3	4	1	0	1	0
218	1	2	0	1	5	5	5	5	3	1	1	1	1	3	5	5	5	5	5	66	4	1	0	1	1	1	0	0	0	1	0	5	3	4	1	0	1	0
218	1	2	1	0	3	3	3	3	3	3	3	3	3	3	3	3	3	3	3	66	4	1	0	1	1	1	0	0	0	1	0	5	3	4	1	0	1	0
218	1	2	1	1	5	3	3	3	3	3	3	3	3	3	5	5	5	3	5	66	4	1	0	1	1	1	0	0	0	1	0	5	3	4	1	0	1	0
220	2	2	0	0	3	4	2	2	2	4	4	4	4	5	3	2	2	2	1	32	2	2	0	0	1	1	0	1	0	1	1	5	1	2	1	0	1	0
220	2	2	0	1	5	4	4	4	4	3	2	2	1	1	5	4	4	4	5	32	2	2	0	0	1	1	0	1	0	1	1	5	1	2	1	0	1	0
220	2	2	1	0	4	3	3	5	3	1	2	3	1	3	5	5	5	5	5	32	2	2	0	0	1	1	0	1	0	1	1	5	1	2	1	0	1	0
220	2	2	1	1	2	3	3	5	3	3	3	3	1	3	5	5	5	5	5	32	2	2	0	0	1	1	0	1	0	1	1	5	1	2	1	0	1	0
229	2	2	0	0	1	1	1	1	1	1	1	5	5	5	1	1	1	1	1	33	2	2	0	0	1	0	0	1	0	0	1	-999	3	3	1	1	1	1
229	2	2	0	1	5	5	5	5	5	5	5	1	1	1	5	5	5	5	5	33	2	2	0	0	1	0	0	1	0	0	1	-999	3	3	1	1	1	1
229	2	2	1	0	1	4	1	5	5	1	1	1	1	1	5	5	5	5	5	33	2	2	0	0	1	0	0	1	0	0	1	-999	3	3	1	1	1	1
229	2	2	1	1	5	2	5	5	5	1	5	1	1	1	5	5	5	5	5	33	2	2	0	0	1	0	0	1	0	0	1	-999	3	3	1	1	1	1
232	2	2	0	0	3	4	2	3	2	1	3	2	2	3	3	3	3	3	3	33	2	2	0	0	1	1	0	1	0	1	1	-999	2	3	0	1	1	0
232	2	2	0	1	5	4	4	4	4	1	3	2	2	3	4	4	4	4	4	33	2	2	0	0	1	1	0	1	0	1	1	-999	2	3	0	1	1	0
232	2	2	1	0	4	4	4	4	4	3	3	2	2	1	4	4	4	4	5	33	2	2	0	0	1	1	0	1	0	1	1	-999	2	3	0	1	1	0
232	2	2	1	1	4	4	4	4	4	3	3	2	2	1	4	4	4	4	5	33	2	2	0	0	1	1	0	1	0	1	1	-999	2	3	0	1	1	0
233	1	2	0	0	2	3	2	2	1	3	3	4	2	4	2	2	2	1	1	45	3	1	0	0	1	1	0	0	0	1	0	4	3	2	1	0	1	0
233	1	2	0	1	5	5	4	4	5	2	3	2	2	2	4	4	4	5	5	45	3	1	0	0	1	1	0	0	0	1	0	4	3	2	1	0	1	0
233	1	2	1	0	4	4	5	4	4	3	2	2	2	2	4	4	4	4	4	45	3	1	0	0	1	1	0	0	0	1	0	4	3	2	1	0	1	0
233	1	2	1	1	4	4	4	5	4	3	2	2	1	2	5	5	4	4	4	45	3	1	0	0	1	1	0	0	0	1	0	4	3	2	1	0	1	0
239	1	2	0	0	1	3	2	2	2	4	4	3	3	4	2	2	2	3	2	24	1	1	0	0	0	0	0	0	0	0	0	2	1	1	1	0	1	0
239	1	2	0	1	5	4	4	4	4	2	1	1	1	2	5	4	5	4	5	24	1	1	0	0	0	0	0	0	0	0	0	2	1	1	1	0	1	0
239	1	2	1	0	4	4	4	4	4	2	1	1	1	1	5	4	4	5	4	24	1	1	0	0	0	0	0	0	0	0	0	2	1	1	1	0	1	0
239	1	2	1	1	5	5	5	4	5	1	1	1	1	1	5	5	5	5	5	24	1	1	0	0	0	0	0	0	0	0	0	2	1	1	1	0	1	0
241	2	2	0	0	1	2	1	1	1	5	1	5	5	5	1	1	1	1	1	39	2	2	0	0	1	1	0	1	0	1	1	4	3	2	0	0	1	1
241	2	2	0	1	5	4	5	5	5	1	5	1	1	1	5	5	5	5	5	39	2	2	0	0	1	1	0	1	0	1	1	4	3	2	0	0	1	1
241	2	2	1	0	5	5	5	5	3	1	1	1	1	1	5	5	5	3	5	39	2	2	0	0	1	1	0	1	0	1	1	4	3	2	0	0	1	1
241	2	2	1	1	1	5	3	4	3	1	1	1	1	1	3	5	5	3	3	39	2	2	0	0	1	1	0	1	0	1	1	4	3	2	0	0	1	1
245	1	2	0	0	2	2	1	4	3	5	5	3	4	4	2	3	3	1	2	25	2	2	0	0	1	1	0	0	0	1	0	3	2	4	1	0	0	0
245	1	2	0	1	5	5	5	1	1	1	1	1	1	1	2	3	2	4	3	25	2	2	0	0	1	1	0	0	0	1	0	3	2	4	1	0	0	0
245	1	2	1	0	4	4	4	4	4	2	2	2	4	4	4	4	4	4	4	25	2	2	0	0	1	1	0	0	0	1	0	3	2	4	1	0	0	0
245	1	2	1	1	2	2	2	2	2	4	1	3	2	2	2	2	3	3	2	25	2	2	0	0	1	1	0	0	0	1	0	3	2	4	1	0	0	0
249	3	2	0	0	1	3	3	3	3	3	3	3	3	3	1	1	1	3	1	23	1	1	0	0	1	0	0	0	1	0	1	3	3	3	1	1	1	1
249	3	2	0	1	5	5	5	5	5	1	1	1	1	1	5	5	5	3	5	23	1	1	0	0	1	0	0	0	1	0	1	3	3	3	1	1	1	1
249	3	2	1	0	5	5	3	4	5	2	1	2	1	1	5	5	5	3	5	23	1	1	0	0	1	0	0	0	1	0	1	3	3	3	1	1	1	1
249	3	2	1	1	5	5	3	4	5	2	1	2	1	1	5	5	5	3	5	23	1	1	0	0	1	0	0	0	1	0	1	3	3	3	1	1	1	1
252	1	2	0	0	1	2	3	3	4	1	1	1	1	1	3	3	3	1	2	52	3	1	0	0	1	1	0	0	0	1	0	4	3	3	1	1	1	0
252	1	2	0	1	5	2	5	4	4	1	1	1	1	1	5	5	5	1	2	52	3	1	0	0	1	1	0	0	0	1	0	4	3	3	1	1	1	0
252	1	2	1	0	5	2	5	5	1	2	2	1	1	1	2	5	5	1	2	52	3	1	0	0	1	1	0	0	0	1	0	4	3	3	1	1	1	0
252	1	2	1	1	4	2	5	5	1	2	2	1	1	1	2	5	5	1	2	52	3	1	0	0	1	1	0	0	0	1	0	4	3	3	1	1	1	0
254	2	2	0	0	2	4	1	2	4	4	4	4	3	3	2	3	3	3	2	33	2	2	0	0	1	1	0	1	0	1	1	3	3	2	1	0	1	0
254	2	2	0	1	5	4	5	4	4	2	1	3	3	3	5	3	5	3	5	33	2	2	0	0	1	1	0	1	0	1	1	3	3	2	1	0	1	0
254	2	2	1	0	3	4	4	4	4	1	2	4	3	2	4	4	4	3	4	33	2	2	0	0	1	1	0	1	0	1	1	3	3	2	1	0	1	0
254	2	2	1	1	5	3	5	5	4	1	3	2	3	2	4	4	4	3	5	33	2	2	0	0	1	1	0	1	0	1	1	3	3	2	1	0	1	0
269	2	2	0	0	1	1	4	2	2	2	1	2	2	2	4	2	2	2	2	40	2	2	0	0	1	0	0	1	0	0	1	6	1	4	0	0	1	0
269	2	2	0	1	5	5	4	4	2	2	1	2	2	2	4	5	4	4	4	40	2	2	0	0	1	0	0	1	0	0	1	6	1	4	0	0	1	0
269	2	2	1	0	2	5	4	4	4	2	1	2	2	2	2	2	2	2	2	40	2	2	0	0	1	0	0	1	0	0	1	6	1	4	0	0	1	0
269	2	2	1	1	5	4	5	4	4	2	1	2	2	2	4	4	4	4	4	40	2	2	0	0	1	0	0	1	0	0	1	6	1	4	0	0	1	0
270	2	2	0	0	1	1	4	4	2	1	4	2	2	4	1	1	1	3	1	52	3	2	0	0	1	1	0	1	0	1	1	4	2	2	1	1	1	1
270	2	2	0	1	5	5	2	2	4	5	2	4	4	2	5	5	5	3	5	52	3	2	0	0	1	1	0	1	0	1	1	4	2	2	1	1	1	1
270	2	2	1	0	3	2	3	5	3	3	3	3	3	3	5	5	5	3	5	52	3	2	0	0	1	1	0	1	0	1	1	4	2	2	1	1	1	1
270	2	2	1	1	3	4	3	5	3	3	3	3	3	3	5	5	5	3	5	52	3	2	0	0	1	1	0	1	0	1	1	4	2	2	1	1	1	1
277	2	2	0	0	2	3	2	3	2	3	3	3	3	4	2	2	2	2	2	38	2	2	0	1	1	1	0	1	0	1	1	-999	2	2	1	1	1	0
277	2	2	0	1	5	4	5	5	4	1	2	2	1	2	5	5	5	5	5	38	2	2	0	1	1	1	0	1	0	1	1	-999	2	2	1	1	1	0
277	2	2	1	0	4	5	4	4	4	2	2	2	2	2	4	4	4	4	4	38	2	2	0	1	1	1	0	1	0	1	1	-999	2	2	1	1	1	0
277	2	2	1	1	5	4	5	5	5	1	1	1	1	1	5	5	5	5	5	38	2	2	0	1	1	1	0	1	0	1	1	-999	2	2	1	1	1	0
278	1	2	0	0	1	1	1	2	1	1	5	1	1	2	1	1	1	1	1	25	2	1	0	0	0	0	0	0	0	0	0	2	3	4	1	0	1	0
278	1	2	0	1	5	1	5	5	5	1	1	1	1	1	5	5	5	5	5	25	2	1	0	0	0	0	0	0	0	0	0	2	3	4	1	0	1	0
278	1	2	1	0	5	1	5	5	5	1	1	1	1	1	5	5	5	5	5	25	2	1	0	0	0	0	0	0	0	0	0	2	3	4	1	0	1	0
278	1	2	1	1	5	4	5	5	5	1	1	1	1	1	5	5	5	5	5	25	2	1	0	0	0	0	0	0	0	0	0	2	3	4	1	0	1	0
279	1	2	0	0	5	1	5	3	3	1	5	3	3	3	1	1	1	1	3	48	3	2	0	0	1	1	0	0	0	1	0	4	3	2	1	1	1	0
279	1	2	0	1	5	5	3	3	3	5	3	3	3	3	5	5	5	1	3	48	3	2	0	0	1	1	0	0	0	1	0	4	3	2	1	1	1	0
279	1	2	1	0	4	3	4	3	3	1	1	1	1	1	4	4	4	1	1	48	3	2	0	0	1	1	0	0	0	1	0	4	3	2	1	1	1	0
279	1	2	1	1	4	3	4	3	3	1	1	1	1	1	4	4	4	1	1	48	3	2	0	0	1	1	0	0	0	1	0	4	3	2	1	1	1	0
283	2	2	0	0	3	3	3	4	4	1	2	4	1	1	4	4	4	4	3	25	2	2	1	0	0	0	0	0	0	0	0	1	2	1	1	0	1	0
283	2	2	0	1	5	5	4	5	4	2	1	5	2	1	5	5	4	5	4	25	2	2	1	0	0	0	0	0	0	0	0	1	2	1	1	0	1	0
283	2	2	1	0	4	2	5	5	5	1	1	1	1	1	5	5	5	5	4	25	2	2	1	0	0	0	0	0	0	0	0	1	2	1	1	0	1	0
283	2	2	1	1	5	1	5	5	5	1	1	2	1	1	4	4	4	4	3	25	2	2	1	0	0	0	0	0	0	0	0	1	2	1	1	0	1	0
284	1	2	0	0	2	1	2	2	1	2	5	5	5	5	1	1	1	1	1	16	1	1	1	0	1	0	0	1	1	0	1	1	2	3	0	1	0	0
284	1	2	0	1	5	5	3	4	5	1	1	1	1	1	5	4	5	5	5	16	1	1	1	0	1	0	0	1	1	0	1	1	2	3	0	1	0	0
284	1	2	1	0	5	5	5	5	5	1	1	1	1	1	5	5	5	5	5	16	1	1	1	0	1	0	0	1	1	0	1	1	2	3	0	1	0	0
284	1	2	1	1	5	5	5	5	5	1	1	1	1	1	5	5	5	5	5	16	1	1	1	0	1	0	0	1	1	0	1	1	2	3	0	1	0	0
285	1	2	0	0	1	1	1	1	1	4	5	5	4	5	1	1	1	3	1	64	3	2	0	1	1	1	0	0	0	1	0	5	3	3	1	1	1	0
285	1	2	0	1	5	5	5	5	5	2	1	1	2	1	5	5	5	3	5	64	3	2	0	1	1	1	0	0	0	1	0	5	3	3	1	1	1	0
285	1	2	1	0	5	5	5	5	5	1	2	1	1	1	5	5	5	3	5	64	3	2	0	1	1	1	0	0	0	1	0	5	3	3	1	1	1	0
285	1	2	1	1	1	1	5	5	5	5	5	1	1	1	5	5	5	3	5	64	3	2	0	1	1	1	0	0	0	1	0	5	3	3	1	1	1	0
288	3	2	0	0	3	3	5	5	3	3	2	3	1	1	3	4	1	2	2	43	2	2	0	0	1	0	0	0	1	0	1	-999	3	2	1	0	0	1
288	3	2	0	1	5	5	5	5	5	5	5	5	1	1	5	5	5	5	5	43	2	2	0	0	1	0	0	0	1	0	1	-999	3	2	1	0	0	1
288	3	2	1	0	5	5	5	5	5	5	5	5	5	5	5	5	5	5	5	43	2	2	0	0	1	0	0	0	1	0	1	-999	3	2	1	0	0	1
288	3	2	1	1	3	3	3	3	3	3	3	3	3	2	3	3	2	3	3	43	2	2	0	0	1	0	0	0	1	0	1	-999	3	2	1	0	0	1
289	1	2	0	0	1	4	1	1	3	5	5	3	3	3	1	1	1	3	1	44	2	2	0	0	1	1	0	0	0	1	0	5	3	2	1	0	1	0
289	1	2	0	1	5	4	5	5	4	1	1	1	3	3	5	5	5	3	5	44	2	2	0	0	1	1	0	0	0	1	0	5	3	2	1	0	1	0
289	1	2	1	0	4	3	5	5	5	1	1	3	3	3	4	4	4	3	5	44	2	2	0	0	1	1	0	0	0	1	0	5	3	2	1	0	1	0
289	1	2	1	1	5	3	5	5	5	1	1	3	3	3	5	5	5	3	5	44	2	2	0	0	1	1	0	0	0	1	0	5	3	2	1	0	1	0
293	2	2	0	0	3	5	3	1	1	3	5	1	1	1	1	1	1	2	1	22	1	2	0	0	1	0	0	1	0	0	1	2	3	2	1	1	1	1
293	2	2	0	1	5	5	5	5	1	2	3	1	1	1	5	5	5	4	5	22	1	2	0	0	1	0	0	1	0	0	1	2	3	2	1	1	1	1
293	2	2	1	0	5	5	3	5	1	5	1	5	5	1	3	3	3	3	3	22	1	2	0	0	1	0	0	1	0	0	1	2	3	2	1	1	1	1
293	2	2	1	1	5	3	5	5	1	3	1	3	3	1	5	5	5	5	5	22	1	2	0	0	1	0	0	1	0	0	1	2	3	2	1	1	1	1
298	2	2	0	0	2	3	3	3	3	3	3	3	3	2	3	2	2	3	2	66	4	2	0	1	1	1	0	1	0	1	1	-999	3	2	1	0	0	0
298	2	2	0	1	5	3	3	3	4	2	1	3	3	2	3	4	4	3	5	66	4	2	0	1	1	1	0	1	0	1	1	-999	3	2	1	0	0	0
298	2	2	1	0	3	3	3	3	2	2	2	3	3	2	4	3	3	3	4	66	4	2	0	1	1	1	0	1	0	1	1	-999	3	2	1	0	0	0
298	2	2	1	1	3	3	3	3	2	2	2	3	3	2	4	4	3	3	4	66	4	2	0	1	1	1	0	1	0	1	1	-999	3	2	1	0	0	0
300	2	2	0	0	1	4	1	1	3	5	5	4	5	5	1	1	1	1	1	45	3	2	0	0	1	0	0	1	0	0	1	6	3	2	1	0	1	0
300	2	2	0	1	5	3	5	5	4	2	1	2	2	1	5	5	5	2	5	45	3	2	0	0	1	0	0	1	0	0	1	6	3	2	1	0	1	0
300	2	2	1	0	5	3	4	4	4	2	2	3	3	3	4	4	4	2	4	45	3	2	0	0	1	0	0	1	0	0	1	6	3	2	1	0	1	0
300	2	2	1	1	4	2	5	5	5	1	1	1	2	1	5	5	5	2	5	45	3	2	0	0	1	0	0	1	0	0	1	6	3	2	1	0	1	0
306	1	2	0	0	3	3	3	3	4	3	3	3	3	3	3	4	4	4	4	70	4	1	1	0	1	1	0	0	0	1	0	4	3	2	1	0	0	0
306	1	2	0	1	5	3	5	5	4	3	3	3	3	3	5	4	4	4	5	70	4	1	1	0	1	1	0	0	0	1	0	4	3	2	1	0	0	0
306	1	2	1	0	5	4	5	4	4	4	3	4	3	3	4	4	4	5	4	70	4	1	1	0	1	1	0	0	0	1	0	4	3	2	1	0	0	0
306	1	2	1	1	5	4	4	5	4	4	3	5	3	3	5	5	5	5	5	70	4	1	1	0	1	1	0	0	0	1	0	4	3	2	1	0	0	0
307	2	2	0	0	1	3	1	2	2	3	3	2	3	3	1	1	1	1	1	64	3	2	0	1	1	1	0	1	0	1	1	5	3	3	1	0	0	0
307	2	2	0	1	5	3	5	5	5	1	1	2	2	1	5	5	5	5	5	64	3	2	0	1	1	1	0	1	0	1	1	5	3	3	1	0	0	0
307	2	2	1	0	1	1	1	1	1	1	1	1	1	1	1	1	1	1	1	64	3	2	0	1	1	1	0	1	0	1	1	5	3	3	1	0	0	0
307	2	2	1	1	5	5	5	5	5	5	5	5	5	5	5	5	5	5	5	64	3	2	0	1	1	1	0	1	0	1	1	5	3	3	1	0	0	0
308	1	2	0	0	2	4	2	3	3	1	3	1	1	1	3	3	5	5	5	59	3	1	-999	-999	1	1	0	0	0	1	0	-999	3	3	1	1	1	1
308	1	2	0	1	5	4	5	5	3	1	1	1	1	1	5	5	5	5	5	59	3	1	-999	-999	1	1	0	0	0	1	0	-999	3	3	1	1	1	1
308	1	2	1	0	3	5	3	5	5	1	1	1	1	1	4	4	4	3	5	59	3	1	-999	-999	1	1	0	0	0	1	0	-999	3	3	1	1	1	1
308	1	2	1	1	5	5	3	5	5	1	1	1	1	1	4	4	4	3	5	59	3	1	-999	-999	1	1	0	0	0	1	0	-999	3	3	1	1	1	1
309	3	2	0	0	1	1	1	1	1	1	1	5	3	3	1	1	1	1	1	27	2	2	0	0	1	0	0	0	1	0	1	3	2	2	0	1	1	1
309	3	2	0	1	5	5	5	5	5	3	5	1	1	4	5	5	5	5	5	27	2	2	0	0	1	0	0	0	1	0	1	3	2	2	0	1	1	1
309	3	2	1	0	3	3	5	5	5	4	3	2	1	1	5	4	4	3	4	27	2	2	0	0	1	0	0	0	1	0	1	3	2	2	0	1	1	1
309	3	2	1	1	3	3	5	5	5	4	3	2	1	1	4	4	4	3	4	27	2	2	0	0	1	0	0	0	1	0	1	3	2	2	0	1	1	1
315	2	2	0	0	1	1	1	1	3	1	3	1	2	3	1	5	1	3	1	46	3	1	0	0	1	0	0	1	0	0	1	3	3	2	1	1	1	1
315	2	2	0	1	5	5	5	5	3	5	3	5	4	3	5	1	5	3	5	46	3	1	0	0	1	0	0	1	0	0	1	3	3	2	1	1	1	1
315	2	2	1	0	5	4	5	5	3	4	3	4	4	3	5	5	5	3	3	46	3	1	0	0	1	0	0	1	0	0	1	3	3	2	1	1	1	1
315	2	2	1	1	4	5	5	5	3	5	5	5	5	3	4	4	5	3	3	46	3	1	0	0	1	0	0	1	0	0	1	3	3	2	1	1	1	1
322	1	2	0	0	3	4	3	2	3	2	2	1	2	2	2	3	3	2	3	24	1	1	0	0	1	1	0	0	1	1	1	2	1	2	1	0	1	0
322	1	2	0	1	5	5	5	3	4	2	1	1	2	1	5	4	4	3	5	24	1	1	0	0	1	1	0	0	1	1	1	2	1	2	1	0	1	0
322	1	2	1	0	4	3	3	3	3	2	2	2	2	1	5	5	5	4	4	24	1	1	0	0	1	1	0	0	1	1	1	2	1	2	1	0	1	0
322	1	2	1	1	4	3	4	4	3	1	2	2	1	1	5	5	5	4	4	24	1	1	0	0	1	1	0	0	1	1	1	2	1	2	1	0	1	0
326	1	2	0	0	1	2	3	2	3	2	4	3	3	4	1	2	1	3	1	66	4	1	0	1	1	1	0	0	0	1	0	-999	3	4	1	0	1	0
326	1	2	0	1	5	4	3	4	3	4	2	3	3	1	5	5	4	3	5	66	4	1	0	1	1	1	0	0	0	1	0	-999	3	4	1	0	1	0
326	1	2	1	0	4	4	3	3	3	2	3	3	3	3	4	4	4	3	4	66	4	1	0	1	1	1	0	0	0	1	0	-999	3	4	1	0	1	0
326	1	2	1	1	5	2	3	3	3	3	3	3	3	3	5	5	5	3	5	66	4	1	0	1	1	1	0	0	0	1	0	-999	3	4	1	0	1	0
328	1	2	0	0	2	1	3	1	1	1	3	3	1	1	2	2	2	1	1	52	3	2	0	0	1	1	1	1	0	1	1	4	3	2	1	1	1	0
328	1	2	0	1	5	1	3	1	1	1	1	3	1	1	4	4	4	1	4	52	3	2	0	0	1	1	1	1	0	1	1	4	3	2	1	1	1	0
328	1	2	1	0	1	1	1	1	1	1	1	1	1	1	3	3	3	1	3	52	3	2	0	0	1	1	1	1	0	1	1	4	3	2	1	1	1	0
328	1	2	1	1	1	1	1	1	1	1	1	1	1	1	5	4	4	1	5	52	3	2	0	0	1	1	1	1	0	1	1	4	3	2	1	1	1	0
333	1	2	0	0	1	3	2	2	2	1	2	3	3	4	2	1	2	1	1	44	2	1	0	0	1	1	0	0	0	1	0	2	3	1	1	1	1	0
333	1	2	0	1	5	3	5	5	5	1	1	1	1	1	5	5	5	5	5	44	2	1	0	0	1	1	0	0	0	1	0	2	3	1	1	1	1	0
333	1	2	1	0	2	2	4	4	3	3	3	2	1	1	4	4	4	4	5	44	2	1	0	0	1	1	0	0	0	1	0	2	3	1	1	1	1	0
333	1	2	1	1	5	5	5	5	5	3	3	2	1	1	5	5	5	5	5	44	2	1	0	0	1	1	0	0	0	1	0	2	3	1	1	1	1	0
339	1	2	0	0	2	1	2	2	1	4	4	3	4	4	1	1	1	1	1	53	3	1	0	0	1	1	0	0	0	1	0	3	2	2	1	1	1	0
339	1	2	0	1	5	4	4	4	5	1	2	3	2	1	5	5	5	4	5	53	3	1	0	0	1	1	0	0	0	1	0	3	2	2	1	1	1	0
339	1	2	1	0	2	3	3	3	3	3	4	5	4	3	3	3	3	3	3	53	3	1	0	0	1	1	0	0	0	1	0	3	2	2	1	1	1	0
339	1	2	1	1	5	5	5	5	5	3	2	3	2	3	5	5	5	5	5	53	3	1	0	0	1	1	0	0	0	1	0	3	2	2	1	1	1	0
341	1	2	0	0	3	2	2	2	3	2	1	3	3	3	2	1	1	2	2	24	1	1	0	0	0	0	0	0	0	0	0	2	2	2	1	1	1	1
341	1	2	0	1	5	4	5	5	3	3	1	2	2	2	5	5	5	4	5	24	1	1	0	0	0	0	0	0	0	0	0	2	2	2	1	1	1	1
341	1	2	1	0	5	5	5	5	5	1	1	1	2	1	5	5	5	5	5	24	1	1	0	0	0	0	0	0	0	0	0	2	2	2	1	1	1	1
341	1	2	1	1	4	4	5	5	5	4	1	1	2	1	5	5	5	5	5	24	1	1	0	0	0	0	0	0	0	0	0	2	2	2	1	1	1	1
343	2	2	0	0	1	1	1	1	1	1	1	1	1	1	1	1	1	1	1	19	1	2	1	0	1	0	0	0	1	0	1	-999	1	2	0	0	1	0
343	2	2	0	1	5	5	5	5	1	2	1	1	1	1	5	5	5	5	5	19	1	2	1	0	1	0	0	0	1	0	1	-999	1	2	0	0	1	0
343	2	2	1	0	5	5	5	5	5	1	5	1	1	1	5	5	5	5	5	19	1	2	1	0	1	0	0	0	1	0	1	-999	1	2	0	0	1	0
343	2	2	1	1	1	1	1	1	1	1	1	1	1	1	1	1	1	1	1	19	1	2	1	0	1	0	0	0	1	0	1	-999	1	2	0	0	1	0
349	1	2	0	0	3	5	3	3	5	2	4	3	2	1	3	4	5	4	3	37	2	2	1	0	0	0	0	0	0	0	0	1	2	3	0	0	1	0
349	1	2	0	1	5	5	5	5	5	2	2	3	2	1	5	4	5	4	5	37	2	2	1	0	0	0	0	0	0	0	0	1	2	3	0	0	1	0
349	1	2	1	0	5	4	5	5	5	2	2	2	2	1	5	5	5	5	5	37	2	2	1	0	0	0	0	0	0	0	0	1	2	3	0	0	1	0
349	1	2	1	1	2	4	4	4	5	4	4	2	2	1	4	5	4	4	4	37	2	2	1	0	0	0	0	0	0	0	0	1	2	3	0	0	1	0
528	1	2	0	0	1	1	1	1	2	5	5	5	5	5	1	1	1	1	1	54	3	1	0	0	1	1	0	0	0	1	0	-999	2	4	1	0	0	0
528	1	2	0	1	5	5	5	5	4	3	1	1	1	1	5	5	5	5	5	54	3	1	0	0	1	1	0	0	0	1	0	-999	2	4	1	0	0	0
528	1	2	1	0	5	3	3	5	5	1	5	3	1	1	3	4	4	4	4	54	3	1	0	0	1	1	0	0	0	1	0	-999	2	4	1	0	0	0
528	1	2	1	1	1	5	5	5	5	5	5	3	1	1	5	5	5	4	5	54	3	1	0	0	1	1	0	0	0	1	0	-999	2	4	1	0	0	0
529	3	2	0	0	1	1	2	2	3	3	3	2	2	2	3	4	3	3	3	34	2	2	0	0	1	1	0	0	1	1	1	3	3	2	1	1	1	0
529	3	2	0	1	5	5	4	4	5	3	2	4	2	2	4	4	4	4	4	34	2	2	0	0	1	1	0	0	1	1	1	3	3	2	1	1	1	0
529	3	2	1	0	4	4	4	4	5	2	2	2	2	2	5	4	4	4	5	34	2	2	0	0	1	1	0	0	1	1	1	3	3	2	1	1	1	0
529	3	2	1	1	3	5	4	4	4	2	2	1	2	1	2	2	3	4	4	34	2	2	0	0	1	1	0	0	1	1	1	3	3	2	1	1	1	0
536	1	2	0	0	3	3	1	1	5	3	3	1	1	1	1	1	1	1	1	42	2	1	0	1	0	0	0	0	0	0	0	1	1	3	1	0	0	0
536	1	2	0	1	5	3	5	5	5	1	1	1	1	1	5	5	5	5	5	42	2	1	0	1	0	0	0	0	0	0	0	1	1	3	1	0	0	0
536	1	2	1	0	5	1	5	5	5	1	1	1	1	1	5	5	5	5	5	42	2	1	0	1	0	0	0	0	0	0	0	1	1	3	1	0	0	0
536	1	2	1	1	5	1	5	5	5	1	1	1	1	1	5	5	5	5	5	42	2	1	0	1	0	0	0	0	0	0	0	1	1	3	1	0	0	0
537	1	2	0	0	3	3	3	3	3	3	2	3	2	2	2	3	3	3	4	80	4	1	0	1	0	0	0	0	0	0	0	-999	1	4	1	0	0	0
537	1	2	0	1	5	4	5	5	4	2	2	2	2	2	5	5	5	5	5	80	4	1	0	1	0	0	0	0	0	0	0	-999	1	4	1	0	0	0
537	1	2	1	0	4	4	4	4	4	2	2	2	2	2	4	4	4	4	4	80	4	1	0	1	0	0	0	0	0	0	0	-999	1	4	1	0	0	0
537	1	2	1	1	4	4	4	4	4	2	2	2	2	2	4	4	4	4	4	80	4	1	0	1	0	0	0	0	0	0	0	-999	1	4	1	0	0	0
538	2	2	0	0	1	1	1	1	1	5	5	5	5	5	1	1	1	1	1	66	4	2	0	1	1	1	0	1	0	1	1	5	3	2	1	1	1	0
538	2	2	0	1	5	5	5	5	5	1	1	1	1	1	5	5	5	5	5	66	4	2	0	1	1	1	0	1	0	1	1	5	3	2	1	1	1	0
538	2	2	1	0	1	3	3	3	4	3	4	3	3	1	3	3	5	4	5	66	4	2	0	1	1	1	0	1	0	1	1	5	3	2	1	1	1	0
538	2	2	1	1	5	3	5	5	4	3	1	3	3	1	5	5	5	4	5	66	4	2	0	1	1	1	0	1	0	1	1	5	3	2	1	1	1	0
542	2	2	0	0	3	4	3	3	3	3	4	3	1	1	3	3	3	3	2	43	2	1	0	0	1	0	0	1	0	0	1	-999	2	3	1	0	1	1
542	2	2	0	1	5	4	3	5	3	1	1	1	1	1	5	3	5	3	5	43	2	1	0	0	1	0	0	1	0	0	1	-999	2	3	1	0	1	1
542	2	2	1	0	4	3	3	3	5	2	1	1	1	1	4	3	5	1	5	43	2	1	0	0	1	0	0	1	0	0	1	-999	2	3	1	0	1	1
542	2	2	1	1	5	3	3	3	5	3	1	1	1	1	4	3	5	1	5	43	2	1	0	0	1	0	0	1	0	0	1	-999	2	3	1	0	1	1
543	2	2	0	0	2	3	1	1	3	1	3	1	1	4	1	1	1	2	1	29	2	2	0	0	1	1	0	1	0	1	1	-999	1	2	1	1	1	0
543	2	2	0	1	5	4	5	4	4	3	1	3	3	1	5	5	4	4	5	29	2	2	0	0	1	1	0	1	0	1	1	-999	1	2	1	1	1	0
543	2	2	1	0	3	3	3	4	4	1	3	1	2	1	3	5	5	5	5	29	2	2	0	0	1	1	0	1	0	1	1	-999	1	2	1	1	1	0
543	2	2	1	1	3	4	3	4	4	2	3	3	2	1	3	5	5	5	5	29	2	2	0	0	1	1	0	1	0	1	1	-999	1	2	1	1	1	0
544	2	2	0	0	2	3	2	2	2	4	4	3	3	3	3	2	2	1	1	25	2	1	1	0	1	0	0	1	0	0	1	1	2	3	1	0	0	0
544	2	2	0	1	5	4	4	4	4	2	2	3	3	2	4	4	4	5	5	25	2	1	1	0	1	0	0	1	0	0	1	1	2	3	1	0	0	0
544	2	2	1	0	4	4	4	4	4	2	2	2	2	2	4	4	5	4	4	25	2	1	1	0	1	0	0	1	0	0	1	1	2	3	1	0	0	0
544	2	2	1	1	2	2	2	2	2	4	4	4	3	4	2	2	1	5	5	25	2	1	1	0	1	0	0	1	0	0	1	1	2	3	1	0	0	0
545	2	2	0	0	3	2	3	3	3	3	3	3	3	3	1	3	5	3	2	26	2	2	0	0	1	0	0	1	0	0	1	3	2	4	0	0	1	1
545	2	2	0	1	5	2	4	5	2	3	1	3	3	2	5	4	5	3	5	26	2	2	0	0	1	0	0	1	0	0	1	3	2	4	0	0	1	1
545	2	2	1	0	4	5	4	4	3	1	1	2	1	1	5	5	5	3	5	26	2	2	0	0	1	0	0	1	0	0	1	3	2	4	0	0	1	1
545	2	2	1	1	5	5	4	4	3	2	1	2	1	1	5	5	5	3	5	26	2	2	0	0	1	0	0	1	0	0	1	3	2	4	0	0	1	1
552	2	2	0	0	3	3	4	4	3	2	3	3	3	1	3	2	4	3	4	29	2	1	0	0	1	0	0	1	0	0	1	2	2	3	1	0	1	1
552	2	2	0	1	5	4	4	5	4	3	1	4	3	1	4	4	5	3	5	29	2	1	0	0	1	0	0	1	0	0	1	2	2	3	1	0	1	1
552	2	2	1	0	3	4	5	4	3	4	3	4	3	3	4	4	3	3	4	29	2	1	0	0	1	0	0	1	0	0	1	2	2	3	1	0	1	1
552	2	2	1	1	5	3	4	5	3	3	3	3	3	3	5	4	5	3	5	29	2	1	0	0	1	0	0	1	0	0	1	2	2	3	1	0	1	1
554	2	2	0	0	1	3	1	1	1	3	5	5	1	5	1	1	1	1	1	31	2	1	0	0	1	1	0	1	0	1	1	3	3	4	1	1	1	0
554	2	2	0	1	5	5	5	5	5	1	1	1	5	1	5	5	5	5	5	31	2	1	0	0	1	1	0	1	0	1	1	3	3	4	1	1	1	0
554	2	2	1	0	3	3	3	3	3	3	3	3	3	3	3	3	3	3	3	31	2	1	0	0	1	1	0	1	0	1	1	3	3	4	1	1	1	0
554	2	2	1	1	3	3	3	3	3	3	3	3	3	3	3	3	3	3	3	31	2	1	0	0	1	1	0	1	0	1	1	3	3	4	1	1	1	0
555	2	2	0	0	1	1	1	5	1	5	5	5	1	1	5	1	1	1	1	28	2	2	0	0	1	1	0	1	0	1	1	3	3	3	1	0	0	0
555	2	2	0	1	5	5	1	1	5	1	1	1	1	1	1	5	1	1	1	28	2	2	0	0	1	1	0	1	0	1	1	3	3	3	1	0	0	0
555	2	2	1	0	5	1	5	5	5	1	1	1	1	1	5	5	5	5	5	28	2	2	0	0	1	1	0	1	0	1	1	3	3	3	1	0	0	0
555	2	2	1	1	5	1	5	5	5	1	1	1	1	1	5	5	5	5	5	28	2	2	0	0	1	1	0	1	0	1	1	3	3	3	1	0	0	0
560	1	2	0	0	3	2	3	3	3	3	3	3	1	2	3	3	3	3	3	21	1	2	0	0	0	0	0	0	0	0	0	-999	3	2	0	1	0	0
560	1	2	0	1	5	4	4	4	3	3	1	3	1	1	5	5	5	3	5	21	1	2	0	0	0	0	0	0	0	0	0	-999	3	2	0	1	0	0
560	1	2	1	0	4	4	4	4	3	2	1	3	2	1	3	5	4	3	5	21	1	2	0	0	0	0	0	0	0	0	0	-999	3	2	0	1	0	0
560	1	2	1	1	5	4	4	4	3	3	1	3	2	1	3	5	4	3	5	21	1	2	0	0	0	0	0	0	0	0	0	-999	3	2	0	1	0	0
561	1	2	0	0	1	3	3	2	2	2	4	3	3	4	2	2	2	2	2	33	2	2	0	1	1	1	0	0	0	1	0	-999	3	4	1	1	1	0
561	1	2	0	1	5	5	4	4	4	1	1	2	1	1	5	5	5	4	5	33	2	2	0	1	1	1	0	0	0	1	0	-999	3	4	1	1	1	0
561	1	2	1	0	5	5	4	4	4	1	1	2	2	2	5	4	4	5	5	33	2	2	0	1	1	1	0	0	0	1	0	-999	3	4	1	1	1	0
561	1	2	1	1	5	5	4	4	4	1	1	2	2	2	5	4	4	5	5	33	2	2	0	1	1	1	0	0	0	1	0	-999	3	4	1	1	1	0
562	3	2	0	0	1	5	5	3	2	5	2	5	3	3	3	3	3	3	3	20	1	2	0	0	1	0	0	1	1	0	1	2	3	1	1	1	1	1
562	3	2	0	1	5	5	5	3	3	1	2	1	3	3	5	5	5	3	5	20	1	2	0	0	1	0	0	1	1	0	1	2	3	1	1	1	1	1
562	3	2	1	0	3	3	4	4	5	3	3	2	2	2	4	4	4	3	3	20	1	2	0	0	1	0	0	1	1	0	1	2	3	1	1	1	1	1
562	3	2	1	1	5	4	4	4	5	3	3	2	2	2	4	4	4	3	3	20	1	2	0	0	1	0	0	1	1	0	1	2	3	1	1	1	1	1
563	1	2	0	0	2	3	2	2	2	3	3	4	4	4	3	3	3	4	3	43	2	2	0	1	1	0	0	1	0	0	1	2	3	4	1	0	1	0
563	1	2	0	1	5	5	4	4	4	1	1	2	2	2	5	5	5	5	5	43	2	2	0	1	1	0	0	1	0	0	1	2	3	4	1	0	1	0
563	1	2	1	0	1	2	2	2	2	4	4	4	4	4	2	2	2	2	2	43	2	2	0	1	1	0	0	1	0	0	1	2	3	4	1	0	1	0
563	1	2	1	1	5	5	4	4	4	1	1	1	1	1	5	5	5	5	5	43	2	2	0	1	1	0	0	1	0	0	1	2	3	4	1	0	1	0
570	2	2	0	0	2	3	3	2	3	3	3	3	3	3	2	2	2	3	3	47	3	2	0	0	1	0	0	1	0	0	1	-999	3	4	1	1	1	1
570	2	2	0	1	5	3	3	4	3	2	1	3	3	2	4	4	4	3	3	47	3	2	0	0	1	0	0	1	0	0	1	-999	3	4	1	1	1	1
570	2	2	1	0	3	3	3	3	3	3	3	3	3	3	4	4	4	4	4	47	3	2	0	0	1	0	0	1	0	0	1	-999	3	4	1	1	1	1
570	2	2	1	1	3	3	3	3	3	3	3	3	3	3	3	3	3	3	3	47	3	2	0	0	1	0	0	1	0	0	1	-999	3	4	1	1	1	1
572	1	2	0	0	1	5	2	3	3	1	4	2	2	2	1	1	1	3	2	45	3	1	0	0	1	1	0	0	0	1	0	-999	2	1	1	1	1	0
572	1	2	0	1	5	5	4	4	3	1	1	2	2	2	5	5	5	3	5	45	3	1	0	0	1	1	0	0	0	1	0	-999	2	1	1	1	1	0
572	1	2	1	0	4	4	4	3	4	3	2	3	2	2	5	5	5	4	5	45	3	1	0	0	1	1	0	0	0	1	0	-999	2	1	1	1	1	0
572	1	2	1	1	4	4	4	4	4	3	2	3	2	2	5	5	5	4	5	45	3	1	0	0	1	1	0	0	0	1	0	-999	2	1	1	1	1	0
573	1	2	0	0	3	3	3	3	2	2	3	2	2	2	1	2	1	2	1	29	2	1	0	0	1	1	0	0	0	1	0	-999	3	2	1	0	1	1
573	1	2	0	1	5	5	5	5	5	5	5	5	5	5	5	5	5	5	5	29	2	1	0	0	1	1	0	0	0	1	0	-999	3	2	1	0	1	1
573	1	2	1	0	3	3	3	3	3	1	3	3	1	1	3	3	3	3	3	29	2	1	0	0	1	1	0	0	0	1	0	-999	3	2	1	0	1	1
573	1	2	1	1	5	5	5	5	5	5	1	1	5	1	5	5	5	5	5	29	2	1	0	0	1	1	0	0	0	1	0	-999	3	2	1	0	1	1
579	1	2	0	0	1	3	1	2	2	1	4	3	3	3	1	1	2	2	1	66	4	1	0	0	1	1	0	0	0	1	0	4	2	3	0	0	1	0
579	1	2	0	1	5	4	4	4	5	1	1	2	1	3	5	5	5	4	5	66	4	1	0	0	1	1	0	0	0	1	0	4	2	3	0	0	1	0
579	1	2	1	0	4	4	4	4	4	1	3	2	1	1	4	4	4	4	4	66	4	1	0	0	1	1	0	0	0	1	0	4	2	3	0	0	1	0
579	1	2	1	1	5	5	5	5	5	1	3	1	1	1	5	5	4	4	5	66	4	1	0	0	1	1	0	0	0	1	0	4	2	3	0	0	1	0
582	1	2	0	0	2	3	3	3	3	3	3	3	3	3	3	3	3	2	3	37	2	1	0	0	1	1	0	1	0	1	1	3	2	3	0	1	1	0
582	1	2	0	1	5	4	4	4	4	3	1	3	3	2	4	4	4	4	4	37	2	1	0	0	1	1	0	1	0	1	1	3	2	3	0	1	1	0
582	1	2	1	0	4	3	3	3	3	4	3	1	1	1	4	4	3	1	4	37	2	1	0	0	1	1	0	1	0	1	1	3	2	3	0	1	1	0
582	1	2	1	1	2	3	3	4	3	3	3	1	1	1	5	5	5	1	5	37	2	1	0	0	1	1	0	1	0	1	1	3	2	3	0	1	1	0
583	3	2	0	0	3	5	3	2	3	3	2	4	3	3	2	3	3	3	2	20	1	2	0	0	1	0	0	0	1	0	1	-999	3	3	0	0	1	1
583	3	2	0	1	5	3	3	4	3	5	1	3	2	4	4	4	4	3	4	20	1	2	0	0	1	0	0	0	1	0	1	-999	3	3	0	0	1	1
583	3	2	1	0	3	5	4	3	3	3	2	2	2	2	5	4	3	3	5	20	1	2	0	0	1	0	0	0	1	0	1	-999	3	3	0	0	1	1
583	3	2	1	1	4	3	4	3	3	5	2	5	4	4	3	3	3	3	4	20	1	2	0	0	1	0	0	0	1	0	1	-999	3	3	0	0	1	1
587	1	2	0	0	3	3	3	3	3	2	2	1	2	2	3	3	3	3	2	42	2	2	0	0	1	1	0	0	0	1	0	-999	3	3	1	0	0	0
587	1	2	0	1	5	4	4	4	4	2	2	1	2	2	4	4	4	4	5	42	2	2	0	0	1	1	0	0	0	1	0	-999	3	3	1	0	0	0
587	1	2	1	0	5	4	5	3	5	2	2	1	1	1	5	5	5	4	5	42	2	2	0	0	1	1	0	0	0	1	0	-999	3	3	1	0	0	0
587	1	2	1	1	4	4	4	3	4	2	2	1	1	1	4	4	4	4	4	42	2	2	0	0	1	1	0	0	0	1	0	-999	3	3	1	0	0	0
595	1	2	0	0	2	4	1	2	3	4	4	3	3	3	1	2	1	1	1	25	2	1	0	0	1	1	0	0	0	1	0	3	2	2	1	1	1	0
595	1	2	0	1	5	2	5	5	2	3	1	3	4	3	5	5	5	5	5	25	2	1	0	0	1	1	0	0	0	1	0	3	2	2	1	1	1	0
595	1	2	1	0	4	2	4	4	5	2	3	3	3	3	4	4	4	4	4	25	2	1	0	0	1	1	0	0	0	1	0	3	2	2	1	1	1	0
595	1	2	1	1	5	4	5	5	5	4	3	4	5	3	5	5	5	5	5	25	2	1	0	0	1	1	0	0	0	1	0	3	2	2	1	1	1	0
596	2	2	0	0	3	3	2	2	4	3	5	2	3	3	2	3	5	3	3	29	2	1	0	0	1	0	0	1	0	0	1	2	3	2	1	1	1	1
596	2	2	0	1	5	2	5	5	4	3	1	2	3	4	4	3	5	4	4	29	2	1	0	0	1	0	0	1	0	0	1	2	3	2	1	1	1	1
596	2	2	1	0	4	4	5	5	5	5	1	2	2	2	4	5	5	5	5	29	2	1	0	0	1	0	0	1	0	0	1	2	3	2	1	1	1	1
596	2	2	1	1	3	2	5	5	5	2	1	2	4	5	4	5	5	5	5	29	2	1	0	0	1	0	0	1	0	0	1	2	3	2	1	1	1	1
599	1	2	0	0	2	3	2	1	3	3	4	2	3	3	4	4	4	3	2	18	1	1	1	0	1	0	0	1	0	0	1	1	3	3	1	0	1	0
599	1	2	0	1	5	4	4	4	3	2	1	1	1	1	4	4	4	3	4	18	1	1	1	0	1	0	0	1	0	0	1	1	3	3	1	0	1	0
599	1	2	1	0	4	4	4	4	4	2	1	1	1	1	4	4	4	3	4	18	1	1	1	0	1	0	0	1	0	0	1	1	3	3	1	0	1	0
599	1	2	1	1	4	3	5	4	4	2	1	1	1	1	4	4	4	3	5	18	1	1	1	0	1	0	0	1	0	0	1	1	3	3	1	0	1	0
600	1	2	0	0	3	3	3	3	3	4	3	2	2	2	3	4	4	3	3	19	1	1	1	0	0	0	0	0	0	0	0	1	3	2	1	1	1	1
600	1	2	0	1	5	3	4	4	4	3	2	2	2	2	3	4	5	4	5	19	1	1	1	0	0	0	0	0	0	0	0	1	3	2	1	1	1	1
600	1	2	1	0	3	3	4	4	5	3	3	2	3	2	4	5	5	4	5	19	1	1	1	0	0	0	0	0	0	0	0	1	3	2	1	1	1	1
600	1	2	1	1	4	4	4	4	4	4	3	4	4	3	4	4	4	4	4	19	1	1	1	0	0	0	0	0	0	0	0	1	3	2	1	1	1	1
601	1	2	0	0	2	1	1	1	2	1	5	3	3	3	1	2	2	1	1	19	1	1	1	0	0	0	0	0	0	0	0	1	3	3	1	0	0	0
601	1	2	0	1	5	4	4	3	4	4	1	1	1	1	5	5	5	4	4	19	1	1	1	0	0	0	0	0	0	0	0	1	3	3	1	0	0	0
601	1	2	1	0	1	3	2	2	3	3	1	1	1	1	3	3	3	3	3	19	1	1	1	0	0	0	0	0	0	0	0	1	3	3	1	0	0	0
601	1	2	1	1	5	5	3	3	4	3	1	1	1	1	5	5	5	4	4	19	1	1	1	0	0	0	0	0	0	0	0	1	3	3	1	0	0	0
603	1	2	0	0	1	2	2	2	2	2	3	2	2	2	1	1	1	2	1	41	2	1	1	0	0	0	0	0	0	0	0	4	2	4	1	0	0	0
603	1	2	0	1	5	5	5	5	5	1	1	1	1	1	5	5	5	5	5	41	2	1	1	0	0	0	0	0	0	0	0	4	2	4	1	0	0	0
603	1	2	1	0	4	4	4	4	5	1	1	1	1	2	4	4	4	4	4	41	2	1	1	0	0	0	0	0	0	0	0	4	2	4	1	0	0	0
603	1	2	1	1	5	5	5	5	5	1	1	1	1	1	5	5	5	5	5	41	2	1	1	0	0	0	0	0	0	0	0	4	2	4	1	0	0	0
606	2	2	0	0	1	3	1	1	3	1	5	1	1	1	1	5	5	1	5	43	2	2	0	1	1	0	0	1	0	0	1	1	3	4	1	1	1	1
606	2	2	0	1	5	3	5	5	3	1	1	1	1	1	5	5	5	1	5	43	2	2	0	1	1	0	0	1	0	0	1	1	3	4	1	1	1	1
606	2	2	1	0	5	5	2	5	3	1	1	1	1	1	5	5	5	2	3	43	2	2	0	1	1	0	0	1	0	0	1	1	3	4	1	1	1	1
606	2	2	1	1	5	5	2	5	3	1	1	1	1	1	5	5	5	2	3	43	2	2	0	1	1	0	0	1	0	0	1	1	3	4	1	1	1	1
608	2	2	0	0	3	5	3	3	3	1	1	1	1	1	3	3	4	3	2	64	3	2	0	1	1	1	0	1	0	1	1	2	3	3	1	1	0	0
608	2	2	0	1	5	5	3	4	3	2	1	1	1	1	5	5	5	3	5	64	3	2	0	1	1	1	0	1	0	1	1	2	3	3	1	1	0	0
608	2	2	1	0	3	5	2	2	1	1	1	1	1	1	3	3	4	3	3	64	3	2	0	1	1	1	0	1	0	1	1	2	3	3	1	1	0	0
608	2	2	1	1	4	5	3	4	1	1	1	1	1	1	5	5	5	3	5	64	3	2	0	1	1	1	0	1	0	1	1	2	3	3	1	1	0	0
609	1	2	0	0	1	1	2	1	1	1	5	5	3	5	1	1	1	3	1	65	4	2	0	1	1	1	0	0	0	1	0	-999	3	2	1	0	0	0
609	1	2	0	1	5	5	5	5	5	1	1	1	1	1	5	5	5	3	5	65	4	2	0	1	1	1	0	0	0	1	0	-999	3	2	1	0	0	0
609	1	2	1	0	1	1	1	1	3	3	5	3	3	3	1	1	1	3	1	65	4	2	0	1	1	1	0	0	0	1	0	-999	3	2	1	0	0	0
609	1	2	1	1	5	5	5	5	3	3	1	3	3	3	5	5	5	3	5	65	4	2	0	1	1	1	0	0	0	1	0	-999	3	2	1	0	0	0
613	1	2	0	0	1	5	1	1	3	5	5	1	1	1	1	2	4	3	4	77	4	1	0	1	1	1	0	0	0	1	0	5	3	3	1	0	0	0
613	1	2	0	1	5	1	5	5	3	1	1	1	1	1	5	5	5	3	5	77	4	1	0	1	1	1	0	0	0	1	0	5	3	3	1	0	0	0
613	1	2	1	0	5	5	5	5	5	1	1	1	1	1	5	5	5	3	5	77	4	1	0	1	1	1	0	0	0	1	0	5	3	3	1	0	0	0
613	1	2	1	1	4	5	4	4	4	1	1	1	1	1	5	5	5	3	5	77	4	1	0	1	1	1	0	0	0	1	0	5	3	3	1	0	0	0
619	3	2	0	0	1	4	3	1	3	3	5	1	1	5	1	3	2	2	3	23	1	2	0	0	1	0	0	1	1	0	1	4	3	1	1	1	1	1
619	3	2	0	1	5	3	5	5	3	3	1	1	1	1	5	3	5	2	5	23	1	2	0	0	1	0	0	1	1	0	1	4	3	1	1	1	1	1
619	3	2	1	0	3	5	3	3	3	3	1	3	2	1	3	3	5	2	5	23	1	2	0	0	1	0	0	1	1	0	1	4	3	1	1	1	1	1
619	3	2	1	1	3	4	5	3	3	3	1	1	2	1	3	3	5	2	5	23	1	2	0	0	1	0	0	1	1	0	1	4	3	1	1	1	1	1
620	2	2	0	0	3	5	4	3	3	2	3	2	3	1	3	3	4	3	3	24	1	2	0	0	1	0	0	1	0	0	1	-999	3	3	1	0	1	1
620	2	2	0	1	5	5	4	4	4	4	1	3	3	1	5	3	5	3	5	24	1	2	0	0	1	0	0	1	0	0	1	-999	3	3	1	0	1	1
620	2	2	1	0	4	5	4	3	3	4	4	4	3	2	3	4	4	3	3	24	1	2	0	0	1	0	0	1	0	0	1	-999	3	3	1	0	1	1
620	2	2	1	1	5	4	5	5	3	2	5	3	1	1	3	5	5	3	5	24	1	2	0	0	1	0	0	1	0	0	1	-999	3	3	1	0	1	1
621	3	2	0	0	3	4	3	4	3	1	1	1	1	1	5	5	5	3	2	26	2	2	0	0	1	0	0	0	1	0	1	2	3	2	1	0	1	1
621	3	2	0	1	5	4	4	4	3	1	1	1	1	1	5	5	5	3	4	26	2	2	0	0	1	0	0	0	1	0	1	2	3	2	1	0	1	1
621	3	2	1	0	4	4	4	4	5	1	1	1	1	1	4	4	5	5	4	26	2	2	0	0	1	0	0	0	1	0	1	2	3	2	1	0	1	1
621	3	2	1	1	5	5	5	5	4	2	1	1	1	1	5	5	5	4	5	26	2	2	0	0	1	0	0	0	1	0	1	2	3	2	1	0	1	1
622	2	2	0	0	2	3	1	1	3	3	3	4	3	2	1	2	1	3	1	33	2	2	0	0	1	0	0	1	0	0	1	5	2	2	1	0	1	0
622	2	2	0	1	5	5	4	5	3	3	1	1	1	1	5	5	5	3	5	33	2	2	0	0	1	0	0	1	0	0	1	5	2	2	1	0	1	0
622	2	2	1	0	4	4	4	4	4	3	1	1	1	1	5	5	5	3	4	33	2	2	0	0	1	0	0	1	0	0	1	5	2	2	1	0	1	0
622	2	2	1	1	5	4	5	5	5	3	1	1	1	1	5	5	5	3	5	33	2	2	0	0	1	0	0	1	0	0	1	5	2	2	1	0	1	0
629	3	2	0	0	2	4	2	3	3	1	1	3	3	1	4	3	4	3	2	46	3	2	0	0	1	1	1	1	1	1	1	4	1	2	0	1	1	0
629	3	2	0	1	5	4	5	5	3	1	1	1	2	1	4	4	5	3	5	46	3	2	0	0	1	1	1	1	1	1	1	4	1	2	0	1	1	0
629	3	2	1	0	3	4	3	3	3	1	2	2	1	2	4	3	4	3	4	46	3	2	0	0	1	1	1	1	1	1	1	4	1	2	0	1	1	0
629	3	2	1	1	5	4	3	4	5	1	2	2	1	2	5	4	4	3	5	46	3	2	0	0	1	1	1	1	1	1	1	4	1	2	0	1	1	0
643	3	2	0	0	5	3	4	3	4	1	5	3	3	3	4	4	5	3	3	40	2	1	0	0	1	1	0	1	1	1	1	4	2	2	0	1	0	1
643	3	2	0	1	5	4	4	4	4	1	5	3	3	1	3	5	5	5	5	40	2	1	0	0	1	1	0	1	1	1	1	4	2	2	0	1	0	1
643	3	2	1	0	3	4	4	4	5	3	3	3	3	3	4	3	3	3	4	40	2	1	0	0	1	1	0	1	1	1	1	4	2	2	0	1	0	1
643	3	2	1	1	5	4	4	4	5	3	3	3	3	3	5	5	5	4	5	40	2	1	0	0	1	1	0	1	1	1	1	4	2	2	0	1	0	1
646	1	2	0	0	3	4	3	3	3	1	3	3	1	3	3	3	3	3	3	26	2	2	0	0	1	1	1	1	0	1	1	4	2	2	1	0	0	0
646	1	2	0	1	5	4	4	4	3	1	1	2	1	3	5	4	5	3	5	26	2	2	0	0	1	1	1	1	0	1	1	4	2	2	1	0	0	0
646	1	2	1	0	4	3	4	4	3	3	3	3	3	3	4	3	5	3	4	26	2	2	0	0	1	1	1	1	0	1	1	4	2	2	1	0	0	0
646	1	2	1	1	5	3	5	5	3	3	3	3	3	3	5	3	5	3	4	26	2	2	0	0	1	1	1	1	0	1	1	4	2	2	1	0	0	0
648	2	2	0	0	2	3	3	3	3	3	4	3	3	3	1	1	1	3	1	33	2	2	0	0	1	0	0	1	0	0	1	4	3	2	1	1	1	1
648	2	2	0	1	5	4	4	4	4	2	2	2	3	2	5	5	5	4	5	33	2	2	0	0	1	0	0	1	0	0	1	4	3	2	1	1	1	1
648	2	2	1	0	4	2	3	4	3	2	1	1	1	1	4	4	4	4	4	33	2	2	0	0	1	0	0	1	0	0	1	4	3	2	1	1	1	1
648	2	2	1	1	5	5	5	5	4	2	1	1	1	1	5	5	5	5	5	33	2	2	0	0	1	0	0	1	0	0	1	4	3	2	1	1	1	1
664	3	2	0	0	1	1	1	1	3	5	5	3	3	5	3	2	2	2	1	30	2	2	0	0	1	1	0	1	1	1	1	2	3	2	1	1	1	1
664	3	2	0	1	5	5	5	4	4	2	1	1	3	1	2	5	3	4	5	30	2	2	0	0	1	1	0	1	1	1	1	2	3	2	1	1	1	1
664	3	2	1	0	4	4	4	4	4	3	2	2	1	2	4	4	5	4	5	30	2	2	0	0	1	1	0	1	1	1	1	2	3	2	1	1	1	1
664	3	2	1	1	5	4	4	5	4	3	2	2	2	2	4	4	5	4	5	30	2	2	0	0	1	1	0	1	1	1	1	2	3	2	1	1	1	1
665	3	2	0	0	1	4	2	2	3	3	4	4	3	3	2	4	1	3	3	30	2	2	0	0	1	1	0	0	1	1	1	-999	2	2	0	0	1	0
665	3	2	0	1	5	5	4	5	4	3	1	4	3	4	4	4	5	3	5	30	2	2	0	0	1	1	0	0	1	1	1	-999	2	2	0	0	1	0
665	3	2	1	0	3	4	3	4	4	4	2	4	4	4	2	2	4	3	3	30	2	2	0	0	1	1	0	0	1	1	1	-999	2	2	0	0	1	0
665	3	2	1	1	4	2	3	4	4	2	2	2	3	2	4	5	4	3	3	30	2	2	0	0	1	1	0	0	1	1	1	-999	2	2	0	0	1	0
666	1	2	0	0	2	4	2	2	2	3	3	1	1	1	2	2	2	1	2	32	2	2	0	0	0	0	0	0	0	0	0	-999	3	2	0	0	1	0
666	1	2	0	1	5	5	4	4	3	3	2	1	1	1	4	4	4	1	4	32	2	2	0	0	0	0	0	0	0	0	0	-999	3	2	0	0	1	0
666	1	2	1	0	4	4	4	4	4	1	1	1	1	1	2	4	4	2	4	32	2	2	0	0	0	0	0	0	0	0	0	-999	3	2	0	0	1	0
666	1	2	1	1	4	4	4	4	4	1	1	1	1	1	2	4	4	2	4	32	2	2	0	0	0	0	0	0	0	0	0	-999	3	2	0	0	1	0
671	2	2	0	0	1	3	1	1	3	5	1	5	5	5	1	1	1	3	1	31	2	1	0	0	1	0	0	1	0	0	1	3	3	2	1	0	1	1
671	2	2	0	1	5	3	5	5	3	1	1	1	1	1	4	5	5	3	5	31	2	1	0	0	1	0	0	1	0	0	1	3	3	2	1	0	1	1
671	2	2	1	0	5	3	5	5	5	1	1	1	5	1	5	5	5	4	5	31	2	1	0	0	1	0	0	1	0	0	1	3	3	2	1	0	1	1
671	2	2	1	1	5	3	5	5	4	1	1	1	4	1	4	5	5	4	4	31	2	1	0	0	1	0	0	1	0	0	1	3	3	2	1	0	1	1
681	1	2	0	0	3	2	2	1	3	3	2	3	1	2	3	3	3	1	3	26	2	2	1	0	0	0	0	0	0	0	0	1	3	4	1	0	0	1
681	1	2	0	1	5	3	3	3	2	2	1	2	1	2	4	4	3	1	4	26	2	2	1	0	0	0	0	0	0	0	0	1	3	4	1	0	0	1
681	1	2	1	0	4	2	3	3	3	2	1	2	2	2	4	4	3	1	4	26	2	2	1	0	0	0	0	0	0	0	0	1	3	4	1	0	0	1
681	1	2	1	1	5	2	4	4	3	2	1	1	1	2	4	5	4	1	5	26	2	2	1	0	0	0	0	0	0	0	0	1	3	4	1	0	0	1
687	2	2	0	0	4	4	1	1	3	3	5	4	3	3	3	1	1	1	1	51	3	2	0	1	1	1	0	1	0	1	1	3	3	3	1	0	0	0
687	2	2	0	1	5	5	5	5	5	1	1	1	1	1	5	5	5	2	5	51	3	2	0	1	1	1	0	1	0	1	1	3	3	3	1	0	0	0
687	2	2	1	0	4	5	4	4	5	1	1	1	1	1	4	4	4	2	4	51	3	2	0	1	1	1	0	1	0	1	1	3	3	3	1	0	0	0
687	2	2	1	1	5	5	5	5	5	1	1	1	1	1	5	5	5	2	5	51	3	2	0	1	1	1	0	1	0	1	1	3	3	3	1	0	0	0
692	1	2	0	0	2	2	2	3	1	1	1	2	2	2	2	2	2	2	2	83	4	2	0	1	0	0	0	0	0	0	0	5	3	3	1	0	0	0
692	1	2	0	1	5	5	5	5	5	1	1	1	1	1	5	5	5	5	5	83	4	2	0	1	0	0	0	0	0	0	0	5	3	3	1	0	0	0
692	1	2	1	0	4	4	4	4	4	1	2	2	2	1	2	4	4	4	2	83	4	2	0	1	0	0	0	0	0	0	0	5	3	3	1	0	0	0
692	1	2	1	1	5	5	5	5	5	1	1	1	1	2	5	5	5	5	5	83	4	2	0	1	0	0	0	0	0	0	0	5	3	3	1	0	0	0
695	1	2	0	0	3	3	4	4	4	1	1	1	1	1	3	3	5	5	5	31	2	1	-999	-999	0	0	0	0	0	0	0	-999	3	3	0	1	1	1
695	1	2	0	1	5	5	4	4	4	1	1	1	1	1	5	5	5	5	5	31	2	1	-999	-999	0	0	0	0	0	0	0	-999	3	3	0	1	1	1
695	1	2	1	0	5	5	5	4	4	1	5	1	1	1	5	5	5	5	5	31	2	1	-999	-999	0	0	0	0	0	0	0	-999	3	3	0	1	1	1
695	1	2	1	1	5	5	5	4	4	1	5	1	1	1	4	5	5	5	5	31	2	1	-999	-999	0	0	0	0	0	0	0	-999	3	3	0	1	1	1
697	3	2	0	0	2	5	4	4	5	5	4	3	3	3	1	4	4	2	4	40	2	1	-999	-999	1	0	0	0	1	0	1	-999	3	2	1	1	1	1
697	3	2	0	1	5	5	2	3	4	1	3	4	4	4	2	3	3	3	3	40	2	1	-999	-999	1	0	0	0	1	0	1	-999	3	2	1	1	1	1
697	3	2	1	0	5	4	3	3	3	4	4	3	3	3	3	3	4	3	4	40	2	1	-999	-999	1	0	0	0	1	0	1	-999	3	2	1	1	1	1
697	3	2	1	1	2	5	1	1	5	1	2	5	5	5	1	1	1	1	1	40	2	1	-999	-999	1	0	0	0	1	0	1	-999	3	2	1	1	1	1
704	1	2	0	0	1	1	2	2	3	3	4	3	3	4	1	3	2	3	1	26	2	2	0	0	0	0	0	0	0	0	0	-999	2	2	1	0	0	1
704	1	2	0	1	5	5	5	5	3	3	1	3	3	1	5	5	5	3	5	26	2	2	0	0	0	0	0	0	0	0	0	-999	2	2	1	0	0	1
704	1	2	1	0	5	3	5	5	3	3	1	1	3	1	5	5	5	3	5	26	2	2	0	0	0	0	0	0	0	0	0	-999	2	2	1	0	0	1
704	1	2	1	1	4	3	4	4	3	3	1	1	3	1	4	4	4	3	5	26	2	2	0	0	0	0	0	0	0	0	0	-999	2	2	1	0	0	1
705	2	2	0	0	2	3	3	2	3	1	4	1	1	3	1	5	3	3	1	28	2	2	0	0	1	0	0	1	0	0	1	4	3	1	1	1	1	1
705	2	2	0	1	5	3	3	4	3	3	1	4	4	1	5	2	5	3	5	28	2	2	0	0	1	0	0	1	0	0	1	4	3	1	1	1	1	1
705	2	2	1	0	3	3	3	5	5	3	2	3	3	1	5	4	5	3	5	28	2	2	0	0	1	0	0	1	0	0	1	4	3	1	1	1	1	1
705	2	2	1	1	5	5	5	5	3	5	2	5	5	3	5	4	5	3	5	28	2	2	0	0	1	0	0	1	0	0	1	4	3	1	1	1	1	1
711	3	2	0	0	3	1	1	2	3	1	1	1	2	3	1	3	3	3	3	41	2	2	0	0	1	0	0	1	1	0	1	3	3	2	1	0	1	0
711	3	2	0	1	5	5	5	5	5	1	1	1	2	2	5	5	5	5	5	41	2	2	0	0	1	0	0	1	1	0	1	3	3	2	1	0	1	0
711	3	2	1	0	5	5	5	5	5	1	1	2	1	1	5	5	5	5	5	41	2	2	0	0	1	0	0	1	1	0	1	3	3	2	1	0	1	0
711	3	2	1	1	4	5	4	5	5	1	1	2	1	1	5	5	5	5	5	41	2	2	0	0	1	0	0	1	1	0	1	3	3	2	1	0	1	0
714	3	2	0	0	3	1	5	5	5	1	1	1	1	1	3	5	5	1	5	44	2	2	0	0	1	1	0	0	1	1	1	4	2	2	1	0	1	0
714	3	2	0	1	5	5	5	5	5	1	1	1	1	1	5	5	5	5	5	44	2	2	0	0	1	1	0	0	1	1	1	4	2	2	1	0	1	0
714	3	2	1	0	5	5	3	5	5	1	1	1	1	1	1	5	5	5	4	44	2	2	0	0	1	1	0	0	1	1	1	4	2	2	1	0	1	0
714	3	2	1	1	5	1	5	5	5	1	1	1	1	1	5	5	5	5	5	44	2	2	0	0	1	1	0	0	1	1	1	4	2	2	1	0	1	0
721	3	2	0	0	5	5	5	4	4	3	2	3	3	2	5	5	5	5	5	29	2	1	0	0	1	0	0	0	1	0	1	2	3	3	1	1	1	1
721	3	2	0	1	5	4	5	5	4	5	2	5	5	2	3	3	5	3	3	29	2	1	0	0	1	0	0	0	1	0	1	2	3	3	1	1	1	1
721	3	2	1	0	2	5	5	3	3	2	2	3	3	3	3	3	3	2	2	29	2	1	0	0	1	0	0	0	1	0	1	2	3	3	1	1	1	1
721	3	2	1	1	5	5	5	3	3	5	2	3	3	2	3	3	5	5	5	29	2	1	0	0	1	0	0	0	1	0	1	2	3	3	1	1	1	1
725	1	2	0	0	1	1	1	1	1	4	5	5	2	5	1	1	1	2	1	33	2	1	0	0	1	1	0	0	0	1	0	4	3	2	1	0	1	0
725	1	2	0	1	5	5	5	5	5	2	1	1	5	1	5	5	5	5	5	33	2	1	0	0	1	1	0	0	0	1	0	4	3	2	1	0	1	0
725	1	2	1	0	5	5	5	5	5	5	4	1	4	4	5	5	5	4	4	33	2	1	0	0	1	1	0	0	0	1	0	4	3	2	1	0	1	0
725	1	2	1	1	1	1	5	5	5	1	5	2	5	4	5	5	4	4	5	33	2	1	0	0	1	1	0	0	0	1	0	4	3	2	1	0	1	0
729	2	2	0	0	2	1	1	3	2	1	1	1	3	3	2	3	2	3	2	41	2	1	0	0	1	0	0	1	0	0	1	-999	3	3	1	1	1	1
729	2	2	0	1	5	5	5	3	4	1	3	2	3	3	5	5	5	3	5	41	2	1	0	0	1	0	0	1	0	0	1	-999	3	3	1	1	1	1
729	2	2	1	0	3	3	2	5	4	2	2	3	3	5	3	4	3	3	5	41	2	1	0	0	1	0	0	1	0	0	1	-999	3	3	1	1	1	1
729	2	2	1	1	3	3	2	2	3	3	3	3	3	3	3	3	3	3	3	41	2	1	0	0	1	0	0	1	0	0	1	-999	3	3	1	1	1	1
733	1	2	0	0	1	1	1	1	1	1	5	5	5	5	1	5	1	1	1	49	3	1	0	0	1	1	0	0	0	1	0	4	3	4	1	1	1	0
733	1	2	0	1	5	5	5	5	5	1	1	1	1	1	5	1	5	5	5	49	3	1	0	0	1	1	0	0	0	1	0	4	3	4	1	1	1	0
733	1	2	1	0	1	1	1	1	1	1	5	5	5	5	1	1	1	1	1	49	3	1	0	0	1	1	0	0	0	1	0	4	3	4	1	1	1	0
733	1	2	1	1	5	5	5	5	5	5	1	1	1	1	5	5	5	5	5	49	3	1	0	0	1	1	0	0	0	1	0	4	3	4	1	1	1	0
738	1	2	0	0	2	2	2	2	3	3	4	4	3	3	2	2	2	3	2	31	2	2	0	0	1	0	0	1	0	0	1	5	3	3	1	1	1	0
738	1	2	0	1	5	4	5	5	4	3	3	3	3	3	4	4	5	4	5	31	2	2	0	0	1	0	0	1	0	0	1	5	3	3	1	1	1	0
738	1	2	1	0	4	4	4	4	4	3	3	3	2	2	4	4	4	4	4	31	2	2	0	0	1	0	0	1	0	0	1	5	3	3	1	1	1	0
738	1	2	1	1	3	3	3	3	4	3	3	3	2	2	4	4	4	4	3	31	2	2	0	0	1	0	0	1	0	0	1	5	3	3	1	1	1	0
739	2	2	0	0	2	3	3	3	3	5	3	3	3	3	3	3	3	3	4	36	2	2	0	0	1	0	0	1	0	0	1	4	3	3	0	1	1	0
739	2	2	0	1	5	4	5	5	4	1	5	3	3	3	5	3	3	4	4	36	2	2	0	0	1	0	0	1	0	0	1	4	3	3	0	1	1	0
739	2	2	1	0	4	3	4	4	4	3	3	3	3	3	4	4	4	4	4	36	2	2	0	0	1	0	0	1	0	0	1	4	3	3	0	1	1	0
739	2	2	1	1	3	5	3	3	3	3	3	3	3	3	2	2	2	2	2	36	2	2	0	0	1	0	0	1	0	0	1	4	3	3	0	1	1	0
745	1	2	0	0	4	1	2	2	3	1	2	2	2	1	4	4	4	3	4	29	2	1	0	0	0	0	0	0	0	0	0	-999	2	2	1	1	1	0
745	1	2	0	1	5	1	4	4	4	1	2	2	2	1	5	5	4	4	4	29	2	1	0	0	0	0	0	0	0	0	0	-999	2	2	1	1	1	0
745	1	2	1	0	5	1	4	3	3	1	2	1	1	1	4	4	4	3	4	29	2	1	0	0	0	0	0	0	0	0	0	-999	2	2	1	1	1	0
745	1	2	1	1	5	1	4	3	3	1	2	1	1	1	4	4	4	3	4	29	2	1	0	0	0	0	0	0	0	0	0	-999	2	2	1	1	1	0
746	3	2	0	0	1	3	1	1	3	5	5	4	3	5	1	1	1	3	1	34	2	1	0	0	1	1	0	0	1	1	1	2	3	2	1	0	1	0
746	3	2	0	1	5	3	5	5	3	2	1	3	1	1	5	5	5	3	5	34	2	1	0	0	1	1	0	0	1	1	1	2	3	2	1	0	1	0
746	3	2	1	0	1	3	4	4	3	3	3	1	1	1	5	3	5	5	3	34	2	1	0	0	1	1	0	0	1	1	1	2	3	2	1	0	1	0
746	3	2	1	1	5	5	5	5	3	3	3	1	1	1	5	5	5	5	5	34	2	1	0	0	1	1	0	0	1	1	1	2	3	2	1	0	1	0
748	1	2	0	0	3	3	3	3	3	3	1	3	3	3	3	5	4	3	4	35	2	2	0	0	0	0	0	0	0	0	0	3	3	1	1	1	1	1
748	1	2	0	1	5	3	4	4	3	3	1	2	2	3	3	3	4	3	4	35	2	2	0	0	0	0	0	0	0	0	0	3	3	1	1	1	1	1
748	1	2	1	0	4	4	3	3	3	2	1	2	2	2	2	3	4	3	3	35	2	2	0	0	0	0	0	0	0	0	0	3	3	1	1	1	1	1
748	1	2	1	1	3	4	3	3	3	2	1	2	2	2	2	3	4	3	3	35	2	2	0	0	0	0	0	0	0	0	0	3	3	1	1	1	1	1
750	1	2	0	0	1	1	1	2	5	4	4	2	2	2	1	1	1	2	2	47	3	1	0	0	1	1	0	0	0	1	0	5	3	3	0	0	1	0
750	1	2	0	1	5	1	5	5	5	1	1	1	1	1	5	5	5	4	5	47	3	1	0	0	1	1	0	0	0	1	0	5	3	3	0	0	1	0
750	1	2	1	0	5	4	4	4	4	1	1	2	2	1	4	4	4	4	4	47	3	1	0	0	1	1	0	0	0	1	0	5	3	3	0	0	1	0
750	1	2	1	1	4	5	4	4	4	1	1	2	2	1	4	4	4	4	4	47	3	1	0	0	1	1	0	0	0	1	0	5	3	3	0	0	1	0
760	1	2	0	0	2	3	1	3	1	3	3	3	3	3	1	1	1	1	1	58	3	1	0	0	0	0	0	0	0	0	0	1	3	2	1	0	0	1
760	1	2	0	1	5	4	5	5	5	2	1	1	1	1	5	5	5	5	5	58	3	1	0	0	0	0	0	0	0	0	0	1	3	2	1	0	0	1
760	1	2	1	0	5	1	5	5	5	1	2	2	2	2	5	3	5	5	5	58	3	1	0	0	0	0	0	0	0	0	0	1	3	2	1	0	0	1
760	1	2	1	1	3	4	2	4	3	2	2	2	2	3	3	5	3	3	3	58	3	1	0	0	0	0	0	0	0	0	0	1	3	2	1	0	0	1
763	1	2	0	0	1	1	1	1	2	5	5	5	5	5	1	1	1	2	1	48	3	1	0	0	1	0	1	0	0	1	0	4	3	2	1	0	0	0
763	1	2	0	1	5	5	5	5	4	1	1	1	1	1	5	5	5	4	5	48	3	1	0	0	1	0	1	0	0	1	0	4	3	2	1	0	0	0
763	1	2	1	0	2	2	4	4	4	4	3	2	2	2	4	4	4	4	4	48	3	1	0	0	1	0	1	0	0	1	0	4	3	2	1	0	0	0
763	1	2	1	1	5	5	5	5	5	1	1	1	1	1	5	5	5	5	5	48	3	1	0	0	1	0	1	0	0	1	0	4	3	2	1	0	0	0
773	2	2	0	0	3	5	3	3	5	1	1	3	1	3	1	3	4	3	3	54	3	2	0	0	1	1	0	1	0	1	1	3	3	2	1	1	1	1
773	2	2	0	1	5	5	3	5	5	1	1	1	1	3	5	5	5	3	5	54	3	2	0	0	1	1	0	1	0	1	1	3	3	2	1	1	1	1
773	2	2	1	0	3	5	3	3	3	3	3	4	4	3	5	4	4	4	4	54	3	2	0	0	1	1	0	1	0	1	1	3	3	2	1	1	1	1
773	2	2	1	1	3	3	3	3	3	3	1	1	1	3	5	5	5	5	5	54	3	2	0	0	1	1	0	1	0	1	1	3	3	2	1	1	1	1
776	3	2	0	0	5	5	5	2	5	1	3	5	1	2	4	4	5	5	3	30	2	2	0	0	1	0	0	0	1	0	1	3	3	2	1	1	1	1
776	3	2	0	1	5	5	5	5	1	5	3	5	5	5	4	4	5	1	3	30	2	2	0	0	1	0	0	0	1	0	1	3	3	2	1	1	1	1
776	3	2	1	0	5	5	5	5	4	1	5	5	5	4	5	5	5	5	5	30	2	2	0	0	1	0	0	0	1	0	1	3	3	2	1	1	1	1
776	3	2	1	1	5	5	5	5	2	5	5	5	5	5	5	4	5	4	4	30	2	2	0	0	1	0	0	0	1	0	1	3	3	2	1	1	1	1
783	2	2	0	0	2	3	1	2	3	2	5	4	3	4	1	2	1	2	2	44	2	1	1	0	0	0	0	0	0	0	0	3	2	2	1	0	1	0
783	2	2	0	1	5	3	5	4	3	1	1	2	3	2	5	5	5	4	5	44	2	1	1	0	0	0	0	0	0	0	0	3	2	2	1	0	1	0
783	2	2	1	0	3	3	4	3	3	3	3	3	3	3	4	4	3	3	3	44	2	1	1	0	0	0	0	0	0	0	0	3	2	2	1	0	1	0
783	2	2	1	1	3	3	5	3	3	3	3	3	3	3	5	5	5	5	5	44	2	1	1	0	0	0	0	0	0	0	0	3	2	2	1	0	1	0
786	2	2	0	0	3	3	1	3	3	3	3	3	3	1	2	2	3	3	2	35	2	1	0	0	1	0	0	1	0	0	1	2	3	3	0	1	0	1
786	2	2	0	1	5	4	5	4	3	3	2	3	2	1	5	4	5	3	5	35	2	1	0	0	1	0	0	1	0	0	1	2	3	3	0	1	0	1
786	2	2	1	0	3	4	3	3	3	3	3	3	3	3	4	4	4	2	4	35	2	1	0	0	1	0	0	1	0	0	1	2	3	3	0	1	0	1
786	2	2	1	1	5	3	3	4	2	3	3	3	3	3	4	4	3	2	4	35	2	1	0	0	1	0	0	1	0	0	1	2	3	3	0	1	0	1
796	2	2	0	0	3	5	3	2	5	1	3	1	1	1	1	5	5	5	1	22	1	1	1	0	1	0	0	1	0	0	1	1	2	2	1	1	1	0
796	2	2	0	1	5	5	5	4	4	1	1	1	1	1	5	5	5	5	5	22	1	1	1	0	1	0	0	1	0	0	1	1	2	2	1	1	1	0
796	2	2	1	0	5	4	4	4	4	1	1	1	1	1	5	5	5	5	4	22	1	1	1	0	1	0	0	1	0	0	1	1	2	2	1	1	1	0
796	2	2	1	1	5	5	5	5	3	3	1	3	1	1	5	4	5	5	5	22	1	1	1	0	1	0	0	1	0	0	1	1	2	2	1	1	1	0
797	2	2	0	0	1	1	1	1	1	5	5	4	5	5	1	1	1	1	1	35	2	2	0	0	1	0	0	1	0	0	1	3	3	2	1	0	0	1
797	2	2	0	1	5	5	5	5	5	1	1	1	1	1	5	5	5	5	5	35	2	2	0	0	1	0	0	1	0	0	1	3	3	2	1	0	0	1
797	2	2	1	0	2	4	1	1	1	5	5	5	4	4	1	1	1	1	1	35	2	2	0	0	1	0	0	1	0	0	1	3	3	2	1	0	0	1
797	2	2	1	1	5	2	5	5	5	1	1	1	1	1	5	5	5	5	5	35	2	2	0	0	1	0	0	1	0	0	1	3	3	2	1	0	0	1
798	2	2	0	0	1	3	1	2	2	2	5	3	3	4	1	3	2	3	2	36	2	1	0	0	1	1	0	1	0	1	1	-999	3	3	1	1	1	1
798	2	2	0	1	5	3	5	4	4	4	1	3	3	2	5	3	4	3	4	36	2	1	0	0	1	1	0	1	0	1	1	-999	3	3	1	1	1	1
798	2	2	1	0	3	3	3	3	4	3	3	3	3	3	3	3	3	3	3	36	2	1	0	0	1	1	0	1	0	1	1	-999	3	3	1	1	1	1
798	2	2	1	1	3	3	3	3	2	3	3	3	3	3	5	4	4	3	5	36	2	1	0	0	1	1	0	1	0	1	1	-999	3	3	1	1	1	1
802	2	1	0	0	1	1	1	1	1	5	5	5	5	5	1	1	1	1	1	61	3	2	0	1	1	1	0	1	0	1	1	2	2	3	1	0	1	0
802	2	1	0	1	5	5	5	5	5	1	1	2	1	1	5	5	5	4	5	61	3	2	0	1	1	1	0	1	0	1	1	2	2	3	1	0	1	0
802	2	1	1	0	4	4	4	5	4	2	1	1	2	1	4	4	4	3	5	61	3	2	0	1	1	1	0	1	0	1	1	2	2	3	1	0	1	0
802	2	1	1	1	4	4	4	5	4	3	1	1	2	1	4	4	4	3	5	61	3	2	0	1	1	1	0	1	0	1	1	2	2	3	1	0	1	0
804	2	1	0	0	2	3	1	4	3	4	4	4	2	4	1	2	2	3	2	40	2	1	0	1	1	0	0	1	0	0	1	1	1	2	1	0	1	0
804	2	1	0	1	5	3	5	1	3	2	2	2	3	2	4	4	4	3	5	40	2	1	0	1	1	0	0	1	0	0	1	1	1	2	1	0	1	0
804	2	1	1	0	4	3	4	4	3	2	2	2	3	2	4	4	2	3	4	40	2	1	0	1	1	0	0	1	0	0	1	1	1	2	1	0	1	0
804	2	1	1	1	5	3	5	5	3	2	2	2	3	2	5	5	3	3	5	40	2	1	0	1	1	0	0	1	0	0	1	1	1	2	1	0	1	0
805	1	1	0	0	1	3	3	1	3	1	5	5	3	5	1	1	1	3	1	57	3	1	0	1	1	1	0	1	0	1	1	-999	2	2	1	0	1	0
805	1	1	0	1	5	3	3	5	3	1	1	1	3	1	5	5	5	3	5	57	3	1	0	1	1	1	0	1	0	1	1	-999	2	2	1	0	1	0
805	1	1	1	0	3	3	3	3	3	1	1	1	1	1	3	5	5	3	5	57	3	1	0	1	1	1	0	1	0	1	1	-999	2	2	1	0	1	0
805	1	1	1	1	3	3	3	3	3	1	1	1	1	1	3	5	5	3	5	57	3	1	0	1	1	1	0	1	0	1	1	-999	2	2	1	0	1	0
817	2	1	0	0	1	3	1	1	3	3	5	5	3	3	1	1	1	1	1	36	2	1	0	0	1	1	0	1	0	1	1	5	3	2	1	1	1	1
817	2	1	0	1	5	5	5	5	5	2	1	1	1	1	5	5	5	5	5	36	2	1	0	0	1	1	0	1	0	1	1	5	3	2	1	1	1	1
817	2	1	1	0	4	4	5	5	5	1	1	1	1	1	4	4	5	4	5	36	2	1	0	0	1	1	0	1	0	1	1	5	3	2	1	1	1	1
817	2	1	1	1	4	4	5	5	5	1	1	1	1	1	5	5	5	5	5	36	2	1	0	0	1	1	0	1	0	1	1	5	3	2	1	1	1	1
818	1	1	0	0	1	3	1	2	1	4	5	3	3	3	3	3	3	3	3	62	3	1	0	0	1	1	0	0	0	1	0	-999	2	3	1	0	1	0
818	1	1	0	1	5	5	5	5	5	3	1	3	3	3	5	5	5	5	5	62	3	1	0	0	1	1	0	0	0	1	0	-999	2	3	1	0	1	0
818	1	1	1	0	5	3	4	5	5	1	1	1	1	1	5	5	5	4	5	62	3	1	0	0	1	1	0	0	0	1	0	-999	2	3	1	0	1	0
818	1	1	1	1	5	3	4	5	5	1	1	1	1	1	5	5	5	4	5	62	3	1	0	0	1	1	0	0	0	1	0	-999	2	3	1	0	1	0
820	1	1	0	0	1	5	1	1	1	5	5	5	5	5	1	1	1	1	1	22	1	2	1	0	1	1	0	0	0	1	0	1	3	2	1	0	1	0
820	1	1	0	1	5	5	5	5	5	1	1	1	1	1	5	5	5	5	5	22	1	2	1	0	1	1	0	0	0	1	0	1	3	2	1	0	1	0
820	1	1	1	0	3	3	4	4	4	2	2	2	2	2	4	4	4	4	4	22	1	2	1	0	1	1	0	0	0	1	0	1	3	2	1	0	1	0
820	1	1	1	1	5	5	5	5	5	1	1	1	1	1	5	5	5	5	5	22	1	2	1	0	1	1	0	0	0	1	0	1	3	2	1	0	1	0
822	1	1	0	0	3	1	1	3	3	1	3	5	3	5	1	1	1	1	1	63	3	2	1	0	1	1	0	0	0	1	0	-999	3	3	1	0	1	0
822	1	1	0	1	5	5	5	5	5	5	5	1	5	1	5	5	5	5	5	63	3	2	1	0	1	1	0	0	0	1	0	-999	3	3	1	0	1	0
822	1	1	1	0	4	4	5	5	5	1	1	1	1	1	5	5	5	5	5	63	3	2	1	0	1	1	0	0	0	1	0	-999	3	3	1	0	1	0
822	1	1	1	1	5	5	5	5	5	1	1	1	1	1	5	5	5	5	5	63	3	2	1	0	1	1	0	0	0	1	0	-999	3	3	1	0	1	0
825	1	1	0	0	2	4	2	1	3	3	2	2	2	3	1	2	1	3	1	62	3	2	0	1	1	1	0	0	0	1	0	6	3	3	1	0	1	0
825	1	1	0	1	5	3	4	3	3	3	5	5	3	1	5	5	5	3	5	62	3	2	0	1	1	1	0	0	0	1	0	6	3	3	1	0	1	0
825	1	1	1	0	4	2	3	3	3	1	3	2	1	3	4	4	5	3	4	62	3	2	0	1	1	1	0	0	0	1	0	6	3	3	1	0	1	0
825	1	1	1	1	2	2	4	2	3	1	3	1	1	4	5	5	4	3	5	62	3	2	0	1	1	1	0	0	0	1	0	6	3	3	1	0	1	0
828	1	1	0	0	1	1	1	1	3	5	5	3	5	1	1	1	1	1	1	64	3	1	0	1	1	1	0	0	0	1	0	3	2	3	1	0	0	0
828	1	1	0	1	5	5	5	5	3	5	1	1	1	5	5	5	5	5	5	64	3	1	0	1	1	1	0	0	0	1	0	3	2	3	1	0	0	0
828	1	1	1	0	3	3	5	3	3	3	3	3	1	1	3	3	3	3	4	64	3	1	0	1	1	1	0	0	0	1	0	3	2	3	1	0	0	0
828	1	1	1	1	4	3	5	3	3	3	3	3	1	1	5	5	5	5	5	64	3	1	0	1	1	1	0	0	0	1	0	3	2	3	1	0	0	0
830	1	1	0	0	1	4	1	3	2	1	5	2	3	4	3	3	2	3	2	57	3	2	0	1	1	1	0	0	0	1	0	6	3	3	1	1	1	0
830	1	1	0	1	5	4	5	4	5	3	1	4	2	2	4	4	4	4	5	57	3	2	0	1	1	1	0	0	0	1	0	6	3	3	1	1	1	0
830	1	1	1	0	4	3	3	3	3	4	2	3	3	3	3	4	4	4	4	57	3	2	0	1	1	1	0	0	0	1	0	6	3	3	1	1	1	0
830	1	1	1	1	5	3	4	5	4	5	2	2	2	2	4	5	5	5	5	57	3	2	0	1	1	1	0	0	0	1	0	6	3	3	1	1	1	0
832	1	1	0	0	1	1	1	1	1	1	5	5	1	5	1	1	1	1	1	60	3	2	0	1	0	0	0	0	0	0	0	4	3	3	1	0	1	0
832	1	1	0	1	5	5	5	5	5	1	1	1	1	1	5	5	5	5	5	60	3	2	0	1	0	0	0	0	0	0	0	4	3	3	1	0	1	0
832	1	1	1	0	1	1	1	1	1	1	5	5	5	5	1	1	1	1	1	60	3	2	0	1	0	0	0	0	0	0	0	4	3	3	1	0	1	0
832	1	1	1	1	5	5	5	5	5	1	1	1	1	1	5	5	5	5	5	60	3	2	0	1	0	0	0	0	0	0	0	4	3	3	1	0	1	0
837	1	1	0	0	1	3	1	1	1	1	5	3	3	5	1	1	1	1	1	63	3	2	0	1	1	1	0	0	0	1	0	-999	3	4	1	0	1	0
837	1	1	0	1	5	4	5	5	5	4	1	2	1	1	5	5	5	5	5	63	3	2	0	1	1	1	0	0	0	1	0	-999	3	4	1	0	1	0
837	1	1	1	0	5	5	5	5	1	1	5	1	1	5	5	5	5	5	5	63	3	2	0	1	1	1	0	0	0	1	0	-999	3	4	1	0	1	0
837	1	1	1	1	5	5	5	5	1	1	5	1	1	5	5	5	5	5	5	63	3	2	0	1	1	1	0	0	0	1	0	-999	3	4	1	0	1	0
840	1	1	0	0	1	5	1	2	3	1	5	4	3	3	2	2	2	2	2	64	3	2	0	1	1	1	0	0	0	1	0	3	3	4	1	0	1	0
840	1	1	0	1	5	5	5	5	5	5	1	1	1	1	5	5	5	5	5	64	3	2	0	1	1	1	0	0	0	1	0	3	3	4	1	0	1	0
840	1	1	1	0	4	3	4	4	5	3	2	3	2	2	4	4	4	4	4	64	3	2	0	1	1	1	0	0	0	1	0	3	3	4	1	0	1	0
840	1	1	1	1	5	5	5	5	4	4	2	2	2	2	4	4	4	4	4	64	3	2	0	1	1	1	0	0	0	1	0	3	3	4	1	0	1	0
841	1	1	0	0	1	2	1	2	2	3	5	4	3	4	1	1	1	2	1	64	3	2	0	1	1	1	0	0	0	1	0	3	3	3	1	0	1	0
841	1	1	0	1	5	5	4	5	4	1	1	1	1	1	5	5	5	4	5	64	3	2	0	1	1	1	0	0	0	1	0	3	3	3	1	0	1	0
841	1	1	1	0	2	2	2	2	3	3	3	3	3	3	2	2	2	3	2	64	3	2	0	1	1	1	0	0	0	1	0	3	3	3	1	0	1	0
841	1	1	1	1	5	4	4	4	3	3	3	3	3	3	5	5	5	5	5	64	3	2	0	1	1	1	0	0	0	1	0	3	3	3	1	0	1	0
843	2	1	0	0	3	3	4	4	3	2	1	2	2	2	4	5	5	3	2	64	3	2	0	1	1	1	0	1	0	1	1	-999	1	3	1	0	1	0
843	2	1	0	1	5	3	5	4	3	2	1	2	2	2	4	5	5	3	4	64	3	2	0	1	1	1	0	1	0	1	1	-999	1	3	1	0	1	0
843	2	1	1	0	3	3	3	4	3	3	1	2	2	2	4	4	4	3	4	64	3	2	0	1	1	1	0	1	0	1	1	-999	1	3	1	0	1	0
843	2	1	1	1	3	3	3	4	3	3	1	2	2	2	4	5	5	3	5	64	3	2	0	1	1	1	0	1	0	1	1	-999	1	3	1	0	1	0
844	2	1	0	0	2	1	1	1	5	5	1	1	1	1	1	1	1	1	1	64	3	2	0	1	1	1	0	1	0	1	1	-999	2	2	1	1	1	0
844	2	1	0	1	5	5	5	5	5	1	5	1	1	1	5	5	5	5	5	64	3	2	0	1	1	1	0	1	0	1	1	-999	2	2	1	1	1	0
844	2	1	1	0	1	1	5	5	5	1	1	1	1	1	1	3	3	3	1	64	3	2	0	1	1	1	0	1	0	1	1	-999	2	2	1	1	1	0
844	2	1	1	1	5	1	5	5	5	1	1	1	1	1	5	5	5	5	5	64	3	2	0	1	1	1	0	1	0	1	1	-999	2	2	1	1	1	0
847	1	1	0	0	1	2	2	2	2	2	4	2	4	4	2	2	2	2	2	65	4	2	0	1	1	1	1	1	0	1	1	5	3	3	0	0	1	0
847	1	1	0	1	5	4	5	4	4	4	2	4	2	1	5	5	5	4	5	65	4	2	0	1	1	1	1	1	0	1	1	5	3	3	0	0	1	0
847	1	1	1	0	3	2	2	2	3	2	2	1	2	2	3	3	3	3	3	65	4	2	0	1	1	1	1	1	0	1	1	5	3	3	0	0	1	0
847	1	1	1	1	4	4	3	4	3	3	2	1	3	1	4	4	4	3	4	65	4	2	0	1	1	1	1	1	0	1	1	5	3	3	0	0	1	0
848	1	1	0	0	1	2	3	3	3	3	4	3	1	4	1	1	1	3	1	65	4	2	0	1	1	1	0	0	0	1	0	5	3	4	1	0	0	0
848	1	1	0	1	5	4	5	5	4	1	1	3	1	1	5	5	5	3	5	65	4	2	0	1	1	1	0	0	0	1	0	5	3	4	1	0	0	0
848	1	1	1	0	4	3	4	4	3	3	2	3	3	3	4	4	4	4	4	65	4	2	0	1	1	1	0	0	0	1	0	5	3	4	1	0	0	0
848	1	1	1	1	5	3	3	5	3	3	2	3	3	3	5	5	5	4	5	65	4	2	0	1	1	1	0	0	0	1	0	5	3	4	1	0	0	0
849	1	1	0	0	1	3	3	3	3	3	1	3	3	3	3	3	3	3	3	65	4	2	0	1	0	0	0	0	0	0	0	-999	3	4	1	0	1	0
849	1	1	0	1	5	3	5	5	3	1	1	5	4	5	5	5	5	3	5	65	4	2	0	1	0	0	0	0	0	0	0	-999	3	4	1	0	1	0
849	1	1	1	0	4	3	4	4	4	3	3	1	1	1	4	4	4	3	4	65	4	2	0	1	0	0	0	0	0	0	0	-999	3	4	1	0	1	0
849	1	1	1	1	5	3	5	5	5	3	3	1	1	1	5	5	5	3	5	65	4	2	0	1	0	0	0	0	0	0	0	-999	3	4	1	0	1	0
851	2	1	0	0	3	3	3	3	3	3	3	3	3	3	3	3	3	3	3	65	4	2	0	1	1	1	0	1	0	1	1	2	2	2	1	0	1	0
851	2	1	0	1	5	4	5	5	5	1	1	2	2	1	5	5	5	4	5	65	4	2	0	1	1	1	0	1	0	1	1	2	2	2	1	0	1	0
851	2	1	1	0	4	4	4	4	4	2	1	2	2	1	4	4	4	4	4	65	4	2	0	1	1	1	0	1	0	1	1	2	2	2	1	0	1	0
851	2	1	1	1	5	4	4	5	4	2	1	2	2	1	5	5	5	4	5	65	4	2	0	1	1	1	0	1	0	1	1	2	2	2	1	0	1	0
852	2	1	0	0	1	5	2	2	4	1	3	2	1	3	1	1	2	2	2	65	4	2	0	1	1	1	1	1	0	1	1	3	2	3	1	0	1	0
852	2	1	0	1	5	5	5	4	5	2	1	2	1	1	5	5	5	4	5	65	4	2	0	1	1	1	1	1	0	1	1	3	2	3	1	0	1	0
852	2	1	1	0	5	5	5	4	4	3	1	2	2	2	3	3	3	4	4	65	4	2	0	1	1	1	1	1	0	1	1	3	2	3	1	0	1	0
852	2	1	1	1	5	5	5	5	5	3	1	1	1	1	5	5	5	5	5	65	4	2	0	1	1	1	1	1	0	1	1	3	2	3	1	0	1	0
854	2	1	0	0	1	2	2	2	3	1	4	3	1	3	3	2	2	3	3	65	4	2	0	1	1	0	0	1	0	0	1	-999	2	3	1	0	1	0
854	2	1	0	1	5	4	4	4	3	1	1	1	1	4	4	5	4	3	4	65	4	2	0	1	1	0	0	1	0	0	1	-999	2	3	1	0	1	0
854	2	1	1	0	5	3	4	4	4	1	1	1	1	1	4	4	5	3	4	65	4	2	0	1	1	0	0	1	0	0	1	-999	2	3	1	0	1	0
854	2	1	1	1	4	3	5	5	4	2	1	1	2	1	4	5	5	3	5	65	4	2	0	1	1	0	0	1	0	0	1	-999	2	3	1	0	1	0
857	1	1	0	0	1	5	1	1	1	5	5	5	5	5	1	1	1	1	1	66	4	2	0	1	1	1	0	1	0	1	1	5	3	3	1	0	1	0
857	1	1	0	1	5	4	4	3	4	4	3	2	3	3	2	4	4	3	4	66	4	2	0	1	1	1	0	1	0	1	1	5	3	3	1	0	1	0
857	1	1	1	0	3	4	2	3	3	4	5	5	4	5	1	1	1	4	4	66	4	2	0	1	1	1	0	1	0	1	1	5	3	3	1	0	1	0
857	1	1	1	1	4	4	2	4	3	4	5	4	4	4	1	1	1	4	5	66	4	2	0	1	1	1	0	1	0	1	1	5	3	3	1	0	1	0
858	1	1	0	0	1	2	1	1	1	4	5	5	5	5	1	1	1	1	1	66	4	2	0	1	1	1	0	0	0	1	0	-999	3	3	1	0	1	0
858	1	1	0	1	5	5	5	5	5	1	1	1	1	1	5	5	5	5	5	66	4	2	0	1	1	1	0	0	0	1	0	-999	3	3	1	0	1	0
858	1	1	1	0	5	3	3	3	3	3	3	3	3	3	3	3	3	3	3	66	4	2	0	1	1	1	0	0	0	1	0	-999	3	3	1	0	1	0
858	1	1	1	1	5	5	5	5	5	1	1	1	1	1	5	5	5	5	5	66	4	2	0	1	1	1	0	0	0	1	0	-999	3	3	1	0	1	0
859	2	1	0	0	2	3	3	3	3	3	4	3	3	2	2	3	3	3	3	66	4	2	0	1	1	0	0	1	0	0	1	3	1	3	0	0	1	0
859	2	1	0	1	5	3	4	4	4	1	2	2	3	2	4	4	4	3	4	66	4	2	0	1	1	0	0	1	0	0	1	3	1	3	0	0	1	0
859	2	1	1	0	3	3	3	3	3	3	3	3	2	2	3	3	3	3	3	66	4	2	0	1	1	0	0	1	0	0	1	3	1	3	0	0	1	0
859	2	1	1	1	5	4	4	4	3	2	2	3	2	2	3	4	4	3	4	66	4	2	0	1	1	0	0	1	0	0	1	3	1	3	0	0	1	0
860	1	1	0	0	2	3	4	3	2	1	3	1	2	4	1	1	2	3	1	67	4	2	0	1	1	1	0	1	0	1	1	5	3	4	0	0	1	0
860	1	1	0	1	5	4	4	4	4	1	1	1	2	1	4	5	5	3	5	67	4	2	0	1	1	1	0	1	0	1	1	5	3	4	0	0	1	0
860	1	1	1	0	5	2	4	4	4	1	1	1	1	2	5	5	5	4	5	67	4	2	0	1	1	1	0	1	0	1	1	5	3	4	0	0	1	0
860	1	1	1	1	3	2	4	4	4	1	2	1	1	2	5	4	4	4	5	67	4	2	0	1	1	1	0	1	0	1	1	5	3	4	0	0	1	0
863	1	1	0	0	1	2	3	3	4	3	3	3	2	3	1	3	3	3	2	67	4	2	0	1	1	1	0	1	0	1	1	4	3	4	1	0	1	0
863	1	1	0	1	5	4	4	4	4	2	5	3	2	2	5	5	5	4	5	67	4	2	0	1	1	1	0	1	0	1	1	4	3	4	1	0	1	0
863	1	1	1	0	4	3	4	4	3	3	2	2	1	1	4	4	4	3	4	67	4	2	0	1	1	1	0	1	0	1	1	4	3	4	1	0	1	0
863	1	1	1	1	5	3	5	5	3	3	2	1	1	1	5	5	5	4	5	67	4	2	0	1	1	1	0	1	0	1	1	4	3	4	1	0	1	0
864	1	1	0	0	1	2	1	1	3	5	5	5	3	3	1	1	1	3	1	68	4	2	0	1	1	1	0	0	0	1	0	5	3	4	1	0	1	1
864	1	1	0	1	5	5	5	5	5	1	1	1	3	3	5	5	5	5	5	68	4	2	0	1	1	1	0	0	0	1	0	5	3	4	1	0	1	1
864	1	1	1	0	3	4	3	3	3	3	5	2	3	4	3	3	3	3	3	68	4	2	0	1	1	1	0	0	0	1	0	5	3	4	1	0	1	1
864	1	1	1	1	5	3	5	5	5	3	1	2	3	2	5	5	5	5	5	68	4	2	0	1	1	1	0	0	0	1	0	5	3	4	1	0	1	1
867	1	1	0	0	2	3	3	3	3	3	3	2	3	3	3	3	3	3	3	68	4	2	0	1	1	1	0	0	0	1	0	5	2	4	1	0	0	0
867	1	1	0	1	5	3	4	3	3	3	4	2	3	3	5	4	4	4	5	68	4	2	0	1	1	1	0	0	0	1	0	5	2	4	1	0	0	0
867	1	1	1	0	4	3	3	3	3	3	3	3	3	3	4	4	4	3	4	68	4	2	0	1	1	1	0	0	0	1	0	5	2	4	1	0	0	0
867	1	1	1	1	4	3	3	4	3	3	3	4	3	3	5	5	5	3	5	68	4	2	0	1	1	1	0	0	0	1	0	5	2	4	1	0	0	0
869	2	1	0	0	3	4	2	2	3	1	4	1	1	4	3	2	3	1	1	68	4	2	0	1	1	1	0	1	0	1	1	4	1	3	1	0	1	0
869	2	1	0	1	5	4	4	4	3	1	1	1	1	1	4	5	5	4	5	68	4	2	0	1	1	1	0	1	0	1	1	4	1	3	1	0	1	0
869	2	1	1	0	4	4	4	4	4	1	1	1	1	1	4	4	4	4	4	68	4	2	0	1	1	1	0	1	0	1	1	4	1	3	1	0	1	0
869	2	1	1	1	5	4	5	5	4	1	1	1	1	1	5	5	5	5	5	68	4	2	0	1	1	1	0	1	0	1	1	4	1	3	1	0	1	0
871	1	1	0	0	1	1	1	1	1	5	5	5	3	5	1	1	1	1	1	69	4	2	0	1	1	1	1	1	0	1	1	-999	2	3	1	0	1	0
871	1	1	0	1	5	4	5	5	4	1	1	1	3	1	5	5	5	5	5	69	4	2	0	1	1	1	1	1	0	1	1	-999	2	3	1	0	1	0
871	1	1	1	0	3	3	3	3	3	3	3	2	1	1	3	4	4	4	4	69	4	2	0	1	1	1	1	1	0	1	1	-999	2	3	1	0	1	0
871	1	1	1	1	5	3	5	5	3	1	3	1	1	1	5	5	5	5	5	69	4	2	0	1	1	1	1	1	0	1	1	-999	2	3	1	0	1	0
872	1	1	0	0	1	5	4	4	4	3	2	1	1	1	4	4	4	4	3	69	4	2	0	1	1	1	1	1	0	1	1	6	2	4	0	0	1	0
872	1	1	0	1	5	5	4	4	4	3	2	1	1	1	4	4	4	4	5	69	4	2	0	1	1	1	1	1	0	1	1	6	2	4	0	0	1	0
872	1	1	1	0	4	3	1	1	3	1	1	1	1	1	5	4	4	3	4	69	4	2	0	1	1	1	1	1	0	1	1	6	2	4	0	0	1	0
872	1	1	1	1	4	3	1	1	3	1	1	1	1	1	5	4	5	3	5	69	4	2	0	1	1	1	1	1	0	1	1	6	2	4	0	0	1	0
873	1	1	0	0	2	5	1	1	4	1	3	3	1	1	3	3	3	3	1	69	4	2	0	1	1	1	0	0	0	1	0	3	1	4	1	0	1	0
873	1	1	0	1	5	5	5	4	5	1	1	1	1	1	5	5	5	3	5	69	4	2	0	1	1	1	0	0	0	1	0	3	1	4	1	0	1	0
873	1	1	1	0	4	3	4	5	4	1	1	1	1	1	4	4	4	4	4	69	4	2	0	1	1	1	0	0	0	1	0	3	1	4	1	0	1	0
873	1	1	1	1	5	3	4	5	4	1	1	1	1	1	4	5	5	5	5	69	4	2	0	1	1	1	0	0	0	1	0	3	1	4	1	0	1	0
874	1	1	0	0	1	1	1	1	1	1	1	1	1	1	1	1	1	1	1	70	4	2	0	1	1	1	0	0	0	1	0	5	2	2	1	0	0	0
874	1	1	0	1	5	1	5	5	5	1	1	1	1	1	5	5	5	5	5	70	4	2	0	1	1	1	0	0	0	1	0	5	2	2	1	0	0	0
874	1	1	1	0	3	3	3	3	3	3	3	3	3	3	3	3	3	3	3	70	4	2	0	1	1	1	0	0	0	1	0	5	2	2	1	0	0	0
874	1	1	1	1	5	5	5	5	3	5	5	1	3	1	5	5	5	5	5	70	4	2	0	1	1	1	0	0	0	1	0	5	2	2	1	0	0	0
876	1	1	0	0	1	1	1	1	1	4	5	5	5	4	1	1	1	1	1	70	4	2	0	1	1	1	0	0	0	1	0	5	3	3	1	0	0	0
876	1	1	0	1	5	5	5	5	5	1	1	1	1	1	5	5	5	5	5	70	4	2	0	1	1	1	0	0	0	1	0	5	3	3	1	0	0	0
876	1	1	1	0	5	5	5	5	5	1	1	1	1	1	5	5	5	5	5	70	4	2	0	1	1	1	0	0	0	1	0	5	3	3	1	0	0	0
876	1	1	1	1	5	5	5	5	5	1	1	1	1	1	5	5	5	5	5	70	4	2	0	1	1	1	0	0	0	1	0	5	3	3	1	0	0	0
877	2	1	0	0	1	4	1	1	1	3	5	3	3	3	2	2	2	3	1	70	4	2	0	1	1	1	0	1	0	1	1	4	2	3	1	0	0	0
877	2	1	0	1	5	4	5	5	5	3	1	1	1	1	4	5	5	3	5	70	4	2	0	1	1	1	0	1	0	1	1	4	2	3	1	0	0	0
877	2	1	1	0	3	5	4	4	5	3	1	2	1	1	4	4	4	3	5	70	4	2	0	1	1	1	0	1	0	1	1	4	2	3	1	0	0	0
877	2	1	1	1	5	5	5	5	5	1	1	1	1	1	4	5	5	3	5	70	4	2	0	1	1	1	0	1	0	1	1	4	2	3	1	0	0	0
880	1	1	0	0	2	3	3	3	3	2	5	3	3	3	1	2	2	3	2	71	4	2	0	1	1	1	0	0	0	1	0	5	2	3	1	0	0	0
880	1	1	0	1	5	3	3	3	3	3	1	3	3	3	5	5	5	3	5	71	4	2	0	1	1	1	0	0	0	1	0	5	2	3	1	0	0	0
880	1	1	1	0	3	3	3	3	3	3	3	3	3	3	3	3	3	3	3	71	4	2	0	1	1	1	0	0	0	1	0	5	2	3	1	0	0	0
880	1	1	1	1	3	3	3	3	3	3	3	3	3	3	3	3	3	3	3	71	4	2	0	1	1	1	0	0	0	1	0	5	2	3	1	0	0	0
883	1	1	0	0	1	2	2	1	3	2	1	2	3	4	2	2	1	2	2	72	4	2	0	1	1	1	0	0	0	1	0	-999	3	4	1	0	1	0
883	1	1	0	1	5	5	4	5	3	4	5	5	3	4	4	5	5	5	5	72	4	2	0	1	1	1	0	0	0	1	0	-999	3	4	1	0	1	0
883	1	1	1	0	4	3	3	4	4	4	2	5	5	3	5	4	5	4	5	72	4	2	0	1	1	1	0	0	0	1	0	-999	3	4	1	0	1	0
883	1	1	1	1	2	3	2	2	2	2	4	1	2	3	2	1	2	3	2	72	4	2	0	1	1	1	0	0	0	1	0	-999	3	4	1	0	1	0
886	1	1	0	0	1	3	1	1	3	3	4	3	2	3	2	1	1	3	1	74	4	2	0	1	1	1	0	1	0	1	1	4	1	2	1	0	1	0
886	1	1	0	1	5	4	4	4	3	1	2	1	1	3	5	5	5	3	5	74	4	2	0	1	1	1	0	1	0	1	1	4	1	2	1	0	1	0
886	1	1	1	0	4	1	2	4	3	1	1	1	1	3	5	5	5	3	4	74	4	2	0	1	1	1	0	1	0	1	1	4	1	2	1	0	1	0
886	1	1	1	1	5	2	1	4	3	2	1	2	2	3	5	5	5	3	5	74	4	2	0	1	1	1	0	1	0	1	1	4	1	2	1	0	1	0
888	1	1	0	0	1	5	4	4	5	1	1	1	1	1	5	5	5	5	5	76	4	2	0	1	1	1	0	1	0	1	1	-999	3	4	1	0	1	0
888	1	1	0	1	5	5	4	4	5	1	1	1	1	1	5	5	5	5	5	76	4	2	0	1	1	1	0	1	0	1	1	-999	3	4	1	0	1	0
888	1	1	1	0	5	1	5	5	4	1	1	1	1	1	5	5	5	5	5	76	4	2	0	1	1	1	0	1	0	1	1	-999	3	4	1	0	1	0
888	1	1	1	1	1	1	5	5	4	1	1	1	1	1	5	5	5	5	5	76	4	2	0	1	1	1	0	1	0	1	1	-999	3	4	1	0	1	0
889	1	1	0	0	1	3	3	3	3	3	3	3	3	3	1	2	3	3	1	77	4	2	0	1	0	0	0	0	0	0	0	6	2	4	1	0	0	0
889	1	1	0	1	5	3	3	3	3	3	5	3	3	3	5	5	5	3	5	77	4	2	0	1	0	0	0	0	0	0	0	6	2	4	1	0	0	0
889	1	1	1	0	3	3	3	3	3	3	5	3	3	3	5	5	3	3	5	77	4	2	0	1	0	0	0	0	0	0	0	6	2	4	1	0	0	0
889	1	1	1	1	3	3	3	3	3	3	1	3	3	3	3	3	2	3	3	77	4	2	0	1	0	0	0	0	0	0	0	6	2	4	1	0	0	0
891	1	1	0	0	1	1	1	1	1	1	5	5	5	5	1	1	1	1	1	77	4	2	0	1	1	1	0	1	0	1	1	5	2	2	1	1	1	1
891	1	1	0	1	5	4	4	5	5	4	1	1	1	1	5	5	5	5	5	77	4	2	0	1	1	1	0	1	0	1	1	5	2	2	1	1	1	1
891	1	1	1	0	5	5	5	5	5	1	1	1	1	1	5	5	5	5	5	77	4	2	0	1	1	1	0	1	0	1	1	5	2	2	1	1	1	1
891	1	1	1	1	1	1	1	1	1	5	5	5	5	5	5	5	5	5	5	77	4	2	0	1	1	1	0	1	0	1	1	5	2	2	1	1	1	1
892	2	1	0	0	1	1	1	1	3	1	1	2	3	3	1	3	3	3	1	77	4	2	0	1	1	1	0	1	0	1	1	5	2	4	1	0	0	0
892	2	1	0	1	5	5	5	5	4	5	5	5	3	3	5	5	5	5	5	77	4	2	0	1	1	1	0	1	0	1	1	5	2	4	1	0	0	0
892	2	1	1	0	4	4	3	4	3	3	3	3	3	3	4	4	4	4	4	77	4	2	0	1	1	1	0	1	0	1	1	5	2	4	1	0	0	0
892	2	1	1	1	3	4	3	4	3	3	3	3	3	3	4	4	4	4	4	77	4	2	0	1	1	1	0	1	0	1	1	5	2	4	1	0	0	0
894	1	1	0	0	2	3	3	3	3	3	3	3	3	3	3	3	3	3	3	82	4	2	0	1	0	0	0	0	0	0	0	-999	3	3	1	0	1	0
894	1	1	0	1	5	5	5	5	3	5	3	3	3	3	4	5	5	5	5	82	4	2	0	1	0	0	0	0	0	0	0	-999	3	3	1	0	1	0
894	1	1	1	0	3	4	3	3	3	3	3	3	3	3	3	3	3	3	3	82	4	2	0	1	0	0	0	0	0	0	0	-999	3	3	1	0	1	0
894	1	1	1	1	5	2	4	4	3	4	3	3	4	3	5	4	5	5	5	82	4	2	0	1	0	0	0	0	0	0	0	-999	3	3	1	0	1	0
896	1	1	0	0	1	3	1	2	3	3	5	3	3	3	1	1	1	3	1	60	3	1	0	1	0	0	0	0	0	0	0	3	3	4	1	1	1	1
896	1	1	0	1	5	5	5	4	4	1	1	1	1	1	5	5	5	3	5	60	3	1	0	1	0	0	0	0	0	0	0	3	3	4	1	1	1	1
896	1	1	1	0	5	5	5	4	4	1	1	1	1	1	4	4	5	4	4	60	3	1	0	1	0	0	0	0	0	0	0	3	3	4	1	1	1	1
896	1	1	1	1	5	5	5	5	5	1	1	1	1	1	4	4	5	4	4	60	3	1	0	1	0	0	0	0	0	0	0	3	3	4	1	1	1	1
898	1	1	0	0	1	2	2	1	3	5	3	3	3	5	1	1	1	3	1	61	3	1	0	1	0	0	0	0	0	0	0	5	3	3	1	0	1	0
898	1	1	0	1	5	2	4	5	3	1	3	3	3	1	5	5	5	3	5	61	3	1	0	1	0	0	0	0	0	0	0	5	3	3	1	0	1	0
898	1	1	1	0	3	3	3	3	3	3	3	3	3	3	4	5	5	3	5	61	3	1	0	1	0	0	0	0	0	0	0	5	3	3	1	0	1	0
898	1	1	1	1	5	3	5	5	3	1	1	1	1	1	5	5	5	3	5	61	3	1	0	1	0	0	0	0	0	0	0	5	3	3	1	0	1	0
901	2	1	0	0	1	4	3	1	3	5	4	5	4	5	1	2	2	3	1	61	3	1	0	1	1	1	0	1	0	1	1	-999	2	2	1	0	1	0
901	2	1	0	1	5	5	3	5	3	1	1	2	2	2	5	4	4	3	5	61	3	1	0	1	1	1	0	1	0	1	1	-999	2	2	1	0	1	0
901	2	1	1	0	5	5	3	4	3	2	2	2	2	2	4	4	4	3	4	61	3	1	0	1	1	1	0	1	0	1	1	-999	2	2	1	0	1	0
901	2	1	1	1	5	5	3	4	3	2	2	2	2	2	4	4	4	3	4	61	3	1	0	1	1	1	0	1	0	1	1	-999	2	2	1	0	1	0
902	1	1	0	0	2	3	1	2	3	2	4	4	3	3	2	2	2	3	3	62	3	1	0	1	1	1	0	0	0	1	0	-999	3	3	1	1	1	0
902	1	1	0	1	5	3	4	3	3	3	3	3	2	3	4	4	4	4	5	62	3	1	0	1	1	1	0	0	0	1	0	-999	3	3	1	1	1	0
902	1	1	1	0	3	2	2	3	4	2	3	3	2	3	3	3	3	3	3	62	3	1	0	1	1	1	0	0	0	1	0	-999	3	3	1	1	1	0
902	1	1	1	1	4	3	3	3	3	3	3	3	3	3	4	3	3	4	3	62	3	1	0	1	1	1	0	0	0	1	0	-999	3	3	1	1	1	0
903	1	1	0	0	1	2	1	1	2	2	1	2	3	4	1	1	1	2	1	62	3	1	0	1	1	1	0	1	0	1	1	4	3	3	1	1	1	0
903	1	1	0	1	5	4	5	5	4	4	5	4	3	1	4	5	5	4	5	62	3	1	0	1	1	1	0	1	0	1	1	4	3	3	1	1	1	0
903	1	1	1	0	4	4	4	4	4	2	2	3	3	2	4	4	4	4	4	62	3	1	0	1	1	1	0	1	0	1	1	4	3	3	1	1	1	0
903	1	1	1	1	5	4	5	5	4	2	1	3	3	2	5	5	5	5	5	62	3	1	0	1	1	1	0	1	0	1	1	4	3	3	1	1	1	0
904	1	1	0	0	1	1	1	1	1	4	5	5	5	5	1	1	1	1	1	62	3	1	0	1	1	1	0	1	0	1	1	-999	3	3	1	0	1	0
904	1	1	0	1	5	5	5	5	5	1	1	1	1	1	5	5	5	5	5	62	3	1	0	1	1	1	0	1	0	1	1	-999	3	3	1	0	1	0
904	1	1	1	0	5	5	5	5	5	1	1	1	1	1	5	5	5	5	5	62	3	1	0	1	1	1	0	1	0	1	1	-999	3	3	1	0	1	0
904	1	1	1	1	5	5	5	5	5	1	1	1	1	1	5	5	5	5	5	62	3	1	0	1	1	1	0	1	0	1	1	-999	3	3	1	0	1	0
908	1	1	0	0	2	2	1	1	3	5	2	5	3	3	1	1	1	1	1	63	3	1	0	1	1	1	0	0	0	1	0	4	3	3	1	0	1	0
908	1	1	0	1	5	4	5	5	5	1	3	1	1	1	5	5	5	5	5	63	3	1	0	1	1	1	0	0	0	1	0	4	3	3	1	0	1	0
908	1	1	1	0	5	5	5	5	5	3	1	1	1	1	5	5	5	5	5	63	3	1	0	1	1	1	0	0	0	1	0	4	3	3	1	0	1	0
908	1	1	1	1	4	3	3	4	4	3	1	1	1	1	4	4	3	4	4	63	3	1	0	1	1	1	0	0	0	1	0	4	3	3	1	0	1	0
909	1	1	0	0	1	3	1	3	3	3	3	3	3	3	2	3	1	1	1	63	3	1	0	1	1	1	0	0	0	1	0	4	3	3	1	0	1	1
909	1	1	0	1	5	3	4	3	3	1	1	1	1	1	5	4	5	5	5	63	3	1	0	1	1	1	0	0	0	1	0	4	3	3	1	0	1	1
909	1	1	1	0	4	3	4	4	4	1	3	1	1	1	3	3	4	4	3	63	3	1	0	1	1	1	0	0	0	1	0	4	3	3	1	0	1	1
909	1	1	1	1	5	3	4	5	5	1	1	1	1	1	5	5	5	5	5	63	3	1	0	1	1	1	0	0	0	1	0	4	3	3	1	0	1	1
914	1	1	0	0	1	2	1	1	2	2	2	3	3	3	1	1	1	3	1	64	3	1	0	1	1	1	0	0	0	1	0	5	3	4	1	0	0	0
914	1	1	0	1	5	2	4	5	4	2	4	1	3	3	4	4	5	3	5	64	3	1	0	1	1	1	0	0	0	1	0	5	3	4	1	0	0	0
914	1	1	1	0	4	5	4	4	4	4	4	1	1	1	4	4	4	4	5	64	3	1	0	1	1	1	0	0	0	1	0	5	3	4	1	0	0	0
914	1	1	1	1	4	2	4	4	4	2	4	2	2	2	4	4	4	4	4	64	3	1	0	1	1	1	0	0	0	1	0	5	3	4	1	0	0	0
916	1	1	0	0	1	3	1	1	1	5	5	1	1	4	1	1	1	3	1	65	4	1	0	1	1	1	0	0	0	1	0	3	3	3	1	0	1	0
916	1	1	0	1	5	3	5	5	5	1	1	5	5	2	5	5	5	3	5	65	4	1	0	1	1	1	0	0	0	1	0	3	3	3	1	0	1	0
916	1	1	1	0	1	2	2	2	2	4	4	4	4	4	3	3	3	3	2	65	4	1	0	1	1	1	0	0	0	1	0	3	3	3	1	0	1	0
916	1	1	1	1	5	4	4	4	4	2	2	2	2	2	3	3	3	3	5	65	4	1	0	1	1	1	0	0	0	1	0	3	3	3	1	0	1	0
917	1	1	0	0	2	3	3	2	3	3	4	3	3	4	1	2	1	1	1	65	4	1	0	1	1	1	0	0	0	1	0	3	3	2	1	0	0	0
917	1	1	0	1	5	4	4	4	4	1	1	2	2	2	4	4	4	5	5	65	4	1	0	1	1	1	0	0	0	1	0	3	3	2	1	0	0	0
917	1	1	1	0	3	4	3	3	4	3	2	3	1	1	4	4	4	3	4	65	4	1	0	1	1	1	0	0	0	1	0	3	3	2	1	0	0	0
917	1	1	1	1	5	3	4	4	3	2	3	1	4	3	5	4	4	3	3	65	4	1	0	1	1	1	0	0	0	1	0	3	3	2	1	0	0	0
918	1	1	0	0	1	3	1	2	3	3	4	3	3	4	1	2	2	3	1	65	4	1	0	1	1	1	0	0	0	1	0	5	3	2	1	0	1	0
918	1	1	0	1	5	4	4	4	3	3	2	2	3	1	5	4	5	3	5	65	4	1	0	1	1	1	0	0	0	1	0	5	3	2	1	0	1	0
918	1	1	1	0	2	3	4	3	3	3	1	1	3	1	4	4	4	3	4	65	4	1	0	1	1	1	0	0	0	1	0	5	3	2	1	0	1	0
918	1	1	1	1	5	3	5	5	3	3	1	2	3	1	5	5	5	3	5	65	4	1	0	1	1	1	0	0	0	1	0	5	3	2	1	0	1	0
920	1	1	0	0	1	1	1	1	2	1	5	5	4	4	1	1	2	1	1	65	4	1	0	1	1	1	0	0	0	1	0	4	3	3	1	1	1	1
920	1	1	0	1	5	5	5	5	5	1	1	1	1	1	4	5	4	4	5	65	4	1	0	1	1	1	0	0	0	1	0	4	3	3	1	1	1	1
920	1	1	1	0	4	5	4	5	5	1	4	1	1	1	5	5	5	5	5	65	4	1	0	1	1	1	0	0	0	1	0	4	3	3	1	1	1	1
920	1	1	1	1	2	1	4	5	5	4	5	1	1	1	5	5	5	5	5	65	4	1	0	1	1	1	0	0	0	1	0	4	3	3	1	1	1	1
922	1	1	0	0	1	1	1	1	1	5	5	5	5	5	1	1	1	1	1	66	4	1	0	1	1	1	0	0	0	1	0	5	3	4	1	0	1	0
922	1	1	0	1	5	5	5	5	5	1	1	1	1	1	5	5	5	5	5	66	4	1	0	1	1	1	0	0	0	1	0	5	3	4	1	0	1	0
922	1	1	1	0	3	3	4	4	4	3	3	3	2	2	4	4	4	3	3	66	4	1	0	1	1	1	0	0	0	1	0	5	3	4	1	0	1	0
922	1	1	1	1	5	5	5	5	5	1	1	1	1	1	5	5	5	5	5	66	4	1	0	1	1	1	0	0	0	1	0	5	3	4	1	0	1	0
925	1	1	0	0	2	3	2	3	3	3	2	3	3	4	2	1	1	2	1	66	4	1	0	1	1	1	0	0	0	1	0	-999	2	3	1	0	1	0
925	1	1	0	1	5	5	5	5	5	3	5	2	2	2	4	5	5	4	5	66	4	1	0	1	1	1	0	0	0	1	0	-999	2	3	1	0	1	0
925	1	1	1	0	3	3	3	3	3	3	3	3	3	3	4	4	4	4	4	66	4	1	0	1	1	1	0	0	0	1	0	-999	2	3	1	0	1	0
925	1	1	1	1	5	3	5	5	3	3	3	3	3	3	4	4	5	5	5	66	4	1	0	1	1	1	0	0	0	1	0	-999	2	3	1	0	1	0
926	1	1	0	0	1	2	1	1	4	3	4	3	3	3	2	4	2	2	1	66	4	1	0	1	1	1	0	1	0	1	1	-999	1	2	1	0	1	0
926	1	1	0	1	5	5	5	4	4	2	1	2	1	1	4	4	4	4	5	66	4	1	0	1	1	1	0	1	0	1	1	-999	1	2	1	0	1	0
926	1	1	1	0	2	4	4	4	5	2	1	2	2	1	4	4	5	4	4	66	4	1	0	1	1	1	0	1	0	1	1	-999	1	2	1	0	1	0
926	1	1	1	1	5	5	5	5	5	1	1	1	1	1	4	4	5	5	5	66	4	1	0	1	1	1	0	1	0	1	1	-999	1	2	1	0	1	0
928	1	1	0	0	1	1	1	1	2	5	5	4	4	4	1	1	1	1	1	66	4	1	0	1	1	1	0	0	0	1	0	5	3	3	1	0	1	0
928	1	1	0	1	5	5	5	5	5	1	1	1	1	1	5	5	5	5	5	66	4	1	0	1	1	1	0	0	0	1	0	5	3	3	1	0	1	0
928	1	1	1	0	3	3	4	4	3	3	3	2	1	1	4	4	4	4	3	66	4	1	0	1	1	1	0	0	0	1	0	5	3	3	1	0	1	0
928	1	1	1	1	5	5	5	5	4	1	1	1	1	1	5	5	5	5	5	66	4	1	0	1	1	1	0	0	0	1	0	5	3	3	1	0	1	0
934	1	1	0	0	1	1	1	1	1	1	1	1	1	3	1	1	1	1	1	66	4	1	0	1	1	1	0	0	0	1	0	4	3	2	1	0	0	0
934	1	1	0	1	5	5	5	5	5	5	5	5	5	5	5	5	5	5	5	66	4	1	0	1	1	1	0	0	0	1	0	4	3	2	1	0	0	0
934	1	1	1	0	5	5	5	5	5	5	5	5	5	3	5	5	5	5	5	66	4	1	0	1	1	1	0	0	0	1	0	4	3	2	1	0	0	0
934	1	1	1	1	1	1	1	1	1	1	1	1	1	1	1	1	1	1	1	66	4	1	0	1	1	1	0	0	0	1	0	4	3	2	1	0	0	0
935	2	1	0	0	1	3	3	2	3	3	5	3	3	3	1	1	2	3	3	66	4	1	0	1	1	1	1	1	0	1	1	5	2	2	1	0	1	0
935	2	1	0	1	5	3	3	4	3	3	1	3	3	3	5	5	5	3	5	66	4	1	0	1	1	1	1	1	0	1	1	5	2	2	1	0	1	0
935	2	1	1	0	3	3	3	3	3	3	3	3	3	3	2	1	2	2	3	66	4	1	0	1	1	1	1	1	0	1	1	5	2	2	1	0	1	0
935	2	1	1	1	5	3	3	3	3	3	3	3	3	3	5	5	5	2	5	66	4	1	0	1	1	1	1	1	0	1	1	5	2	2	1	0	1	0
936	2	1	0	0	1	3	2	1	3	4	4	3	2	3	1	1	1	2	1	66	4	1	0	1	1	1	0	1	0	1	1	5	1	2	1	0	1	0
936	2	1	0	1	5	5	5	5	3	3	1	2	2	3	4	4	4	4	5	66	4	1	0	1	1	1	0	1	0	1	1	5	1	2	1	0	1	0
936	2	1	1	0	5	5	4	4	4	1	1	2	1	2	4	5	4	4	4	66	4	1	0	1	1	1	0	1	0	1	1	5	1	2	1	0	1	0
936	2	1	1	1	4	5	5	4	4	1	1	2	1	2	5	5	5	5	5	66	4	1	0	1	1	1	0	1	0	1	1	5	1	2	1	0	1	0
937	1	1	0	0	1	4	3	3	3	2	1	1	2	2	2	2	2	2	2	67	4	1	0	1	1	1	0	0	0	1	0	5	1	3	1	0	1	0
937	1	1	0	1	5	4	3	3	3	1	1	1	2	2	5	4	5	3	5	67	4	1	0	1	1	1	0	0	0	1	0	5	1	3	1	0	1	0
937	1	1	1	0	5	3	3	3	3	3	3	2	3	3	5	5	5	3	5	67	4	1	0	1	1	1	0	0	0	1	0	5	1	3	1	0	1	0
937	1	1	1	1	4	3	3	3	3	3	3	2	3	3	4	4	4	3	4	67	4	1	0	1	1	1	0	0	0	1	0	5	1	3	1	0	1	0
938	1	1	0	0	2	3	3	3	3	3	2	4	3	3	1	1	1	3	2	67	4	1	0	1	1	1	0	0	0	1	0	5	3	4	1	0	1	0
938	1	1	0	1	5	5	5	5	3	3	1	1	3	3	5	5	5	5	5	67	4	1	0	1	1	1	0	0	0	1	0	5	3	4	1	0	1	0
938	1	1	1	0	4	3	3	4	3	3	3	3	3	3	4	4	4	4	4	67	4	1	0	1	1	1	0	0	0	1	0	5	3	4	1	0	1	0
938	1	1	1	1	5	3	3	4	3	3	3	3	3	3	4	4	4	4	4	67	4	1	0	1	1	1	0	0	0	1	0	5	3	4	1	0	1	0
939	1	1	0	0	2	2	3	3	4	1	2	2	2	2	2	1	1	3	2	67	4	1	0	1	1	1	0	0	0	1	0	-999	2	3	0	1	0	0
939	1	1	0	1	5	3	3	4	4	2	2	2	2	2	5	5	5	3	5	67	4	1	0	1	1	1	0	0	0	1	0	-999	2	3	0	1	0	0
939	1	1	1	0	3	3	3	3	4	3	3	3	2	2	4	3	4	3	3	67	4	1	0	1	1	1	0	0	0	1	0	-999	2	3	0	1	0	0
939	1	1	1	1	3	3	3	3	4	3	3	3	2	2	4	3	4	3	3	67	4	1	0	1	1	1	0	0	0	1	0	-999	2	3	0	1	0	0
945	1	1	0	0	1	3	1	1	3	4	5	4	4	4	1	2	2	1	1	68	4	1	0	1	1	1	0	0	0	1	0	4	3	4	1	0	1	0
945	1	1	0	1	5	3	4	5	3	1	1	1	1	1	4	4	4	4	5	68	4	1	0	1	1	1	0	0	0	1	0	4	3	4	1	0	1	0
945	1	1	1	0	4	4	4	4	3	2	1	2	1	1	4	4	4	5	5	68	4	1	0	1	1	1	0	0	0	1	0	4	3	4	1	0	1	0
945	1	1	1	1	5	4	5	5	3	2	1	1	1	1	4	4	4	5	5	68	4	1	0	1	1	1	0	0	0	1	0	4	3	4	1	0	1	0
946	1	1	0	0	2	4	3	3	4	3	3	3	3	2	4	4	4	3	3	68	4	1	0	1	0	0	0	0	0	0	0	5	3	1	1	0	1	0
946	1	1	0	1	5	4	3	3	4	4	4	3	3	2	5	5	5	3	3	68	4	1	0	1	0	0	0	0	0	0	0	5	3	1	1	0	1	0
946	1	1	1	0	3	3	3	3	3	3	3	3	3	3	3	3	3	3	3	68	4	1	0	1	0	0	0	0	0	0	0	5	3	1	1	0	1	0
946	1	1	1	1	3	3	3	3	3	3	3	3	3	3	3	3	3	3	3	68	4	1	0	1	0	0	0	0	0	0	0	5	3	1	1	0	1	0
947	1	1	0	0	2	3	1	2	2	3	5	3	3	3	2	2	2	2	2	68	4	1	0	1	1	1	0	0	0	1	0	5	3	3	1	0	1	0
947	1	1	0	1	5	5	5	5	4	1	1	1	1	1	5	5	5	4	5	68	4	1	0	1	1	1	0	0	0	1	0	5	3	3	1	0	1	0
947	1	1	1	0	4	4	4	4	4	1	1	1	1	1	5	5	5	4	4	68	4	1	0	1	1	1	0	0	0	1	0	5	3	3	1	0	1	0
947	1	1	1	1	5	5	5	5	4	1	1	1	1	1	5	5	5	4	5	68	4	1	0	1	1	1	0	0	0	1	0	5	3	3	1	0	1	0
948	1	1	0	0	1	2	1	2	2	1	5	2	2	2	2	2	2	1	2	68	4	1	0	1	1	1	0	0	0	1	0	4	3	3	1	0	0	0
948	1	1	0	1	5	5	4	4	4	1	1	2	2	2	5	4	4	3	4	68	4	1	0	1	1	1	0	0	0	1	0	4	3	3	1	0	0	0
948	1	1	1	0	3	4	4	4	4	1	1	2	2	2	4	4	4	3	4	68	4	1	0	1	1	1	0	0	0	1	0	4	3	3	1	0	0	0
948	1	1	1	1	5	5	4	4	4	1	1	2	2	2	4	4	4	3	4	68	4	1	0	1	1	1	0	0	0	1	0	4	3	3	1	0	0	0
949	1	1	0	0	1	1	2	1	2	1	2	2	2	2	2	2	2	2	1	69	4	1	0	1	0	0	0	0	0	0	0	3	3	2	1	0	1	0
949	1	1	0	1	5	4	5	4	5	5	5	4	3	4	5	5	5	5	5	69	4	1	0	1	0	0	0	0	0	0	0	3	3	2	1	0	1	0
949	1	1	1	0	4	3	4	3	4	2	3	3	3	3	4	4	4	4	4	69	4	1	0	1	0	0	0	0	0	0	0	3	3	2	1	0	1	0
949	1	1	1	1	4	4	5	5	4	4	4	4	3	3	5	5	4	5	5	69	4	1	0	1	0	0	0	0	0	0	0	3	3	2	1	0	1	0
950	1	1	0	0	1	3	1	1	4	3	5	3	1	2	1	3	1	3	1	69	4	1	0	1	1	1	0	0	0	1	0	5	1	3	1	0	0	0
950	1	1	0	1	5	4	4	5	4	2	2	2	1	1	5	5	5	4	5	69	4	1	0	1	1	1	0	0	0	1	0	5	1	3	1	0	0	0
950	1	1	1	0	3	3	3	4	3	1	2	3	1	2	4	4	4	4	2	69	4	1	0	1	1	1	0	0	0	1	0	5	1	3	1	0	0	0
950	1	1	1	1	3	3	4	5	3	1	2	2	1	2	5	5	5	5	5	69	4	1	0	1	1	1	0	0	0	1	0	5	1	3	1	0	0	0
953	1	1	0	0	3	2	2	2	3	3	5	3	3	3	1	2	3	3	2	69	4	1	0	1	1	1	0	1	0	1	1	4	3	2	1	0	0	0
953	1	1	0	1	5	5	5	5	5	2	1	2	2	1	2	2	2	3	2	69	4	1	0	1	1	1	0	1	0	1	1	4	3	2	1	0	0	0
953	1	1	1	0	4	4	4	4	4	2	2	2	2	1	5	4	4	4	4	69	4	1	0	1	1	1	0	1	0	1	1	4	3	2	1	0	0	0
953	1	1	1	1	4	4	5	5	4	1	1	1	2	1	2	2	2	4	4	69	4	1	0	1	1	1	0	1	0	1	1	4	3	2	1	0	0	0
955	1	1	0	0	3	3	1	2	3	3	3	3	1	1	2	2	2	3	2	69	4	1	0	1	1	1	0	0	0	1	0	4	3	3	1	0	1	0
955	1	1	0	1	5	3	4	4	3	3	3	3	1	1	5	4	5	3	5	69	4	1	0	1	1	1	0	0	0	1	0	4	3	3	1	0	1	0
955	1	1	1	0	4	4	4	5	5	1	1	1	1	1	3	4	4	3	4	69	4	1	0	1	1	1	0	0	0	1	0	4	3	3	1	0	1	0
955	1	1	1	1	4	4	4	5	5	1	1	1	1	1	4	4	4	3	4	69	4	1	0	1	1	1	0	0	0	1	0	4	3	3	1	0	1	0
959	1	1	0	0	1	3	2	2	4	3	5	3	3	3	1	2	1	3	2	70	4	1	0	1	1	1	0	1	0	1	1	-999	3	4	1	0	0	0
959	1	1	0	1	5	4	4	5	4	1	1	1	1	1	5	5	4	3	4	70	4	1	0	1	1	1	0	1	0	1	1	-999	3	4	1	0	0	0
959	1	1	1	0	3	2	3	3	2	3	3	2	3	3	2	3	3	3	2	70	4	1	0	1	1	1	0	1	0	1	1	-999	3	4	1	0	0	0
959	1	1	1	1	4	4	3	4	4	2	3	1	3	2	5	5	5	3	5	70	4	1	0	1	1	1	0	1	0	1	1	-999	3	4	1	0	0	0
962	1	1	0	0	3	3	3	3	3	3	3	3	3	3	3	3	3	3	3	70	4	1	0	1	1	1	0	0	0	1	0	-999	2	3	0	1	1	0
962	1	1	0	1	5	5	5	5	5	5	5	5	3	3	5	5	5	4	4	70	4	1	0	1	1	1	0	0	0	1	0	-999	2	3	0	1	1	0
962	1	1	1	0	5	3	5	5	4	1	2	2	2	1	5	5	5	4	4	70	4	1	0	1	1	1	0	0	0	1	0	-999	2	3	0	1	1	0
962	1	1	1	1	5	3	5	5	4	1	2	2	2	1	5	5	5	4	4	70	4	1	0	1	1	1	0	0	0	1	0	-999	2	3	0	1	1	0
963	1	1	0	0	1	1	1	2	3	3	4	3	3	3	1	1	1	2	1	71	4	1	0	1	0	0	0	0	0	0	0	-999	3	3	1	0	1	0
963	1	1	0	1	5	4	5	5	4	1	1	1	1	1	5	5	5	4	5	71	4	1	0	1	0	0	0	0	0	0	0	-999	3	3	1	0	1	0
963	1	1	1	0	4	4	4	4	3	3	1	2	1	1	4	4	4	2	4	71	4	1	0	1	0	0	0	0	0	0	0	-999	3	3	1	0	1	0
963	1	1	1	1	5	4	5	5	3	3	1	1	1	1	5	5	5	3	5	71	4	1	0	1	0	0	0	0	0	0	0	-999	3	3	1	0	1	0
966	1	1	0	0	3	1	3	3	2	1	1	1	1	1	3	3	3	3	1	71	4	1	0	1	1	1	0	1	0	1	1	6	3	4	1	1	1	1
966	1	1	0	1	5	3	4	5	1	1	1	1	1	1	1	1	1	5	5	71	4	1	0	1	1	1	0	1	0	1	1	6	3	4	1	1	1	1
966	1	1	1	0	4	3	4	4	4	1	4	1	1	1	4	4	5	5	5	71	4	1	0	1	1	1	0	1	0	1	1	6	3	4	1	1	1	1
966	1	1	1	1	5	5	5	5	5	1	5	1	1	1	5	5	5	5	5	71	4	1	0	1	1	1	0	1	0	1	1	6	3	4	1	1	1	1
967	1	1	0	0	2	3	1	2	3	4	4	4	4	4	2	2	2	2	2	71	4	1	0	1	1	0	0	1	0	0	1	5	3	4	1	0	1	0
967	1	1	0	1	5	4	5	5	3	2	1	1	1	1	4	4	4	4	5	71	4	1	0	1	1	0	0	1	0	0	1	5	3	4	1	0	1	0
967	1	1	1	0	4	4	3	4	4	2	2	2	2	2	4	4	4	4	4	71	4	1	0	1	1	0	0	1	0	0	1	5	3	4	1	0	1	0
967	1	1	1	1	5	4	4	5	4	2	2	2	2	2	4	4	4	4	4	71	4	1	0	1	1	0	0	1	0	0	1	5	3	4	1	0	1	0
969	1	1	0	0	1	3	3	3	3	2	3	3	1	1	2	3	3	3	5	71	4	1	0	1	1	1	0	0	0	1	0	4	2	3	1	0	1	0
969	1	1	0	1	5	3	3	4	3	2	1	1	1	1	5	5	5	4	5	71	4	1	0	1	1	1	0	0	0	1	0	4	2	3	1	0	1	0
969	1	1	1	0	3	3	5	5	3	3	1	1	1	1	5	5	5	5	5	71	4	1	0	1	1	1	0	0	0	1	0	4	2	3	1	0	1	0
969	1	1	1	1	3	3	5	5	3	2	1	1	1	1	5	5	5	5	5	71	4	1	0	1	1	1	0	0	0	1	0	4	2	3	1	0	1	0
970	1	1	0	0	1	1	1	1	1	5	5	5	5	5	1	1	1	1	1	71	4	1	0	1	1	1	0	0	0	1	0	5	3	2	1	0	1	0
970	1	1	0	1	5	5	4	5	5	1	1	1	1	1	5	5	5	5	5	71	4	1	0	1	1	1	0	0	0	1	0	5	3	2	1	0	1	0
970	1	1	1	0	5	5	5	5	5	1	1	1	1	1	5	5	5	5	5	71	4	1	0	1	1	1	0	0	0	1	0	5	3	2	1	0	1	0
970	1	1	1	1	5	5	5	5	5	1	1	1	1	1	5	5	5	5	5	71	4	1	0	1	1	1	0	0	0	1	0	5	3	2	1	0	1	0
971	2	1	0	0	1	1	1	2	3	1	4	3	3	3	1	2	2	3	2	71	4	1	0	1	1	1	0	1	0	1	1	5	3	2	1	1	1	1
971	2	1	0	1	5	5	5	5	5	1	1	1	1	2	5	5	5	4	5	71	4	1	0	1	1	1	0	1	0	1	1	5	3	2	1	1	1	1
971	2	1	1	0	3	4	4	4	4	4	3	2	2	2	4	4	4	4	4	71	4	1	0	1	1	1	0	1	0	1	1	5	3	2	1	1	1	1
971	2	1	1	1	5	5	5	5	5	5	2	2	2	2	5	5	5	5	5	71	4	1	0	1	1	1	0	1	0	1	1	5	3	2	1	1	1	1
972	1	1	0	0	1	1	1	3	2	1	1	3	2	1	2	2	2	2	2	72	4	1	0	1	1	1	0	0	0	1	0	4	2	3	0	0	1	0
972	1	1	0	1	5	4	4	4	4	4	4	2	2	2	4	4	4	4	4	72	4	1	0	1	1	1	0	0	0	1	0	4	2	3	0	0	1	0
972	1	1	1	0	4	4	4	4	4	3	4	4	3	2	4	4	4	4	4	72	4	1	0	1	1	1	0	0	0	1	0	4	2	3	0	0	1	0
972	1	1	1	1	4	4	5	4	4	3	4	4	3	2	4	5	5	5	5	72	4	1	0	1	1	1	0	0	0	1	0	4	2	3	0	0	1	0
973	1	1	0	0	2	4	3	2	2	4	5	4	4	2	2	2	2	2	2	72	4	1	0	1	1	1	0	0	0	1	0	5	3	3	1	1	0	0
973	1	1	0	1	5	3	3	5	3	1	1	1	1	1	5	5	5	5	5	72	4	1	0	1	1	1	0	0	0	1	0	5	3	3	1	1	0	0
973	1	1	1	0	3	3	3	3	3	3	3	3	3	3	3	3	3	3	3	72	4	1	0	1	1	1	0	0	0	1	0	5	3	3	1	1	0	0
973	1	1	1	1	3	3	3	4	3	3	2	3	3	3	4	4	4	4	4	72	4	1	0	1	1	1	0	0	0	1	0	5	3	3	1	1	0	0
975	2	1	0	0	3	3	3	3	3	3	3	5	3	3	4	3	3	3	1	72	4	1	0	1	1	1	0	1	0	1	1	5	2	2	1	0	0	0
975	2	1	0	1	5	4	4	3	3	1	2	5	1	5	5	5	5	3	5	72	4	1	0	1	1	1	0	1	0	1	1	5	2	2	1	0	0	0
975	2	1	1	0	4	4	3	4	3	1	1	1	1	1	1	4	4	3	4	72	4	1	0	1	1	1	0	1	0	1	1	5	2	2	1	0	0	0
975	2	1	1	1	4	4	2	4	3	1	1	1	1	1	1	5	5	3	5	72	4	1	0	1	1	1	0	1	0	1	1	5	2	2	1	0	0	0
978	1	1	0	0	2	2	1	3	3	1	5	3	3	3	2	3	3	3	3	73	4	1	0	1	1	1	0	0	0	1	0	3	3	4	1	0	1	0
978	1	1	0	1	5	5	5	5	3	3	1	1	1	1	5	5	5	4	5	73	4	1	0	1	1	1	0	0	0	1	0	3	3	4	1	0	1	0
978	1	1	1	0	4	3	4	4	3	3	2	1	3	3	4	5	5	4	4	73	4	1	0	1	1	1	0	0	0	1	0	3	3	4	1	0	1	0
978	1	1	1	1	5	4	5	5	3	4	2	1	3	3	5	5	5	4	5	73	4	1	0	1	1	1	0	0	0	1	0	3	3	4	1	0	1	0
980	1	1	0	0	1	5	1	1	1	5	5	5	5	5	5	1	1	2	2	73	4	1	0	1	1	1	0	0	0	1	0	4	1	2	1	0	1	0
980	1	1	0	1	5	5	4	4	2	4	1	4	4	3	4	3	3	3	4	73	4	1	0	1	1	1	0	0	0	1	0	4	1	2	1	0	1	0
980	1	1	1	0	4	4	4	3	4	4	2	3	2	2	3	4	3	3	4	73	4	1	0	1	1	1	0	0	0	1	0	4	1	2	1	0	1	0
980	1	1	1	1	5	5	5	3	4	5	2	4	3	3	2	3	3	3	5	73	4	1	0	1	1	1	0	0	0	1	0	4	1	2	1	0	1	0
983	1	1	0	0	2	3	2	2	4	3	3	3	1	3	1	1	1	3	1	74	4	1	0	1	1	0	1	1	0	1	1	-999	1	2	1	0	1	0
983	1	1	0	1	5	3	5	5	4	1	1	1	1	1	5	5	2	3	5	74	4	1	0	1	1	0	1	1	0	1	1	-999	1	2	1	0	1	0
983	1	1	1	0	5	5	5	4	5	1	1	1	1	1	5	5	5	3	5	74	4	1	0	1	1	0	1	1	0	1	1	-999	1	2	1	0	1	0
983	1	1	1	1	4	5	4	4	5	1	1	1	1	1	5	5	5	3	5	74	4	1	0	1	1	0	1	1	0	1	1	-999	1	2	1	0	1	0
985	1	1	0	0	2	3	3	3	3	3	3	2	2	2	3	2	3	3	3	76	4	1	0	1	1	1	0	0	0	1	0	4	3	3	1	1	1	0
985	1	1	0	1	5	4	4	4	3	3	2	2	2	2	5	4	5	3	4	76	4	1	0	1	1	1	0	0	0	1	0	4	3	3	1	1	1	0
985	1	1	1	0	4	4	4	4	3	2	2	2	2	2	4	4	4	3	3	76	4	1	0	1	1	1	0	0	0	1	0	4	3	3	1	1	1	0
985	1	1	1	1	4	4	2	3	3	2	4	2	2	2	4	4	4	4	4	76	4	1	0	1	1	1	0	0	0	1	0	4	3	3	1	1	1	0
987	1	1	0	0	1	1	1	1	1	1	1	1	1	1	1	1	1	1	1	76	4	1	0	1	1	1	1	1	0	1	1	5	2	3	1	0	0	0
987	1	1	0	1	5	5	5	5	5	5	5	5	5	5	5	5	5	5	5	76	4	1	0	1	1	1	1	1	0	1	1	5	2	3	1	0	0	0
987	1	1	1	0	4	5	5	5	5	5	5	5	5	3	5	5	5	5	3	76	4	1	0	1	1	1	1	1	0	1	1	5	2	3	1	0	0	0
987	1	1	1	1	3	1	1	1	1	1	1	1	1	3	4	3	3	3	3	76	4	1	0	1	1	1	1	1	0	1	1	5	2	3	1	0	0	0
990	1	1	0	0	1	1	1	1	1	5	5	2	5	1	1	1	1	5	5	78	4	1	0	1	0	0	0	0	0	0	0	5	3	3	1	0	0	0
990	1	1	0	1	5	3	5	5	5	1	1	1	1	5	5	5	5	5	5	78	4	1	0	1	0	0	0	0	0	0	0	5	3	3	1	0	0	0
990	1	1	1	0	2	2	4	4	5	3	3	4	3	3	2	2	2	2	2	78	4	1	0	1	0	0	0	0	0	0	0	5	3	3	1	0	0	0
990	1	1	1	1	5	5	5	5	2	3	5	5	2	2	5	5	5	5	5	78	4	1	0	1	0	0	0	0	0	0	0	5	3	3	1	0	0	0
992	1	1	0	0	1	2	1	2	2	1	4	5	3	3	1	1	1	1	1	81	4	1	0	1	1	1	0	0	0	1	0	4	3	4	1	0	1	0
992	1	1	0	1	5	4	4	3	4	1	1	1	3	2	5	5	5	4	5	81	4	1	0	1	1	1	0	0	0	1	0	4	3	4	1	0	1	0
992	1	1	1	0	3	4	3	3	4	3	3	4	2	2	3	2	4	3	3	81	4	1	0	1	1	1	0	0	0	1	0	4	3	4	1	0	1	0
992	1	1	1	1	4	3	3	3	3	3	3	3	2	2	4	4	4	3	4	81	4	1	0	1	1	1	0	0	0	1	0	4	3	4	1	0	1	0
993	1	1	0	0	1	5	1	1	1	5	5	5	5	5	1	1	1	1	1	48	3	1	-999	-999	1	0	0	1	0	0	1	-999	3	3	1	0	0	0
993	1	1	0	1	5	1	5	5	5	1	1	1	1	1	5	5	5	5	5	48	3	1	-999	-999	1	0	0	1	0	0	1	-999	3	3	1	0	0	0
993	1	1	1	0	3	3	3	3	3	3	3	3	3	3	3	3	3	3	3	48	3	1	-999	-999	1	0	0	1	0	0	1	-999	3	3	1	0	0	0
993	1	1	1	1	3	3	3	3	3	3	3	3	3	3	3	3	3	3	3	48	3	1	-999	-999	1	0	0	1	0	0	1	-999	3	3	1	0	0	0
995	1	1	0	0	1	1	3	3	3	1	5	3	3	3	1	1	1	3	1	57	3	1	-999	-999	1	0	1	0	0	1	0	5	2	3	1	0	1	0
995	1	1	0	1	5	3	2	3	4	2	1	3	3	3	5	5	5	4	5	57	3	1	-999	-999	1	0	1	0	0	1	0	5	2	3	1	0	1	0
995	1	1	1	0	2	3	3	3	2	3	3	3	3	3	4	4	4	4	3	57	3	1	-999	-999	1	0	1	0	0	1	0	5	2	3	1	0	1	0
995	1	1	1	1	5	3	5	3	4	3	3	3	3	3	4	5	5	5	5	57	3	1	-999	-999	1	0	1	0	0	1	0	5	2	3	1	0	1	0
996	1	1	0	0	1	3	3	3	3	1	4	2	1	1	3	3	4	3	2	63	3	1	-999	-999	1	1	0	0	0	1	0	-999	3	3	1	0	0	0
996	1	1	0	1	5	3	4	3	3	1	1	1	1	1	5	5	4	5	5	63	3	1	-999	-999	1	1	0	0	0	1	0	-999	3	3	1	0	0	0
996	1	1	1	0	5	3	3	3	3	1	1	1	1	2	5	5	5	5	5	63	3	1	-999	-999	1	1	0	0	0	1	0	-999	3	3	1	0	0	0
996	1	1	1	1	5	3	3	3	3	1	1	1	1	2	5	5	5	5	5	63	3	1	-999	-999	1	1	0	0	0	1	0	-999	3	3	1	0	0	0
997	1	1	0	0	1	5	1	3	3	5	1	1	1	3	1	1	1	1	1	64	3	1	-999	-999	1	1	0	0	0	1	0	-999	3	4	1	0	1	0
997	1	1	0	1	5	5	5	5	5	5	5	1	1	1	5	4	4	5	5	64	3	1	-999	-999	1	1	0	0	0	1	0	-999	3	4	1	0	1	0
997	1	1	1	0	3	3	3	4	4	3	3	3	1	1	3	4	4	4	4	64	3	1	-999	-999	1	1	0	0	0	1	0	-999	3	4	1	0	1	0
997	1	1	1	1	5	3	5	5	5	3	3	3	1	1	5	5	5	5	5	64	3	1	-999	-999	1	1	0	0	0	1	0	-999	3	4	1	0	1	0
1002	1	1	0	0	1	2	2	1	3	3	4	4	5	4	5	4	3	3	2	28	2	2	0	0	1	1	1	1	0	1	1	4	3	2	1	1	1	0
1002	1	1	0	1	5	4	5	5	3	3	1	1	3	1	3	2	4	2	4	28	2	2	0	0	1	1	1	1	0	1	1	4	3	2	1	1	1	0
1002	1	1	1	0	4	3	3	3	4	1	3	3	3	3	3	3	4	3	4	28	2	2	0	0	1	1	1	1	0	1	1	4	3	2	1	1	1	0
1002	1	1	1	1	5	4	5	4	3	1	3	3	3	3	3	3	2	3	5	28	2	2	0	0	1	1	1	1	0	1	1	4	3	2	1	1	1	0
1006	2	1	0	0	2	4	1	2	4	4	4	4	3	2	4	3	2	4	1	35	2	2	0	0	1	1	0	1	0	1	1	5	2	2	1	0	1	0
1006	2	1	0	1	5	4	4	4	4	2	2	4	3	2	5	4	5	4	5	35	2	2	0	0	1	1	0	1	0	1	1	5	2	2	1	0	1	0
1006	2	1	1	0	4	4	4	4	4	2	1	3	1	2	4	4	4	5	4	35	2	2	0	0	1	1	0	1	0	1	1	5	2	2	1	0	1	0
1006	2	1	1	1	5	4	4	4	4	4	1	4	1	2	5	5	5	5	5	35	2	2	0	0	1	1	0	1	0	1	1	5	2	2	1	0	1	0
1007	2	1	0	0	3	5	3	3	3	1	2	1	2	2	3	5	4	2	2	38	2	2	0	0	1	1	1	1	0	1	1	5	1	1	1	0	0	0
1007	2	1	0	1	5	5	3	4	3	1	2	1	2	2	5	5	5	2	5	38	2	2	0	0	1	1	1	1	0	1	1	5	1	1	1	0	0	0
1007	2	1	1	0	4	5	2	4	3	2	2	2	2	2	4	4	5	5	4	38	2	2	0	0	1	1	1	1	0	1	1	5	1	1	1	0	0	0
1007	2	1	1	1	5	5	4	3	3	2	2	2	2	2	5	5	5	5	5	38	2	2	0	0	1	1	1	1	0	1	1	5	1	1	1	0	0	0
1009	2	1	0	0	2	3	3	2	4	2	3	3	1	1	2	2	2	3	2	39	2	2	0	0	1	0	0	1	1	0	1	4	3	2	1	0	1	0
1009	2	1	0	1	5	4	4	4	3	3	2	3	1	1	5	5	5	3	5	39	2	2	0	0	1	0	0	1	1	0	1	4	3	2	1	0	1	0
1009	2	1	1	0	5	4	4	4	3	2	2	3	2	1	3	3	4	5	3	39	2	2	0	0	1	0	0	1	1	0	1	4	3	2	1	0	1	0
1009	2	1	1	1	5	5	4	4	4	2	2	3	2	1	5	5	5	5	5	39	2	2	0	0	1	0	0	1	1	0	1	4	3	2	1	0	1	0
1010	2	1	0	0	1	4	1	1	3	3	5	4	3	3	1	1	1	3	1	39	2	2	0	0	1	1	0	1	0	1	1	6	3	1	1	1	1	0
1010	2	1	0	1	5	3	5	5	3	1	1	1	1	1	5	5	5	3	5	39	2	2	0	0	1	1	0	1	0	1	1	6	3	1	1	1	1	0
1010	2	1	1	0	3	3	5	4	3	3	3	2	1	1	4	4	4	4	3	39	2	2	0	0	1	1	0	1	0	1	1	6	3	1	1	1	1	0
1010	2	1	1	1	5	3	3	5	3	3	3	1	1	1	5	5	5	5	5	39	2	2	0	0	1	1	0	1	0	1	1	6	3	1	1	1	1	0
1011	1	1	0	0	2	3	2	1	2	4	3	4	5	3	1	2	1	5	1	41	2	2	0	0	1	1	0	0	0	1	0	6	3	4	1	1	1	0
1011	1	1	0	1	5	5	5	5	4	2	1	2	1	1	5	4	5	2	5	41	2	2	0	0	1	1	0	0	0	1	0	6	3	4	1	1	1	0
1011	1	1	1	0	4	4	3	4	3	1	2	2	2	2	3	3	3	3	3	41	2	2	0	0	1	1	0	0	0	1	0	6	3	4	1	1	1	0
1011	1	1	1	1	5	5	1	5	5	1	1	1	1	1	5	5	5	5	5	41	2	2	0	0	1	1	0	0	0	1	0	6	3	4	1	1	1	0
1018	3	1	0	0	2	5	1	2	3	2	1	3	3	3	2	3	3	3	1	43	2	2	0	0	1	1	0	0	1	1	1	4	2	2	1	0	1	0
1018	3	1	0	1	5	5	5	5	3	2	1	3	1	1	5	4	5	5	5	43	2	2	0	0	1	1	0	0	1	1	1	4	2	2	1	0	1	0
1018	3	1	1	0	4	5	5	5	5	3	1	3	3	3	5	5	5	5	4	43	2	2	0	0	1	1	0	0	1	1	1	4	2	2	1	0	1	0
1018	3	1	1	1	5	5	5	5	5	3	1	3	3	3	5	5	5	5	5	43	2	2	0	0	1	1	0	0	1	1	1	4	2	2	1	0	1	0
1024	1	1	0	0	1	3	1	1	3	1	5	5	5	3	1	1	1	1	1	47	3	2	0	0	1	1	0	0	0	1	0	5	3	4	0	0	1	1
1024	1	1	0	1	5	3	5	5	5	1	1	1	1	1	5	5	5	5	5	47	3	2	0	0	1	1	0	0	0	1	0	5	3	4	0	0	1	1
1024	1	1	1	0	3	3	4	4	4	1	2	2	1	1	4	4	4	4	4	47	3	2	0	0	1	1	0	0	0	1	0	5	3	4	0	0	1	1
1024	1	1	1	1	5	3	5	5	5	1	1	1	1	1	5	5	5	5	5	47	3	2	0	0	1	1	0	0	0	1	0	5	3	4	0	0	1	1
1030	1	1	0	0	1	2	1	1	2	3	5	5	4	4	1	1	1	1	1	50	3	2	0	0	1	1	0	0	0	1	0	6	3	2	1	0	1	0
1030	1	1	0	1	5	5	5	5	5	1	1	1	1	1	5	5	5	5	5	50	3	2	0	0	1	1	0	0	0	1	0	6	3	2	1	0	1	0
1030	1	1	1	0	3	3	4	4	4	2	3	3	2	2	4	4	4	4	4	50	3	2	0	0	1	1	0	0	0	1	0	6	3	2	1	0	1	0
1030	1	1	1	1	5	4	5	5	4	2	2	3	2	2	5	5	5	4	5	50	3	2	0	0	1	1	0	0	0	1	0	6	3	2	1	0	1	0
1031	1	1	0	0	1	1	1	3	3	1	5	3	3	3	1	1	1	3	1	50	3	2	0	0	1	1	0	0	0	1	0	-999	1	1	0	0	0	1
1031	1	1	0	1	5	5	5	5	5	1	1	1	1	1	5	5	5	3	5	50	3	2	0	0	1	1	0	0	0	1	0	-999	1	1	0	0	0	1
1031	1	1	1	0	5	5	5	5	5	1	1	1	1	1	5	5	5	5	5	50	3	2	0	0	1	1	0	0	0	1	0	-999	1	1	0	0	0	1
1031	1	1	1	1	5	5	5	5	5	1	1	1	1	1	5	5	5	5	5	50	3	2	0	0	1	1	0	0	0	1	0	-999	1	1	0	0	0	1
1035	1	1	0	0	1	5	3	1	3	1	5	1	1	3	1	1	1	2	1	53	3	2	0	0	1	1	0	0	0	1	0	5	1	1	1	1	1	1
1035	1	1	0	1	5	5	3	5	3	1	1	1	1	3	5	5	5	4	5	53	3	2	0	0	1	1	0	0	0	1	0	5	1	1	1	1	1	1
1035	1	1	1	0	2	2	2	2	3	3	3	3	3	3	3	2	2	2	2	53	3	2	0	0	1	1	0	0	0	1	0	5	1	1	1	1	1	1
1035	1	1	1	1	4	4	4	4	3	3	3	3	3	3	3	4	4	4	4	53	3	2	0	0	1	1	0	0	0	1	0	5	1	1	1	1	1	1
1037	1	1	0	0	2	3	3	3	3	4	3	2	2	2	2	3	3	3	2	56	3	2	0	0	0	0	0	0	0	0	0	4	3	1	1	1	1	1
1037	1	1	0	1	5	3	4	3	3	2	2	2	2	2	4	3	4	3	4	56	3	2	0	0	0	0	0	0	0	0	0	4	3	1	1	1	1	1
1037	1	1	1	0	2	3	3	3	3	2	2	2	2	2	2	3	3	3	3	56	3	2	0	0	0	0	0	0	0	0	0	4	3	1	1	1	1	1
1037	1	1	1	1	4	3	3	3	3	2	2	2	2	2	4	4	4	3	4	56	3	2	0	0	0	0	0	0	0	0	0	4	3	1	1	1	1	1
1040	1	1	0	0	4	4	3	3	4	3	3	4	3	3	4	4	4	3	4	59	3	2	0	0	1	1	0	0	0	1	0	4	3	4	1	1	1	0
1040	1	1	0	1	5	4	4	3	4	4	3	3	4	3	4	4	4	3	5	59	3	2	0	0	1	1	0	0	0	1	0	4	3	4	1	1	1	0
1040	1	1	1	0	4	4	4	4	4	4	3	4	4	3	4	4	5	4	5	59	3	2	0	0	1	1	0	0	0	1	0	4	3	4	1	1	1	0
1040	1	1	1	1	5	4	4	4	4	5	3	4	4	3	5	5	5	4	5	59	3	2	0	0	1	1	0	0	0	1	0	4	3	4	1	1	1	0
1042	1	1	0	0	1	1	1	1	2	5	5	5	5	5	1	1	1	2	1	60	3	2	0	0	1	1	0	0	0	1	0	4	3	3	0	0	1	1
1042	1	1	0	1	5	5	5	5	5	1	1	1	1	2	5	5	5	4	5	60	3	2	0	0	1	1	0	0	0	1	0	4	3	3	0	0	1	1
1042	1	1	1	0	1	4	4	3	3	3	2	3	4	3	4	3	4	4	2	60	3	2	0	0	1	1	0	0	0	1	0	4	3	3	0	0	1	1
1042	1	1	1	1	2	4	4	3	3	3	2	3	4	3	4	2	4	4	2	60	3	2	0	0	1	1	0	0	0	1	0	4	3	3	0	0	1	1
1043	3	1	0	0	1	3	2	1	3	1	2	3	3	3	2	2	2	3	1	60	3	2	0	0	1	0	1	0	1	1	1	5	2	2	1	1	0	0
1043	3	1	0	1	5	4	4	4	4	2	5	2	1	2	4	4	4	4	5	60	3	2	0	0	1	0	1	0	1	1	1	5	2	2	1	1	0	0
1043	3	1	1	0	5	5	4	4	5	1	1	1	2	1	4	5	5	5	5	60	3	2	0	0	1	0	1	0	1	1	1	5	2	2	1	1	0	0
1043	3	1	1	1	1	5	3	3	4	3	4	2	3	1	3	4	4	4	4	60	3	2	0	0	1	0	1	0	1	1	1	5	2	2	1	1	0	0
1044	1	1	0	0	1	2	2	2	3	3	4	3	2	2	1	1	1	2	1	61	3	2	0	0	1	1	0	0	0	1	0	6	3	3	1	0	1	0
1044	1	1	0	1	5	4	4	4	4	2	1	2	1	1	5	5	5	4	5	61	3	2	0	0	1	1	0	0	0	1	0	6	3	3	1	0	1	0
1044	1	1	1	0	2	2	3	3	4	2	2	2	2	1	4	4	4	4	4	61	3	2	0	0	1	1	0	0	0	1	0	6	3	3	1	0	1	0
1044	1	1	1	1	4	4	4	4	4	2	1	1	2	1	5	5	5	5	5	61	3	2	0	0	1	1	0	0	0	1	0	6	3	3	1	0	1	0
1046	1	1	0	0	3	3	3	3	3	1	3	1	1	1	4	4	4	3	4	63	3	2	0	0	1	1	1	0	0	1	0	5	3	4	1	1	0	0
1046	1	1	0	1	5	3	3	3	3	1	3	1	1	1	4	4	4	3	4	63	3	2	0	0	1	1	1	0	0	1	0	5	3	4	1	1	0	0
1046	1	1	1	0	3	3	3	3	3	1	1	1	1	1	4	4	4	3	3	63	3	2	0	0	1	1	1	0	0	1	0	5	3	4	1	1	0	0
1046	1	1	1	1	3	3	3	3	3	1	1	1	1	1	4	4	4	3	3	63	3	2	0	0	1	1	1	0	0	1	0	5	3	4	1	1	0	0
1047	1	1	0	0	1	3	2	2	2	3	4	3	3	3	2	1	1	2	1	64	3	2	0	0	1	1	1	1	0	1	1	5	2	3	1	0	1	0
1047	1	1	0	1	5	3	4	4	4	2	2	1	2	2	4	5	5	4	5	64	3	2	0	0	1	1	1	1	0	1	1	5	2	3	1	0	1	0
1047	1	1	1	0	3	3	4	4	4	2	2	1	2	2	4	4	4	4	4	64	3	2	0	0	1	1	1	1	0	1	1	5	2	3	1	0	1	0
1047	1	1	1	1	5	3	5	5	4	2	1	1	2	2	5	5	5	4	5	64	3	2	0	0	1	1	1	1	0	1	1	5	2	3	1	0	1	0
1048	1	1	0	0	1	5	1	1	3	4	5	4	4	3	1	1	1	3	1	64	3	2	0	0	1	1	1	1	0	1	1	6	3	2	1	0	1	1
1048	1	1	0	1	5	1	3	3	3	1	1	1	1	1	5	5	5	3	5	64	3	2	0	0	1	1	1	1	0	1	1	6	3	2	1	0	1	1
1048	1	1	1	0	4	3	3	4	4	1	1	1	1	1	4	4	4	3	3	64	3	2	0	0	1	1	1	1	0	1	1	6	3	2	1	0	1	1
1048	1	1	1	1	5	3	3	4	4	1	1	1	1	1	5	5	5	3	5	64	3	2	0	0	1	1	1	1	0	1	1	6	3	2	1	0	1	1
1049	1	1	0	0	4	3	4	4	4	1	3	3	4	4	3	4	4	4	4	65	4	2	0	0	1	1	0	0	0	1	0	4	3	4	1	1	1	0
1049	1	1	0	1	5	4	4	3	3	4	3	3	3	3	4	3	4	3	3	65	4	2	0	0	1	1	0	0	0	1	0	4	3	4	1	1	1	0
1049	1	1	1	0	4	4	3	3	3	4	4	3	4	3	3	4	4	3	3	65	4	2	0	0	1	1	0	0	0	1	0	4	3	4	1	1	1	0
1049	1	1	1	1	4	1	2	3	3	1	1	2	3	2	3	5	3	4	2	65	4	2	0	0	1	1	0	0	0	1	0	4	3	4	1	1	1	0
1051	1	1	0	0	2	1	2	3	2	4	4	3	3	4	3	3	2	3	2	66	4	2	0	0	1	1	0	0	0	1	0	5	2	3	1	0	0	0
1051	1	1	0	1	5	4	4	5	4	2	1	3	2	2	5	4	5	4	4	66	4	2	0	0	1	1	0	0	0	1	0	5	2	3	1	0	0	0
1051	1	1	1	0	3	3	3	3	3	4	2	2	3	2	3	3	4	3	3	66	4	2	0	0	1	1	0	0	0	1	0	5	2	3	1	0	0	0
1051	1	1	1	1	4	4	4	4	4	3	4	4	2	3	4	4	5	4	5	66	4	2	0	0	1	1	0	0	0	1	0	5	2	3	1	0	0	0
1052	1	1	0	0	4	4	1	1	1	1	1	1	1	1	3	3	3	3	3	-999	-999	2	0	0	0	0	0	0	0	0	0	1	3	1	1	0	1	0
1052	1	1	0	1	5	3	1	1	1	1	1	1	1	1	5	5	5	3	5	-999	-999	2	0	0	0	0	0	0	0	0	0	1	3	1	1	0	1	0
1052	1	1	1	0	3	3	3	3	4	3	3	1	2	1	3	5	5	1	1	-999	-999	2	0	0	0	0	0	0	0	0	0	1	3	1	1	0	1	0
1052	1	1	1	1	3	3	3	3	4	3	3	1	2	1	5	5	5	1	1	-999	-999	2	0	0	0	0	0	0	0	0	0	1	3	1	1	0	1	0
1056	2	1	0	0	1	4	3	4	3	2	3	1	1	1	2	3	3	3	2	29	2	1	0	0	1	1	1	1	0	1	1	3	1	2	1	0	0	0
1056	2	1	0	1	5	4	5	5	3	1	1	1	1	1	4	4	4	4	5	29	2	1	0	0	1	1	1	1	0	1	1	3	1	2	1	0	0	0
1056	2	1	1	0	4	5	5	4	4	1	1	1	1	1	5	5	5	5	4	29	2	1	0	0	1	1	1	1	0	1	1	3	1	2	1	0	0	0
1056	2	1	1	1	5	5	5	5	4	1	1	1	1	1	5	5	5	5	5	29	2	1	0	0	1	1	1	1	0	1	1	3	1	2	1	0	0	0
1059	3	1	0	0	1	5	1	1	5	3	5	3	3	5	1	1	1	3	1	32	2	1	0	0	1	0	0	0	1	0	1	3	2	2	1	0	0	0
1059	3	1	0	1	5	5	4	5	5	2	1	1	2	1	5	5	5	3	5	32	2	1	0	0	1	0	0	0	1	0	1	3	2	2	1	0	0	0
1059	3	1	1	0	4	5	4	4	5	2	2	1	1	1	4	5	4	5	4	32	2	1	0	0	1	0	0	0	1	0	1	3	2	2	1	0	0	0
1059	3	1	1	1	5	5	5	5	5	2	1	1	2	1	5	5	5	5	5	32	2	1	0	0	1	0	0	0	1	0	1	3	2	2	1	0	0	0
1061	2	1	0	0	1	4	1	1	3	3	5	3	4	3	2	3	2	3	1	33	2	1	0	0	0	0	0	0	0	0	0	4	1	3	1	1	1	1
1061	2	1	0	1	5	4	5	5	3	3	1	3	2	3	4	4	5	3	5	33	2	1	0	0	0	0	0	0	0	0	0	4	1	3	1	1	1	1
1061	2	1	1	0	4	4	4	4	3	4	1	2	2	2	4	4	4	4	4	33	2	1	0	0	0	0	0	0	0	0	0	4	1	3	1	1	1	1
1061	2	1	1	1	5	2	5	4	3	2	1	2	2	2	5	5	5	5	5	33	2	1	0	0	0	0	0	0	0	0	0	4	1	3	1	1	1	1
1064	3	1	0	0	4	2	4	4	5	1	1	1	1	1	4	4	4	1	3	38	2	1	0	0	1	1	0	0	1	1	1	5	3	1	1	0	1	0
1064	3	1	0	1	5	2	4	4	5	1	1	1	1	1	4	4	4	1	3	38	2	1	0	0	1	1	0	0	1	1	1	5	3	1	1	0	1	0
1064	3	1	1	0	4	4	4	4	3	1	2	2	2	2	4	4	4	4	4	38	2	1	0	0	1	1	0	0	1	1	1	5	3	1	1	0	1	0
1064	3	1	1	1	4	4	4	4	4	1	2	2	2	1	4	4	4	4	4	38	2	1	0	0	1	1	0	0	1	1	1	5	3	1	1	0	1	0
1068	1	1	0	0	2	3	3	2	2	2	4	3	5	4	3	3	3	3	3	47	3	1	0	0	1	1	0	0	0	1	0	-999	3	3	1	1	1	1
1068	1	1	0	1	5	3	5	4	4	4	2	3	3	2	4	4	5	4	5	47	3	1	0	0	1	1	0	0	0	1	0	-999	3	3	1	1	1	1
1068	1	1	1	0	4	5	5	5	3	4	3	4	3	2	5	4	4	4	4	47	3	1	0	0	1	1	0	0	0	1	0	-999	3	3	1	1	1	1
1068	1	1	1	1	3	3	4	3	3	1	3	2	3	2	3	4	4	4	2	47	3	1	0	0	1	1	0	0	0	1	0	-999	3	3	1	1	1	1
1071	1	1	0	0	1	5	1	1	5	5	5	5	5	3	1	3	1	3	1	50	3	1	0	0	1	0	1	0	0	1	0	4	2	3	0	0	1	0
1071	1	1	0	1	5	1	5	5	5	1	1	1	1	1	5	5	5	3	5	50	3	1	0	0	1	0	1	0	0	1	0	4	2	3	0	0	1	0
1071	1	1	1	0	4	4	4	4	4	4	3	3	3	1	4	4	4	3	4	50	3	1	0	0	1	0	1	0	0	1	0	4	2	3	0	0	1	0
1071	1	1	1	1	5	2	5	5	5	2	3	3	2	1	5	5	5	3	5	50	3	1	0	0	1	0	1	0	0	1	0	4	2	3	0	0	1	0
1072	1	1	0	0	1	1	5	1	1	5	5	5	5	5	1	1	1	1	1	50	3	1	0	0	1	1	0	0	0	1	0	5	3	3	1	1	1	1
1072	1	1	0	1	5	5	1	5	5	1	1	1	1	1	5	5	5	5	5	50	3	1	0	0	1	1	0	0	0	1	0	5	3	3	1	1	1	1
1072	1	1	1	0	3	3	5	5	5	1	1	1	1	1	5	5	5	3	3	50	3	1	0	0	1	1	0	0	0	1	0	5	3	3	1	1	1	1
1072	1	1	1	1	3	3	5	5	5	1	1	1	1	1	5	5	5	3	3	50	3	1	0	0	1	1	0	0	0	1	0	5	3	3	1	1	1	1
1074	1	1	0	0	1	3	3	3	3	3	3	3	3	3	2	3	3	3	3	55	3	1	0	0	1	1	0	0	0	1	0	-999	3	3	1	0	1	1
1074	1	1	0	1	5	4	4	4	4	2	2	3	2	2	4	4	5	3	4	55	3	1	0	0	1	1	0	0	0	1	0	-999	3	3	1	0	1	1
1074	1	1	1	0	4	4	4	4	4	2	2	2	2	2	4	4	4	3	4	55	3	1	0	0	1	1	0	0	0	1	0	-999	3	3	1	0	1	1
1074	1	1	1	1	4	4	4	5	4	2	2	2	2	2	5	5	5	3	5	55	3	1	0	0	1	1	0	0	0	1	0	-999	3	3	1	0	1	1
1076	1	1	0	0	1	1	1	1	1	5	5	1	1	1	1	1	1	1	1	57	3	1	0	0	1	1	0	0	0	1	0	4	3	3	0	0	1	0
1076	1	1	0	1	5	5	5	5	5	1	1	5	5	5	5	5	5	5	5	57	3	1	0	0	1	1	0	0	0	1	0	4	3	3	0	0	1	0
1076	1	1	1	0	3	5	3	5	5	1	5	1	3	1	5	5	5	5	3	57	3	1	0	0	1	1	0	0	0	1	0	4	3	3	0	0	1	0
1076	1	1	1	1	5	5	5	5	5	1	5	1	3	1	5	5	5	5	5	57	3	1	0	0	1	1	0	0	0	1	0	4	3	3	0	0	1	0
1077	1	1	0	0	1	3	1	1	1	2	5	5	5	5	1	1	1	1	1	58	3	1	0	0	1	1	0	1	0	1	1	6	3	4	1	1	1	0
1077	1	1	0	1	5	5	5	4	4	1	1	1	1	1	5	5	5	4	5	58	3	1	0	0	1	1	0	1	0	1	1	6	3	4	1	1	1	0
1077	1	1	1	0	4	4	4	4	5	2	4	2	1	1	5	5	5	4	5	58	3	1	0	0	1	1	0	1	0	1	1	6	3	4	1	1	1	0
1077	1	1	1	1	5	4	5	5	5	1	1	2	1	1	5	5	5	4	5	58	3	1	0	0	1	1	0	1	0	1	1	6	3	4	1	1	1	0
1079	1	1	0	0	1	4	1	3	3	3	3	2	3	3	1	1	1	1	1	60	3	1	0	0	0	0	0	0	0	0	0	4	3	4	1	1	1	0
1079	1	1	0	1	5	2	3	3	3	2	1	1	3	1	3	3	3	3	5	60	3	1	0	0	0	0	0	0	0	0	0	4	3	4	1	1	1	0
1079	1	1	1	0	3	3	3	3	3	3	3	1	1	1	1	3	3	3	3	60	3	1	0	0	0	0	0	0	0	0	0	4	3	4	1	1	1	0
1079	1	1	1	1	5	3	5	5	3	3	5	1	1	1	1	3	2	3	5	60	3	1	0	0	0	0	0	0	0	0	0	4	3	4	1	1	1	0
1082	1	1	0	0	1	5	1	5	1	5	5	5	5	5	1	1	2	1	1	61	3	1	0	0	1	1	0	0	0	1	0	5	3	3	1	0	0	0
1082	1	1	0	1	5	4	5	2	4	2	2	2	2	2	5	4	4	4	5	61	3	1	0	0	1	1	0	0	0	1	0	5	3	3	1	0	0	0
1082	1	1	1	0	2	4	2	4	4	4	2	2	2	2	2	4	4	4	4	61	3	1	0	0	1	1	0	0	0	1	0	5	3	3	1	0	0	0
1082	1	1	1	1	4	2	1	5	4	1	2	2	2	1	5	4	4	4	5	61	3	1	0	0	1	1	0	0	0	1	0	5	3	3	1	0	0	0
1085	1	1	0	0	1	1	1	1	3	3	5	3	3	3	1	1	1	3	1	62	3	1	0	0	1	1	0	0	0	1	0	-999	2	3	1	0	1	1
1085	1	1	0	1	5	5	5	5	3	3	1	3	3	3	5	4	4	4	5	62	3	1	0	0	1	1	0	0	0	1	0	-999	2	3	1	0	1	1
1085	1	1	1	0	4	4	5	5	4	3	1	1	2	1	4	4	4	4	4	62	3	1	0	0	1	1	0	0	0	1	0	-999	2	3	1	0	1	1
1085	1	1	1	1	4	4	5	5	4	3	1	1	3	1	4	4	4	4	4	62	3	1	0	0	1	1	0	0	0	1	0	-999	2	3	1	0	1	1
1090	2	1	0	0	2	5	3	3	3	1	3	3	1	3	3	3	3	5	3	33	2	2	0	0	1	0	0	1	0	0	1	-999	1	4	0	0	1	1
1090	2	1	0	1	5	5	3	4	3	1	3	3	1	3	3	4	5	5	5	33	2	2	0	0	1	0	0	1	0	0	1	-999	1	4	0	0	1	1
1090	2	1	1	0	3	3	4	4	3	3	3	3	3	3	3	3	3	3	4	33	2	2	0	0	1	0	0	1	0	0	1	-999	1	4	0	0	1	1
1090	2	1	1	1	3	3	3	3	3	3	3	3	3	3	3	3	3	3	5	33	2	2	0	0	1	0	0	1	0	0	1	-999	1	4	0	0	1	1
1091	1	1	0	0	1	1	1	1	1	5	5	5	5	5	1	1	1	1	1	36	2	2	0	0	0	0	0	0	0	0	0	2	3	2	1	0	0	0
1091	1	1	0	1	5	5	5	5	5	1	1	1	1	1	5	5	5	5	5	36	2	2	0	0	0	0	0	0	0	0	0	2	3	2	1	0	0	0
1091	1	1	1	0	5	5	5	5	5	1	1	1	1	1	5	5	5	5	5	36	2	2	0	0	0	0	0	0	0	0	0	2	3	2	1	0	0	0
1091	1	1	1	1	1	1	1	1	1	5	5	5	5	5	1	1	1	1	1	36	2	2	0	0	0	0	0	0	0	0	0	2	3	2	1	0	0	0
1092	2	1	0	0	4	5	4	4	5	1	1	1	1	1	4	4	4	3	3	36	2	2	0	0	1	1	0	1	0	1	1	6	3	2	1	1	1	1
1092	2	1	0	1	5	5	4	4	5	1	1	1	1	1	5	5	5	3	5	36	2	2	0	0	1	1	0	1	0	1	1	6	3	2	1	1	1	1
1092	2	1	1	0	5	5	5	4	5	1	1	1	1	1	5	5	5	5	5	36	2	2	0	0	1	1	0	1	0	1	1	6	3	2	1	1	1	1
1092	2	1	1	1	5	5	5	4	5	1	1	1	1	1	5	5	5	5	5	36	2	2	0	0	1	1	0	1	0	1	1	6	3	2	1	1	1	1
1099	3	1	0	0	1	3	1	2	3	5	5	3	5	5	1	1	1	1	1	47	3	2	0	0	1	0	0	1	1	0	1	6	2	3	1	1	1	1
1099	3	1	0	1	5	3	5	5	5	1	1	1	1	1	5	5	5	5	5	47	3	2	0	0	1	0	0	1	1	0	1	6	2	3	1	1	1	1
1099	3	1	1	0	5	4	5	4	4	1	1	1	1	1	5	5	5	5	5	47	3	2	0	0	1	0	0	1	1	0	1	6	2	3	1	1	1	1
1099	3	1	1	1	5	4	5	5	4	1	1	1	1	1	5	5	5	5	5	47	3	2	0	0	1	0	0	1	1	0	1	6	2	3	1	1	1	1
1104	1	1	0	0	3	3	3	3	3	2	2	2	2	2	3	4	3	3	3	58	3	2	0	0	1	1	0	1	0	1	1	-999	2	3	1	0	1	0
1104	1	1	0	1	5	4	3	4	3	2	2	2	2	2	4	4	4	3	4	58	3	2	0	0	1	1	0	1	0	1	1	-999	2	3	1	0	1	0
1104	1	1	1	0	4	3	3	4	3	2	2	2	2	2	4	3	4	3	4	58	3	2	0	0	1	1	0	1	0	1	1	-999	2	3	1	0	1	0
1104	1	1	1	1	4	3	4	4	3	2	2	2	2	2	4	3	4	3	4	58	3	2	0	0	1	1	0	1	0	1	1	-999	2	3	1	0	1	0
1105	1	1	0	0	1	3	3	3	3	3	3	5	3	3	1	1	1	3	1	66	4	2	0	0	1	1	1	0	0	1	0	6	3	2	1	1	1	0
1105	1	1	0	1	5	3	3	3	3	3	3	1	3	3	5	5	5	3	5	66	4	2	0	0	1	1	1	0	0	1	0	6	3	2	1	1	1	0
1105	1	1	1	0	3	3	3	3	3	3	3	3	3	3	1	5	5	3	1	66	4	2	0	0	1	1	1	0	0	1	0	6	3	2	1	1	1	0
1105	1	1	1	1	3	3	3	3	3	3	3	3	3	3	5	1	1	3	5	66	4	2	0	0	1	1	1	0	0	1	0	6	3	2	1	1	1	0
1114	1	1	0	0	2	3	3	3	3	2	3	3	3	3	2	2	2	2	2	59	3	1	0	0	1	1	0	0	0	1	0	6	1	2	1	0	1	0
1114	1	1	0	1	5	3	4	3	3	2	3	3	3	3	5	5	5	4	4	59	3	1	0	0	1	1	0	0	0	1	0	6	1	2	1	0	1	0
1114	1	1	1	0	3	3	4	3	3	3	3	3	3	3	4	4	4	3	4	59	3	1	0	0	1	1	0	0	0	1	0	6	1	2	1	0	1	0
1114	1	1	1	1	4	3	3	3	3	3	3	3	3	3	5	5	5	4	5	59	3	1	0	0	1	1	0	0	0	1	0	6	1	2	1	0	1	0
1115	1	1	0	0	1	4	3	2	3	3	3	2	2	2	4	3	1	3	3	60	3	1	0	0	1	1	0	0	0	1	0	5	3	3	1	1	1	1
1115	1	1	0	1	5	2	3	4	3	2	1	1	1	1	5	5	3	3	5	60	3	1	0	0	1	1	0	0	0	1	0	5	3	3	1	1	1	1
1115	1	1	1	0	5	3	5	5	3	1	1	1	1	1	4	5	5	3	5	60	3	1	0	0	1	1	0	0	0	1	0	5	3	3	1	1	1	1
1115	1	1	1	1	5	3	5	5	3	1	1	1	1	1	4	5	5	3	5	60	3	1	0	0	1	1	0	0	0	1	0	5	3	3	1	1	1	1
1117	1	1	0	0	1	1	1	1	1	1	5	5	5	5	1	1	1	1	1	63	3	1	0	0	1	1	0	0	0	1	0	4	3	4	1	1	1	0
1117	1	1	0	1	5	5	5	5	5	5	1	1	1	1	5	5	5	5	5	63	3	1	0	0	1	1	0	0	0	1	0	4	3	4	1	1	1	0
1117	1	1	1	0	3	3	3	3	3	3	3	2	3	3	3	3	3	3	3	63	3	1	0	0	1	1	0	0	0	1	0	4	3	4	1	1	1	0
1117	1	1	1	1	5	5	5	5	5	5	5	1	1	1	5	5	5	5	5	63	3	1	0	0	1	1	0	0	0	1	0	4	3	4	1	1	1	0
1118	1	1	0	0	2	3	3	3	3	1	5	3	3	3	1	1	3	3	1	65	4	1	0	0	1	1	0	0	0	1	0	-999	1	3	1	1	1	0
1118	1	1	0	1	5	4	5	5	3	3	4	4	1	3	5	5	5	4	5	65	4	1	0	0	1	1	0	0	0	1	0	-999	1	3	1	1	1	0
1118	1	1	1	0	5	3	5	5	5	3	1	3	3	1	5	5	5	5	5	65	4	1	0	0	1	1	0	0	0	1	0	-999	1	3	1	1	1	0
1118	1	1	1	1	5	3	5	5	5	3	1	3	3	1	5	5	5	5	5	65	4	1	0	0	1	1	0	0	0	1	0	-999	1	3	1	1	1	0
1119	1	1	0	0	1	3	1	1	1	5	1	5	1	5	5	1	1	1	1	47	3	1	0	0	0	0	0	0	0	0	0	5	3	2	1	1	1	0
1119	1	1	0	1	5	3	5	5	5	1	5	1	5	1	1	5	1	1	5	47	3	1	0	0	0	0	0	0	0	0	0	5	3	2	1	1	1	0
1119	1	1	1	0	1	1	1	5	5	5	1	1	1	1	5	1	1	1	5	47	3	1	0	0	0	0	0	0	0	0	0	5	3	2	1	1	1	0
1119	1	1	1	1	5	5	5	5	5	1	5	1	1	1	5	1	1	1	5	47	3	1	0	0	0	0	0	0	0	0	0	5	3	2	1	1	1	0
6	2	2	0	0	2	3	3	2	3	3	4	3	3	5	3	3	2	1	3	25	2	2	0	0	0	0	0	0	0	0	0	2	3	2	1	1	1	0
6	2	2	0	1	4	4	4	5	4	3	2	3	3	1	2	2	2	1	3	25	2	2	0	0	0	0	0	0	0	0	0	2	3	2	1	1	1	0
6	2	2	1	0	4	3	4	4	3	2	1	2	2	2	3	3	3	2	3	25	2	2	0	0	0	0	0	0	0	0	0	2	3	2	1	1	1	0
6	2	2	1	1	4	4	4	4	3	4	2	4	4	4	2	2	2	2	3	25	2	2	0	0	0	0	0	0	0	0	0	2	3	2	1	1	1	0
9	2	2	0	0	2	5	3	3	4	1	1	1	1	1	4	2	3	3	1	33	2	1	1	0	1	1	0	1	0	1	1	1	2	2	1	0	1	0
9	2	2	0	1	4	5	3	3	4	1	1	1	1	1	4	5	5	3	5	33	2	1	1	0	1	1	0	1	0	1	1	1	2	2	1	0	1	0
9	2	2	1	0	5	5	3	3	5	1	1	1	1	1	5	5	5	5	5	33	2	1	1	0	1	1	0	1	0	1	1	1	2	2	1	0	1	0
9	2	2	1	1	5	5	3	3	5	1	1	1	1	1	5	4	4	5	4	33	2	1	1	0	1	1	0	1	0	1	1	1	2	2	1	0	1	0
16	2	2	0	0	2	2	4	2	3	3	4	4	4	4	4	3	4	3	2	39	2	2	0	0	1	1	0	1	0	1	1	3	2	2	0	1	1	0
16	2	2	0	1	4	4	4	4	4	3	2	2	2	2	4	4	4	3	4	39	2	2	0	0	1	1	0	1	0	1	1	3	2	2	0	1	1	0
16	2	2	1	0	4	3	4	4	4	2	1	4	3	2	4	4	4	4	4	39	2	2	0	0	1	1	0	1	0	1	1	3	2	2	0	1	1	0
16	2	2	1	1	3	4	4	4	4	3	2	4	3	2	4	4	4	4	4	39	2	2	0	0	1	1	0	1	0	1	1	3	2	2	0	1	1	0
17	3	2	0	0	3	4	2	2	4	2	3	3	2	3	3	3	4	4	4	43	2	2	0	0	1	1	0	1	1	1	1	4	3	2	1	0	1	1
17	3	2	0	1	4	4	4	4	4	2	3	2	2	3	4	3	4	4	4	43	2	2	0	0	1	1	0	1	1	1	1	4	3	2	1	0	1	1
17	3	2	1	0	4	4	3	4	4	2	2	3	2	2	4	2	4	4	4	43	2	2	0	0	1	1	0	1	1	1	1	4	3	2	1	0	1	1
17	3	2	1	1	4	4	3	4	4	2	2	3	2	2	4	4	3	4	4	43	2	2	0	0	1	1	0	1	1	1	1	4	3	2	1	0	1	1
22	3	2	0	0	2	1	1	2	3	4	1	3	3	2	2	3	2	3	2	26	2	1	0	0	1	0	0	0	1	0	1	2	2	2	1	1	0	1
22	3	2	0	1	4	5	4	4	3	1	4	2	1	4	4	4	5	4	5	26	2	1	0	0	1	0	0	0	1	0	1	2	2	2	1	1	0	1
22	3	2	1	0	5	2	4	5	4	2	1	2	2	2	4	5	5	4	5	26	2	1	0	0	1	0	0	0	1	0	1	2	2	2	1	1	0	1
22	3	2	1	1	2	4	2	2	3	5	4	4	5	4	2	2	3	3	2	26	2	1	0	0	1	0	0	0	1	0	1	2	2	2	1	1	0	1
34	2	2	0	0	3	4	1	1	2	3	4	4	3	3	3	2	3	3	1	36	2	1	1	0	0	0	0	0	0	0	0	3	2	2	1	0	1	0
34	2	2	0	1	4	4	4	4	4	2	1	3	2	1	4	5	5	3	5	36	2	1	1	0	0	0	0	0	0	0	0	3	2	2	1	0	1	0
34	2	2	1	0	5	4	4	4	4	2	1	2	2	2	4	4	4	3	4	36	2	1	1	0	0	0	0	0	0	0	0	3	2	2	1	0	1	0
34	2	2	1	1	4	5	4	5	5	2	1	2	2	2	5	5	5	3	5	36	2	1	1	0	0	0	0	0	0	0	0	3	2	2	1	0	1	0
36	2	2	0	0	2	4	3	3	2	3	2	3	3	3	2	2	4	4	5	35	2	1	0	0	1	1	0	1	1	1	1	-999	3	2	1	0	1	0
36	2	2	0	1	4	4	4	4	4	3	4	2	3	3	4	4	4	4	5	35	2	1	0	0	1	1	0	1	1	1	1	-999	3	2	1	0	1	0
36	2	2	1	0	4	4	4	4	4	4	4	3	2	3	4	3	4	5	4	35	2	1	0	0	1	1	0	1	1	1	1	-999	3	2	1	0	1	0
36	2	2	1	1	3	3	4	3	4	3	4	3	2	3	3	3	4	3	4	35	2	1	0	0	1	1	0	1	1	1	1	-999	3	2	1	0	1	0
43	1	2	0	0	2	3	1	1	3	2	1	1	2	1	5	4	3	2	3	18	1	2	1	0	1	0	0	1	0	0	1	1	3	2	1	1	1	0
43	1	2	0	1	4	3	2	1	3	1	1	1	2	2	5	5	5	4	5	18	1	2	1	0	1	0	0	1	0	0	1	1	3	2	1	1	1	0
43	1	2	1	0	4	3	3	3	3	3	3	1	1	3	5	3	4	4	2	18	1	2	1	0	1	0	0	1	0	0	1	1	3	2	1	1	1	0
43	1	2	1	1	2	3	3	3	2	3	2	2	1	3	2	3	2	3	3	18	1	2	1	0	1	0	0	1	0	0	1	1	3	2	1	1	1	0
49	1	2	0	0	2	2	1	1	3	3	4	1	1	3	1	4	2	2	2	40	2	2	0	0	1	1	0	1	1	1	1	6	3	4	1	0	1	0
49	1	2	0	1	4	4	4	4	3	3	1	1	1	2	5	4	5	4	5	40	2	2	0	0	1	1	0	1	1	1	1	6	3	4	1	0	1	0
49	1	2	1	0	4	3	4	4	3	3	2	3	2	2	4	4	4	3	4	40	2	2	0	0	1	1	0	1	1	1	1	6	3	4	1	0	1	0
49	1	2	1	1	5	4	5	5	3	3	1	3	2	2	5	3	5	3	5	40	2	2	0	0	1	1	0	1	1	1	1	6	3	4	1	0	1	0
50	2	2	0	0	3	3	3	2	3	4	3	3	4	2	4	2	3	3	2	40	2	2	0	0	1	1	0	1	0	1	1	4	2	3	1	0	1	0
50	2	2	0	1	4	3	3	4	3	2	2	3	2	2	4	2	3	3	4	40	2	2	0	0	1	1	0	1	0	1	1	4	2	3	1	0	1	0
50	2	2	1	0	3	3	3	3	3	2	3	2	3	2	3	5	4	3	3	40	2	2	0	0	1	1	0	1	0	1	1	4	2	3	1	0	1	0
50	2	2	1	1	4	3	3	3	3	4	3	4	4	2	3	2	3	3	3	40	2	2	0	0	1	1	0	1	0	1	1	4	2	3	1	0	1	0
51	2	2	0	0	3	3	3	3	3	1	4	3	1	3	3	2	3	3	3	54	3	2	0	0	1	1	0	0	0	1	0	4	3	2	1	1	1	1
51	2	2	0	1	4	3	4	4	4	1	3	2	1	3	4	4	4	3	5	54	3	2	0	0	1	1	0	0	0	1	0	4	3	2	1	1	1	1
51	2	2	1	0	3	3	3	3	3	1	3	3	1	1	4	4	4	3	4	54	3	2	0	0	1	1	0	0	0	1	0	4	3	2	1	1	1	1
51	2	2	1	1	3	3	3	4	3	1	3	3	1	1	5	5	5	3	5	54	3	2	0	0	1	1	0	0	0	1	0	4	3	2	1	1	1	1
58	3	2	0	0	2	2	2	2	2	3	3	3	3	3	1	1	1	2	1	31	2	1	0	0	1	0	0	1	1	0	1	3	3	2	1	0	1	0
58	3	2	0	1	4	3	4	4	4	2	2	3	2	1	4	4	4	3	4	31	2	1	0	0	1	0	0	1	1	0	1	3	3	2	1	0	1	0
58	3	2	1	0	3	4	3	3	3	2	2	2	2	2	4	4	4	4	4	31	2	1	0	0	1	0	0	1	1	0	1	3	3	2	1	0	1	0
58	3	2	1	1	4	3	4	4	4	2	2	2	2	2	4	4	4	3	3	31	2	1	0	0	1	0	0	1	1	0	1	3	3	2	1	0	1	0
78	1	2	0	0	1	2	2	2	2	4	4	5	4	4	2	1	2	1	1	19	1	1	0	0	0	0	0	0	0	0	0	-999	3	4	1	1	0	0
78	1	2	0	1	4	3	4	4	3	2	1	1	1	2	5	4	4	4	5	19	1	1	0	0	0	0	0	0	0	0	0	-999	3	4	1	1	0	0
78	1	2	1	0	4	2	2	1	2	2	3	1	1	1	1	2	3	1	3	19	1	1	0	0	0	0	0	0	0	0	0	-999	3	4	1	1	0	0
78	1	2	1	1	5	3	4	4	3	4	4	2	1	4	4	4	5	4	5	19	1	1	0	0	0	0	0	0	0	0	0	-999	3	4	1	1	0	0
85	1	2	0	0	1	2	2	2	3	3	4	2	4	3	2	3	3	2	2	24	1	2	1	0	0	0	0	0	0	0	0	1	1	2	1	0	0	0
85	1	2	0	1	4	2	4	4	4	2	2	1	1	1	4	4	4	2	4	24	1	2	1	0	0	0	0	0	0	0	0	1	1	2	1	0	0	0
85	1	2	1	0	4	2	3	3	3	1	2	1	1	1	3	3	4	2	3	24	1	2	1	0	0	0	0	0	0	0	0	1	1	2	1	0	0	0
85	1	2	1	1	5	4	4	4	4	3	1	3	1	2	4	3	4	4	4	24	1	2	1	0	0	0	0	0	0	0	0	1	1	2	1	0	0	0
92	1	2	0	0	3	3	2	2	4	3	2	2	2	2	3	4	4	4	2	22	1	1	1	0	0	0	0	0	0	0	0	1	3	2	0	1	0	0
92	1	2	0	1	4	3	3	3	4	2	2	1	1	2	4	4	4	4	4	22	1	1	1	0	0	0	0	0	0	0	0	1	3	2	0	1	0	0
92	1	2	1	0	4	3	2	3	3	3	2	2	1	2	3	2	4	4	2	22	1	1	1	0	0	0	0	0	0	0	0	1	3	2	0	1	0	0
92	1	2	1	1	4	3	4	4	3	2	2	2	1	2	4	4	4	4	4	22	1	1	1	0	0	0	0	0	0	0	0	1	3	2	0	1	0	0
93	1	2	0	0	2	3	1	3	3	3	1	2	2	5	1	1	2	1	3	24	1	1	1	0	0	0	0	0	0	0	0	1	3	4	1	1	1	1
93	1	2	0	1	4	3	4	3	3	4	2	4	4	1	4	4	4	4	3	24	1	1	1	0	0	0	0	0	0	0	0	1	3	4	1	1	1	1
93	1	2	1	0	3	3	3	3	3	3	3	3	4	3	1	1	4	3	4	24	1	1	1	0	0	0	0	0	0	0	0	1	3	4	1	1	1	1
93	1	2	1	1	3	3	3	3	3	4	1	3	3	3	4	4	1	3	2	24	1	1	1	0	0	0	0	0	0	0	0	1	3	4	1	1	1	1
94	2	2	0	0	2	3	3	3	3	1	1	1	1	1	4	3	3	3	3	25	2	1	1	0	1	0	0	1	0	0	1	1	1	2	1	1	1	1
94	2	2	0	1	4	3	4	4	3	1	1	1	1	1	4	3	4	3	5	25	2	1	1	0	1	0	0	1	0	0	1	1	1	2	1	1	1	1
94	2	2	1	0	3	3	3	3	3	3	1	1	1	1	3	3	3	4	4	25	2	1	1	0	1	0	0	1	0	0	1	1	1	2	1	1	1	1
94	2	2	1	1	3	3	3	3	3	3	1	1	1	1	3	3	3	4	4	25	2	1	1	0	1	0	0	1	0	0	1	1	1	2	1	1	1	1
112	3	2	0	0	3	4	3	3	3	3	2	3	3	3	3	3	3	3	3	31	2	2	0	0	1	0	0	0	1	0	1	3	3	2	1	1	1	0
112	3	2	0	1	4	4	3	3	3	3	2	3	3	3	4	4	4	3	4	31	2	2	0	0	1	0	0	0	1	0	1	3	3	2	1	1	1	0
112	3	2	1	0	4	4	4	4	3	3	3	3	3	3	4	4	4	4	4	31	2	2	0	0	1	0	0	0	1	0	1	3	3	2	1	1	1	0
112	3	2	1	1	4	4	4	4	3	3	3	3	3	3	4	4	4	4	4	31	2	2	0	0	1	0	0	0	1	0	1	3	3	2	1	1	1	0
113	2	2	0	0	2	2	3	3	4	1	3	4	3	3	2	3	2	2	2	31	2	2	0	0	1	1	0	1	0	1	1	5	3	2	1	0	1	0
113	2	2	0	1	4	4	3	3	2	3	1	3	3	3	4	5	5	4	5	31	2	2	0	0	1	1	0	1	0	1	1	5	3	2	1	0	1	0
113	2	2	1	0	4	2	3	2	2	3	2	1	3	3	1	4	3	4	3	31	2	2	0	0	1	1	0	1	0	1	1	5	3	2	1	0	1	0
113	2	2	1	1	2	4	3	4	4	3	2	3	3	3	4	5	5	4	5	31	2	2	0	0	1	1	0	1	0	1	1	5	3	2	1	0	1	0
120	2	2	0	0	3	3	2	2	3	3	4	4	3	3	4	4	4	4	4	39	2	2	0	0	1	0	0	1	0	0	1	3	3	2	1	1	1	1
120	2	2	0	1	4	5	4	4	2	2	2	4	3	4	4	4	4	4	4	39	2	2	0	0	1	0	0	1	0	0	1	3	3	2	1	1	1	1
120	2	2	1	0	4	4	3	4	3	3	2	2	2	2	4	4	4	4	4	39	2	2	0	0	1	0	0	1	0	0	1	3	3	2	1	1	1	1
120	2	2	1	1	4	4	3	4	3	3	2	2	2	2	4	4	4	4	4	39	2	2	0	0	1	0	0	1	0	0	1	3	3	2	1	1	1	1
122	2	2	0	0	2	2	3	2	2	2	1	2	1	2	4	4	4	3	4	41	2	2	0	0	1	0	0	1	0	0	1	-999	2	1	1	0	1	0
122	2	2	0	1	4	2	3	2	2	1	1	1	1	2	4	4	4	3	4	41	2	2	0	0	1	0	0	1	0	0	1	-999	2	1	1	0	1	0
122	2	2	1	0	4	3	3	2	2	1	2	2	2	2	4	4	4	3	4	41	2	2	0	0	1	0	0	1	0	0	1	-999	2	1	1	0	1	0
122	2	2	1	1	4	2	3	2	2	2	2	2	2	2	4	4	4	3	4	41	2	2	0	0	1	0	0	1	0	0	1	-999	2	1	1	0	1	0
124	1	2	0	0	2	3	2	2	3	2	1	1	1	1	5	5	5	5	4	43	2	2	0	0	1	1	0	1	0	1	1	5	3	2	1	1	1	1
124	1	2	0	1	4	3	2	2	3	2	1	1	1	1	5	2	4	3	2	43	2	2	0	0	1	1	0	1	0	1	1	5	3	2	1	1	1	1
124	1	2	1	0	4	3	1	2	4	1	1	1	1	1	5	5	5	1	5	43	2	2	0	0	1	1	0	1	0	1	1	5	3	2	1	1	1	1
124	1	2	1	1	5	3	1	2	4	1	1	1	1	1	2	2	1	1	2	43	2	2	0	0	1	1	0	1	0	1	1	5	3	2	1	1	1	1
128	2	2	0	0	1	3	1	1	2	4	5	1	3	5	2	2	2	3	2	45	3	2	0	0	1	1	1	1	1	1	1	4	3	4	1	1	1	1
128	2	2	0	1	4	4	5	5	5	1	1	1	1	1	5	5	5	3	5	45	3	2	0	0	1	1	1	1	1	1	1	4	3	4	1	1	1	1
128	2	2	1	0	2	4	1	1	2	4	5	5	5	5	1	1	3	3	1	45	3	2	0	0	1	1	1	1	1	1	1	4	3	4	1	1	1	1
128	2	2	1	1	5	1	5	5	5	1	1	1	1	1	5	5	5	3	5	45	3	2	0	0	1	1	1	1	1	1	1	4	3	4	1	1	1	1
132	1	2	0	0	2	3	3	3	3	2	3	3	2	3	1	3	2	2	2	50	3	2	0	0	1	1	0	0	0	1	0	-999	3	2	1	1	1	0
132	1	2	0	1	4	3	3	3	3	1	2	2	1	2	4	4	4	2	4	50	3	2	0	0	1	1	0	0	0	1	0	-999	3	2	1	1	1	0
132	1	2	1	0	3	3	3	3	3	3	2	3	3	3	4	4	4	3	4	50	3	2	0	0	1	1	0	0	0	1	0	-999	3	2	1	1	1	0
132	1	2	1	1	4	3	3	3	3	3	2	3	3	3	4	4	4	3	4	50	3	2	0	0	1	1	0	0	0	1	0	-999	3	2	1	1	1	0
142	1	2	0	0	2	2	3	2	1	2	3	3	3	2	2	3	3	2	3	19	1	1	0	0	0	0	0	0	0	0	0	2	3	2	1	1	1	1
142	1	2	0	1	4	3	3	1	1	3	4	2	2	2	5	5	5	5	5	19	1	1	0	0	0	0	0	0	0	0	0	2	3	2	1	1	1	1
142	1	2	1	0	5	4	3	4	3	4	3	3	3	3	4	4	4	4	4	19	1	1	0	0	0	0	0	0	0	0	0	2	3	2	1	1	1	1
142	1	2	1	1	5	3	3	4	3	5	3	3	3	3	4	4	4	4	4	19	1	1	0	0	0	0	0	0	0	0	0	2	3	2	1	1	1	1
143	1	2	0	0	1	3	1	1	3	3	3	4	2	3	2	2	2	1	1	23	1	1	0	0	0	0	0	0	0	0	0	2	3	2	1	0	1	0
143	1	2	0	1	4	3	3	1	4	3	1	1	2	2	5	4	4	1	5	23	1	1	0	0	0	0	0	0	0	0	0	2	3	2	1	0	1	0
143	1	2	1	0	3	3	3	2	1	2	2	2	2	1	4	4	4	3	4	23	1	1	0	0	0	0	0	0	0	0	0	2	3	2	1	0	1	0
143	1	2	1	1	4	4	3	2	1	3	2	2	2	1	4	4	4	3	4	23	1	1	0	0	0	0	0	0	0	0	0	2	3	2	1	0	1	0
173	3	2	0	0	1	4	2	2	3	2	5	3	2	1	1	3	1	3	1	30	2	2	0	0	1	0	0	0	1	0	1	3	2	2	0	0	1	1
173	3	2	0	1	4	4	4	4	3	2	1	3	2	1	5	3	4	3	5	30	2	2	0	0	1	0	0	0	1	0	1	3	2	2	0	0	1	1
173	3	2	1	0	3	4	4	4	3	4	2	3	1	2	2	3	3	4	3	30	2	2	0	0	1	0	0	0	1	0	1	3	2	2	0	0	1	1
173	3	2	1	1	3	4	4	4	3	2	1	2	1	1	5	3	4	4	5	30	2	2	0	0	1	0	0	0	1	0	1	3	2	2	0	0	1	1
195	1	2	0	0	1	3	3	3	3	4	5	4	3	5	5	3	3	3	1	21	1	1	1	0	0	0	0	0	0	0	0	2	3	2	1	1	1	1
195	1	2	0	1	4	3	3	3	3	1	1	3	3	1	4	4	4	3	5	21	1	1	1	0	0	0	0	0	0	0	0	2	3	2	1	1	1	1
195	1	2	1	0	4	1	2	2	2	1	3	2	2	3	4	4	4	4	3	21	1	1	1	0	0	0	0	0	0	0	0	2	3	2	1	1	1	1
195	1	2	1	1	5	1	2	2	2	1	2	2	2	2	5	5	5	5	5	21	1	1	1	0	0	0	0	0	0	0	0	2	3	2	1	1	1	1
228	2	2	0	0	3	3	3	3	5	1	1	1	1	1	4	5	5	3	3	27	2	2	0	0	1	1	0	1	0	1	1	4	3	2	1	0	1	1
228	2	2	0	1	4	4	3	3	5	1	1	1	1	1	4	5	5	3	3	27	2	2	0	0	1	1	0	1	0	1	1	4	3	2	1	0	1	1
228	2	2	1	0	3	2	3	3	5	1	1	3	1	1	5	5	5	5	3	27	2	2	0	0	1	1	0	1	0	1	1	4	3	2	1	0	1	1
228	2	2	1	1	4	4	3	3	4	2	1	3	1	1	4	4	5	5	3	27	2	2	0	0	1	1	0	1	0	1	1	4	3	2	1	0	1	1
244	1	2	0	0	3	1	2	1	1	1	2	1	1	1	1	1	1	1	1	21	1	2	1	0	0	0	0	0	0	0	0	3	3	2	1	0	0	0
244	1	2	0	1	4	1	4	1	4	1	2	1	1	1	5	5	5	4	5	21	1	2	1	0	0	0	0	0	0	0	0	3	3	2	1	0	0	0
244	1	2	1	0	5	3	1	3	4	1	1	1	1	1	5	5	5	4	4	21	1	2	1	0	0	0	0	0	0	0	0	3	3	2	1	0	0	0
244	1	2	1	1	3	3	1	1	3	1	1	1	1	1	4	4	4	3	3	21	1	2	1	0	0	0	0	0	0	0	0	3	3	2	1	0	0	0
251	2	2	0	0	2	3	2	2	2	3	4	3	2	3	1	1	1	3	1	40	2	1	0	0	1	0	0	1	0	0	1	4	3	2	1	1	1	1
251	2	2	0	1	4	3	4	4	5	3	1	2	2	1	4	5	4	4	5	40	2	1	0	0	1	0	0	1	0	0	1	4	3	2	1	1	1	1
251	2	2	1	0	2	3	3	4	3	2	2	3	3	3	3	3	4	4	4	40	2	1	0	0	1	0	0	1	0	0	1	4	3	2	1	1	1	1
251	2	2	1	1	5	3	4	5	4	4	2	3	3	4	4	5	5	5	5	40	2	1	0	0	1	0	0	1	0	0	1	4	3	2	1	1	1	1
265	1	2	0	0	3	3	3	3	3	2	3	4	3	3	2	2	2	3	1	40	2	1	0	0	0	0	0	0	0	0	0	3	3	2	1	1	1	1
265	1	2	0	1	4	5	5	5	3	4	1	1	1	1	5	4	4	4	5	40	2	1	0	0	0	0	0	0	0	0	0	3	3	2	1	1	1	1
265	1	2	1	0	3	3	3	3	3	3	3	3	3	2	3	3	3	3	3	40	2	1	0	0	0	0	0	0	0	0	0	3	3	2	1	1	1	1
265	1	2	1	1	5	5	5	5	5	2	1	1	1	2	5	5	5	4	5	40	2	1	0	0	0	0	0	0	0	0	0	3	3	2	1	1	1	1
268	2	2	0	0	1	3	3	3	3	3	3	3	3	3	3	3	3	3	2	39	2	2	0	0	0	0	0	0	0	0	0	-999	1	4	1	1	1	1
268	2	2	0	1	4	3	4	3	3	3	1	3	3	2	4	4	4	3	5	39	2	2	0	0	0	0	0	0	0	0	0	-999	1	4	1	1	1	1
268	2	2	1	0	3	3	3	4	3	3	2	2	2	2	3	3	3	3	4	39	2	2	0	0	0	0	0	0	0	0	0	-999	1	4	1	1	1	1
268	2	2	1	1	3	3	3	4	3	3	2	2	2	2	3	3	3	3	4	39	2	2	0	0	0	0	0	0	0	0	0	-999	1	4	1	1	1	1
276	1	2	0	0	3	2	2	3	4	3	2	3	3	3	3	3	3	2	2	25	2	1	1	0	1	0	0	1	0	0	1	1	2	2	1	0	1	0
276	1	2	0	1	4	4	4	4	4	1	3	3	3	2	4	4	4	4	4	25	2	1	1	0	1	0	0	1	0	0	1	1	2	2	1	0	1	0
276	1	2	1	0	4	4	4	4	5	1	2	2	4	1	4	4	4	4	4	25	2	1	1	0	1	0	0	1	0	0	1	1	2	2	1	0	1	0
276	1	2	1	1	4	4	4	3	5	1	2	3	3	1	4	4	4	3	4	25	2	1	1	0	1	0	0	1	0	0	1	1	2	2	1	0	1	0
281	2	2	0	0	2	3	2	2	3	2	3	2	2	2	1	1	1	3	1	25	2	1	0	0	1	1	0	1	0	1	1	-999	3	2	1	1	1	1
281	2	2	0	1	4	5	5	4	4	4	1	2	2	2	5	5	5	5	5	25	2	1	0	0	1	1	0	1	0	1	1	-999	3	2	1	1	1	1
281	2	2	1	0	4	4	4	4	4	2	1	2	2	1	4	4	4	3	4	25	2	1	0	0	1	1	0	1	0	1	1	-999	3	2	1	1	1	1
281	2	2	1	1	4	4	4	4	4	2	1	2	4	3	5	3	4	3	4	25	2	1	0	0	1	1	0	1	0	1	1	-999	3	2	1	1	1	1
295	3	2	0	0	3	3	3	3	4	3	1	2	3	2	3	3	4	3	3	19	1	2	1	0	1	0	1	0	1	1	1	1	3	1	1	0	1	0
295	3	2	0	1	4	4	4	3	2	3	1	2	3	3	4	3	5	3	4	19	1	2	1	0	1	0	1	0	1	1	1	1	3	1	1	0	1	0
295	3	2	1	0	4	3	4	4	3	3	3	2	3	3	2	2	3	3	2	19	1	2	1	0	1	0	1	0	1	1	1	1	3	1	1	0	1	0
295	3	2	1	1	2	4	3	3	3	3	3	3	3	3	5	4	4	3	5	19	1	2	1	0	1	0	1	0	1	1	1	1	3	1	1	0	1	0
311	3	2	0	0	4	4	4	4	5	2	2	2	1	2	3	5	5	4	4	45	3	2	0	0	1	1	0	1	1	1	1	5	2	2	1	1	1	1
311	3	2	0	1	4	4	4	4	4	2	1	2	1	2	5	4	5	4	4	45	3	2	0	0	1	1	0	1	1	1	1	5	2	2	1	1	1	1
311	3	2	1	0	4	4	4	5	5	4	2	1	1	1	5	5	5	5	5	45	3	2	0	0	1	1	0	1	1	1	1	5	2	2	1	1	1	1
311	3	2	1	1	4	5	4	4	4	5	1	2	3	3	4	3	4	3	3	45	3	2	0	0	1	1	0	1	1	1	1	5	2	2	1	1	1	1
312	2	2	0	0	3	3	2	2	3	3	4	4	3	3	1	2	2	2	3	65	4	2	0	0	1	1	0	0	0	1	0	4	2	1	1	0	0	0
312	2	2	0	1	4	3	4	4	3	3	1	2	2	2	5	5	5	4	4	65	4	2	0	0	1	1	0	0	0	1	0	4	2	1	1	0	0	0
312	2	2	1	0	3	3	4	3	3	3	4	3	3	3	2	3	3	3	3	65	4	2	0	0	1	1	0	0	0	1	0	4	2	1	1	0	0	0
312	2	2	1	1	5	3	2	4	3	3	2	2	3	3	5	5	4	4	5	65	4	2	0	0	1	1	0	0	0	1	0	4	2	1	1	0	0	0
317	3	2	0	0	3	4	3	3	4	2	2	2	3	2	2	3	3	3	2	41	2	2	0	0	1	1	0	0	1	1	1	2	1	2	1	0	1	0
317	3	2	0	1	4	5	3	3	4	2	1	2	3	2	4	4	4	3	4	41	2	2	0	0	1	1	0	0	1	1	1	2	1	2	1	0	1	0
317	3	2	1	0	3	4	3	3	4	3	2	2	2	1	4	4	4	4	3	41	2	2	0	0	1	1	0	0	1	1	1	2	1	2	1	0	1	0
317	3	2	1	1	3	4	3	3	4	3	2	2	2	1	4	4	4	4	3	41	2	2	0	0	1	1	0	0	1	1	1	2	1	2	1	0	1	0
318	1	2	0	0	4	5	1	1	1	1	5	5	1	1	1	5	3	3	3	56	3	1	0	0	1	1	0	1	0	1	1	4	1	2	1	0	0	0
318	1	2	0	1	4	5	5	4	4	4	2	2	4	3	5	5	5	3	5	56	3	1	0	0	1	1	0	1	0	1	1	4	1	2	1	0	0	0
318	1	2	1	0	5	3	5	5	4	1	3	3	3	1	5	5	5	5	5	56	3	1	0	0	1	1	0	1	0	1	1	4	1	2	1	0	0	0
318	1	2	1	1	5	3	5	5	4	1	3	3	3	1	5	5	5	5	5	56	3	1	0	0	1	1	0	1	0	1	1	4	1	2	1	0	0	0
320	1	2	0	0	2	5	2	2	2	4	4	4	5	4	1	1	1	1	1	46	3	1	0	1	0	0	0	0	0	0	0	1	3	3	1	0	0	0
320	1	2	0	1	4	4	5	5	4	2	2	2	1	2	5	5	5	5	5	46	3	1	0	1	0	0	0	0	0	0	0	1	3	3	1	0	0	0
320	1	2	1	0	3	5	3	3	3	3	3	3	3	3	3	3	3	3	2	46	3	1	0	1	0	0	0	0	0	0	0	1	3	3	1	0	0	0
320	1	2	1	1	5	3	5	5	4	3	2	2	2	2	5	5	5	5	5	46	3	1	0	1	0	0	0	0	0	0	0	1	3	3	1	0	0	0
323	1	2	0	0	2	3	3	1	3	3	1	3	1	1	3	3	4	3	3	19	1	2	1	0	0	0	0	0	0	0	0	1	2	2	1	0	0	0
323	1	2	0	1	4	5	3	4	4	3	1	3	1	1	3	4	4	3	5	19	1	2	1	0	0	0	0	0	0	0	0	1	2	2	1	0	0	0
323	1	2	1	0	3	5	3	3	3	3	1	3	1	1	3	3	3	3	3	19	1	2	1	0	0	0	0	0	0	0	0	1	2	2	1	0	0	0
323	1	2	1	1	4	5	3	3	4	3	1	3	1	1	5	3	4	4	5	19	1	2	1	0	0	0	0	0	0	0	0	1	2	2	1	0	0	0
324	1	2	0	0	2	4	3	3	4	3	4	3	3	2	1	4	1	3	3	22	1	2	1	0	0	0	0	0	0	0	0	1	3	3	1	0	0	0
324	1	2	0	1	4	2	3	4	4	3	2	3	3	2	5	4	5	3	4	22	1	2	1	0	0	0	0	0	0	0	0	1	3	3	1	0	0	0
324	1	2	1	0	3	3	3	4	3	2	4	3	2	1	5	3	4	3	3	22	1	2	1	0	0	0	0	0	0	0	0	1	3	3	1	0	0	0
324	1	2	1	1	5	2	3	5	3	2	1	3	2	1	5	4	5	3	3	22	1	2	1	0	0	0	0	0	0	0	0	1	3	3	1	0	0	0
330	2	2	0	0	2	3	3	2	1	1	4	2	2	2	2	2	3	1	2	48	3	2	0	0	1	1	0	1	0	1	1	3	1	2	1	0	1	0
330	2	2	0	1	4	3	3	3	1	1	2	2	2	2	4	3	4	1	4	48	3	2	0	0	1	1	0	1	0	1	1	3	1	2	1	0	1	0
330	2	2	1	0	2	3	3	4	3	2	2	2	2	2	4	4	4	1	4	48	3	2	0	0	1	1	0	1	0	1	1	3	1	2	1	0	1	0
330	2	2	1	1	4	3	4	4	3	2	2	2	2	2	5	4	4	1	5	48	3	2	0	0	1	1	0	1	0	1	1	3	1	2	1	0	1	0
342	2	2	0	0	3	3	3	3	4	2	2	3	3	2	4	4	4	3	3	39	2	2	0	1	1	0	0	1	0	0	1	2	3	2	1	0	1	1
342	2	2	0	1	4	5	3	3	3	3	2	3	3	2	5	4	5	3	4	39	2	2	0	1	1	0	0	1	0	0	1	2	3	2	1	0	1	1
342	2	2	1	0	4	4	3	3	3	2	1	1	1	1	4	4	4	3	4	39	2	2	0	1	1	0	0	1	0	0	1	2	3	2	1	0	1	1
342	2	2	1	1	4	3	3	3	3	1	1	1	1	1	4	4	5	3	5	39	2	2	0	1	1	0	0	1	0	0	1	2	3	2	1	0	1	1
348	2	2	0	0	2	4	3	3	3	2	1	1	1	1	1	3	2	1	3	28	2	2	0	0	1	0	0	1	0	0	1	4	3	2	1	1	1	1
348	2	2	0	1	4	2	3	4	3	1	1	1	1	1	5	3	4	1	3	28	2	2	0	0	1	0	0	1	0	0	1	4	3	2	1	1	1	1
348	2	2	1	0	3	3	4	3	3	3	1	1	1	1	5	4	4	1	4	28	2	2	0	0	1	0	0	1	0	0	1	4	3	2	1	1	1	1
348	2	2	1	1	3	3	4	3	3	3	1	1	1	1	5	5	5	1	5	28	2	2	0	0	1	0	0	1	0	0	1	4	3	2	1	1	1	1
541	3	2	0	0	2	3	2	2	3	3	4	3	3	3	2	3	2	3	2	62	3	2	0	1	1	1	0	0	1	1	1	6	1	1	1	1	0	0
541	3	2	0	1	4	3	4	4	3	4	2	3	3	4	4	3	4	3	4	62	3	2	0	1	1	1	0	0	1	1	1	6	1	1	1	1	0	0
541	3	2	1	0	4	4	4	4	3	4	4	3	4	2	4	3	4	3	4	62	3	2	0	1	1	1	0	0	1	1	1	6	1	1	1	1	0	0
541	3	2	1	1	2	3	3	4	3	2	2	3	2	2	4	3	4	3	3	62	3	2	0	1	1	1	0	0	1	1	1	6	1	1	1	1	0	0
548	3	2	0	0	2	4	2	2	4	4	4	4	2	2	2	3	2	3	2	27	2	1	0	0	1	0	0	0	1	0	1	2	2	2	1	1	1	1
548	3	2	0	1	4	4	4	4	4	4	2	2	4	2	4	2	3	2	4	27	2	1	0	0	1	0	0	0	1	0	1	2	2	2	1	1	1	1
548	3	2	1	0	4	2	2	4	4	2	2	2	2	2	4	4	4	4	4	27	2	1	0	0	1	0	0	0	1	0	1	2	2	2	1	1	1	1
548	3	2	1	1	4	4	3	4	4	3	2	4	3	3	4	4	4	3	2	27	2	1	0	0	1	0	0	0	1	0	1	2	2	2	1	1	1	1
564	1	2	0	0	3	2	3	3	3	1	3	1	1	1	3	4	3	3	3	21	1	2	0	0	1	1	0	0	0	1	0	2	3	1	0	0	1	0
564	1	2	0	1	4	3	3	3	3	1	3	1	1	1	3	4	3	3	3	21	1	2	0	0	1	1	0	0	0	1	0	2	3	1	0	0	1	0
564	1	2	1	0	2	3	4	3	3	1	3	3	1	1	3	3	3	3	3	21	1	2	0	0	1	1	0	0	0	1	0	2	3	1	0	0	1	0
564	1	2	1	1	4	3	3	4	3	1	3	3	1	1	3	3	3	2	3	21	1	2	0	0	1	1	0	0	0	1	0	2	3	1	0	0	1	0
571	3	2	0	0	3	3	2	2	3	3	4	1	3	2	1	2	2	1	2	27	2	1	0	0	1	0	0	0	1	0	1	-999	3	2	1	1	1	0
571	3	2	0	1	4	3	3	3	3	2	1	1	3	2	5	2	2	1	5	27	2	1	0	0	1	0	0	0	1	0	1	-999	3	2	1	1	1	0
571	3	2	1	0	4	3	3	3	3	1	1	1	1	1	5	4	4	1	4	27	2	1	0	0	1	0	0	0	1	0	1	-999	3	2	1	1	1	0
571	3	2	1	1	4	3	3	3	3	1	1	1	1	1	5	4	4	1	4	27	2	1	0	0	1	0	0	0	1	0	1	-999	3	2	1	1	1	0
574	1	2	0	0	2	1	3	3	3	1	3	3	3	3	3	3	3	3	2	55	3	1	0	0	0	0	0	0	0	0	0	-999	3	1	1	1	1	1
574	1	2	0	1	4	4	5	5	5	5	5	2	2	2	5	4	5	5	4	55	3	1	0	0	0	0	0	0	0	0	0	-999	3	1	1	1	1	1
574	1	2	1	0	4	4	4	4	4	2	2	2	2	2	5	5	4	4	4	55	3	1	0	0	0	0	0	0	0	0	0	-999	3	1	1	1	1	1
574	1	2	1	1	4	4	4	4	4	2	2	2	2	2	5	5	4	4	4	55	3	1	0	0	0	0	0	0	0	0	0	-999	3	1	1	1	1	1
576	1	2	0	0	2	4	2	2	4	4	4	4	4	3	2	1	2	3	2	39	2	1	0	0	1	1	0	1	0	1	1	-999	3	3	1	0	1	0
576	1	2	0	1	4	2	4	4	2	2	2	2	2	2	4	4	4	3	4	39	2	1	0	0	1	1	0	1	0	1	1	-999	3	3	1	0	1	0
576	1	2	1	0	4	4	4	4	4	2	2	2	2	2	4	4	4	3	4	39	2	1	0	0	1	1	0	1	0	1	1	-999	3	3	1	0	1	0
576	1	2	1	1	2	2	3	3	3	4	3	3	4	3	3	3	3	3	2	39	2	1	0	0	1	1	0	1	0	1	1	-999	3	3	1	0	1	0
585	2	2	0	0	2	3	3	3	3	3	3	3	3	2	3	3	5	4	3	28	2	1	0	0	1	0	0	1	0	0	1	-999	3	2	1	0	1	0
585	2	2	0	1	4	4	3	4	3	1	2	1	3	2	4	5	5	4	4	28	2	1	0	0	1	0	0	1	0	0	1	-999	3	2	1	0	1	0
585	2	2	1	0	2	1	3	3	5	1	2	3	3	3	4	3	4	2	3	28	2	1	0	0	1	0	0	1	0	0	1	-999	3	2	1	0	1	0
585	2	2	1	1	4	3	3	3	3	3	3	3	3	2	4	4	4	4	4	28	2	1	0	0	1	0	0	1	0	0	1	-999	3	2	1	0	1	0
597	3	2	0	0	4	4	3	3	4	2	2	3	2	3	4	4	4	3	3	19	1	2	1	0	1	0	0	0	1	0	1	2	3	4	1	0	0	1
597	3	2	0	1	4	5	4	4	4	2	2	3	2	2	4	3	4	3	4	19	1	2	1	0	1	0	0	0	1	0	1	2	3	4	1	0	0	1
597	3	2	1	0	3	4	3	3	4	3	3	3	2	2	3	4	4	3	4	19	1	2	1	0	1	0	0	0	1	0	1	2	3	4	1	0	0	1
597	3	2	1	1	4	5	4	3	3	3	3	4	2	2	4	5	4	4	5	19	1	2	1	0	1	0	0	0	1	0	1	2	3	4	1	0	0	1
598	2	2	0	0	3	3	2	3	5	2	3	2	3	1	3	4	4	3	4	22	1	2	1	0	1	1	0	1	0	1	1	1	3	2	1	1	0	0
598	2	2	0	1	4	3	4	4	5	4	2	4	3	1	4	4	4	3	4	22	1	2	1	0	1	1	0	1	0	1	1	1	3	2	1	1	0	0
598	2	2	1	0	4	4	4	4	4	4	1	3	2	2	4	4	4	3	4	22	1	2	1	0	1	1	0	1	0	1	1	1	3	2	1	1	0	0
598	2	2	1	1	5	4	4	4	4	3	1	3	2	2	5	4	5	3	5	22	1	2	1	0	1	1	0	1	0	1	1	1	3	2	1	1	0	0
602	2	2	0	0	3	3	3	4	4	2	3	1	1	1	2	4	5	5	2	24	1	1	1	0	1	0	0	1	0	0	1	1	3	2	1	1	1	1
602	2	2	0	1	4	4	4	4	4	2	2	1	1	1	4	5	5	5	5	24	1	1	1	0	1	0	0	1	0	0	1	1	3	2	1	1	1	1
602	2	2	1	0	4	4	4	4	5	1	1	2	1	1	5	4	5	3	5	24	1	1	1	0	1	0	0	1	0	0	1	1	3	2	1	1	1	1
602	2	2	1	1	4	5	4	4	4	1	1	2	2	1	5	4	5	3	4	24	1	1	1	0	1	0	0	1	0	0	1	1	3	2	1	1	1	1
614	1	2	0	0	2	1	1	1	1	2	4	5	5	5	1	1	1	3	2	61	3	2	-999	-999	0	0	0	0	0	0	0	-999	3	2	1	0	1	0
614	1	2	0	1	4	4	5	5	5	3	1	1	1	1	5	5	5	3	4	61	3	2	-999	-999	0	0	0	0	0	0	0	-999	3	2	1	0	1	0
614	1	2	1	0	1	2	2	4	2	2	4	4	2	4	2	2	2	3	2	61	3	2	-999	-999	0	0	0	0	0	0	0	-999	3	2	1	0	1	0
614	1	2	1	1	5	4	4	4	4	4	2	2	1	2	4	4	4	3	5	61	3	2	-999	-999	0	0	0	0	0	0	0	-999	3	2	1	0	1	0
626	3	2	0	0	3	3	3	3	4	2	4	2	3	3	4	4	4	4	4	41	2	2	0	0	1	0	0	0	1	0	1	4	3	3	1	0	0	1
626	3	2	0	1	4	3	3	3	2	4	2	4	3	3	2	2	2	2	2	41	2	2	0	0	1	0	0	0	1	0	1	4	3	3	1	0	0	1
626	3	2	1	0	3	2	3	3	4	2	3	2	2	3	4	4	4	4	4	41	2	2	0	0	1	0	0	0	1	0	1	4	3	3	1	0	0	1
626	3	2	1	1	3	4	3	3	2	4	3	4	4	3	2	2	2	2	2	41	2	2	0	0	1	0	0	0	1	0	1	4	3	3	1	0	0	1
644	2	2	0	0	3	3	1	3	3	3	1	1	3	3	3	4	4	3	3	41	2	1	0	0	1	1	0	1	0	1	1	-999	3	2	1	1	1	0
644	2	2	0	1	4	3	1	3	3	3	1	1	3	3	3	4	4	3	3	41	2	1	0	0	1	1	0	1	0	1	1	-999	3	2	1	1	1	0
644	2	2	1	0	3	3	3	3	3	3	3	3	3	3	3	3	4	3	3	41	2	1	0	0	1	1	0	1	0	1	1	-999	3	2	1	1	1	0
644	2	2	1	1	3	3	3	3	3	3	3	3	3	3	3	3	4	3	3	41	2	1	0	0	1	1	0	1	0	1	1	-999	3	2	1	1	1	0
647	1	2	0	0	3	2	3	3	3	1	2	2	2	2	3	3	4	3	3	27	2	2	0	0	1	1	0	0	0	1	0	4	3	2	0	0	1	1
647	1	2	0	1	4	2	3	3	3	1	2	2	2	2	4	3	4	3	4	27	2	2	0	0	1	1	0	0	0	1	0	4	3	2	0	0	1	1
647	1	2	1	0	3	2	3	3	3	2	2	2	2	2	3	3	3	3	3	27	2	2	0	0	1	1	0	0	0	1	0	4	3	2	0	0	1	1
647	1	2	1	1	4	2	3	3	3	2	2	2	2	2	4	4	3	3	4	27	2	2	0	0	1	1	0	0	0	1	0	4	3	2	0	0	1	1
652	3	2	0	0	3	2	2	2	1	2	1	1	2	1	4	1	1	1	3	55	3	2	0	0	1	1	0	1	1	1	1	4	3	2	1	1	1	1
652	3	2	0	1	4	4	3	4	4	3	1	2	3	1	3	3	4	4	3	55	3	2	0	0	1	1	0	1	1	1	1	4	3	2	1	1	1	1
652	3	2	1	0	3	1	4	3	2	1	1	1	1	1	4	4	4	4	3	55	3	2	0	0	1	1	0	1	1	1	1	4	3	2	1	1	1	1
652	3	2	1	1	4	2	4	3	4	2	1	1	1	1	4	4	4	4	3	55	3	2	0	0	1	1	0	1	1	1	1	4	3	2	1	1	1	1
653	3	2	0	0	1	1	1	1	1	4	5	5	5	5	1	1	1	1	1	32	2	1	0	0	1	0	0	0	1	0	1	2	3	2	1	1	1	1
653	3	2	0	1	4	4	5	5	5	1	1	1	1	1	5	5	5	5	5	32	2	1	0	0	1	0	0	0	1	0	1	2	3	2	1	1	1	1
653	3	2	1	0	1	1	1	1	1	5	1	1	5	5	1	1	1	1	1	32	2	1	0	0	1	0	0	0	1	0	1	2	3	2	1	1	1	1
653	3	2	1	1	5	5	5	5	5	1	5	5	1	1	5	5	5	5	5	32	2	1	0	0	1	0	0	0	1	0	1	2	3	2	1	1	1	1
659	2	2	0	0	3	3	3	3	3	2	4	3	3	3	3	3	3	3	3	22	1	2	0	0	1	0	0	1	0	0	1	-999	3	1	1	0	1	1
659	2	2	0	1	4	4	3	3	4	2	2	3	3	3	4	4	4	3	4	22	1	2	0	0	1	0	0	1	0	0	1	-999	3	1	1	0	1	1
659	2	2	1	0	4	4	3	3	3	4	3	3	3	3	3	3	3	3	3	22	1	2	0	0	1	0	0	1	0	0	1	-999	3	1	1	0	1	1
659	2	2	1	1	4	4	3	3	3	4	3	3	3	3	3	3	3	3	3	22	1	2	0	0	1	0	0	1	0	0	1	-999	3	1	1	0	1	1
660	2	2	0	0	3	3	3	3	3	3	3	1	3	1	3	3	3	3	4	25	2	2	0	0	1	1	0	0	0	1	0	-999	3	1	1	1	1	0
660	2	2	0	1	4	3	3	3	3	3	3	1	3	1	3	3	3	3	3	25	2	2	0	0	1	1	0	0	0	1	0	-999	3	1	1	1	1	0
660	2	2	1	0	3	3	3	3	3	1	1	1	1	1	3	3	5	3	3	25	2	2	0	0	1	1	0	0	0	1	0	-999	3	1	1	1	1	0
660	2	2	1	1	3	3	3	3	3	1	1	1	1	1	3	4	5	3	4	25	2	2	0	0	1	1	0	0	0	1	0	-999	3	1	1	1	1	0
662	3	2	0	0	2	2	3	3	4	1	2	1	1	1	5	5	5	5	5	29	2	2	0	0	1	0	0	0	1	0	1	2	1	2	0	0	1	0
662	3	2	0	1	4	4	3	4	3	2	2	1	1	1	5	5	5	4	2	29	2	2	0	0	1	0	0	0	1	0	1	2	1	2	0	0	1	0
662	3	2	1	0	3	4	4	4	3	1	1	3	1	1	4	4	4	4	5	29	2	2	0	0	1	0	0	0	1	0	1	2	1	2	0	0	1	0
662	3	2	1	1	3	4	3	3	3	1	1	2	1	1	3	4	4	4	5	29	2	2	0	0	1	0	0	0	1	0	1	2	1	2	0	0	1	0
663	1	2	0	0	3	1	3	2	2	2	3	1	2	2	4	5	5	3	4	30	2	2	0	0	0	0	0	0	0	0	0	2	3	1	1	0	1	1
663	1	2	0	1	4	3	4	2	2	2	1	1	2	2	5	5	5	3	4	30	2	2	0	0	0	0	0	0	0	0	0	2	3	1	1	0	1	1
663	1	2	1	0	4	1	1	3	1	2	1	1	1	1	4	4	4	4	5	30	2	2	0	0	0	0	0	0	0	0	0	2	3	1	1	0	1	1
663	1	2	1	1	4	1	1	3	1	1	1	1	1	1	4	4	4	4	5	30	2	2	0	0	0	0	0	0	0	0	0	2	3	1	1	0	1	1
672	1	2	0	0	2	2	2	3	3	2	3	3	3	3	3	3	3	4	3	16	1	2	1	0	1	0	0	1	1	0	1	1	1	4	0	0	1	0
672	1	2	0	1	4	5	3	3	4	4	3	3	3	4	4	3	4	5	4	16	1	2	1	0	1	0	0	1	1	0	1	1	1	4	0	0	1	0
672	1	2	1	0	3	4	3	3	4	3	3	3	3	3	3	3	4	3	4	16	1	2	1	0	1	0	0	1	1	0	1	1	1	4	0	0	1	0
672	1	2	1	1	3	3	3	3	3	4	3	3	3	3	3	3	3	3	4	16	1	2	1	0	1	0	0	1	1	0	1	1	1	4	0	0	1	0
676	1	2	0	0	2	2	3	3	3	2	3	2	1	1	3	3	3	3	2	19	1	2	1	0	1	1	0	0	0	1	0	-999	2	3	1	0	1	0
676	1	2	0	1	4	3	3	4	4	1	1	1	1	1	5	4	4	4	5	19	1	2	1	0	1	1	0	0	0	1	0	-999	2	3	1	0	1	0
676	1	2	1	0	4	2	3	4	4	1	1	1	1	1	4	4	4	4	4	19	1	2	1	0	1	1	0	0	0	1	0	-999	2	3	1	0	1	0
676	1	2	1	1	3	2	3	4	3	1	1	1	1	1	5	5	5	5	5	19	1	2	1	0	1	1	0	0	0	1	0	-999	2	3	1	0	1	0
680	1	2	0	0	1	4	3	1	3	1	4	4	3	5	1	4	3	3	1	23	1	2	1	0	1	1	0	1	0	1	1	3	2	1	0	0	1	1
680	1	2	0	1	4	4	3	4	4	3	2	2	3	2	5	5	5	3	5	23	1	2	1	0	1	1	0	1	0	1	1	3	2	1	0	0	1	1
680	1	2	1	0	4	3	3	4	4	1	1	3	1	1	5	5	5	4	4	23	1	2	1	0	1	1	0	1	0	1	1	3	2	1	0	0	1	1
680	1	2	1	1	4	3	3	4	4	1	1	3	1	1	5	5	5	4	4	23	1	2	1	0	1	1	0	1	0	1	1	3	2	1	0	0	1	1
682	1	2	0	0	1	3	3	2	2	3	1	5	1	1	2	4	4	2	3	29	2	2	1	0	0	0	0	0	0	0	0	3	3	2	0	0	1	0
682	1	2	0	1	4	5	3	4	4	2	5	2	1	2	4	4	4	3	4	29	2	2	1	0	0	0	0	0	0	0	0	3	3	2	0	0	1	0
682	1	2	1	0	4	4	5	4	4	3	2	1	2	3	4	4	4	4	4	29	2	2	1	0	0	0	0	0	0	0	0	3	3	2	0	0	1	0
682	1	2	1	1	3	5	5	4	5	3	2	1	2	2	4	4	5	3	5	29	2	2	1	0	0	0	0	0	0	0	0	3	3	2	0	0	1	0
686	1	2	0	0	3	4	3	3	3	3	3	3	3	3	3	3	3	3	3	22	1	1	1	0	1	1	0	0	0	1	0	1	3	4	1	1	1	0
686	1	2	0	1	4	2	4	4	4	3	2	2	2	3	4	5	5	4	5	22	1	1	1	0	1	1	0	0	0	1	0	1	3	4	1	1	1	0
686	1	2	1	0	4	3	4	4	4	2	2	3	3	2	4	4	4	5	4	22	1	1	1	0	1	1	0	0	0	1	0	1	3	4	1	1	1	0
686	1	2	1	1	4	3	4	4	4	2	2	3	3	2	3	4	4	4	4	22	1	1	1	0	1	1	0	0	0	1	0	1	3	4	1	1	1	0
698	3	2	0	0	3	1	3	3	1	2	1	2	2	1	4	4	4	3	4	43	2	1	-999	-999	1	0	0	0	1	0	1	-999	2	1	1	0	1	0
698	3	2	0	1	4	1	3	3	1	2	1	2	2	1	4	4	4	3	4	43	2	1	-999	-999	1	0	0	0	1	0	1	-999	2	1	1	0	1	0
698	3	2	1	0	3	2	3	2	2	2	1	2	2	2	4	4	5	3	4	43	2	1	-999	-999	1	0	0	0	1	0	1	-999	2	1	1	0	1	0
698	3	2	1	1	3	2	3	2	2	1	1	2	1	2	4	4	5	3	4	43	2	1	-999	-999	1	0	0	0	1	0	1	-999	2	1	1	0	1	0
699	1	2	0	0	4	2	3	2	3	1	1	1	2	2	4	4	4	3	4	45	3	1	-999	-999	1	1	0	0	0	1	0	-999	1	1	1	1	0	0
699	1	2	0	1	4	2	4	2	3	1	1	1	2	2	5	4	5	3	4	45	3	1	-999	-999	1	1	0	0	0	1	0	-999	1	1	1	1	0	0
699	1	2	1	0	5	1	4	3	3	2	1	1	1	2	4	4	4	4	4	45	3	1	-999	-999	1	1	0	0	0	1	0	-999	1	1	1	1	0	0
699	1	2	1	1	5	1	4	3	3	2	1	1	1	2	4	4	4	4	4	45	3	1	-999	-999	1	1	0	0	0	1	0	-999	1	1	1	1	0	0
702	2	2	0	0	4	4	4	3	4	4	2	2	1	1	4	4	4	3	4	23	1	2	0	0	1	0	0	1	0	0	1	-999	2	1	1	1	0	0
702	2	2	0	1	4	4	4	3	4	4	2	2	1	1	4	4	4	3	4	23	1	2	0	0	1	0	0	1	0	0	1	-999	2	1	1	1	0	0
702	2	2	1	0	3	3	3	3	3	1	1	1	1	1	4	4	4	3	4	23	1	2	0	0	1	0	0	1	0	0	1	-999	2	1	1	1	0	0
702	2	2	1	1	4	3	3	3	3	1	1	1	1	1	4	4	4	3	4	23	1	2	0	0	1	0	0	1	0	0	1	-999	2	1	1	1	0	0
703	2	2	0	0	2	2	3	3	3	3	3	2	3	3	3	4	3	3	3	25	2	2	0	0	1	1	0	1	1	1	1	2	3	2	1	1	1	0
703	2	2	0	1	4	4	4	4	3	3	2	2	2	2	4	3	4	4	4	25	2	2	0	0	1	1	0	1	1	1	1	2	3	2	1	1	1	0
703	2	2	1	0	4	4	4	4	4	4	4	2	2	2	4	4	4	4	4	25	2	2	0	0	1	1	0	1	1	1	1	2	3	2	1	1	1	0
703	2	2	1	1	4	4	4	4	4	4	4	2	2	2	4	4	4	4	4	25	2	2	0	0	1	1	0	1	1	1	1	2	3	2	1	1	1	0
707	1	2	0	0	3	4	2	3	3	3	4	3	2	2	3	3	3	3	3	31	2	2	0	0	1	1	0	0	0	1	0	-999	3	2	1	0	1	0
707	1	2	0	1	4	4	4	4	3	3	3	3	2	3	5	4	4	3	5	31	2	2	0	0	1	1	0	0	0	1	0	-999	3	2	1	0	1	0
707	1	2	1	0	5	3	4	4	3	2	2	2	2	2	5	5	5	4	5	31	2	2	0	0	1	1	0	0	0	1	0	-999	3	2	1	0	1	0
707	1	2	1	1	4	3	4	3	3	2	2	2	2	2	4	4	4	4	5	31	2	2	0	0	1	1	0	0	0	1	0	-999	3	2	1	0	1	0
713	2	2	0	0	1	3	2	1	3	1	4	3	3	4	1	1	1	3	1	43	2	2	0	0	1	1	0	1	0	1	1	4	2	2	1	1	1	1
713	2	2	0	1	4	3	4	5	3	1	1	1	1	2	5	5	5	3	5	43	2	2	0	0	1	1	0	1	0	1	1	4	2	2	1	1	1	1
713	2	2	1	0	2	3	3	4	3	1	3	3	1	1	5	5	4	3	4	43	2	2	0	0	1	1	0	1	0	1	1	4	2	2	1	1	1	1
713	2	2	1	1	5	4	5	5	3	1	1	1	1	1	5	5	5	3	5	43	2	2	0	0	1	1	0	1	0	1	1	4	2	2	1	1	1	1
717	2	2	0	0	3	3	3	2	2	2	3	3	2	3	2	2	2	3	3	52	3	2	0	0	1	1	0	1	0	1	1	5	3	2	1	1	1	1
717	2	2	0	1	4	3	4	4	4	4	3	3	3	2	5	5	5	4	5	52	3	2	0	0	1	1	0	1	0	1	1	5	3	2	1	1	1	1
717	2	2	1	0	4	3	4	4	3	4	3	3	2	2	4	4	4	4	4	52	3	2	0	0	1	1	0	1	0	1	1	5	3	2	1	1	1	1
717	2	2	1	1	5	4	4	4	3	3	3	2	1	1	5	4	4	4	5	52	3	2	0	0	1	1	0	1	0	1	1	5	3	2	1	1	1	1
727	3	2	0	0	4	2	2	3	2	1	3	2	2	2	4	4	4	3	4	38	2	1	0	0	1	0	0	0	1	0	1	4	2	2	1	0	1	0
727	3	2	0	1	4	2	3	3	2	1	2	2	2	2	4	4	4	3	4	38	2	1	0	0	1	0	0	0	1	0	1	4	2	2	1	0	1	0
727	3	2	1	0	4	2	3	3	3	2	2	2	2	2	4	4	4	3	4	38	2	1	0	0	1	0	0	0	1	0	1	4	2	2	1	0	1	0
727	3	2	1	1	4	2	3	3	2	2	2	2	2	2	4	4	4	3	4	38	2	1	0	0	1	0	0	0	1	0	1	4	2	2	1	0	1	0
740	3	2	0	0	4	4	3	3	3	2	1	2	1	3	4	4	4	3	3	41	2	2	0	0	1	0	0	0	1	0	1	-999	2	1	1	1	0	0
740	3	2	0	1	4	4	2	3	3	2	1	1	1	3	4	4	4	3	3	41	2	2	0	0	1	0	0	0	1	0	1	-999	2	1	1	1	0	0
740	3	2	1	0	4	1	3	3	3	1	1	2	1	3	4	4	4	3	3	41	2	2	0	0	1	0	0	0	1	0	1	-999	2	1	1	1	0	0
740	3	2	1	1	4	1	3	3	3	1	1	2	1	3	4	4	4	3	3	41	2	2	0	0	1	0	0	0	1	0	1	-999	2	1	1	1	0	0
742	1	2	0	0	3	3	3	3	3	3	3	3	3	3	2	2	2	3	2	50	3	2	0	0	1	1	0	0	0	1	0	4	3	2	1	1	0	0
742	1	2	0	1	4	4	3	4	3	3	2	2	3	2	4	4	4	3	4	50	3	2	0	0	1	1	0	0	0	1	0	4	3	2	1	1	0	0
742	1	2	1	0	3	3	3	4	3	3	3	3	2	2	4	4	4	3	4	50	3	2	0	0	1	1	0	0	0	1	0	4	3	2	1	1	0	0
742	1	2	1	1	3	3	3	4	3	3	3	3	2	2	4	4	4	3	4	50	3	2	0	0	1	1	0	0	0	1	0	4	3	2	1	1	0	0
749	2	2	0	0	1	3	1	1	3	4	5	5	4	4	1	1	1	3	1	30	2	2	0	0	1	0	0	1	0	0	1	2	2	2	1	1	1	1
749	2	2	0	1	4	3	5	5	3	1	1	2	3	1	4	4	4	3	5	30	2	2	0	0	1	0	0	1	0	0	1	2	2	2	1	1	1	1
749	2	2	1	0	4	4	4	5	3	2	2	2	1	1	5	4	4	3	4	30	2	2	0	0	1	0	0	1	0	0	1	2	2	2	1	1	1	1
749	2	2	1	1	5	4	4	5	3	1	1	1	1	1	5	4	4	3	5	30	2	2	0	0	1	0	0	1	0	0	1	2	2	2	1	1	1	1
766	2	2	0	0	2	4	2	3	3	2	4	2	2	4	3	4	4	4	4	26	2	1	0	0	1	0	0	1	0	0	1	3	3	1	1	0	1	0
766	2	2	0	1	4	4	4	4	4	4	2	5	4	4	4	4	4	4	4	26	2	1	0	0	1	0	0	1	0	0	1	3	3	1	1	0	1	0
766	2	2	1	0	4	4	4	4	4	5	2	4	4	4	4	3	4	4	3	26	2	1	0	0	1	0	0	1	0	0	1	3	3	1	1	0	1	0
766	2	2	1	1	4	4	4	4	4	4	2	3	3	3	4	4	4	4	4	26	2	1	0	0	1	0	0	1	0	0	1	3	3	1	1	0	1	0
768	2	2	0	0	2	2	2	2	3	2	2	4	4	2	1	1	1	3	1	33	2	2	0	0	1	0	0	1	0	0	1	5	3	2	1	1	1	1
768	2	2	0	1	4	4	4	4	4	4	4	2	2	4	5	5	5	4	5	33	2	2	0	0	1	0	0	1	0	0	1	5	3	2	1	1	1	1
768	2	2	1	0	3	3	3	3	3	3	4	4	4	4	3	3	3	3	3	33	2	2	0	0	1	0	0	1	0	0	1	5	3	2	1	1	1	1
768	2	2	1	1	4	4	4	4	4	4	3	3	3	3	4	4	4	4	4	33	2	2	0	0	1	0	0	1	0	0	1	5	3	2	1	1	1	1
784	3	2	0	0	2	3	1	2	4	3	4	3	2	2	4	4	2	3	4	24	1	2	0	0	1	0	0	0	1	0	1	4	2	3	1	0	1	1
784	3	2	0	1	4	5	4	4	3	4	2	3	2	2	4	1	2	3	2	24	1	2	0	0	1	0	0	0	1	0	1	4	2	3	1	0	1	1
784	3	2	1	0	4	4	2	2	3	4	4	4	4	4	2	2	2	4	3	24	1	2	0	0	1	0	0	0	1	0	1	4	2	3	1	0	1	1
784	3	2	1	1	4	2	4	4	5	2	2	2	2	1	4	5	4	4	4	24	1	2	0	0	1	0	0	0	1	0	1	4	2	3	1	0	1	1
794	2	2	0	0	2	3	3	3	4	2	4	1	1	1	2	4	4	4	2	21	1	2	1	0	1	0	0	1	0	0	1	1	3	3	1	0	1	0
794	2	2	0	1	4	5	4	4	4	2	1	1	1	1	5	4	5	4	5	21	1	2	1	0	1	0	0	1	0	0	1	1	3	3	1	0	1	0
794	2	2	1	0	4	4	4	4	5	1	1	1	1	1	4	5	5	5	5	21	1	2	1	0	1	0	0	1	0	0	1	1	3	3	1	0	1	0
794	2	2	1	1	4	5	4	4	4	1	1	1	2	1	5	5	5	5	5	21	1	2	1	0	1	0	0	1	0	0	1	1	3	3	1	0	1	0
806	1	1	0	0	1	2	2	1	2	2	2	2	2	3	1	2	1	1	1	58	3	1	0	1	0	0	0	0	0	0	0	5	1	4	1	0	1	0
806	1	1	0	1	4	3	4	4	3	3	3	3	3	1	5	4	5	4	4	58	3	1	0	1	0	0	0	0	0	0	0	5	1	4	1	0	1	0
806	1	1	1	0	3	3	4	3	3	3	2	3	3	3	3	4	4	5	3	58	3	1	0	1	0	0	0	0	0	0	0	5	1	4	1	0	1	0
806	1	1	1	1	4	3	3	4	3	3	2	3	3	3	3	3	3	3	3	58	3	1	0	1	0	0	0	0	0	0	0	5	1	4	1	0	1	0
808	1	1	0	0	2	2	2	2	2	2	2	2	2	2	2	2	2	3	2	62	3	1	0	1	1	1	0	0	0	1	0	2	3	2	1	0	0	0
808	1	1	0	1	4	4	4	4	4	4	4	4	4	4	4	2	2	3	4	62	3	1	0	1	1	1	0	0	0	1	0	2	3	2	1	0	0	0
808	1	1	1	0	4	3	4	4	4	3	3	2	3	2	4	4	4	3	4	62	3	1	0	1	1	1	0	0	0	1	0	2	3	2	1	0	0	0
808	1	1	1	1	2	2	4	2	2	4	3	4	1	4	2	1	1	2	2	62	3	1	0	1	1	1	0	0	0	1	0	2	3	2	1	0	0	0
809	1	1	0	0	3	5	3	3	4	1	3	3	3	2	3	2	2	3	3	28	2	2	0	0	1	1	0	0	0	1	0	4	1	1	0	0	1	0
809	1	1	0	1	4	3	3	3	3	4	3	3	4	4	4	4	4	3	3	28	2	2	0	0	1	1	0	0	0	1	0	4	1	1	0	0	1	0
809	1	1	1	0	5	5	4	3	5	3	2	3	3	3	5	5	5	3	5	28	2	2	0	0	1	1	0	0	0	1	0	4	1	1	0	0	1	0
809	1	1	1	1	2	2	2	3	2	3	4	3	3	3	2	2	2	3	2	28	2	2	0	0	1	1	0	0	0	1	0	4	1	1	0	0	1	0
811	2	1	0	0	1	1	1	1	1	4	4	4	4	4	1	1	1	1	1	30	2	2	0	0	1	1	1	1	0	1	1	3	2	1	1	0	1	0
811	2	1	0	1	4	4	4	4	4	1	1	1	1	1	4	4	4	4	4	30	2	2	0	0	1	1	1	1	0	1	1	3	2	1	1	0	1	0
811	2	1	1	0	1	4	4	1	1	1	1	4	4	4	1	1	1	1	1	30	2	2	0	0	1	1	1	1	0	1	1	3	2	1	1	0	1	0
811	2	1	1	1	4	1	1	4	4	4	4	1	1	1	4	4	4	4	4	30	2	2	0	0	1	1	1	1	0	1	1	3	2	1	1	0	1	0
812	3	1	0	0	1	3	1	1	2	4	4	4	4	4	2	1	2	3	1	36	2	2	0	0	1	1	0	0	1	1	1	5	3	2	1	1	1	0
812	3	1	0	1	4	4	5	5	4	2	1	2	2	1	5	4	5	3	5	36	2	2	0	0	1	1	0	0	1	1	1	5	3	2	1	1	1	0
812	3	1	1	0	5	5	5	4	4	3	2	2	1	1	4	4	4	3	4	36	2	2	0	0	1	1	0	0	1	1	1	5	3	2	1	1	1	0
812	3	1	1	1	4	4	4	5	5	3	1	1	1	1	5	5	5	3	5	36	2	2	0	0	1	1	0	0	1	1	1	5	3	2	1	1	1	0
814	1	1	0	0	2	3	3	3	5	3	3	3	3	1	3	4	4	4	3	22	1	1	0	0	1	1	0	0	0	1	0	2	3	2	1	1	1	0
814	1	1	0	1	4	4	5	4	5	3	1	4	2	1	4	3	4	4	5	22	1	1	0	0	1	1	0	0	0	1	0	2	3	2	1	1	1	0
814	1	1	1	0	5	3	4	4	3	2	1	3	2	2	4	3	4	5	5	22	1	1	0	0	1	1	0	0	0	1	0	2	3	2	1	1	1	0
814	1	1	1	1	4	3	4	5	5	1	1	3	2	2	4	3	4	5	5	22	1	1	0	0	1	1	0	0	0	1	0	2	3	2	1	1	1	0
821	3	1	0	0	4	3	3	4	5	2	3	1	1	3	5	5	5	5	5	23	1	2	1	0	1	0	0	0	1	0	1	1	3	2	1	1	1	0
821	3	1	0	1	4	4	4	4	4	3	3	2	1	3	3	4	4	4	3	23	1	2	1	0	1	0	0	0	1	0	1	1	3	2	1	1	1	0
821	3	1	1	0	1	5	1	1	1	5	5	5	5	4	1	1	1	1	1	23	1	2	1	0	1	0	0	0	1	0	1	1	3	2	1	1	1	0
821	3	1	1	1	4	2	4	4	4	2	2	3	2	2	4	4	4	4	4	23	1	2	1	0	1	0	0	0	1	0	1	1	3	2	1	1	1	0
823	1	1	0	0	2	4	2	2	2	4	4	3	4	4	1	2	1	1	1	19	1	1	1	0	0	0	0	0	0	0	0	1	3	3	1	1	1	0
823	1	1	0	1	4	2	3	3	4	1	2	2	2	2	5	5	4	4	4	19	1	1	1	0	0	0	0	0	0	0	0	1	3	3	1	1	1	0
823	1	1	1	0	4	1	4	3	3	2	2	3	3	1	5	4	4	5	5	19	1	1	1	0	0	0	0	0	0	0	0	1	3	3	1	1	1	0
823	1	1	1	1	5	4	5	5	5	4	5	1	1	1	5	4	4	5	5	19	1	1	1	0	0	0	0	0	0	0	0	1	3	3	1	1	1	0
826	2	1	0	0	3	3	3	3	3	2	3	3	3	3	3	3	3	3	3	63	3	2	0	1	1	1	0	1	0	1	1	6	2	3	1	0	1	0
826	2	1	0	1	4	4	3	4	3	4	2	4	4	4	3	2	2	3	2	63	3	2	0	1	1	1	0	1	0	1	1	6	2	3	1	0	1	0
826	2	1	1	0	4	4	3	3	3	3	3	3	3	3	3	3	3	3	4	63	3	2	0	1	1	1	0	1	0	1	1	6	2	3	1	0	1	0
826	2	1	1	1	4	4	3	3	3	4	3	4	3	3	3	3	3	3	3	63	3	2	0	1	1	1	0	1	0	1	1	6	2	3	1	0	1	0
827	1	1	0	0	1	1	1	1	1	1	1	1	1	1	1	1	1	1	1	61	3	1	0	1	1	1	0	0	0	1	0	-999	1	4	1	0	0	0
827	1	1	0	1	4	4	4	4	4	4	4	4	4	4	4	4	4	4	4	61	3	1	0	1	1	1	0	0	0	1	0	-999	1	4	1	0	0	0
827	1	1	1	0	4	4	4	4	4	4	4	4	4	4	4	4	4	4	4	61	3	1	0	1	1	1	0	0	0	1	0	-999	1	4	1	0	0	0
827	1	1	1	1	4	4	4	4	4	4	4	4	4	4	4	4	4	4	4	61	3	1	0	1	1	1	0	0	0	1	0	-999	1	4	1	0	0	0
829	1	1	0	0	1	3	2	2	3	2	4	5	2	2	1	1	1	3	1	69	4	1	0	1	0	0	0	0	0	0	0	5	3	3	1	0	1	0
829	1	1	0	1	4	4	4	4	4	2	2	2	2	2	5	5	5	4	5	69	4	1	0	1	0	0	0	0	0	0	0	5	3	3	1	0	1	0
829	1	1	1	0	2	3	4	4	4	2	2	2	2	2	4	4	4	4	4	69	4	1	0	1	0	0	0	0	0	0	0	5	3	3	1	0	1	0
829	1	1	1	1	5	3	5	5	5	2	1	1	2	2	5	5	5	4	5	69	4	1	0	1	0	0	0	0	0	0	0	5	3	3	1	0	1	0
835	2	1	0	0	3	4	3	3	4	3	3	3	3	1	3	3	3	3	3	62	3	2	0	1	1	1	0	1	0	1	1	4	2	2	1	0	1	0
835	2	1	0	1	4	4	4	3	4	3	2	3	3	1	4	4	4	3	4	62	3	2	0	1	1	1	0	1	0	1	1	4	2	2	1	0	1	0
835	2	1	1	0	3	4	3	3	4	2	2	2	2	2	3	4	4	3	3	62	3	2	0	1	1	1	0	1	0	1	1	4	2	2	1	0	1	0
835	2	1	1	1	4	4	3	3	4	2	2	2	2	2	3	4	4	3	3	62	3	2	0	1	1	1	0	1	0	1	1	4	2	2	1	0	1	0
836	2	1	0	0	2	3	2	1	4	1	3	2	1	3	3	4	4	3	3	62	3	2	0	1	1	1	0	1	0	1	1	6	2	2	1	1	1	0
836	2	1	0	1	4	4	3	4	3	2	1	4	3	3	4	3	4	3	4	62	3	2	0	1	1	1	0	1	0	1	1	6	2	2	1	1	1	0
836	2	1	1	0	4	3	3	3	4	3	1	3	3	1	3	3	3	3	3	62	3	2	0	1	1	1	0	1	0	1	1	6	2	2	1	1	1	0
836	2	1	1	1	4	4	4	4	4	4	1	3	3	1	4	3	3	3	4	62	3	2	0	1	1	1	0	1	0	1	1	6	2	2	1	1	1	0
838	1	1	0	0	2	4	2	2	3	4	3	4	3	3	1	2	2	3	2	63	3	2	0	1	1	1	0	0	0	1	0	6	3	3	1	0	1	0
838	1	1	0	1	4	3	3	3	3	1	1	3	2	3	4	4	4	3	4	63	3	2	0	1	1	1	0	0	0	1	0	6	3	3	1	0	1	0
838	1	1	1	0	3	3	4	3	3	3	2	2	1	1	3	4	4	3	3	63	3	2	0	1	1	1	0	0	0	1	0	6	3	3	1	0	1	0
838	1	1	1	1	3	3	4	4	4	3	2	2	1	1	4	4	4	3	4	63	3	2	0	1	1	1	0	0	0	1	0	6	3	3	1	0	1	0
839	1	1	0	0	2	2	2	2	2	3	4	4	3	4	2	2	2	3	2	64	3	2	0	1	1	1	0	0	0	1	0	-999	1	3	1	0	0	0
839	1	1	0	1	4	4	4	4	4	3	2	2	3	2	4	4	4	3	4	64	3	2	0	1	1	1	0	0	0	1	0	-999	1	3	1	0	0	0
839	1	1	1	0	2	3	2	2	3	3	4	3	3	4	2	2	2	3	2	64	3	2	0	1	1	1	0	0	0	1	0	-999	1	3	1	0	0	0
839	1	1	1	1	4	3	4	4	3	3	2	3	3	2	4	4	4	3	4	64	3	2	0	1	1	1	0	0	0	1	0	-999	1	3	1	0	0	0
842	1	1	0	0	2	4	3	1	5	2	3	3	1	1	2	3	2	3	1	64	3	2	0	1	1	1	0	0	0	1	0	5	3	3	1	0	1	0
842	1	1	0	1	4	4	3	3	5	2	1	3	1	1	5	4	5	5	5	64	3	2	0	1	1	1	0	0	0	1	0	5	3	3	1	0	1	0
842	1	1	1	0	4	4	4	4	4	2	1	1	2	1	4	4	4	4	4	64	3	2	0	1	1	1	0	0	0	1	0	5	3	3	1	0	1	0
842	1	1	1	1	5	5	4	4	4	2	1	1	2	1	5	4	4	4	5	64	3	2	0	1	1	1	0	0	0	1	0	5	3	3	1	0	1	0
845	1	1	0	0	2	2	3	3	3	1	3	3	3	3	3	3	3	3	1	65	4	2	0	1	1	1	0	0	0	1	0	2	2	4	1	1	1	0
845	1	1	0	1	4	4	4	4	4	1	1	2	1	1	4	4	1	3	4	65	4	2	0	1	1	1	0	0	0	1	0	2	2	4	1	1	1	0
845	1	1	1	0	3	3	4	2	4	1	1	2	1	1	4	3	4	3	3	65	4	2	0	1	1	1	0	0	0	1	0	2	2	4	1	1	1	0
845	1	1	1	1	4	4	4	1	4	1	1	2	1	1	4	3	4	3	4	65	4	2	0	1	1	1	0	0	0	1	0	2	2	4	1	1	1	0
846	1	1	0	0	2	3	3	2	2	3	4	3	3	3	3	2	2	2	2	65	4	2	0	1	1	1	1	0	0	1	0	5	3	4	1	0	1	0
846	1	1	0	1	4	3	3	4	4	2	2	3	2	3	4	4	4	4	4	65	4	2	0	1	1	1	1	0	0	1	0	5	3	4	1	0	1	0
846	1	1	1	0	2	3	3	3	3	3	3	3	3	3	3	3	3	3	3	65	4	2	0	1	1	1	1	0	0	1	0	5	3	4	1	0	1	0
846	1	1	1	1	4	3	3	4	4	3	3	3	3	3	4	4	4	3	4	65	4	2	0	1	1	1	1	0	0	1	0	5	3	4	1	0	1	0
850	2	1	0	0	1	3	3	3	3	3	3	3	3	3	3	3	3	3	3	65	4	2	0	1	1	1	0	1	0	1	1	4	2	3	1	0	0	0
850	2	1	0	1	4	4	4	3	4	2	2	2	3	3	4	4	4	4	4	65	4	2	0	1	1	1	0	1	0	1	1	4	2	3	1	0	0	0
850	2	1	1	0	4	4	3	3	4	3	3	3	3	3	4	4	4	4	4	65	4	2	0	1	1	1	0	1	0	1	1	4	2	3	1	0	0	0
850	2	1	1	1	4	4	3	3	4	3	3	3	3	3	4	4	4	4	4	65	4	2	0	1	1	1	0	1	0	1	1	4	2	3	1	0	0	0
853	2	1	0	0	3	4	3	2	4	3	3	2	2	1	4	3	3	4	3	65	4	2	0	1	1	1	0	1	0	1	1	-999	1	2	1	0	0	0
853	2	1	0	1	4	4	3	2	4	2	3	2	2	1	4	3	4	4	3	65	4	2	0	1	1	1	0	1	0	1	1	-999	1	2	1	0	0	0
853	2	1	1	0	3	4	2	1	4	3	1	1	1	1	4	4	4	4	4	65	4	2	0	1	1	1	0	1	0	1	1	-999	1	2	1	0	0	0
853	2	1	1	1	3	4	2	1	4	3	1	1	1	1	4	4	4	4	4	65	4	2	0	1	1	1	0	1	0	1	1	-999	1	2	1	0	0	0
855	1	1	0	0	2	3	2	2	3	3	4	3	2	4	2	2	2	2	2	66	4	2	0	1	1	1	0	0	0	1	0	5	3	4	1	1	1	0
855	1	1	0	1	4	3	4	4	3	3	2	3	2	2	4	4	4	3	4	66	4	2	0	1	1	1	0	0	0	1	0	5	3	4	1	1	1	0
855	1	1	1	0	2	3	3	3	3	3	4	3	3	2	3	3	3	3	3	66	4	2	0	1	1	1	0	0	0	1	0	5	3	4	1	1	1	0
855	1	1	1	1	4	4	4	4	4	2	2	3	2	2	3	4	4	3	4	66	4	2	0	1	1	1	0	0	0	1	0	5	3	4	1	1	1	0
862	1	1	0	0	1	4	3	3	3	3	3	3	4	3	1	1	1	3	3	67	4	2	0	1	1	1	0	0	0	1	0	-999	1	2	1	0	0	0
862	1	1	0	1	4	4	3	3	4	2	3	3	3	3	5	5	5	4	5	67	4	2	0	1	1	1	0	0	0	1	0	-999	1	2	1	0	0	0
862	1	1	1	0	3	3	3	3	3	3	3	3	3	3	3	3	3	3	3	67	4	2	0	1	1	1	0	0	0	1	0	-999	1	2	1	0	0	0
862	1	1	1	1	3	3	3	3	3	3	3	3	3	3	3	3	3	3	3	67	4	2	0	1	1	1	0	0	0	1	0	-999	1	2	1	0	0	0
865	1	1	0	0	2	3	3	3	3	3	4	3	3	2	4	4	4	3	4	68	4	2	0	1	1	1	0	0	0	1	0	5	2	3	1	0	1	0
865	1	1	0	1	4	3	3	3	3	1	3	3	3	2	4	4	4	3	4	68	4	2	0	1	1	1	0	0	0	1	0	5	2	3	1	0	1	0
865	1	1	1	0	3	3	3	3	3	3	3	3	2	2	3	3	3	3	3	68	4	2	0	1	1	1	0	0	0	1	0	5	2	3	1	0	1	0
865	1	1	1	1	3	3	3	3	3	3	3	3	2	2	3	3	3	3	3	68	4	2	0	1	1	1	0	0	0	1	0	5	2	3	1	0	1	0
866	1	1	0	0	3	3	3	3	3	3	3	3	3	3	3	3	3	3	3	68	4	2	0	1	1	1	0	1	0	1	1	5	2	4	1	0	0	0
866	1	1	0	1	4	3	4	4	4	3	5	3	3	3	5	4	4	3	4	68	4	2	0	1	1	1	0	1	0	1	1	5	2	4	1	0	0	0
866	1	1	1	0	3	4	3	3	3	3	3	3	3	3	3	3	3	3	3	68	4	2	0	1	1	1	0	1	0	1	1	5	2	4	1	0	0	0
866	1	1	1	1	4	3	3	3	3	3	3	3	3	3	3	3	3	3	3	68	4	2	0	1	1	1	0	1	0	1	1	5	2	4	1	0	0	0
868	2	1	0	0	1	3	1	1	1	4	4	4	4	3	1	1	4	3	1	68	4	2	0	1	1	1	1	1	0	1	1	-999	3	3	1	1	0	0
868	2	1	0	1	4	3	4	4	4	1	1	1	1	1	4	4	1	3	4	68	4	2	0	1	1	1	1	1	0	1	1	-999	3	3	1	1	0	0
868	2	1	1	0	3	4	4	3	3	2	1	2	2	2	4	4	4	3	4	68	4	2	0	1	1	1	1	1	0	1	1	-999	3	3	1	1	0	0
868	2	1	1	1	4	4	4	4	4	1	1	1	1	1	4	4	4	4	4	68	4	2	0	1	1	1	1	1	0	1	1	-999	3	3	1	1	0	0
875	1	1	0	0	2	4	1	1	2	4	2	4	4	4	1	2	2	3	2	70	4	2	0	1	1	1	0	0	0	1	0	6	3	4	1	0	1	0
875	1	1	0	1	4	3	3	4	3	3	4	2	3	2	4	4	4	3	4	70	4	2	0	1	1	1	0	0	0	1	0	6	3	4	1	0	1	0
875	1	1	1	0	3	4	4	4	3	3	2	2	2	2	3	3	4	3	3	70	4	2	0	1	1	1	0	0	0	1	0	6	3	4	1	0	1	0
875	1	1	1	1	3	3	4	4	3	3	2	2	2	2	3	3	4	3	3	70	4	2	0	1	1	1	0	0	0	1	0	6	3	4	1	0	1	0
878	2	1	0	0	2	2	1	2	2	2	2	1	2	4	2	2	2	4	2	70	4	2	0	1	1	1	0	1	0	1	1	5	2	4	1	0	0	0
878	2	1	0	1	4	4	4	4	4	4	4	4	4	1	4	4	4	2	4	70	4	2	0	1	1	1	0	1	0	1	1	5	2	4	1	0	0	0
878	2	1	1	0	2	2	2	2	2	2	2	2	2	2	2	2	2	2	2	70	4	2	0	1	1	1	0	1	0	1	1	5	2	4	1	0	0	0
878	2	1	1	1	4	4	4	4	4	4	4	4	4	3	4	4	4	3	4	70	4	2	0	1	1	1	0	1	0	1	1	5	2	4	1	0	0	0
881	1	1	0	0	2	3	2	3	3	4	2	3	3	3	2	3	3	3	3	71	4	2	0	1	1	1	0	0	0	1	0	5	3	4	1	0	1	0
881	1	1	0	1	4	4	3	3	4	3	4	2	2	2	4	4	4	4	4	71	4	2	0	1	1	1	0	0	0	1	0	5	3	4	1	0	1	0
881	1	1	1	0	3	4	3	4	4	3	3	3	2	3	4	3	3	4	4	71	4	2	0	1	1	1	0	0	0	1	0	5	3	4	1	0	1	0
881	1	1	1	1	4	3	4	3	4	2	2	3	2	3	3	4	4	4	4	71	4	2	0	1	1	1	0	0	0	1	0	5	3	4	1	0	1	0
884	1	1	0	0	2	3	3	2	3	2	2	3	1	3	2	3	3	3	1	73	4	2	0	1	1	1	0	0	0	1	0	5	3	3	1	0	1	1
884	1	1	0	1	4	5	4	4	3	2	2	3	1	1	5	4	4	3	5	73	4	2	0	1	1	1	0	0	0	1	0	5	3	3	1	0	1	1
884	1	1	1	0	3	4	3	4	3	3	2	2	1	1	4	4	4	3	3	73	4	2	0	1	1	1	0	0	0	1	0	5	3	3	1	0	1	1
884	1	1	1	1	3	3	4	5	3	3	2	2	1	1	5	4	5	3	4	73	4	2	0	1	1	1	0	0	0	1	0	5	3	3	1	0	1	1
885	1	1	0	0	3	3	3	3	3	3	4	4	3	3	3	3	3	3	3	74	4	2	0	1	1	1	0	0	0	1	0	5	3	4	1	0	1	0
885	1	1	0	1	4	3	4	4	3	3	4	4	3	3	4	4	4	3	5	74	4	2	0	1	1	1	0	0	0	1	0	5	3	4	1	0	1	0
885	1	1	1	0	3	3	3	3	3	2	2	2	2	1	4	4	4	4	5	74	4	2	0	1	1	1	0	0	0	1	0	5	3	4	1	0	1	0
885	1	1	1	1	4	3	3	3	3	2	2	2	2	1	5	5	5	4	5	74	4	2	0	1	1	1	0	0	0	1	0	5	3	4	1	0	1	0
887	1	1	0	0	2	2	3	3	3	4	3	3	4	4	1	1	1	3	1	75	4	2	0	1	1	1	0	0	0	1	0	-999	1	3	1	0	0	0
887	1	1	0	1	4	4	4	3	4	4	5	3	3	2	5	5	5	4	5	75	4	2	0	1	1	1	0	0	0	1	0	-999	1	3	1	0	0	0
887	1	1	1	0	3	4	3	3	4	3	3	3	1	3	5	5	5	3	5	75	4	2	0	1	1	1	0	0	0	1	0	-999	1	3	1	0	0	0
887	1	1	1	1	5	5	3	3	4	3	1	3	1	3	5	5	5	3	5	75	4	2	0	1	1	1	0	0	0	1	0	-999	1	3	1	0	0	0
890	1	1	0	0	3	3	3	3	3	3	3	3	3	3	3	3	3	3	3	77	4	2	0	1	1	1	0	0	0	1	0	5	3	4	1	0	1	0
890	1	1	0	1	4	3	4	4	3	2	2	3	3	3	4	4	4	3	4	77	4	2	0	1	1	1	0	0	0	1	0	5	3	4	1	0	1	0
890	1	1	1	0	4	3	4	4	3	3	3	3	3	3	3	4	4	3	3	77	4	2	0	1	1	1	0	0	0	1	0	5	3	4	1	0	1	0
890	1	1	1	1	4	3	4	4	3	3	3	3	3	3	3	4	4	3	3	77	4	2	0	1	1	1	0	0	0	1	0	5	3	4	1	0	1	0
893	1	1	0	0	3	3	3	3	3	3	3	3	3	2	3	3	3	3	4	79	4	2	0	1	1	1	0	0	0	1	0	6	1	2	1	0	1	0
893	1	1	0	1	4	4	3	3	3	3	4	3	3	2	3	3	4	3	4	79	4	2	0	1	1	1	0	0	0	1	0	6	1	2	1	0	1	0
893	1	1	1	0	4	4	3	3	3	4	3	4	4	3	2	3	3	3	3	79	4	2	0	1	1	1	0	0	0	1	0	6	1	2	1	0	1	0
893	1	1	1	1	4	4	3	3	3	4	3	4	4	3	2	3	3	3	3	79	4	2	0	1	1	1	0	0	0	1	0	6	1	2	1	0	1	0
895	1	1	0	0	1	2	1	1	3	4	4	4	4	4	1	1	1	3	1	83	4	2	0	1	0	0	0	0	0	0	0	-999	3	4	1	1	1	0
895	1	1	0	1	4	3	3	3	3	2	1	2	1	1	4	4	4	3	4	83	4	2	0	1	0	0	0	0	0	0	0	-999	3	4	1	1	1	0
895	1	1	1	0	3	3	3	3	3	1	1	2	1	1	4	4	4	3	4	83	4	2	0	1	0	0	0	0	0	0	0	-999	3	4	1	1	1	0
895	1	1	1	1	4	4	4	4	3	2	1	1	1	1	4	4	4	3	4	83	4	2	0	1	0	0	0	0	0	0	0	-999	3	4	1	1	1	0
897	2	1	0	0	3	4	3	2	3	3	4	4	3	2	3	3	3	3	3	60	3	1	0	1	1	1	0	1	0	1	1	5	1	2	1	0	1	0
897	2	1	0	1	4	4	3	4	3	3	2	4	3	2	4	3	3	3	4	60	3	1	0	1	1	1	0	1	0	1	1	5	1	2	1	0	1	0
897	2	1	1	0	3	4	4	3	3	3	2	4	3	2	4	3	3	3	3	60	3	1	0	1	1	1	0	1	0	1	1	5	1	2	1	0	1	0
897	2	1	1	1	3	4	4	3	3	3	2	4	3	2	4	3	3	3	3	60	3	1	0	1	1	1	0	1	0	1	1	5	1	2	1	0	1	0
899	1	1	0	0	2	4	3	3	3	3	3	4	3	3	2	2	3	3	2	61	3	1	0	1	1	1	0	0	0	1	0	3	3	3	1	1	1	1
899	1	1	0	1	4	3	3	3	3	3	3	3	3	3	4	4	4	3	4	61	3	1	0	1	1	1	0	0	0	1	0	3	3	3	1	1	1	1
899	1	1	1	0	3	3	3	3	3	3	3	3	3	3	3	3	3	3	3	61	3	1	0	1	1	1	0	0	0	1	0	3	3	3	1	1	1	1
899	1	1	1	1	4	3	3	4	4	4	3	3	3	3	4	4	4	4	4	61	3	1	0	1	1	1	0	0	0	1	0	3	3	3	1	1	1	1
905	1	1	0	0	2	3	2	2	3	3	3	3	3	3	1	2	2	2	1	62	3	1	0	1	1	1	0	0	0	1	0	5	2	4	1	0	1	1
905	1	1	0	1	4	3	4	4	4	3	1	1	2	2	4	4	4	4	4	62	3	1	0	1	1	1	0	0	0	1	0	5	2	4	1	0	1	1
905	1	1	1	0	4	4	3	2	3	3	2	2	3	2	4	4	3	3	3	62	3	1	0	1	1	1	0	0	0	1	0	5	2	4	1	0	1	1
905	1	1	1	1	4	4	4	1	4	3	1	1	2	1	4	4	4	4	4	62	3	1	0	1	1	1	0	0	0	1	0	5	2	4	1	0	1	1
906	1	1	0	0	1	4	1	1	3	4	3	3	3	3	1	1	1	3	1	62	3	1	0	1	0	0	0	0	0	0	0	5	3	3	1	0	1	0
906	1	1	0	1	4	2	4	4	4	1	1	1	1	1	4	4	4	4	4	62	3	1	0	1	0	0	0	0	0	0	0	5	3	3	1	0	1	0
906	1	1	1	0	1	3	3	3	3	3	3	3	3	3	1	1	3	3	1	62	3	1	0	1	0	0	0	0	0	0	0	5	3	3	1	0	1	0
906	1	1	1	1	4	4	4	4	3	1	1	1	1	3	4	4	4	4	4	62	3	1	0	1	0	0	0	0	0	0	0	5	3	3	1	0	1	0
907	2	1	0	0	3	4	1	1	3	3	3	3	3	3	4	3	3	3	3	62	3	1	0	1	1	1	0	1	0	1	1	6	2	2	1	1	1	1
907	2	1	0	1	4	4	4	3	3	2	1	2	1	1	4	4	4	4	5	62	3	1	0	1	1	1	0	1	0	1	1	6	2	2	1	1	1	1
907	2	1	1	0	4	4	4	4	3	2	1	2	3	3	2	4	4	3	4	62	3	1	0	1	1	1	0	1	0	1	1	6	2	2	1	1	1	1
907	2	1	1	1	4	4	4	4	3	4	1	2	3	3	2	4	4	3	4	62	3	1	0	1	1	1	0	1	0	1	1	6	2	2	1	1	1	1
910	1	1	0	0	1	1	1	1	1	1	4	3	1	3	2	1	1	1	1	64	3	1	0	1	1	1	0	0	0	1	0	5	3	3	1	0	1	0
910	1	1	0	1	4	4	4	4	5	3	1	3	3	3	5	5	5	5	5	64	3	1	0	1	1	1	0	0	0	1	0	5	3	3	1	0	1	0
910	1	1	1	0	5	5	5	5	5	3	3	3	3	3	5	5	5	3	2	64	3	1	0	1	1	1	0	0	0	1	0	5	3	3	1	0	1	0
910	1	1	1	1	5	5	5	5	5	3	3	3	3	3	5	5	5	3	5	64	3	1	0	1	1	1	0	0	0	1	0	5	3	3	1	0	1	0
911	1	1	0	0	2	3	2	2	3	3	4	3	3	2	2	2	2	2	2	64	3	1	0	1	1	1	0	0	0	1	0	-999	3	2	1	1	1	0
911	1	1	0	1	4	3	4	4	3	2	1	2	2	2	4	4	4	4	4	64	3	1	0	1	1	1	0	0	0	1	0	-999	3	2	1	1	1	0
911	1	1	1	0	3	3	4	3	3	2	2	2	2	2	3	3	3	3	3	64	3	1	0	1	1	1	0	0	0	1	0	-999	3	2	1	1	1	0
911	1	1	1	1	4	3	4	4	3	2	2	2	2	2	4	4	4	4	4	64	3	1	0	1	1	1	0	0	0	1	0	-999	3	2	1	1	1	0
913	1	1	0	0	2	3	3	3	3	2	1	3	1	1	1	1	1	3	1	64	3	1	0	1	1	1	0	0	0	1	0	-999	3	4	1	0	1	0
913	1	1	0	1	4	3	3	3	3	2	1	3	1	1	4	4	4	3	4	64	3	1	0	1	1	1	0	0	0	1	0	-999	3	4	1	0	1	0
913	1	1	1	0	3	1	1	1	1	1	2	1	1	1	1	3	3	1	1	64	3	1	0	1	1	1	0	0	0	1	0	-999	3	4	1	0	1	0
913	1	1	1	1	3	1	1	1	1	1	2	1	1	1	4	3	3	1	4	64	3	1	0	1	1	1	0	0	0	1	0	-999	3	4	1	0	1	0
915	2	1	0	0	2	3	2	2	3	3	2	3	3	3	3	3	3	3	3	64	3	1	0	1	1	1	0	1	0	1	1	4	1	2	1	0	0	0
915	2	1	0	1	4	3	4	4	4	3	4	3	3	3	4	3	4	3	4	64	3	1	0	1	1	1	0	1	0	1	1	4	1	2	1	0	0	0
915	2	1	1	0	4	3	3	3	3	3	3	3	3	3	4	4	4	3	3	64	3	1	0	1	1	1	0	1	0	1	1	4	1	2	1	0	0	0
915	2	1	1	1	4	3	3	3	3	3	3	3	3	3	4	4	4	3	3	64	3	1	0	1	1	1	0	1	0	1	1	4	1	2	1	0	0	0
919	1	1	0	0	1	3	1	3	3	3	4	3	3	3	2	3	2	2	2	65	4	1	0	1	1	1	0	0	0	1	0	3	1	1	1	0	1	0
919	1	1	0	1	4	3	4	3	3	3	2	3	3	3	2	3	3	2	4	65	4	1	0	1	1	1	0	0	0	1	0	3	1	1	1	0	1	0
919	1	1	1	0	3	3	3	3	3	3	3	2	3	3	2	3	2	3	3	65	4	1	0	1	1	1	0	0	0	1	0	3	1	1	1	0	1	0
919	1	1	1	1	4	4	4	4	3	3	3	3	3	3	4	3	2	3	3	65	4	1	0	1	1	1	0	0	0	1	0	3	1	1	1	0	1	0
921	1	1	0	0	1	2	2	2	2	1	1	1	4	2	2	3	4	3	1	65	4	1	0	1	1	1	0	0	0	1	0	3	3	4	1	0	1	0
921	1	1	0	1	4	3	4	3	4	3	4	4	1	3	4	2	2	2	4	65	4	1	0	1	1	1	0	0	0	1	0	3	3	4	1	0	1	0
921	1	1	1	0	4	4	4	3	4	4	3	1	3	2	4	4	4	3	3	65	4	1	0	1	1	1	0	0	0	1	0	3	3	4	1	0	1	0
921	1	1	1	1	3	2	2	2	3	2	2	3	2	3	3	3	3	3	3	65	4	1	0	1	1	1	0	0	0	1	0	3	3	4	1	0	1	0
923	1	1	0	0	1	4	1	3	3	3	3	3	2	3	1	2	2	3	1	66	4	1	0	1	1	1	0	0	0	1	0	4	2	2	1	0	0	0
923	1	1	0	1	4	4	4	4	3	1	1	2	2	2	4	4	4	3	4	66	4	1	0	1	1	1	0	0	0	1	0	4	2	2	1	0	0	0
923	1	1	1	0	4	3	4	4	4	3	2	3	3	3	4	3	4	3	4	66	4	1	0	1	1	1	0	0	0	1	0	4	2	2	1	0	0	0
923	1	1	1	1	4	4	4	4	4	3	1	3	3	3	4	4	4	4	4	66	4	1	0	1	1	1	0	0	0	1	0	4	2	2	1	0	0	0
924	1	1	0	0	1	3	3	3	3	2	2	2	3	3	2	3	3	3	3	66	4	1	0	1	1	1	0	1	0	1	1	5	3	3	1	0	1	0
924	1	1	0	1	4	3	3	4	4	1	2	2	3	3	4	4	4	3	4	66	4	1	0	1	1	1	0	1	0	1	1	5	3	3	1	0	1	0
924	1	1	1	0	3	3	3	3	3	3	3	3	3	3	4	4	3	3	3	66	4	1	0	1	1	1	0	1	0	1	1	5	3	3	1	0	1	0
924	1	1	1	1	3	3	3	3	3	3	3	3	3	4	4	4	4	3	3	66	4	1	0	1	1	1	0	1	0	1	1	5	3	3	1	0	1	0
929	1	1	0	0	1	4	1	3	1	2	4	3	4	4	2	1	1	1	1	66	4	1	0	1	0	0	0	0	0	0	0	-999	3	4	1	0	1	0
929	1	1	0	1	4	4	3	3	2	3	2	3	3	2	4	3	3	3	4	66	4	1	0	1	0	0	0	0	0	0	0	-999	3	4	1	0	1	0
929	1	1	1	0	2	3	3	3	3	3	3	3	3	2	2	2	2	1	1	66	4	1	0	1	0	0	0	0	0	0	0	-999	3	4	1	0	1	0
929	1	1	1	1	4	3	3	3	3	3	3	3	3	3	4	4	4	4	4	66	4	1	0	1	0	0	0	0	0	0	0	-999	3	4	1	0	1	0
931	1	1	0	0	2	3	2	2	2	4	3	3	3	3	1	1	2	2	1	66	4	1	0	1	1	1	0	0	0	1	0	4	2	3	1	0	1	0
931	1	1	0	1	4	3	4	4	4	2	3	3	3	2	5	5	5	4	5	66	4	1	0	1	1	1	0	0	0	1	0	4	2	3	1	0	1	0
931	1	1	1	0	3	2	2	2	2	3	3	2	3	3	2	5	4	3	4	66	4	1	0	1	1	1	0	0	0	1	0	4	2	3	1	0	1	0
931	1	1	1	1	4	4	4	4	4	3	3	2	3	3	5	2	2	5	4	66	4	1	0	1	1	1	0	0	0	1	0	4	2	3	1	0	1	0
932	1	1	0	0	1	3	1	1	3	1	4	4	3	3	3	2	3	3	2	66	4	1	0	1	1	1	0	0	0	1	0	4	2	2	1	0	0	0
932	1	1	0	1	4	3	4	4	3	4	1	1	3	3	4	4	4	4	4	66	4	1	0	1	1	1	0	0	0	1	0	4	2	2	1	0	0	0
932	1	1	1	0	3	3	3	3	3	3	3	3	3	3	3	3	3	3	3	66	4	1	0	1	1	1	0	0	0	1	0	4	2	2	1	0	0	0
932	1	1	1	1	4	3	4	4	4	2	2	3	3	3	4	4	4	4	4	66	4	1	0	1	1	1	0	0	0	1	0	4	2	2	1	0	0	0
933	1	1	0	0	3	4	3	3	4	2	2	3	3	2	2	3	3	3	3	66	4	1	0	1	1	1	0	0	0	1	0	6	3	3	1	0	1	0
933	1	1	0	1	4	4	4	4	4	2	1	3	3	2	5	5	5	4	5	66	4	1	0	1	1	1	0	0	0	1	0	6	3	3	1	0	1	0
933	1	1	1	0	4	4	4	4	2	2	2	2	2	2	4	4	4	4	3	66	4	1	0	1	1	1	0	0	0	1	0	6	3	3	1	0	1	0
933	1	1	1	1	4	4	5	4	2	2	2	2	2	2	5	5	5	4	5	66	4	1	0	1	1	1	0	0	0	1	0	6	3	3	1	0	1	0
940	1	1	0	0	3	3	3	3	4	3	3	3	3	2	5	4	3	3	3	67	4	1	0	1	1	1	0	0	0	1	0	5	3	4	1	0	1	0
940	1	1	0	1	4	4	4	4	4	3	3	3	3	2	5	5	5	3	5	67	4	1	0	1	1	1	0	0	0	1	0	5	3	4	1	0	1	0
940	1	1	1	0	4	4	4	4	4	3	3	3	3	3	4	4	4	4	4	67	4	1	0	1	1	1	0	0	0	1	0	5	3	4	1	0	1	0
940	1	1	1	1	4	4	5	4	4	3	3	3	3	3	4	4	4	4	4	67	4	1	0	1	1	1	0	0	0	1	0	5	3	4	1	0	1	0
941	1	1	0	0	3	3	2	2	3	3	2	3	3	3	2	2	2	2	5	67	4	1	0	1	1	1	0	0	0	1	0	3	1	2	1	0	0	0
941	1	1	0	1	4	5	5	5	5	4	5	5	3	3	5	5	5	4	5	67	4	1	0	1	1	1	0	0	0	1	0	3	1	2	1	0	0	0
941	1	1	1	0	4	4	5	3	3	3	5	3	3	3	5	5	4	4	4	67	4	1	0	1	1	1	0	0	0	1	0	3	1	2	1	0	0	0
941	1	1	1	1	5	3	2	3	3	3	2	3	3	3	5	5	5	5	5	67	4	1	0	1	1	1	0	0	0	1	0	3	1	2	1	0	0	0
942	1	1	0	0	1	3	2	1	3	2	4	3	3	3	1	1	2	1	1	68	4	1	0	1	1	1	0	0	0	1	0	5	1	2	1	0	1	0
942	1	1	0	1	4	3	4	4	3	1	1	1	3	1	4	4	4	4	4	68	4	1	0	1	1	1	0	0	0	1	0	5	1	2	1	0	1	0
942	1	1	1	0	2	3	2	2	4	3	2	2	3	1	3	3	3	4	2	68	4	1	0	1	1	1	0	0	0	1	0	5	1	2	1	0	1	0
942	1	1	1	1	4	3	4	4	4	1	1	1	3	1	4	4	4	4	4	68	4	1	0	1	1	1	0	0	0	1	0	5	1	2	1	0	1	0
943	1	1	0	0	2	2	2	2	2	3	2	3	3	3	2	2	4	2	1	68	4	1	0	1	1	1	0	0	0	1	0	-999	3	4	1	0	1	0
943	1	1	0	1	4	3	2	4	4	1	1	1	3	1	3	4	2	4	4	68	4	1	0	1	1	1	0	0	0	1	0	-999	3	4	1	0	1	0
943	1	1	1	0	3	3	3	3	3	2	1	3	2	2	3	2	2	4	3	68	4	1	0	1	1	1	0	0	0	1	0	-999	3	4	1	0	1	0
943	1	1	1	1	4	3	4	4	4	2	1	3	2	2	4	4	4	4	4	68	4	1	0	1	1	1	0	0	0	1	0	-999	3	4	1	0	1	0
944	1	1	0	0	2	4	2	2	2	3	2	3	2	3	1	2	2	2	1	68	4	1	0	1	1	0	0	1	0	0	1	3	3	4	1	0	1	0
944	1	1	0	1	4	4	5	5	4	4	1	2	4	4	5	4	5	4	5	68	4	1	0	1	1	0	0	1	0	0	1	3	3	4	1	0	1	0
944	1	1	1	0	4	4	3	2	4	2	3	2	1	2	4	4	4	4	4	68	4	1	0	1	1	0	0	1	0	0	1	3	3	4	1	0	1	0
944	1	1	1	1	3	4	3	2	4	2	3	2	1	2	4	4	4	4	4	68	4	1	0	1	1	0	0	1	0	0	1	3	3	4	1	0	1	0
952	1	1	0	0	2	3	2	3	3	3	3	3	2	3	3	3	3	3	2	69	4	1	0	1	0	0	0	0	0	0	0	-999	3	3	1	0	1	0
952	1	1	0	1	4	3	4	4	4	3	4	1	2	3	3	5	5	3	4	69	4	1	0	1	0	0	0	0	0	0	0	-999	3	3	1	0	1	0
952	1	1	1	0	3	3	3	3	4	3	3	3	2	3	3	4	3	3	3	69	4	1	0	1	0	0	0	0	0	0	0	-999	3	3	1	0	1	0
952	1	1	1	1	3	4	4	4	4	3	3	3	2	3	3	3	3	3	3	69	4	1	0	1	0	0	0	0	0	0	0	-999	3	3	1	0	1	0
954	1	1	0	0	2	3	1	1	3	3	1	1	3	3	1	1	1	2	2	69	4	1	0	1	1	1	0	1	0	1	1	3	3	3	1	0	1	0
954	1	1	0	1	4	4	4	4	4	4	4	4	3	3	4	4	4	4	4	69	4	1	0	1	1	1	0	1	0	1	1	3	3	3	1	0	1	0
954	1	1	1	0	4	3	2	2	3	3	3	3	3	3	2	3	2	3	3	69	4	1	0	1	1	1	0	1	0	1	1	3	3	3	1	0	1	0
954	1	1	1	1	3	4	4	4	4	3	4	4	3	4	4	4	4	4	4	69	4	1	0	1	1	1	0	1	0	1	1	3	3	3	1	0	1	0
956	2	1	0	0	3	4	3	3	4	2	3	2	2	2	4	4	4	2	2	69	4	1	0	1	1	1	1	1	0	1	1	3	1	4	0	0	1	0
956	2	1	0	1	4	4	4	4	4	2	2	2	2	2	4	4	4	2	4	69	4	1	0	1	1	1	1	1	0	1	1	3	1	4	0	0	1	0
956	2	1	1	0	3	2	3	3	3	2	2	2	2	2	4	4	4	2	3	69	4	1	0	1	1	1	1	1	0	1	1	3	1	4	0	0	1	0
956	2	1	1	1	4	4	4	3	3	2	2	2	3	2	4	4	4	2	4	69	4	1	0	1	1	1	1	1	0	1	1	3	1	4	0	0	1	0
960	1	1	0	0	1	2	2	2	3	3	3	4	3	3	3	2	2	2	1	70	4	1	0	1	1	1	0	0	0	1	0	3	3	3	1	0	0	0
960	1	1	0	1	4	4	4	4	4	3	2	2	2	2	5	5	5	4	5	70	4	1	0	1	1	1	0	0	0	1	0	3	3	3	1	0	0	0
960	1	1	1	0	5	5	4	4	4	5	3	4	2	2	4	4	5	4	5	70	4	1	0	1	1	1	0	0	0	1	0	3	3	3	1	0	0	0
960	1	1	1	1	3	3	3	3	3	3	3	3	3	3	3	3	3	3	3	70	4	1	0	1	1	1	0	0	0	1	0	3	3	3	1	0	0	0
961	1	1	0	0	2	3	3	3	2	3	3	4	3	4	2	2	2	2	2	70	4	1	0	1	1	1	0	1	0	1	1	-999	3	4	1	0	1	0
961	1	1	0	1	4	4	3	3	3	3	2	2	2	2	4	4	4	4	4	70	4	1	0	1	1	1	0	1	0	1	1	-999	3	4	1	0	1	0
961	1	1	1	0	4	3	3	3	3	2	2	2	2	3	4	4	4	4	4	70	4	1	0	1	1	1	0	1	0	1	1	-999	3	4	1	0	1	0
961	1	1	1	1	4	3	3	3	3	2	2	2	2	3	4	4	4	4	4	70	4	1	0	1	1	1	0	1	0	1	1	-999	3	4	1	0	1	0
964	1	1	0	0	2	4	1	2	2	3	2	3	4	2	2	2	2	2	2	71	4	1	0	1	0	0	0	0	0	0	0	5	2	4	1	0	1	0
964	1	1	0	1	4	4	4	4	4	2	4	2	2	2	4	4	4	4	4	71	4	1	0	1	0	0	0	0	0	0	0	5	2	4	1	0	1	0
964	1	1	1	0	2	3	3	3	4	2	2	2	2	2	3	4	4	4	3	71	4	1	0	1	0	0	0	0	0	0	0	5	2	4	1	0	1	0
964	1	1	1	1	3	3	3	3	4	3	2	2	3	2	4	4	4	4	4	71	4	1	0	1	0	0	0	0	0	0	0	5	2	4	1	0	1	0
965	1	1	0	0	1	3	1	2	3	3	4	3	3	3	1	2	2	1	1	71	4	1	0	1	1	1	0	0	0	1	0	-999	3	4	1	0	1	0
965	1	1	0	1	4	3	4	4	4	2	1	1	1	1	4	4	4	4	4	71	4	1	0	1	1	1	0	0	0	1	0	-999	3	4	1	0	1	0
965	1	1	1	0	4	3	4	4	3	2	1	1	1	2	4	4	4	4	4	71	4	1	0	1	1	1	0	0	0	1	0	-999	3	4	1	0	1	0
965	1	1	1	1	1	3	4	4	3	2	1	1	1	2	4	4	4	4	4	71	4	1	0	1	1	1	0	0	0	1	0	-999	3	4	1	0	1	0
974	1	1	0	0	2	1	1	2	1	2	1	3	2	3	2	2	2	2	2	72	4	1	0	1	1	1	0	0	0	1	0	5	3	2	1	0	1	0
974	1	1	0	1	4	4	4	4	4	4	4	3	4	4	4	4	4	4	4	72	4	1	0	1	1	1	0	0	0	1	0	5	3	2	1	0	1	0
974	1	1	1	0	3	3	3	3	3	3	3	3	3	3	3	3	3	3	3	72	4	1	0	1	1	1	0	0	0	1	0	5	3	2	1	0	1	0
974	1	1	1	1	3	3	3	3	3	3	3	3	3	3	3	3	3	3	3	72	4	1	0	1	1	1	0	0	0	1	0	5	3	2	1	0	1	0
976	1	1	0	0	1	1	1	3	3	4	4	3	1	1	1	3	3	3	3	73	4	1	0	1	1	1	0	0	0	1	0	5	3	4	1	0	0	0
976	1	1	0	1	4	1	4	4	3	1	1	3	1	1	4	4	4	4	4	73	4	1	0	1	1	1	0	0	0	1	0	5	3	4	1	0	0	0
976	1	1	1	0	3	3	3	3	3	3	3	3	3	2	3	4	4	4	4	73	4	1	0	1	1	1	0	0	0	1	0	5	3	4	1	0	0	0
976	1	1	1	1	4	3	4	4	3	3	3	3	3	2	4	4	4	4	4	73	4	1	0	1	1	1	0	0	0	1	0	5	3	4	1	0	0	0
977	1	1	0	0	3	3	3	3	4	1	3	1	1	1	3	4	4	3	3	73	4	1	0	1	1	1	0	0	1	1	1	-999	1	4	1	1	1	0
977	1	1	0	1	4	3	4	4	4	1	1	1	1	1	4	4	4	3	4	73	4	1	0	1	1	1	0	0	1	1	1	-999	1	4	1	1	1	0
977	1	1	1	0	4	4	3	3	4	1	1	1	1	1	4	4	4	3	3	73	4	1	0	1	1	1	0	0	1	1	1	-999	1	4	1	1	1	0
977	1	1	1	1	4	4	3	4	4	1	1	1	1	1	4	4	4	3	4	73	4	1	0	1	1	1	0	0	1	1	1	-999	1	4	1	1	1	0
981	1	1	0	0	1	4	1	2	4	2	4	2	2	2	1	3	3	2	2	74	4	1	0	1	1	1	0	0	0	1	0	5	3	2	1	0	1	0
981	1	1	0	1	4	4	4	4	4	2	1	2	2	2	5	4	4	4	4	74	4	1	0	1	1	1	0	0	0	1	0	5	3	2	1	0	1	0
981	1	1	1	0	3	4	3	3	4	3	3	3	2	2	3	4	4	3	3	74	4	1	0	1	1	1	0	0	0	1	0	5	3	2	1	0	1	0
981	1	1	1	1	3	4	4	4	4	4	3	3	2	2	3	4	4	3	4	74	4	1	0	1	1	1	0	0	0	1	0	5	3	2	1	0	1	0
984	1	1	0	0	1	2	1	1	3	2	4	3	3	3	2	1	2	1	1	74	4	1	0	1	1	1	0	1	0	1	1	5	2	4	1	0	1	0
984	1	1	0	1	4	3	3	3	4	1	1	2	1	1	4	4	4	4	5	74	4	1	0	1	1	1	0	1	0	1	1	5	2	4	1	0	1	0
984	1	1	1	0	3	3	2	2	2	2	3	3	2	3	2	2	3	2	1	74	4	1	0	1	1	1	0	1	0	1	1	5	2	4	1	0	1	0
984	1	1	1	1	4	4	4	4	3	1	2	1	1	1	5	5	4	4	5	74	4	1	0	1	1	1	0	1	0	1	1	5	2	4	1	0	1	0
988	1	1	0	0	3	5	3	3	3	3	3	3	3	3	3	3	3	3	3	77	4	1	0	1	1	1	0	0	0	1	0	5	2	3	1	0	1	0
988	1	1	0	1	4	3	2	3	2	4	1	2	3	3	4	4	4	3	4	77	4	1	0	1	1	1	0	0	0	1	0	5	2	3	1	0	1	0
988	1	1	1	0	4	3	3	3	4	3	3	3	3	3	3	3	3	3	3	77	4	1	0	1	1	1	0	0	0	1	0	5	2	3	1	0	1	0
988	1	1	1	1	3	3	3	3	4	3	3	3	3	3	4	4	4	3	4	77	4	1	0	1	1	1	0	0	0	1	0	5	2	3	1	0	1	0
991	1	1	0	0	1	1	1	2	3	4	3	3	2	3	2	1	1	2	1	79	4	1	0	1	0	0	0	0	0	0	0	3	3	4	1	1	0	0
991	1	1	0	1	4	4	4	1	4	1	1	1	1	3	4	4	4	4	4	79	4	1	0	1	0	0	0	0	0	0	0	3	3	4	1	1	0	0
991	1	1	1	0	4	4	4	4	4	1	1	1	3	1	4	5	4	4	5	79	4	1	0	1	0	0	0	0	0	0	0	3	3	4	1	1	0	0
991	1	1	1	1	4	3	3	3	3	4	4	3	3	1	4	5	4	4	5	79	4	1	0	1	0	0	0	0	0	0	0	3	3	4	1	1	0	0
994	3	1	0	0	1	3	1	1	4	3	4	3	4	1	4	4	3	1	1	48	3	1	-999	-999	1	1	0	0	1	1	1	2	3	2	0	1	1	1
994	3	1	0	1	4	4	4	4	2	3	1	1	1	4	1	3	4	4	4	48	3	1	-999	-999	1	1	0	0	1	1	1	2	3	2	0	1	1	1
994	3	1	1	0	3	3	3	3	4	1	3	3	1	2	3	4	4	3	3	48	3	1	-999	-999	1	1	0	0	1	1	1	2	3	2	0	1	1	1
994	3	1	1	1	1	4	4	4	2	3	2	3	3	3	4	3	4	3	4	48	3	1	-999	-999	1	1	0	0	1	1	1	2	3	2	0	1	1	1
998	1	1	0	0	2	1	1	2	2	2	1	4	3	4	1	1	1	1	1	65	4	1	-999	-999	1	1	0	0	0	1	0	-999	2	2	1	0	1	0
998	1	1	0	1	4	4	4	4	4	1	4	2	2	3	4	4	4	4	4	65	4	1	-999	-999	1	1	0	0	0	1	0	-999	2	2	1	0	1	0
998	1	1	1	0	4	3	4	4	4	2	3	2	2	2	3	4	4	3	3	65	4	1	-999	-999	1	1	0	0	0	1	0	-999	2	2	1	0	1	0
998	1	1	1	1	3	3	4	4	4	1	1	2	2	2	4	4	4	4	4	65	4	1	-999	-999	1	1	0	0	0	1	0	-999	2	2	1	0	1	0
1000	1	1	0	0	3	3	2	2	3	2	3	3	2	3	3	3	3	1	3	25	2	2	0	0	1	0	0	1	0	0	1	3	2	3	0	0	1	1
1000	1	1	0	1	4	4	3	3	3	2	3	3	2	2	4	3	3	1	4	25	2	2	0	0	1	0	0	1	0	0	1	3	2	3	0	0	1	1
1000	1	1	1	0	3	4	3	3	3	3	2	3	2	2	4	3	3	2	3	25	2	2	0	0	1	0	0	1	0	0	1	3	2	3	0	0	1	1
1000	1	1	1	1	4	4	4	4	2	4	2	3	2	2	3	3	3	2	3	25	2	2	0	0	1	0	0	1	0	0	1	3	2	3	0	0	1	1
1001	1	1	0	0	2	3	3	3	3	3	4	3	1	1	2	2	2	3	3	27	2	2	0	0	0	0	0	0	0	0	0	4	2	2	1	0	1	0
1001	1	1	0	1	4	5	4	4	3	3	1	3	1	1	5	4	5	3	4	27	2	2	0	0	0	0	0	0	0	0	0	4	2	2	1	0	1	0
1001	1	1	1	0	3	3	3	3	3	3	3	3	3	3	5	4	5	3	5	27	2	2	0	0	0	0	0	0	0	0	0	4	2	2	1	0	1	0
1001	1	1	1	1	3	3	3	3	3	3	3	3	3	3	5	4	5	3	5	27	2	2	0	0	0	0	0	0	0	0	0	4	2	2	1	0	1	0
1003	2	1	0	0	1	3	2	2	2	3	4	3	3	3	2	2	2	1	2	31	2	2	0	0	1	0	0	1	0	0	1	4	3	1	1	0	1	0
1003	2	1	0	1	4	4	4	4	3	2	2	2	2	3	4	4	4	1	4	31	2	2	0	0	1	0	0	1	0	0	1	4	3	1	1	0	1	0
1003	2	1	1	0	4	3	3	3	3	3	2	3	2	3	4	4	4	1	4	31	2	2	0	0	1	0	0	1	0	0	1	4	3	1	1	0	1	0
1003	2	1	1	1	5	3	4	4	3	2	1	2	1	2	5	5	5	1	5	31	2	2	0	0	1	0	0	1	0	0	1	4	3	1	1	0	1	0
1004	1	1	0	0	3	2	1	1	1	4	4	4	3	4	2	2	3	3	2	34	2	2	0	0	0	0	0	0	0	0	0	4	3	2	1	0	1	0
1004	1	1	0	1	4	3	4	3	4	1	1	1	1	1	4	5	5	4	5	34	2	2	0	0	0	0	0	0	0	0	0	4	3	2	1	0	1	0
1004	1	1	1	0	4	4	3	4	4	2	2	2	1	1	3	4	4	4	5	34	2	2	0	0	0	0	0	0	0	0	0	4	3	2	1	0	1	0
1004	1	1	1	1	5	5	4	4	4	1	1	1	1	1	5	5	5	4	5	34	2	2	0	0	0	0	0	0	0	0	0	4	3	2	1	0	1	0
1008	3	1	0	0	5	3	3	3	3	2	3	3	3	3	4	4	4	4	3	39	2	2	0	0	1	1	1	1	1	1	1	4	1	2	1	0	1	0
1008	3	1	0	1	4	3	3	3	3	2	3	3	3	3	4	4	4	3	3	39	2	2	0	0	1	1	1	1	1	1	1	4	1	2	1	0	1	0
1008	3	1	1	0	4	4	3	3	4	3	4	3	3	3	4	3	4	3	3	39	2	2	0	0	1	1	1	1	1	1	1	4	1	2	1	0	1	0
1008	3	1	1	1	3	4	3	3	3	3	3	3	4	3	3	3	3	3	3	39	2	2	0	0	1	1	1	1	1	1	1	4	1	2	1	0	1	0
1013	2	1	0	0	3	5	3	3	3	2	2	2	1	1	3	3	3	1	2	41	2	2	0	0	1	1	0	1	0	1	1	4	2	2	1	0	1	0
1013	2	1	0	1	4	5	3	3	3	2	2	2	1	1	5	3	5	1	5	41	2	2	0	0	1	1	0	1	0	1	1	4	2	2	1	0	1	0
1013	2	1	1	0	1	5	3	3	3	3	1	1	1	1	3	3	3	1	3	41	2	2	0	0	1	1	0	1	0	1	1	4	2	2	1	0	1	0
1013	2	1	1	1	4	5	3	3	3	3	1	1	1	1	4	3	4	1	4	41	2	2	0	0	1	1	0	1	0	1	1	4	2	2	1	0	1	0
1015	1	1	0	0	1	4	1	3	3	3	4	4	3	3	1	1	1	1	2	42	2	2	0	0	1	1	1	1	0	1	1	4	3	3	1	1	1	0
1015	1	1	0	1	4	3	4	4	4	2	1	3	3	2	4	3	4	4	4	42	2	2	0	0	1	1	1	1	0	1	1	4	3	3	1	1	1	0
1015	1	1	1	0	4	4	4	4	3	2	3	2	3	2	2	2	2	3	2	42	2	2	0	0	1	1	1	1	0	1	1	4	3	3	1	1	1	0
1015	1	1	1	1	1	3	3	2	3	3	3	3	2	2	4	4	4	4	4	42	2	2	0	0	1	1	1	1	0	1	1	4	3	3	1	1	1	0
1016	2	1	0	0	3	4	3	3	3	5	2	3	3	2	3	3	3	3	3	42	2	2	0	0	1	1	0	1	0	1	1	5	3	2	1	1	1	0
1016	2	1	0	1	4	5	3	5	3	4	2	3	4	2	4	4	4	3	3	42	2	2	0	0	1	1	0	1	0	1	1	5	3	2	1	1	1	0
1016	2	1	1	0	3	3	3	3	3	3	3	3	3	3	3	3	3	3	3	42	2	2	0	0	1	1	0	1	0	1	1	5	3	2	1	1	1	0
1016	2	1	1	1	3	3	3	3	3	3	3	3	3	3	3	3	3	3	3	42	2	2	0	0	1	1	0	1	0	1	1	5	3	2	1	1	1	0
1021	3	1	0	0	3	3	3	4	3	1	1	2	1	2	3	3	3	2	3	46	3	2	0	0	1	1	0	0	1	1	1	5	2	2	0	0	1	0
1021	3	1	0	1	4	3	4	4	3	1	1	2	1	2	3	3	3	2	3	46	3	2	0	0	1	1	0	0	1	1	1	5	2	2	0	0	1	0
1021	3	1	1	0	4	3	3	3	3	2	2	2	1	1	1	3	3	5	3	46	3	2	0	0	1	1	0	0	1	1	1	5	2	2	0	0	1	0
1021	3	1	1	1	4	3	3	3	3	2	2	2	1	1	1	3	3	5	3	46	3	2	0	0	1	1	0	0	1	1	1	5	2	2	0	0	1	0
1022	2	1	0	0	1	1	1	1	1	4	1	4	4	3	1	1	1	3	1	46	3	2	0	0	1	1	0	0	0	1	0	-999	3	3	1	0	1	0
1022	2	1	0	1	4	4	4	4	4	1	4	1	1	3	4	5	5	3	5	46	3	2	0	0	1	1	0	0	0	1	0	-999	3	3	1	0	1	0
1022	2	1	1	0	3	3	3	3	3	3	3	3	3	3	3	3	3	3	3	46	3	2	0	0	1	1	0	0	0	1	0	-999	3	3	1	0	1	0
1022	2	1	1	1	3	3	3	3	3	3	3	3	3	3	3	3	3	3	3	46	3	2	0	0	1	1	0	0	0	1	0	-999	3	3	1	0	1	0
1023	1	1	0	0	2	4	3	3	4	2	2	3	3	2	3	4	3	1	3	47	3	2	0	0	1	1	0	0	0	1	0	5	3	2	1	1	1	1
1023	1	1	0	1	4	4	3	3	4	1	1	3	3	2	4	4	4	1	3	47	3	2	0	0	1	1	0	0	0	1	0	5	3	2	1	1	1	1
1023	1	1	1	0	3	3	3	3	3	3	3	3	3	3	3	3	3	1	3	47	3	2	0	0	1	1	0	0	0	1	0	5	3	2	1	1	1	1
1023	1	1	1	1	3	3	3	3	3	3	3	3	3	3	3	3	3	1	3	47	3	2	0	0	1	1	0	0	0	1	0	5	3	2	1	1	1	1
1025	3	1	0	0	3	2	3	2	4	2	1	3	2	3	2	2	3	2	2	47	3	2	0	0	1	1	0	0	1	1	1	5	2	2	1	1	1	0
1025	3	1	0	1	4	4	5	4	4	3	1	2	2	1	5	4	5	2	5	47	3	2	0	0	1	1	0	0	1	1	1	5	2	2	1	1	1	0
1025	3	1	1	0	4	3	4	5	3	4	1	2	2	2	4	4	5	4	4	47	3	2	0	0	1	1	0	0	1	1	1	5	2	2	1	1	1	0
1025	3	1	1	1	4	1	4	4	3	2	1	3	3	2	5	5	5	4	5	47	3	2	0	0	1	1	0	0	1	1	1	5	2	2	1	1	1	0
1026	2	1	0	0	3	2	3	3	3	2	2	2	2	2	4	4	4	4	4	47	3	2	0	0	1	1	0	1	1	1	1	5	3	2	1	1	1	0
1026	2	1	0	1	4	4	3	3	3	3	2	2	2	2	3	3	3	4	4	47	3	2	0	0	1	1	0	1	1	1	1	5	3	2	1	1	1	0
1026	2	1	1	0	3	3	3	3	3	2	2	2	2	2	4	4	4	4	4	47	3	2	0	0	1	1	0	1	1	1	1	5	3	2	1	1	1	0
1026	2	1	1	1	3	3	3	3	3	2	2	2	2	2	4	4	4	4	4	47	3	2	0	0	1	1	0	1	1	1	1	5	3	2	1	1	1	0
1027	2	1	0	0	2	4	1	1	3	1	3	3	1	3	1	3	3	3	1	47	3	2	0	0	1	1	0	1	0	1	1	5	3	2	1	0	1	0
1027	2	1	0	1	4	4	4	4	5	1	1	1	1	1	5	5	5	3	5	47	3	2	0	0	1	1	0	1	0	1	1	5	3	2	1	0	1	0
1027	2	1	1	0	5	4	5	4	4	1	1	1	1	1	5	5	5	3	5	47	3	2	0	0	1	1	0	1	0	1	1	5	3	2	1	0	1	0
1027	2	1	1	1	5	4	5	4	4	1	1	1	1	1	5	5	5	3	5	47	3	2	0	0	1	1	0	1	0	1	1	5	3	2	1	0	1	0
1028	2	1	0	0	3	4	3	3	3	1	4	3	3	3	1	2	2	2	1	48	3	2	0	0	1	1	0	1	0	1	1	-999	1	1	1	0	1	0
1028	2	1	0	1	4	4	3	3	3	1	2	3	3	3	4	4	4	4	4	48	3	2	0	0	1	1	0	1	0	1	1	-999	1	1	1	0	1	0
1028	2	1	1	0	1	4	1	3	3	1	1	1	1	3	4	3	4	4	3	48	3	2	0	0	1	1	0	1	0	1	1	-999	1	1	1	0	1	0
1028	2	1	1	1	4	4	1	2	3	1	1	1	1	3	1	3	3	4	4	48	3	2	0	0	1	1	0	1	0	1	1	-999	1	1	1	0	1	0
1033	2	1	0	0	3	4	2	2	4	3	2	2	2	2	3	3	3	2	3	50	3	2	0	0	1	1	0	1	0	1	1	-999	2	1	1	1	1	0
1033	2	1	0	1	4	5	3	3	4	4	2	2	3	2	4	4	4	2	4	50	3	2	0	0	1	1	0	1	0	1	1	-999	2	1	1	1	1	0
1033	2	1	1	0	4	4	3	3	4	2	2	2	2	2	4	3	4	3	4	50	3	2	0	0	1	1	0	1	0	1	1	-999	2	1	1	1	1	0
1033	2	1	1	1	5	5	4	4	4	3	3	2	3	2	4	4	4	3	4	50	3	2	0	0	1	1	0	1	0	1	1	-999	2	1	1	1	1	0
1034	3	1	0	0	2	3	2	3	3	3	4	3	3	2	2	3	1	3	2	52	3	2	0	0	1	1	0	1	1	1	1	6	2	2	0	1	1	0
1034	3	1	0	1	4	4	4	4	4	1	1	1	1	1	4	4	4	4	4	52	3	2	0	0	1	1	0	1	1	1	1	6	2	2	0	1	1	0
1034	3	1	1	0	4	4	4	4	4	1	1	1	1	1	4	4	4	4	3	52	3	2	0	0	1	1	0	1	1	1	1	6	2	2	0	1	1	0
1034	3	1	1	1	4	4	4	4	4	1	1	1	1	1	4	4	4	4	4	52	3	2	0	0	1	1	0	1	1	1	1	6	2	2	0	1	1	0
1036	1	1	0	0	1	1	1	1	1	1	1	4	1	4	1	1	1	1	1	54	3	2	0	0	1	1	0	0	0	1	0	5	2	3	1	0	1	0
1036	1	1	0	1	4	4	4	4	4	4	4	1	4	1	4	4	4	4	4	54	3	2	0	0	1	1	0	0	0	1	0	5	2	3	1	0	1	0
1036	1	1	1	0	4	3	4	3	4	2	1	2	1	1	3	3	3	3	3	54	3	2	0	0	1	1	0	0	0	1	0	5	2	3	1	0	1	0
1036	1	1	1	1	3	3	4	4	4	2	1	2	1	1	3	3	3	3	4	54	3	2	0	0	1	1	0	0	0	1	0	5	2	3	1	0	1	0
1038	1	1	0	0	2	3	3	3	3	3	4	3	3	3	2	2	3	3	3	56	3	2	0	0	1	1	0	0	0	1	0	5	3	2	1	1	1	1
1038	1	1	0	1	4	3	4	3	3	3	2	3	3	3	4	4	4	3	4	56	3	2	0	0	1	1	0	0	0	1	0	5	3	2	1	1	1	1
1038	1	1	1	0	3	3	3	3	3	3	3	3	3	3	3	3	3	3	3	56	3	2	0	0	1	1	0	0	0	1	0	5	3	2	1	1	1	1
1038	1	1	1	1	4	3	3	3	3	3	3	3	3	3	4	4	4	3	4	56	3	2	0	0	1	1	0	0	0	1	0	5	3	2	1	1	1	1
1039	1	1	0	0	2	4	3	2	3	3	3	4	2	2	3	3	3	3	2	58	3	2	0	0	1	1	0	0	0	1	0	5	3	3	1	1	1	0
1039	1	1	0	1	4	3	4	4	4	3	2	2	2	1	5	5	5	3	4	58	3	2	0	0	1	1	0	0	0	1	0	5	3	3	1	1	1	0
1039	1	1	1	0	3	4	4	4	4	3	2	2	2	2	4	4	4	4	4	58	3	2	0	0	1	1	0	0	0	1	0	5	3	3	1	1	1	0
1039	1	1	1	1	4	4	5	4	4	3	2	2	2	2	5	5	5	4	5	58	3	2	0	0	1	1	0	0	0	1	0	5	3	3	1	1	1	0
1041	1	1	0	0	1	1	1	4	3	4	4	3	3	3	1	1	1	3	1	59	3	2	0	0	1	1	0	0	0	1	0	3	3	3	1	0	1	0
1041	1	1	0	1	4	4	4	1	3	1	1	3	3	3	4	4	4	3	4	59	3	2	0	0	1	1	0	0	0	1	0	3	3	3	1	0	1	0
1041	1	1	1	0	1	3	1	1	3	3	4	3	3	3	1	1	1	3	1	59	3	2	0	0	1	1	0	0	0	1	0	3	3	3	1	0	1	0
1041	1	1	1	1	4	3	4	4	3	3	1	3	3	3	4	4	4	3	4	59	3	2	0	0	1	1	0	0	0	1	0	3	3	3	1	0	1	0
1045	2	1	0	0	3	3	2	3	2	3	4	3	3	3	2	2	2	3	1	62	3	2	0	0	1	1	1	1	0	1	1	6	3	4	1	1	1	0
1045	2	1	0	1	4	4	4	3	4	3	3	2	3	2	5	5	5	3	5	62	3	2	0	0	1	1	1	1	0	1	1	6	3	4	1	1	1	0
1045	2	1	1	0	4	3	3	3	3	3	3	3	3	3	3	3	3	4	4	62	3	2	0	0	1	1	1	1	0	1	1	6	3	4	1	1	1	0
1045	2	1	1	1	5	3	4	3	3	3	3	3	3	3	4	4	4	5	5	62	3	2	0	0	1	1	1	1	0	1	1	6	3	4	1	1	1	0
1050	1	1	0	0	3	3	3	3	4	3	3	3	2	2	3	4	4	4	3	65	4	2	0	0	1	1	0	1	0	1	1	4	3	3	1	0	1	0
1050	1	1	0	1	4	3	4	4	4	2	2	2	2	2	4	4	4	4	4	65	4	2	0	0	1	1	0	1	0	1	1	4	3	3	1	0	1	0
1050	1	1	1	0	4	3	3	4	4	2	3	3	2	2	4	4	4	4	4	65	4	2	0	0	1	1	0	1	0	1	1	4	3	3	1	0	1	0
1050	1	1	1	1	4	3	3	4	4	2	3	3	2	2	4	4	4	4	4	65	4	2	0	0	1	1	0	1	0	1	1	4	3	3	1	0	1	0
1055	1	1	0	0	3	2	1	1	1	2	5	3	1	5	1	1	1	1	1	29	2	1	0	0	1	1	0	0	0	1	0	5	3	2	1	1	1	1
1055	1	1	0	1	4	5	5	5	5	2	1	1	1	1	5	5	5	5	5	29	2	1	0	0	1	1	0	0	0	1	0	5	3	2	1	1	1	1
1055	1	1	1	0	1	3	5	1	3	3	1	3	3	3	3	3	3	3	2	29	2	1	0	0	1	1	0	0	0	1	0	5	3	2	1	1	1	1
1055	1	1	1	1	5	3	1	5	5	3	1	3	1	1	5	5	5	5	5	29	2	1	0	0	1	1	0	0	0	1	0	5	3	2	1	1	1	1
1057	2	1	0	0	3	4	3	3	4	3	3	1	1	1	3	3	4	3	3	29	2	1	0	0	0	0	0	0	0	0	0	3	3	2	1	0	1	0
1057	2	1	0	1	4	4	4	4	4	1	3	1	1	1	4	4	4	3	4	29	2	1	0	0	0	0	0	0	0	0	0	3	3	2	1	0	1	0
1057	2	1	1	0	4	4	4	4	4	1	1	1	1	1	4	4	4	3	4	29	2	1	0	0	0	0	0	0	0	0	0	3	3	2	1	0	1	0
1057	2	1	1	1	4	4	4	4	4	1	1	1	1	1	4	4	4	3	4	29	2	1	0	0	0	0	0	0	0	0	0	3	3	2	1	0	1	0
1058	1	1	0	0	2	3	3	3	3	1	3	3	1	3	3	3	3	3	3	32	2	1	0	0	1	1	0	1	0	1	1	4	2	2	1	0	0	0
1058	1	1	0	1	4	3	4	3	3	1	1	1	1	3	3	3	4	3	3	32	2	1	0	0	1	1	0	1	0	1	1	4	2	2	1	0	0	0
1058	1	1	1	0	4	3	3	3	3	1	1	3	1	1	5	4	4	3	3	32	2	1	0	0	1	1	0	1	0	1	1	4	2	2	1	0	0	0
1058	1	1	1	1	4	3	3	3	3	1	1	3	1	1	5	4	4	3	3	32	2	1	0	0	1	1	0	1	0	1	1	4	2	2	1	0	0	0
1060	1	1	0	0	1	4	1	1	2	4	4	4	4	4	2	2	2	2	1	33	2	1	0	0	0	0	0	0	0	0	0	3	3	1	1	1	1	0
1060	1	1	0	1	4	3	4	4	3	2	2	2	2	2	4	4	4	4	5	33	2	1	0	0	0	0	0	0	0	0	0	3	3	1	1	1	1	0
1060	1	1	1	0	3	2	3	3	4	2	3	2	3	3	2	3	3	3	4	33	2	1	0	0	0	0	0	0	0	0	0	3	3	1	1	1	1	0
1060	1	1	1	1	3	4	3	3	2	4	4	3	4	3	2	2	3	3	2	33	2	1	0	0	0	0	0	0	0	0	0	3	3	1	1	1	1	0
1065	1	1	0	0	1	1	1	1	1	3	4	4	4	4	1	1	1	1	1	39	2	1	0	0	1	1	0	0	0	1	0	4	3	4	1	0	1	0
1065	1	1	0	1	4	4	4	4	4	1	1	1	1	1	4	4	4	4	4	39	2	1	0	0	1	1	0	0	0	1	0	4	3	4	1	0	1	0
1065	1	1	1	0	4	4	4	4	4	1	1	1	1	1	4	4	4	4	3	39	2	1	0	0	1	1	0	0	0	1	0	4	3	4	1	0	1	0
1065	1	1	1	1	4	4	4	4	4	1	1	1	1	1	4	4	4	4	4	39	2	1	0	0	1	1	0	0	0	1	0	4	3	4	1	0	1	0
1067	3	1	0	0	1	4	1	1	3	3	4	1	1	4	1	1	1	3	1	45	3	1	0	0	1	1	0	1	1	1	1	6	1	2	0	0	1	0
1067	3	1	0	1	4	4	4	4	3	1	1	1	1	1	4	4	4	4	4	45	3	1	0	0	1	1	0	1	1	1	1	6	1	2	0	0	1	0
1067	3	1	1	0	4	4	4	4	4	1	1	1	1	1	4	4	4	4	4	45	3	1	0	0	1	1	0	1	1	1	1	6	1	2	0	0	1	0
1067	3	1	1	1	4	4	4	4	4	1	1	1	1	1	4	4	4	4	4	45	3	1	0	0	1	1	0	1	1	1	1	6	1	2	0	0	1	0
1073	1	1	0	0	1	3	3	1	3	1	2	3	3	1	3	3	3	3	2	54	3	1	0	0	1	1	0	0	0	1	0	5	3	2	1	1	1	1
1073	1	1	0	1	4	3	4	4	4	1	4	1	3	1	4	4	4	3	4	54	3	1	0	0	1	1	0	0	0	1	0	5	3	2	1	1	1	1
1073	1	1	1	0	3	1	4	3	4	1	1	1	1	1	4	4	4	3	4	54	3	1	0	0	1	1	0	0	0	1	0	5	3	2	1	1	1	1
1073	1	1	1	1	3	1	4	3	4	1	1	1	1	1	4	4	4	3	4	54	3	1	0	0	1	1	0	0	0	1	0	5	3	2	1	1	1	1
1081	1	1	0	0	2	3	3	3	2	3	3	3	3	3	4	4	4	3	3	60	3	1	0	0	0	0	0	0	0	0	0	5	3	2	1	1	1	0
1081	1	1	0	1	4	3	3	3	3	3	2	3	3	3	4	2	4	3	4	60	3	1	0	0	0	0	0	0	0	0	0	5	3	2	1	1	1	0
1081	1	1	1	0	4	3	3	3	4	3	2	3	3	3	4	4	4	3	4	60	3	1	0	0	0	0	0	0	0	0	0	5	3	2	1	1	1	0
1081	1	1	1	1	2	3	3	3	3	3	4	3	3	3	3	2	2	3	3	60	3	1	0	0	0	0	0	0	0	0	0	5	3	2	1	1	1	0
1086	1	1	0	0	2	5	2	2	2	4	4	4	3	3	2	2	2	3	1	63	3	1	0	0	1	1	0	0	0	1	0	4	3	3	1	0	1	0
1086	1	1	0	1	4	3	3	4	4	2	2	2	1	5	4	4	4	4	5	63	3	1	0	0	1	1	0	0	0	1	0	4	3	3	1	0	1	0
1086	1	1	1	0	4	4	1	3	4	2	1	2	1	1	4	4	4	3	5	63	3	1	0	0	1	1	0	0	0	1	0	4	3	3	1	0	1	0
1086	1	1	1	1	3	4	1	3	4	2	1	2	1	1	4	4	4	3	4	63	3	1	0	0	1	1	0	0	0	1	0	4	3	3	1	0	1	0
1087	1	1	0	0	2	3	3	1	3	1	3	1	1	2	2	3	3	3	3	64	3	1	0	0	1	1	0	0	0	1	0	-999	3	4	1	0	1	0
1087	1	1	0	1	4	3	3	1	3	1	1	1	1	1	5	5	5	3	5	64	3	1	0	0	1	1	0	0	0	1	0	-999	3	4	1	0	1	0
1087	1	1	1	0	3	1	1	1	1	1	1	1	1	1	4	3	3	3	3	64	3	1	0	0	1	1	0	0	0	1	0	-999	3	4	1	0	1	0
1087	1	1	1	1	3	1	1	1	1	1	1	1	1	1	4	3	3	3	3	64	3	1	0	0	1	1	0	0	0	1	0	-999	3	4	1	0	1	0
1088	2	1	0	0	2	3	3	1	3	4	4	3	3	3	1	1	1	1	1	64	3	1	0	0	0	0	0	0	0	0	0	-999	3	2	1	0	1	0
1088	2	1	0	1	4	3	4	4	4	2	1	1	1	1	4	4	4	4	4	64	3	1	0	0	0	0	0	0	0	0	0	-999	3	2	1	0	1	0
1088	2	1	1	0	3	4	4	4	4	1	1	1	1	1	4	4	4	4	3	64	3	1	0	0	0	0	0	0	0	0	0	-999	3	2	1	0	1	0
1088	2	1	1	1	4	4	4	4	4	1	1	1	1	1	4	4	4	4	4	64	3	1	0	0	0	0	0	0	0	0	0	-999	3	2	1	0	1	0
1093	1	1	0	0	4	3	2	2	2	2	2	3	2	4	3	3	3	3	3	37	2	2	0	0	1	1	1	0	0	1	0	4	1	1	0	0	1	1
1093	1	1	0	1	4	3	4	4	4	2	4	5	4	2	4	4	4	4	4	37	2	2	0	0	1	1	1	0	0	1	0	4	1	1	0	0	1	1
1093	1	1	1	0	4	4	4	4	4	2	2	2	2	2	4	4	4	4	4	37	2	2	0	0	1	1	1	0	0	1	0	4	1	1	0	0	1	1
1093	1	1	1	1	3	3	3	3	3	3	3	3	3	3	3	3	3	3	3	37	2	2	0	0	1	1	1	0	0	1	0	4	1	1	0	0	1	1
1095	2	1	0	0	3	3	3	3	3	3	3	3	3	3	3	3	3	3	3	42	2	2	0	0	1	0	0	1	0	0	1	5	2	2	0	0	1	1
1095	2	1	0	1	4	3	4	4	3	3	1	1	1	1	4	4	4	3	4	42	2	2	0	0	1	0	0	1	0	0	1	5	2	2	0	0	1	1
1095	2	1	1	0	4	1	4	4	3	1	1	1	1	1	4	4	4	3	4	42	2	2	0	0	1	0	0	1	0	0	1	5	2	2	0	0	1	1
1095	2	1	1	1	4	3	4	4	3	1	1	1	1	1	4	4	4	3	4	42	2	2	0	0	1	0	0	1	0	0	1	5	2	2	0	0	1	1
1097	2	1	0	0	3	3	3	3	3	1	2	1	1	1	1	4	3	3	2	44	2	2	0	0	1	1	0	1	0	1	1	6	1	1	1	1	0	0
1097	2	1	0	1	4	3	4	4	3	1	1	1	1	1	4	4	4	3	4	44	2	2	0	0	1	1	0	1	0	1	1	6	1	1	1	1	0	0
1097	2	1	1	0	4	3	4	3	3	1	1	1	1	1	4	4	4	3	3	44	2	2	0	0	1	1	0	1	0	1	1	6	1	1	1	1	0	0
1097	2	1	1	1	3	3	3	3	3	1	1	1	1	1	1	4	3	3	4	44	2	2	0	0	1	1	0	1	0	1	1	6	1	1	1	1	0	0
1101	1	1	0	0	4	4	1	2	2	4	4	3	4	1	2	4	1	4	1	52	3	2	0	0	1	1	1	1	0	1	1	3	3	2	1	1	1	0
1101	1	1	0	1	4	1	1	3	1	1	1	2	1	3	2	1	1	1	1	52	3	2	0	0	1	1	1	1	0	1	1	3	3	2	1	1	1	0
1101	1	1	1	0	1	2	4	2	1	1	4	2	4	1	1	1	1	1	4	52	3	2	0	0	1	1	1	1	0	1	1	3	3	2	1	1	1	0
1101	1	1	1	1	1	2	2	1	4	1	1	2	1	2	1	1	4	4	3	52	3	2	0	0	1	1	1	1	0	1	1	3	3	2	1	1	1	0
1102	3	1	0	0	2	4	3	2	2	3	2	3	3	4	2	3	3	3	2	55	3	2	0	0	1	1	0	1	1	1	1	5	2	3	1	1	1	0
1102	3	1	0	1	4	4	3	4	4	4	2	3	3	3	5	4	5	3	5	55	3	2	0	0	1	1	0	1	1	1	1	5	2	3	1	1	1	0
1102	3	1	1	0	4	4	3	4	3	2	3	3	2	2	4	3	3	1	4	55	3	2	0	0	1	1	0	1	1	1	1	5	2	3	1	1	1	0
1102	3	1	1	1	5	4	3	4	3	2	3	3	2	2	5	3	3	1	4	55	3	2	0	0	1	1	0	1	1	1	1	5	2	3	1	1	1	0
1103	2	1	0	0	2	3	2	3	3	2	3	3	1	3	2	3	3	3	3	55	3	2	0	0	1	1	0	1	0	1	1	6	3	2	1	0	1	0
1103	2	1	0	1	4	4	4	3	3	3	3	3	1	3	4	2	4	3	4	55	3	2	0	0	1	1	0	1	0	1	1	6	3	2	1	0	1	0
1103	2	1	1	0	3	3	3	3	3	2	3	3	3	3	3	4	4	3	4	55	3	2	0	0	1	1	0	1	0	1	1	6	3	2	1	0	1	0
1103	2	1	1	1	3	4	3	3	3	4	3	4	3	3	4	4	4	3	4	55	3	2	0	0	1	1	0	1	0	1	1	6	3	2	1	0	1	0
1106	1	1	0	0	3	3	3	3	3	3	3	3	3	3	3	3	3	3	3	67	4	2	0	0	1	1	0	0	0	1	0	6	1	3	1	0	0	0
1106	1	1	0	1	4	4	4	4	3	4	2	2	2	3	4	4	4	4	4	67	4	2	0	0	1	1	0	0	0	1	0	6	1	3	1	0	0	0
1106	1	1	1	0	2	3	2	2	2	4	4	2	2	3	2	2	2	2	2	67	4	2	0	0	1	1	0	0	0	1	0	6	1	3	1	0	0	0
1106	1	1	1	1	4	4	4	4	4	2	3	4	4	4	4	4	4	4	4	67	4	2	0	0	1	1	0	0	0	1	0	6	1	3	1	0	0	0
1108	2	1	0	0	3	4	4	4	4	3	3	3	2	2	4	4	5	5	4	45	3	1	0	0	1	1	0	1	0	1	1	-999	2	1	1	1	1	1
1108	2	1	0	1	4	5	4	4	4	3	3	3	2	2	5	4	5	5	5	45	3	1	0	0	1	1	0	1	0	1	1	-999	2	1	1	1	1	1
1108	2	1	1	0	5	4	5	4	5	2	3	3	3	3	5	5	5	5	5	45	3	1	0	0	1	1	0	1	0	1	1	-999	2	1	1	1	1	1
1108	2	1	1	1	5	4	5	4	5	2	3	3	3	3	5	5	5	5	5	45	3	1	0	0	1	1	0	1	0	1	1	-999	2	1	1	1	1	1
1109	2	1	0	0	1	4	1	1	4	2	5	4	2	4	1	1	1	1	1	52	3	1	0	0	1	0	0	1	0	0	1	5	3	2	1	1	1	1
1109	2	1	0	1	4	4	4	4	4	1	2	3	3	2	4	3	4	4	5	52	3	1	0	0	1	0	0	1	0	0	1	5	3	2	1	1	1	1
1109	2	1	1	0	3	4	4	4	4	3	2	2	2	2	4	4	4	4	4	52	3	1	0	0	1	0	0	1	0	0	1	5	3	2	1	1	1	1
1109	2	1	1	1	5	4	5	5	4	2	2	2	2	2	4	5	5	4	5	52	3	1	0	0	1	0	0	1	0	0	1	5	3	2	1	1	1	1
1110	1	1	0	0	2	3	3	1	3	2	4	4	2	2	1	2	2	1	1	53	3	1	0	0	1	1	0	1	0	1	1	3	3	3	1	1	1	1
1110	1	1	0	1	4	3	3	4	3	2	2	1	1	2	4	4	4	3	4	53	3	1	0	0	1	1	0	1	0	1	1	3	3	3	1	1	1	1
1110	1	1	1	0	4	4	4	4	3	2	1	2	1	1	5	5	5	4	5	53	3	1	0	0	1	1	0	1	0	1	1	3	3	3	1	1	1	1
1110	1	1	1	1	4	4	4	4	3	2	1	2	1	1	5	5	5	4	5	53	3	1	0	0	1	1	0	1	0	1	1	3	3	3	1	1	1	1
1111	1	1	0	0	2	3	3	2	3	2	3	3	3	2	3	3	3	3	2	53	3	1	0	0	0	0	0	0	0	0	0	6	3	1	1	1	1	1
1111	1	1	0	1	4	3	3	3	3	2	2	1	2	2	4	4	4	3	4	53	3	1	0	0	0	0	0	0	0	0	0	6	3	1	1	1	1	1
1111	1	1	1	0	3	2	3	3	3	3	2	3	2	2	4	4	4	3	3	53	3	1	0	0	0	0	0	0	0	0	0	6	3	1	1	1	1	1
1111	1	1	1	1	3	2	3	3	3	3	2	3	2	2	4	4	4	3	3	53	3	1	0	0	0	0	0	0	0	0	0	6	3	1	1	1	1	1
1113	1	1	0	0	2	3	3	3	3	2	3	3	2	3	4	4	4	3	2	56	3	1	0	0	1	1	0	0	0	1	0	-999	1	3	1	0	0	0
1113	1	1	0	1	4	3	3	3	3	2	3	4	2	3	4	4	4	3	2	56	3	1	0	0	1	1	0	0	0	1	0	-999	1	3	1	0	0	0
1113	1	1	1	0	3	4	3	3	3	3	4	3	3	3	4	4	4	3	2	56	3	1	0	0	1	1	0	0	0	1	0	-999	1	3	1	0	0	0
1113	1	1	1	1	4	3	3	3	3	3	3	3	3	3	4	4	4	3	2	56	3	1	0	0	1	1	0	0	0	1	0	-999	1	3	1	0	0	0
1116	1	1	0	0	3	3	3	3	3	1	1	1	1	1	1	3	3	3	3	62	3	1	0	0	1	1	0	0	0	1	0	4	2	3	1	0	1	0
1116	1	1	0	1	4	4	4	4	3	1	1	1	1	1	4	4	4	4	4	62	3	1	0	0	1	1	0	0	0	1	0	4	2	3	1	0	1	0
1116	1	1	1	0	4	4	3	5	3	1	1	1	1	1	4	4	4	4	4	62	3	1	0	0	1	1	0	0	0	1	0	4	2	3	1	0	1	0
1116	1	1	1	1	5	5	3	4	3	1	1	1	1	1	5	5	5	5	5	62	3	1	0	0	1	1	0	0	0	1	0	4	2	3	1	0	1	0
1	1	2	0	0	3	3	3	3	3	3	3	3	3	3	3	4	3	3	3	65	4	2	0	1	1	1	0	0	0	1	0	5	3	4	1	0	1	0
1	1	2	0	1	3	3	3	3	3	3	3	3	3	3	3	4	3	3	3	65	4	2	0	1	1	1	0	0	0	1	0	5	3	4	1	0	1	0
1	1	2	1	0	3	3	3	3	3	3	3	3	3	3	3	3	3	3	3	65	4	2	0	1	1	1	0	0	0	1	0	5	3	4	1	0	1	0
1	1	2	1	1	3	3	3	3	3	3	3	3	3	3	3	3	3	3	3	65	4	2	0	1	1	1	0	0	0	1	0	5	3	4	1	0	1	0
41	1	2	0	0	2	2	3	2	3	3	3	4	4	3	2	3	3	3	2	23	1	2	0	0	1	0	1	0	0	1	0	3	3	3	1	0	1	1
41	1	2	0	1	3	3	3	3	3	2	3	2	2	3	5	4	4	3	4	23	1	2	0	0	1	0	1	0	0	1	0	3	3	3	1	0	1	1
41	1	2	1	0	3	3	3	3	3	2	3	2	2	3	4	4	4	3	4	23	1	2	0	0	1	0	1	0	0	1	0	3	3	3	1	0	1	1
41	1	2	1	1	3	4	3	3	3	3	3	1	2	3	4	4	4	3	4	23	1	2	0	0	1	0	1	0	0	1	0	3	3	3	1	0	1	1
47	3	2	0	0	5	5	2	2	4	1	1	2	2	2	2	4	4	3	2	24	1	2	0	0	1	0	0	0	1	0	1	3	3	1	1	1	1	1
47	3	2	0	1	3	5	4	4	4	1	1	2	2	2	5	4	4	3	4	24	1	2	0	0	1	0	0	0	1	0	1	3	3	1	1	1	1	1
47	3	2	1	0	4	4	4	4	4	2	2	2	2	2	5	4	4	4	4	24	1	2	0	0	1	0	0	0	1	0	1	3	3	1	1	1	1	1
47	3	2	1	1	4	4	4	4	4	2	2	2	2	2	3	4	4	4	2	24	1	2	0	0	1	0	0	0	1	0	1	3	3	1	1	1	1	1
62	1	2	0	0	3	3	3	3	3	2	1	1	1	1	5	5	5	4	5	47	3	1	0	0	1	1	0	0	0	1	0	5	3	4	1	1	1	1
62	1	2	0	1	3	5	3	4	3	4	2	2	3	3	4	3	4	3	2	47	3	1	0	0	1	1	0	0	0	1	0	5	3	4	1	1	1	1
62	1	2	1	0	5	5	5	4	4	5	1	2	1	1	5	5	5	5	5	47	3	1	0	0	1	1	0	0	0	1	0	5	3	4	1	1	1	1
62	1	2	1	1	2	2	2	2	2	2	4	4	4	3	3	3	3	3	2	47	3	1	0	0	1	1	0	0	0	1	0	5	3	4	1	1	1	1
71	2	2	0	0	3	4	3	3	5	2	4	2	3	1	3	3	3	5	5	20	1	2	0	0	1	1	0	0	0	1	0	-999	1	1	1	1	0	0
71	2	2	0	1	3	3	4	4	4	2	3	1	2	1	4	2	4	5	5	20	1	2	0	0	1	1	0	0	0	1	0	-999	1	1	1	1	0	0
71	2	2	1	0	4	3	3	3	4	1	1	1	1	1	3	4	5	3	5	20	1	2	0	0	1	1	0	0	0	1	0	-999	1	1	1	1	0	0
71	2	2	1	1	4	4	3	3	3	2	2	2	2	2	3	4	4	3	5	20	1	2	0	0	1	1	0	0	0	1	0	-999	1	1	1	1	0	0
79	3	2	0	0	3	3	3	3	4	1	2	2	2	2	3	3	3	3	3	21	1	1	0	0	1	0	0	1	1	0	1	3	2	2	1	1	1	1
79	3	2	0	1	3	4	3	3	4	1	2	2	2	2	4	3	3	3	3	21	1	1	0	0	1	0	0	1	1	0	1	3	2	2	1	1	1	1
79	3	2	1	0	3	3	3	3	4	1	1	1	1	1	3	3	3	3	4	21	1	1	0	0	1	0	0	1	1	0	1	3	2	2	1	1	1	1
79	3	2	1	1	3	3	3	3	4	1	1	1	1	1	3	3	3	3	4	21	1	1	0	0	1	0	0	1	1	0	1	3	2	2	1	1	1	1
95	2	2	0	0	3	5	3	1	1	5	2	1	1	1	3	1	1	3	3	26	2	2	0	1	1	1	1	1	1	1	1	1	3	4	1	1	1	1
95	2	2	0	1	3	5	3	1	1	5	2	1	1	1	3	1	1	3	3	26	2	2	0	1	1	1	1	1	1	1	1	1	3	4	1	1	1	1
95	2	2	1	0	3	1	1	3	5	1	1	1	1	1	3	3	3	1	3	26	2	2	0	1	1	1	1	1	1	1	1	1	3	4	1	1	1	1
95	2	2	1	1	3	1	1	3	5	1	1	1	1	1	3	3	3	1	4	26	2	2	0	1	1	1	1	1	1	1	1	1	3	4	1	1	1	1
216	3	2	0	0	4	2	2	2	2	2	3	3	4	3	2	4	2	3	2	29	2	1	0	0	1	1	0	0	1	1	1	4	2	2	0	0	1	1
216	3	2	0	1	3	5	4	4	4	4	1	2	2	2	4	2	4	3	4	29	2	1	0	0	1	1	0	0	1	1	1	4	2	2	0	0	1	1
216	3	2	1	0	4	3	4	4	4	2	2	2	2	2	4	4	4	3	4	29	2	1	0	0	1	1	0	0	1	1	1	4	2	2	0	0	1	1
216	3	2	1	1	3	4	3	3	3	4	3	3	2	2	4	4	4	3	3	29	2	1	0	0	1	1	0	0	1	1	1	4	2	2	0	0	1	1
237	2	2	0	0	3	2	3	3	5	1	1	1	1	1	2	3	4	2	4	27	2	2	0	0	1	0	0	1	0	0	1	5	3	2	1	1	1	1
237	2	2	0	1	3	5	3	3	4	1	1	1	1	1	5	4	5	2	4	27	2	2	0	0	1	0	0	1	0	0	1	5	3	2	1	1	1	1
237	2	2	1	0	3	4	3	3	5	1	2	1	1	1	5	4	4	5	4	27	2	2	0	0	1	0	0	1	0	0	1	5	3	2	1	1	1	1
237	2	2	1	1	3	4	3	3	5	1	2	1	1	1	5	4	4	5	4	27	2	2	0	0	1	0	0	1	0	0	1	5	3	2	1	1	1	1
240	2	2	0	0	3	4	4	3	4	2	2	2	2	2	4	5	4	5	5	29	2	2	0	0	1	1	0	1	0	1	1	3	3	2	1	1	1	1
240	2	2	0	1	3	4	4	3	2	4	2	5	4	4	3	2	3	3	2	29	2	2	0	0	1	1	0	1	0	1	1	3	3	2	1	1	1	1
240	2	2	1	0	3	4	3	2	3	4	2	4	3	3	3	3	3	4	4	29	2	2	0	0	1	1	0	1	0	1	1	3	3	2	1	1	1	1
240	2	2	1	1	3	4	3	2	3	4	3	4	4	4	2	2	2	3	3	29	2	2	0	0	1	1	0	1	0	1	1	3	3	2	1	1	1	1
247	1	2	0	0	2	3	2	3	3	1	1	1	1	1	2	2	3	2	3	68	4	2	0	1	1	1	0	0	0	1	0	4	3	3	1	0	1	0
247	1	2	0	1	3	3	4	3	3	1	1	1	1	1	4	4	4	4	3	68	4	2	0	1	1	1	0	0	0	1	0	4	3	3	1	0	1	0
247	1	2	1	0	3	3	3	3	3	1	1	1	1	1	3	3	3	3	3	68	4	2	0	1	1	1	0	0	0	1	0	4	3	3	1	0	1	0
247	1	2	1	1	3	3	3	3	3	1	1	1	1	1	3	3	3	3	3	68	4	2	0	1	1	1	0	0	0	1	0	4	3	3	1	0	1	0
248	2	2	0	0	3	2	4	4	3	2	2	2	2	3	3	4	5	4	4	51	3	2	0	0	1	1	0	1	0	1	1	4	2	2	1	0	1	0
248	2	2	0	1	3	4	2	2	3	4	4	4	4	3	3	2	1	2	2	51	3	2	0	0	1	1	0	1	0	1	1	4	2	2	1	0	1	0
248	2	2	1	0	2	4	2	2	3	4	4	5	4	3	1	2	2	2	2	51	3	2	0	0	1	1	0	1	0	1	1	4	2	2	1	0	1	0
248	2	2	1	1	2	4	2	2	3	4	4	5	4	3	1	2	2	2	2	51	3	2	0	0	1	1	0	1	0	1	1	4	2	2	1	0	1	0
259	2	2	0	0	2	3	3	3	3	2	4	3	3	2	3	3	3	3	2	32	2	2	0	0	1	1	0	1	0	1	1	4	1	1	1	1	1	1
259	2	2	0	1	3	3	4	4	3	3	2	3	3	3	4	4	4	4	5	32	2	2	0	0	1	1	0	1	0	1	1	4	1	1	1	1	1	1
259	2	2	1	0	3	3	3	3	3	3	3	3	3	3	4	4	4	4	4	32	2	2	0	0	1	1	0	1	0	1	1	4	1	1	1	1	1	1
259	2	2	1	1	3	3	4	4	3	3	3	3	3	3	4	4	4	4	4	32	2	2	0	0	1	1	0	1	0	1	1	4	1	1	1	1	1	1
275	3	2	0	0	5	5	5	4	4	1	1	3	3	1	5	5	5	4	5	28	2	2	0	0	1	1	1	1	1	1	1	5	3	2	1	1	1	1
275	3	2	0	1	3	2	5	3	2	4	1	3	3	3	2	3	5	5	2	28	2	2	0	0	1	1	1	1	1	1	1	5	3	2	1	1	1	1
275	3	2	1	0	5	5	5	3	5	1	1	1	2	1	5	4	4	3	5	28	2	2	0	0	1	1	1	1	1	1	1	5	3	2	1	1	1	1
275	3	2	1	1	3	3	5	3	4	4	3	3	3	4	5	4	4	3	5	28	2	2	0	0	1	1	1	1	1	1	1	5	3	2	1	1	1	1
291	2	2	0	0	3	3	3	3	3	3	3	3	3	3	4	3	2	3	2	45	3	2	0	0	1	1	0	1	0	1	1	-999	3	2	1	0	1	0
291	2	2	0	1	3	4	4	3	3	3	3	4	3	3	4	3	5	3	4	45	3	2	0	0	1	1	0	1	0	1	1	-999	3	2	1	0	1	0
291	2	2	1	0	2	4	3	3	3	2	3	2	2	2	3	3	3	3	3	45	3	2	0	0	1	1	0	1	0	1	1	-999	3	2	1	0	1	0
291	2	2	1	1	4	4	4	4	3	2	3	2	2	2	4	3	4	3	4	45	3	2	0	0	1	1	0	1	0	1	1	-999	3	2	1	0	1	0
296	1	2	0	0	3	4	2	3	4	3	1	2	3	3	3	4	3	4	5	20	1	1	1	0	0	0	0	0	0	0	0	-999	3	2	1	1	0	0
296	1	2	0	1	3	4	3	3	4	4	1	4	4	3	3	2	3	2	3	20	1	1	1	0	0	0	0	0	0	0	0	-999	3	2	1	1	0	0
296	1	2	1	0	3	3	3	3	3	2	2	3	3	3	5	3	4	3	5	20	1	1	1	0	0	0	0	0	0	0	0	-999	3	2	1	1	0	0
296	1	2	1	1	3	3	3	3	3	4	2	3	4	3	3	3	3	3	2	20	1	1	1	0	0	0	0	0	0	0	0	-999	3	2	1	1	0	0
302	1	2	0	0	3	3	3	3	3	3	3	3	3	3	1	1	1	3	3	34	2	2	0	0	1	1	1	1	0	1	1	4	3	1	1	1	1	1
302	1	2	0	1	3	3	3	3	3	3	3	3	3	3	5	5	5	3	3	34	2	2	0	0	1	1	1	1	0	1	1	4	3	1	1	1	1	1
302	1	2	1	0	3	3	3	3	3	3	3	3	3	3	3	3	3	3	3	34	2	2	0	0	1	1	1	1	0	1	1	4	3	1	1	1	1	1
302	1	2	1	1	3	3	3	3	3	3	3	3	3	3	3	3	3	3	3	34	2	2	0	0	1	1	1	1	0	1	1	4	3	1	1	1	1	1
316	1	2	0	0	5	4	4	4	4	2	1	1	1	1	3	4	4	4	3	23	1	2	0	0	1	1	0	0	0	1	0	3	3	2	1	0	1	0
316	1	2	0	1	3	4	4	4	4	2	1	1	1	1	4	4	4	4	4	23	1	2	0	0	1	1	0	0	0	1	0	3	3	2	1	0	1	0
316	1	2	1	0	4	4	4	4	4	1	1	1	1	1	4	4	4	4	4	23	1	2	0	0	1	1	0	0	0	1	0	3	3	2	1	0	1	0
316	1	2	1	1	4	4	4	4	4	1	1	1	1	1	4	4	4	4	4	23	1	2	0	0	1	1	0	0	0	1	0	3	3	2	1	0	1	0
321	1	2	0	0	3	4	3	3	3	2	3	3	2	2	3	3	3	3	3	49	3	1	0	1	0	0	0	0	0	0	0	1	3	2	1	0	0	0
321	1	2	0	1	3	4	3	3	3	2	3	3	2	2	3	3	3	3	3	49	3	1	0	1	0	0	0	0	0	0	0	1	3	2	1	0	0	0
321	1	2	1	0	4	3	3	3	3	4	2	2	2	2	4	4	4	4	4	49	3	1	0	1	0	0	0	0	0	0	0	1	3	2	1	0	0	0
321	1	2	1	1	2	3	3	3	3	2	2	2	2	2	2	2	2	2	2	49	3	1	0	1	0	0	0	0	0	0	0	1	3	2	1	0	0	0
336	1	2	0	0	5	5	3	3	5	5	3	1	2	1	2	2	1	3	1	21	1	1	1	0	1	1	1	0	1	1	1	1	3	3	0	1	0	0
336	1	2	0	1	3	2	3	3	1	2	3	4	4	4	4	5	5	4	5	21	1	1	1	0	1	1	1	0	1	1	1	1	3	3	0	1	0	0
336	1	2	1	0	3	2	2	2	4	2	3	3	3	2	4	4	4	4	4	21	1	1	1	0	1	1	1	0	1	1	1	1	3	3	0	1	0	0
336	1	2	1	1	3	5	4	5	2	4	3	3	5	4	4	5	5	4	5	21	1	1	1	0	1	1	1	0	1	1	1	1	3	3	0	1	0	0
347	1	2	0	0	5	3	3	2	2	4	2	1	1	2	3	3	3	3	3	26	2	1	1	0	0	0	0	0	0	0	0	1	2	2	0	1	1	0
347	1	2	0	1	3	3	3	2	3	3	2	1	1	2	3	3	3	3	3	26	2	1	1	0	0	0	0	0	0	0	0	1	2	2	0	1	1	0
347	1	2	1	0	4	3	4	3	4	2	2	2	2	2	3	4	4	1	4	26	2	1	1	0	0	0	0	0	0	0	0	1	2	2	0	1	1	0
347	1	2	1	1	4	3	4	3	4	2	2	2	2	2	3	4	4	1	4	26	2	1	1	0	0	0	0	0	0	0	0	1	2	2	0	1	1	0
526	1	2	0	0	2	2	2	2	1	2	2	2	3	3	1	1	3	3	2	54	3	1	0	0	1	1	0	0	0	1	0	4	3	1	1	0	0	0
526	1	2	0	1	3	3	3	5	3	4	4	3	1	3	4	4	1	3	4	54	3	1	0	0	1	1	0	0	0	1	0	4	3	1	1	0	0	0
526	1	2	1	0	4	3	4	4	3	3	3	3	1	3	4	4	4	3	3	54	3	1	0	0	1	1	0	0	0	1	0	4	3	1	1	0	0	0
526	1	2	1	1	2	1	3	3	3	1	1	4	3	3	3	3	3	3	3	54	3	1	0	0	1	1	0	0	0	1	0	4	3	1	1	0	0	0
539	3	2	0	0	4	4	4	4	4	4	4	2	4	2	4	4	4	4	4	20	1	2	0	0	1	0	0	0	1	0	1	-999	1	1	0	1	1	0
539	3	2	0	1	3	5	4	4	4	3	4	4	4	4	2	2	2	2	1	20	1	2	0	0	1	0	0	0	1	0	1	-999	1	1	0	1	1	0
539	3	2	1	0	3	4	3	4	4	3	4	4	3	3	2	2	3	2	3	20	1	2	0	0	1	0	0	0	1	0	1	-999	1	1	0	1	1	0
539	3	2	1	1	3	3	3	4	4	3	4	4	3	3	2	2	3	2	3	20	1	2	0	0	1	0	0	0	1	0	1	-999	1	1	0	1	1	0
567	1	2	0	0	3	3	2	3	4	3	3	3	3	3	4	3	4	1	3	24	1	1	0	1	1	0	0	0	1	0	1	1	3	2	1	0	0	0
567	1	2	0	1	3	4	3	3	3	4	2	3	3	3	4	3	4	1	4	24	1	1	0	1	1	0	0	0	1	0	1	1	3	2	1	0	0	0
567	1	2	1	0	3	4	1	3	3	3	1	1	2	1	4	3	3	1	4	24	1	1	0	1	1	0	0	0	1	0	1	1	3	2	1	0	0	0
567	1	2	1	1	3	3	1	3	3	4	1	1	4	1	2	3	3	1	2	24	1	1	0	1	1	0	0	0	1	0	1	1	3	2	1	0	0	0
581	2	2	0	0	3	5	3	3	3	1	5	1	1	1	1	3	3	3	3	66	4	2	0	0	1	1	0	1	0	1	1	-999	3	3	1	0	1	0
581	2	2	0	1	3	5	3	3	3	1	5	1	1	1	5	3	3	3	3	66	4	2	0	0	1	1	0	1	0	1	1	-999	3	3	1	0	1	0
581	2	2	1	0	3	5	3	1	3	1	3	1	1	1	3	3	3	3	3	66	4	2	0	0	1	1	0	1	0	1	1	-999	3	3	1	0	1	0
581	2	2	1	1	3	5	3	1	3	1	3	1	1	1	3	3	3	3	3	66	4	2	0	0	1	1	0	1	0	1	1	-999	3	3	1	0	1	0
584	2	2	0	0	3	4	3	3	3	3	3	3	3	3	2	2	2	1	2	31	2	2	0	0	1	1	0	1	0	1	1	-999	3	3	1	1	1	1
584	2	2	0	1	3	4	3	3	4	2	3	3	3	3	4	4	4	1	4	31	2	2	0	0	1	1	0	1	0	1	1	-999	3	3	1	1	1	1
584	2	2	1	0	3	4	3	3	4	3	3	3	3	3	4	4	4	1	4	31	2	2	0	0	1	1	0	1	0	1	1	-999	3	3	1	1	1	1
584	2	2	1	1	3	4	3	3	4	3	3	3	3	3	4	4	4	1	4	31	2	2	0	0	1	1	0	1	0	1	1	-999	3	3	1	1	1	1
593	2	2	0	0	4	5	3	3	5	5	3	1	3	3	5	5	5	5	5	28	2	2	0	0	1	0	1	1	0	1	1	4	1	2	1	1	1	1
593	2	2	0	1	3	1	3	3	1	1	3	5	5	3	3	2	3	3	3	28	2	2	0	0	1	0	1	1	0	1	1	4	1	2	1	1	1	1
593	2	2	1	0	1	1	1	5	5	1	5	5	5	5	1	1	1	1	1	28	2	2	0	0	1	0	1	1	0	1	1	4	1	2	1	1	1	1
593	2	2	1	1	5	5	5	1	1	5	1	1	1	1	5	5	5	5	5	28	2	2	0	0	1	0	1	1	0	1	1	4	1	2	1	1	1	1
594	2	2	0	0	5	5	4	4	5	5	1	1	1	1	4	5	5	5	5	34	2	2	0	0	1	0	1	1	0	1	1	2	3	2	0	0	1	0
594	2	2	0	1	3	3	4	4	4	3	1	2	1	1	5	4	4	4	3	34	2	2	0	0	1	0	1	1	0	1	1	2	3	2	0	0	1	0
594	2	2	1	0	3	5	3	3	4	1	1	1	1	3	4	5	5	4	4	34	2	2	0	0	1	0	1	1	0	1	1	2	3	2	0	0	1	0
594	2	2	1	1	4	4	3	3	5	2	1	1	1	3	4	5	5	5	5	34	2	2	0	0	1	0	1	1	0	1	1	2	3	2	0	0	1	0
640	3	2	0	0	3	4	3	3	4	3	3	2	2	1	3	4	4	2	4	34	2	1	0	0	1	0	0	0	1	0	1	4	3	2	1	0	1	0
640	3	2	0	1	3	5	3	3	3	4	3	3	3	1	4	2	4	2	4	34	2	1	0	0	1	0	0	0	1	0	1	4	3	2	1	0	1	0
640	3	2	1	0	3	4	3	3	3	2	2	2	2	2	4	4	4	3	4	34	2	1	0	0	1	0	0	0	1	0	1	4	3	2	1	0	1	0
640	3	2	1	1	3	4	3	3	3	3	2	2	2	2	5	4	4	3	4	34	2	1	0	0	1	0	0	0	1	0	1	4	3	2	1	0	1	0
678	2	2	0	0	4	3	4	2	3	4	2	3	5	3	3	3	3	5	3	20	1	2	1	0	1	0	0	1	1	0	1	-999	2	4	0	1	0	0
678	2	2	0	1	3	4	2	4	4	2	3	4	3	4	5	4	4	4	4	20	1	2	1	0	1	0	0	1	1	0	1	-999	2	4	0	1	0	0
678	2	2	1	0	3	3	2	2	1	4	4	4	4	2	3	3	2	3	2	20	1	2	1	0	1	0	0	1	1	0	1	-999	2	4	0	1	0	0
678	2	2	1	1	4	5	3	4	4	3	5	3	2	4	5	4	5	3	5	20	1	2	1	0	1	0	0	1	1	0	1	-999	2	4	0	1	0	0
708	3	2	0	0	5	3	3	5	4	5	5	4	3	2	3	4	3	3	3	32	2	2	0	0	1	0	0	0	1	0	1	3	3	1	1	0	0	0
708	3	2	0	1	3	5	5	1	4	4	3	4	5	3	2	3	4	4	4	32	2	2	0	0	1	0	0	0	1	0	1	3	3	1	1	0	0	0
708	3	2	1	0	4	4	5	3	3	2	2	3	2	2	1	4	4	3	3	32	2	2	0	0	1	0	0	0	1	0	1	3	3	1	1	0	0	0
708	3	2	1	1	5	4	4	4	4	3	4	4	4	3	3	2	3	2	3	32	2	2	0	0	1	0	0	0	1	0	1	3	3	1	1	0	0	0
710	3	2	0	0	3	5	3	3	4	5	3	5	5	5	2	2	3	3	2	37	2	2	0	0	1	0	0	0	1	0	1	3	3	2	1	1	1	0
710	3	2	0	1	3	2	3	3	4	2	3	2	2	2	5	4	3	3	5	37	2	2	0	0	1	0	0	0	1	0	1	3	3	2	1	1	1	0
710	3	2	1	0	3	3	3	3	3	3	3	3	3	3	5	4	4	2	4	37	2	2	0	0	1	0	0	0	1	0	1	3	3	2	1	1	1	0
710	3	2	1	1	3	3	3	3	3	3	3	3	3	3	5	4	4	2	4	37	2	2	0	0	1	0	0	0	1	0	1	3	3	2	1	1	1	0
724	2	2	0	0	3	3	3	3	3	3	3	3	3	3	1	1	1	3	1	32	2	1	0	0	1	1	0	1	0	1	1	4	1	2	0	0	1	1
724	2	2	0	1	3	3	3	3	3	3	3	2	3	3	5	5	5	3	5	32	2	1	0	0	1	1	0	1	0	1	1	4	1	2	0	0	1	1
724	2	2	1	0	3	3	3	3	3	3	3	3	3	3	3	4	4	3	5	32	2	1	0	0	1	1	0	1	0	1	1	4	1	2	0	0	1	1
724	2	2	1	1	3	3	3	3	3	3	3	3	3	3	5	5	5	3	5	32	2	1	0	0	1	1	0	1	0	1	1	4	1	2	0	0	1	1
735	3	2	0	0	3	3	3	3	4	3	3	2	3	3	3	4	3	4	3	57	3	1	0	0	1	1	0	0	1	1	1	-999	2	1	1	0	1	0
735	3	2	0	1	3	4	4	3	4	3	3	3	3	3	4	4	4	4	3	57	3	1	0	0	1	1	0	0	1	1	1	-999	2	1	1	0	1	0
735	3	2	1	0	3	4	3	3	3	4	3	4	3	3	3	3	3	3	3	57	3	1	0	0	1	1	0	0	1	1	1	-999	2	1	1	0	1	0
735	3	2	1	1	4	3	3	3	4	3	4	4	3	3	4	4	4	4	4	57	3	1	0	0	1	1	0	0	1	1	1	-999	2	1	1	0	1	0
751	1	2	0	0	3	3	4	4	3	4	5	4	4	5	1	4	1	3	1	49	3	2	0	0	1	1	0	0	0	1	0	-999	3	2	1	0	1	0
751	1	2	0	1	3	3	2	2	3	2	1	1	1	1	5	2	5	3	5	49	3	2	0	0	1	1	0	0	0	1	0	-999	3	2	1	0	1	0
751	1	2	1	0	4	4	4	4	4	1	1	2	1	1	4	4	5	5	4	49	3	2	0	0	1	1	0	0	0	1	0	-999	3	2	1	0	1	0
751	1	2	1	1	4	4	4	4	4	1	1	2	1	1	5	5	5	5	5	49	3	2	0	0	1	1	0	0	0	1	0	-999	3	2	1	0	1	0
771	1	2	0	0	5	1	1	1	3	1	5	5	3	4	1	1	1	2	3	42	2	1	0	0	1	1	0	0	0	1	0	3	3	3	1	0	1	0
771	1	2	0	1	3	5	5	5	3	5	1	1	3	1	5	5	5	4	5	42	2	1	0	0	1	1	0	0	0	1	0	3	3	3	1	0	1	0
771	1	2	1	0	4	4	4	4	4	1	1	1	1	1	4	4	4	4	4	42	2	1	0	0	1	1	0	0	0	1	0	3	3	3	1	0	1	0
771	1	2	1	1	5	4	5	5	4	1	1	1	1	1	5	5	5	5	5	42	2	1	0	0	1	1	0	0	0	1	0	3	3	3	1	0	1	0
803	2	1	0	0	3	3	3	3	4	3	3	3	3	3	3	4	4	3	4	62	3	2	0	1	1	0	0	1	0	0	1	1	2	4	1	0	1	1
803	2	1	0	1	3	4	4	4	4	3	3	3	3	3	3	4	4	2	3	62	3	2	0	1	1	0	0	1	0	0	1	1	2	4	1	0	1	1
803	2	1	1	0	2	4	2	2	2	4	3	4	4	4	2	2	2	3	2	62	3	2	0	1	1	0	0	1	0	0	1	1	2	4	1	0	1	1
803	2	1	1	1	3	2	3	3	3	3	3	3	3	3	4	3	3	4	3	62	3	2	0	1	1	0	0	1	0	0	1	1	2	4	1	0	1	1
810	3	1	0	0	4	4	3	3	4	2	3	2	2	2	4	3	3	3	4	29	2	2	0	0	1	0	1	1	1	1	1	2	2	1	1	1	1	0
810	3	1	0	1	3	5	4	3	2	4	3	4	4	4	2	2	2	2	2	29	2	2	0	0	1	0	1	1	1	1	1	2	2	1	1	1	1	0
810	3	1	1	0	3	4	3	3	3	4	3	3	3	3	3	3	3	2	3	29	2	2	0	0	1	0	1	1	1	1	1	2	2	1	1	1	1	0
810	3	1	1	1	2	4	3	2	3	4	3	4	4	4	2	3	3	2	3	29	2	2	0	0	1	0	1	1	1	1	1	2	2	1	1	1	1	0
815	1	1	0	0	2	1	1	1	1	2	3	3	4	3	1	1	3	1	1	26	2	1	0	0	1	1	0	1	0	1	1	2	3	3	1	0	1	0
815	1	1	0	1	3	3	3	5	3	1	1	1	1	1	5	4	3	3	5	26	2	1	0	0	1	1	0	1	0	1	1	2	3	3	1	0	1	0
815	1	1	1	0	4	3	3	3	4	3	3	3	3	1	3	3	3	3	3	26	2	1	0	0	1	1	0	1	0	1	1	2	3	3	1	0	1	0
815	1	1	1	1	3	3	3	3	4	3	3	3	3	1	3	3	3	3	3	26	2	1	0	0	1	1	0	1	0	1	1	2	3	3	1	0	1	0
816	2	1	0	0	3	3	2	3	4	3	2	3	3	1	4	4	4	4	4	27	2	1	0	0	1	1	0	1	0	1	1	2	3	2	1	1	1	0
816	2	1	0	1	3	4	3	3	1	4	2	4	4	2	1	1	1	2	1	27	2	1	0	0	1	1	0	1	0	1	1	2	3	2	1	1	1	0
816	2	1	1	0	4	3	3	1	3	4	4	4	4	4	1	1	1	2	2	27	2	1	0	0	1	1	0	1	0	1	1	2	3	2	1	1	1	0
816	2	1	1	1	1	4	3	1	3	4	4	4	4	4	1	1	1	2	2	27	2	1	0	0	1	1	0	1	0	1	1	2	3	2	1	1	1	0
819	2	1	0	0	2	3	3	3	3	1	3	2	1	2	2	4	2	3	3	18	1	2	1	0	1	0	0	1	0	0	1	1	2	1	1	0	0	0
819	2	1	0	1	3	4	3	4	3	2	1	2	1	2	5	3	4	3	5	18	1	2	1	0	1	0	0	1	0	0	1	1	2	1	1	0	0	0
819	2	1	1	0	3	3	3	5	3	2	1	3	2	4	3	2	4	2	5	18	1	2	1	0	1	0	0	1	0	0	1	1	2	1	1	0	0	0
819	2	1	1	1	3	4	3	5	2	3	1	4	2	5	2	1	3	2	3	18	1	2	1	0	1	0	0	1	0	0	1	1	2	1	1	0	0	0
824	1	1	0	0	3	3	3	3	3	3	3	3	3	3	3	3	3	3	3	42	2	2	0	1	1	1	1	1	0	1	1	6	3	4	1	1	1	1
824	1	1	0	1	3	3	3	3	3	3	3	3	3	3	4	4	4	3	4	42	2	2	0	1	1	1	1	1	0	1	1	6	3	4	1	1	1	1
824	1	1	1	0	4	4	4	4	4	3	2	2	2	2	4	4	4	3	4	42	2	2	0	1	1	1	1	1	0	1	1	6	3	4	1	1	1	1
824	1	1	1	1	5	5	5	5	4	3	2	2	2	2	5	5	5	3	5	42	2	2	0	1	1	1	1	1	0	1	1	6	3	4	1	1	1	1
833	1	1	0	0	4	4	1	1	2	4	4	4	4	4	1	1	1	3	1	62	3	2	0	1	1	1	0	0	0	1	0	-999	3	4	1	1	1	0
833	1	1	0	1	3	4	4	4	4	4	3	2	3	2	4	4	4	3	4	62	3	2	0	1	1	1	0	0	0	1	0	-999	3	4	1	1	1	0
833	1	1	1	0	2	3	2	3	4	4	4	3	3	3	3	3	3	3	3	62	3	2	0	1	1	1	0	0	0	1	0	-999	3	4	1	1	1	0
833	1	1	1	1	4	4	4	4	4	2	2	3	3	2	4	4	4	3	4	62	3	2	0	1	1	1	0	0	0	1	0	-999	3	4	1	1	1	0
834	1	1	0	0	1	5	1	1	1	1	1	4	5	5	1	1	1	1	1	62	3	2	0	1	1	1	1	1	0	1	1	4	2	3	1	0	1	0
834	1	1	0	1	3	4	1	1	2	3	2	3	4	4	5	2	2	2	2	62	3	2	0	1	1	1	1	1	0	1	1	4	2	3	1	0	1	0
834	1	1	1	0	4	3	3	3	3	3	3	3	3	3	2	2	2	3	2	62	3	2	0	1	1	1	1	1	0	1	1	4	2	3	1	0	1	0
834	1	1	1	1	3	2	3	3	3	2	3	3	3	3	4	4	4	3	4	62	3	2	0	1	1	1	1	1	0	1	1	4	2	3	1	0	1	0
856	1	1	0	0	3	1	1	1	1	1	1	1	1	1	1	3	1	1	1	66	4	2	0	1	1	1	0	0	0	1	0	6	3	4	1	0	1	0
856	1	1	0	1	3	1	1	1	1	1	1	1	1	1	5	4	5	1	5	66	4	2	0	1	1	1	0	0	0	1	0	6	3	4	1	0	1	0
856	1	1	1	0	3	1	1	1	1	1	1	1	1	1	3	3	3	1	3	66	4	2	0	1	1	1	0	0	0	1	0	6	3	4	1	0	1	0
856	1	1	1	1	3	1	1	1	1	1	1	1	1	1	3	3	3	1	3	66	4	2	0	1	1	1	0	0	0	1	0	6	3	4	1	0	1	0
861	1	1	0	0	1	5	2	1	3	5	5	5	5	5	2	1	1	1	1	67	4	2	0	1	1	1	1	0	0	1	0	5	3	3	1	0	1	0
861	1	1	0	1	3	4	2	1	3	4	5	4	4	4	2	2	2	2	2	67	4	2	0	1	1	1	1	0	0	1	0	5	3	3	1	0	1	0
861	1	1	1	0	4	4	4	3	4	3	2	3	3	2	4	4	4	4	4	67	4	2	0	1	1	1	1	0	0	1	0	5	3	3	1	0	1	0
861	1	1	1	1	5	4	5	3	5	3	2	3	3	2	5	5	5	5	5	67	4	2	0	1	1	1	1	0	0	1	0	5	3	3	1	0	1	0
870	2	1	0	0	5	5	3	1	3	4	4	1	4	3	3	3	2	3	2	68	4	2	0	1	1	1	0	0	0	1	0	2	1	2	1	0	0	0
870	2	1	0	1	3	5	3	4	3	5	5	2	2	3	4	5	5	5	5	68	4	2	0	1	1	1	0	0	0	1	0	2	1	2	1	0	0	0
870	2	1	1	0	1	3	3	3	3	3	5	3	4	3	2	3	3	3	2	68	4	2	0	1	1	1	0	0	0	1	0	2	1	2	1	0	0	0
870	2	1	1	1	5	3	3	3	3	3	1	3	3	3	5	5	4	3	5	68	4	2	0	1	1	1	0	0	0	1	0	2	1	2	1	0	0	0
882	1	1	0	0	3	3	3	3	3	2	4	3	3	3	2	2	2	3	2	71	4	2	0	1	1	1	0	0	0	1	0	3	3	1	1	0	1	0
882	1	1	0	1	3	3	3	3	3	4	2	2	3	3	4	4	4	3	4	71	4	2	0	1	1	1	0	0	0	1	0	3	3	1	1	0	1	0
882	1	1	1	0	2	3	2	2	2	2	2	2	2	2	4	3	3	3	4	71	4	2	0	1	1	1	0	0	0	1	0	3	3	1	1	0	1	0
882	1	1	1	1	3	3	2	2	2	2	2	2	2	2	4	3	3	3	4	71	4	2	0	1	1	1	0	0	0	1	0	3	3	1	1	0	1	0
912	1	1	0	0	3	3	3	3	4	1	4	2	2	2	4	4	4	3	2	64	3	1	0	1	1	1	0	0	0	1	0	6	1	2	1	0	1	0
912	1	1	0	1	3	4	3	3	4	2	1	2	2	2	4	4	4	3	4	64	3	1	0	1	1	1	0	0	0	1	0	6	1	2	1	0	1	0
912	1	1	1	0	2	3	3	3	4	2	2	2	2	2	4	4	4	3	4	64	3	1	0	1	1	1	0	0	0	1	0	6	1	2	1	0	1	0
912	1	1	1	1	4	3	3	3	4	2	2	2	2	2	4	4	4	3	4	64	3	1	0	1	1	1	0	0	0	1	0	6	1	2	1	0	1	0
927	1	1	0	0	3	2	2	3	3	1	4	2	3	1	3	4	2	1	2	66	4	1	0	1	1	1	0	0	0	1	0	5	3	2	1	0	1	0
927	1	1	0	1	3	4	4	3	3	1	1	1	2	1	4	4	4	1	4	66	4	1	0	1	1	1	0	0	0	1	0	5	3	2	1	0	1	0
927	1	1	1	0	3	3	3	3	3	3	3	3	3	3	4	4	4	2	2	66	4	1	0	1	1	1	0	0	0	1	0	5	3	2	1	0	1	0
927	1	1	1	1	3	4	3	3	3	3	3	3	3	3	4	4	4	2	4	66	4	1	0	1	1	1	0	0	0	1	0	5	3	2	1	0	1	0
930	1	1	0	0	3	3	3	3	3	2	3	3	3	3	2	3	3	3	3	66	4	1	0	1	1	1	0	0	0	1	0	5	1	2	0	1	0	0
930	1	1	0	1	3	3	3	3	3	2	2	3	3	3	4	3	3	3	3	66	4	1	0	1	1	1	0	0	0	1	0	5	1	2	0	1	0	0
930	1	1	1	0	4	3	3	3	3	3	3	3	3	3	4	3	3	3	3	66	4	1	0	1	1	1	0	0	0	1	0	5	1	2	0	1	0	0
930	1	1	1	1	3	3	3	3	3	3	3	3	3	3	3	3	3	3	3	66	4	1	0	1	1	1	0	0	0	1	0	5	1	2	0	1	0	0
951	1	1	0	0	1	1	1	2	1	2	1	2	1	1	1	1	1	1	1	69	4	1	0	1	1	1	0	0	0	1	0	-999	3	4	1	1	1	0
951	1	1	0	1	3	3	2	2	2	2	2	2	1	1	3	3	3	3	3	69	4	1	0	1	1	1	0	0	0	1	0	-999	3	4	1	1	1	0
951	1	1	1	0	3	2	2	3	3	1	1	2	1	1	3	3	3	3	3	69	4	1	0	1	1	1	0	0	0	1	0	-999	3	4	1	1	1	0
951	1	1	1	1	3	2	2	3	3	1	1	2	1	1	3	3	3	3	3	69	4	1	0	1	1	1	0	0	0	1	0	-999	3	4	1	1	1	0
958	1	1	0	0	3	3	1	3	3	3	4	2	1	3	4	2	2	3	2	70	4	1	0	1	1	1	0	1	0	1	1	5	3	3	1	0	1	0
958	1	1	0	1	3	3	4	3	3	3	2	2	1	3	4	4	5	3	5	70	4	1	0	1	1	1	0	1	0	1	1	5	3	3	1	0	1	0
958	1	1	1	0	3	3	3	3	3	3	3	3	3	3	4	4	4	3	3	70	4	1	0	1	1	1	0	1	0	1	1	5	3	3	1	0	1	0
958	1	1	1	1	3	3	3	3	3	3	3	3	3	3	4	4	4	3	3	70	4	1	0	1	1	1	0	1	0	1	1	5	3	3	1	0	1	0
968	1	1	0	0	1	3	3	3	3	3	1	3	3	3	1	1	1	3	1	71	4	1	0	1	1	1	0	0	0	1	0	4	2	3	1	0	1	0
968	1	1	0	1	3	3	3	3	3	3	3	1	1	1	3	3	3	3	3	71	4	1	0	1	1	1	0	0	0	1	0	4	2	3	1	0	1	0
968	1	1	1	0	1	3	1	1	3	1	3	3	2	3	1	3	1	1	1	71	4	1	0	1	1	1	0	0	0	1	0	4	2	3	1	0	1	0
968	1	1	1	1	3	2	3	3	3	1	1	3	3	3	3	3	3	3	3	71	4	1	0	1	1	1	0	0	0	1	0	4	2	3	1	0	1	0
979	1	1	0	0	1	3	3	1	3	3	5	2	2	1	4	3	3	2	1	73	4	1	0	1	1	1	0	1	0	1	1	5	3	2	1	0	1	0
979	1	1	0	1	3	3	3	3	3	3	1	1	1	1	5	3	5	2	5	73	4	1	0	1	1	1	0	1	0	1	1	5	3	2	1	0	1	0
979	1	1	1	0	3	2	3	3	3	2	3	3	3	3	4	4	4	3	3	73	4	1	0	1	1	1	0	1	0	1	1	5	3	2	1	0	1	0
979	1	1	1	1	3	2	3	3	3	2	3	3	3	3	4	4	4	3	4	73	4	1	0	1	1	1	0	1	0	1	1	5	3	2	1	0	1	0
986	1	1	0	0	3	3	3	3	4	3	3	3	3	3	3	3	4	3	3	76	4	1	0	1	0	0	0	0	0	0	0	5	3	2	1	0	0	0
986	1	1	0	1	3	4	4	3	2	3	3	3	3	3	4	3	4	3	3	76	4	1	0	1	0	0	0	0	0	0	0	5	3	2	1	0	0	0
986	1	1	1	0	3	4	3	3	3	3	4	3	3	3	4	3	3	3	3	76	4	1	0	1	0	0	0	0	0	0	0	5	3	2	1	0	0	0
986	1	1	1	1	4	4	3	3	3	3	4	3	3	3	4	4	4	3	3	76	4	1	0	1	0	0	0	0	0	0	0	5	3	2	1	0	0	0
989	1	1	0	0	3	2	3	3	3	2	3	3	3	3	3	3	3	3	3	78	4	1	0	1	0	0	0	0	0	0	0	-999	3	3	1	0	1	0
989	1	1	0	1	3	3	3	3	3	3	3	3	3	3	3	3	3	3	3	78	4	1	0	1	0	0	0	0	0	0	0	-999	3	3	1	0	1	0
989	1	1	1	0	3	3	3	3	3	3	3	3	3	3	3	3	3	3	3	78	4	1	0	1	0	0	0	0	0	0	0	-999	3	3	1	0	1	0
989	1	1	1	1	2	2	1	2	2	2	2	3	2	3	2	2	2	2	3	78	4	1	0	1	0	0	0	0	0	0	0	-999	3	3	1	0	1	0
999	3	1	0	0	2	3	2	2	4	3	3	2	4	3	4	4	4	3	4	20	1	2	0	0	1	0	0	1	1	0	1	2	2	2	1	0	1	0
999	3	1	0	1	3	4	2	3	4	4	2	2	4	3	4	4	4	3	4	20	1	2	0	0	1	0	0	1	1	0	1	2	2	2	1	0	1	0
999	3	1	1	0	3	2	4	3	3	3	3	2	3	2	3	2	4	3	4	20	1	2	0	0	1	0	0	1	1	0	1	2	2	2	1	0	1	0
999	3	1	1	1	3	4	4	3	3	3	3	2	3	2	3	3	4	3	4	20	1	2	0	0	1	0	0	1	1	0	1	2	2	2	1	0	1	0
1005	1	1	0	0	3	4	3	3	3	4	4	4	4	4	2	3	3	3	3	35	2	2	0	0	1	1	0	0	0	1	0	2	3	2	1	1	0	0
1005	1	1	0	1	3	3	3	3	3	3	3	3	3	3	4	3	4	3	4	35	2	2	0	0	1	1	0	0	0	1	0	2	3	2	1	1	0	0
1005	1	1	1	0	3	3	3	3	3	3	3	3	3	3	4	4	4	3	4	35	2	2	0	0	1	1	0	0	0	1	0	2	3	2	1	1	0	0
1005	1	1	1	1	3	3	3	3	3	3	3	3	3	3	4	4	4	3	4	35	2	2	0	0	1	1	0	0	0	1	0	2	3	2	1	1	0	0
1012	2	1	0	0	3	5	1	1	5	3	5	3	5	1	1	3	5	5	5	41	2	2	0	0	1	0	0	1	0	0	1	-999	3	1	1	1	1	1
1012	2	1	0	1	3	5	5	5	5	3	1	1	1	1	5	5	5	5	5	41	2	2	0	0	1	0	0	1	0	0	1	-999	3	1	1	1	1	1
1012	2	1	1	0	5	5	5	5	5	1	1	1	1	1	5	5	5	5	5	41	2	2	0	0	1	0	0	1	0	0	1	-999	3	1	1	1	1	1
1012	2	1	1	1	5	5	5	5	5	1	1	1	1	1	5	5	5	5	5	41	2	2	0	0	1	0	0	1	0	0	1	-999	3	1	1	1	1	1
1014	1	1	0	0	3	3	3	2	3	2	1	1	2	1	5	5	5	2	3	42	2	2	0	0	0	0	0	0	0	0	0	4	3	2	0	1	0	1
1014	1	1	0	1	3	4	3	2	3	2	2	1	2	1	4	4	4	2	3	42	2	2	0	0	0	0	0	0	0	0	0	4	3	2	0	1	0	1
1014	1	1	1	0	3	2	2	3	3	1	2	1	1	1	3	3	4	3	3	42	2	2	0	0	0	0	0	0	0	0	0	4	3	2	0	1	0	1
1014	1	1	1	1	4	4	2	3	4	1	2	1	1	1	3	3	4	3	4	42	2	2	0	0	0	0	0	0	0	0	0	4	3	2	0	1	0	1
1017	1	1	0	0	4	3	3	3	3	1	4	3	3	4	1	1	2	3	1	43	2	2	0	0	1	1	0	0	0	1	0	5	3	1	0	0	1	0
1017	1	1	0	1	3	2	2	3	3	1	1	2	1	2	4	4	4	3	4	43	2	2	0	0	1	1	0	0	0	1	0	5	3	1	0	0	1	0
1017	1	1	1	0	1	3	3	3	3	3	4	3	2	4	4	2	3	3	4	43	2	2	0	0	1	1	0	0	0	1	0	5	3	1	0	0	1	0
1017	1	1	1	1	4	3	3	3	3	3	2	3	2	1	1	4	3	3	2	43	2	2	0	0	1	1	0	0	0	1	0	5	3	1	0	0	1	0
1019	3	1	0	0	3	4	3	3	3	1	3	1	1	1	4	4	4	3	5	43	2	2	0	0	1	1	1	0	1	1	1	5	1	1	1	0	1	0
1019	3	1	0	1	3	4	3	3	3	4	3	1	4	1	4	2	4	3	1	43	2	2	0	0	1	1	1	0	1	1	1	5	1	1	1	0	1	0
1019	3	1	1	0	3	4	3	3	3	4	1	1	1	1	4	2	4	3	2	43	2	2	0	0	1	1	1	0	1	1	1	5	1	1	1	0	1	0
1019	3	1	1	1	3	4	3	3	3	1	1	1	1	1	4	4	4	3	4	43	2	2	0	0	1	1	1	0	1	1	1	5	1	1	1	0	1	0
1032	1	1	0	0	2	3	3	3	3	3	4	4	3	3	3	3	3	2	3	50	3	2	0	0	1	1	0	0	0	1	0	5	3	2	1	1	1	0
1032	1	1	0	1	3	3	3	3	3	3	2	3	3	3	3	4	4	2	3	50	3	2	0	0	1	1	0	0	0	1	0	5	3	2	1	1	1	0
1032	1	1	1	0	3	3	3	3	3	3	3	3	3	3	3	3	3	3	3	50	3	2	0	0	1	1	0	0	0	1	0	5	3	2	1	1	1	0
1032	1	1	1	1	3	3	3	3	3	3	3	3	3	3	3	3	3	3	3	50	3	2	0	0	1	1	0	0	0	1	0	5	3	2	1	1	1	0
1053	1	1	0	0	3	1	3	3	1	1	4	1	1	1	1	2	2	1	2	26	2	1	0	0	1	1	0	0	0	1	0	3	2	2	1	0	1	1
1053	1	1	0	1	3	1	4	5	1	1	1	1	1	1	5	4	5	1	4	26	2	1	0	0	1	1	0	0	0	1	0	3	2	2	1	0	1	1
1053	1	1	1	0	3	3	3	3	3	3	3	3	3	3	3	4	4	3	4	26	2	1	0	0	1	1	0	0	0	1	0	3	2	2	1	0	1	1
1053	1	1	1	1	3	3	3	3	3	3	3	3	3	3	5	4	5	3	5	26	2	1	0	0	1	1	0	0	0	1	0	3	2	2	1	0	1	1
1054	1	1	0	0	2	3	3	3	3	2	3	3	3	3	3	3	3	3	3	28	2	1	0	0	0	0	0	0	0	0	0	-999	3	2	1	0	1	0
1054	1	1	0	1	3	4	3	3	3	4	3	4	4	4	4	4	4	4	4	28	2	1	0	0	0	0	0	0	0	0	0	-999	3	2	1	0	1	0
1054	1	1	1	0	4	3	4	4	4	2	2	4	2	3	4	4	4	4	4	28	2	1	0	0	0	0	0	0	0	0	0	-999	3	2	1	0	1	0
1054	1	1	1	1	2	3	3	2	3	4	3	3	3	4	3	3	3	3	3	28	2	1	0	0	0	0	0	0	0	0	0	-999	3	2	1	0	1	0
1063	1	1	0	0	3	3	2	3	3	3	3	3	3	3	2	2	2	3	2	34	2	1	0	0	0	0	0	0	0	0	0	5	3	2	1	0	0	0
1063	1	1	0	1	3	3	4	3	3	3	3	3	3	3	4	4	4	3	4	34	2	1	0	0	0	0	0	0	0	0	0	5	3	2	1	0	0	0
1063	1	1	1	0	3	4	3	4	3	3	3	3	3	3	4	4	4	3	4	34	2	1	0	0	0	0	0	0	0	0	0	5	3	2	1	0	0	0
1063	1	1	1	1	4	4	4	4	3	3	3	3	3	3	4	4	4	3	4	34	2	1	0	0	0	0	0	0	0	0	0	5	3	2	1	0	0	0
1069	1	1	0	0	3	3	3	3	3	3	3	3	3	3	3	3	3	3	3	48	3	1	0	0	1	1	0	0	0	1	0	-999	3	2	1	1	1	1
1069	1	1	0	1	3	3	3	3	3	3	3	3	3	3	3	3	3	3	3	48	3	1	0	0	1	1	0	0	0	1	0	-999	3	2	1	1	1	1
1069	1	1	1	0	3	3	3	3	3	3	3	3	3	3	3	3	3	3	3	48	3	1	0	0	1	1	0	0	0	1	0	-999	3	2	1	1	1	1
1069	1	1	1	1	3	3	3	3	3	3	3	3	3	3	3	3	3	3	3	48	3	1	0	0	1	1	0	0	0	1	0	-999	3	2	1	1	1	1
1084	2	1	0	0	1	3	1	3	3	3	4	4	3	4	1	2	5	3	1	61	3	1	0	0	1	1	0	1	0	1	1	4	1	2	1	0	0	0
1084	2	1	0	1	3	3	4	3	3	3	2	2	2	2	5	4	1	3	5	61	3	1	0	0	1	1	0	1	0	1	1	4	1	2	1	0	0	0
1084	2	1	1	0	3	3	4	4	3	3	3	3	3	3	4	4	4	3	2	61	3	1	0	0	1	1	0	1	0	1	1	4	1	2	1	0	0	0
1084	2	1	1	1	5	3	5	5	3	3	2	3	3	3	5	5	5	3	5	61	3	1	0	0	1	1	0	1	0	1	1	4	1	2	1	0	0	0
1089	3	1	0	0	3	3	3	3	3	3	2	2	3	3	2	2	3	3	3	25	2	2	0	0	1	0	0	1	1	0	1	2	3	4	1	1	1	1
1089	3	1	0	1	3	4	3	3	4	3	2	4	4	3	4	5	3	3	5	25	2	2	0	0	1	0	0	1	1	0	1	2	3	4	1	1	1	1
1089	3	1	1	0	3	3	3	4	4	3	3	4	4	4	4	4	4	4	4	25	2	2	0	0	1	0	0	1	1	0	1	2	3	4	1	1	1	1
1089	3	1	1	1	3	3	3	2	3	3	3	3	1	2	3	2	2	2	3	25	2	2	0	0	1	0	0	1	1	0	1	2	3	4	1	1	1	1
1096	1	1	0	0	3	2	2	3	3	2	3	2	2	2	2	3	3	2	3	43	2	2	0	0	0	0	0	0	0	0	0	3	3	2	1	0	1	0
1096	1	1	0	1	3	2	3	2	2	3	3	4	2	3	2	2	2	3	3	43	2	2	0	0	0	0	0	0	0	0	0	3	3	2	1	0	1	0
1096	1	1	1	0	3	2	2	2	3	2	2	3	2	3	3	2	2	3	2	43	2	2	0	0	0	0	0	0	0	0	0	3	3	2	1	0	1	0
1096	1	1	1	1	2	2	2	3	2	2	2	2	3	2	3	3	3	3	2	43	2	2	0	0	0	0	0	0	0	0	0	3	3	2	1	0	1	0
1098	1	1	0	0	3	2	3	3	3	2	3	2	2	3	1	2	3	3	2	46	3	2	0	0	1	1	0	1	1	1	1	6	3	1	0	0	1	0
1098	1	1	0	1	3	4	3	3	3	4	3	4	4	3	4	4	4	3	4	46	3	2	0	0	1	1	0	1	1	1	1	6	3	1	0	0	1	0
1098	1	1	1	0	3	3	3	3	3	3	3	3	3	3	4	4	4	3	4	46	3	2	0	0	1	1	0	1	1	1	1	6	3	1	0	0	1	0
1098	1	1	1	1	3	3	3	3	3	3	3	3	3	3	2	3	3	3	3	46	3	2	0	0	1	1	0	1	1	1	1	6	3	1	0	0	1	0
1100	3	1	0	0	3	3	3	3	3	3	3	3	3	3	3	3	3	3	3	51	3	2	0	0	1	1	0	1	1	1	1	-999	3	3	1	1	1	1
1100	3	1	0	1	3	3	3	3	3	3	3	3	3	3	3	3	3	3	3	51	3	2	0	0	1	1	0	1	1	1	1	-999	3	3	1	1	1	1
1100	3	1	1	0	3	3	3	3	3	3	3	3	3	3	3	3	3	3	3	51	3	2	0	0	1	1	0	1	1	1	1	-999	3	3	1	1	1	1
1100	3	1	1	1	3	3	3	3	3	3	3	3	3	3	3	3	3	3	3	51	3	2	0	0	1	1	0	1	1	1	1	-999	3	3	1	1	1	1
1107	3	1	0	0	4	4	1	1	1	1	1	1	1	1	1	1	1	1	1	33	2	1	0	0	1	1	0	0	1	1	1	2	3	2	1	1	1	1
1107	3	1	0	1	3	4	4	4	4	1	4	4	1	1	4	4	4	4	4	33	2	1	0	0	1	1	0	0	1	1	1	2	3	2	1	1	1	1
1107	3	1	1	0	4	4	4	4	4	4	1	1	1	1	4	4	4	4	4	33	2	1	0	0	1	1	0	0	1	1	1	2	3	2	1	1	1	1
1107	3	1	1	1	4	4	4	4	4	4	1	1	1	1	4	4	4	4	4	33	2	1	0	0	1	1	0	0	1	1	1	2	3	2	1	1	1	1
1112	1	1	0	0	3	3	3	3	3	3	3	3	3	3	2	2	2	3	2	53	3	1	0	0	0	0	0	0	0	0	0	2	3	4	1	0	1	0
1112	1	1	0	1	3	3	3	3	3	3	3	3	3	3	3	3	3	3	3	53	3	1	0	0	0	0	0	0	0	0	0	2	3	4	1	0	1	0
1112	1	1	1	0	3	3	3	3	3	3	3	3	3	3	3	3	3	3	3	53	3	1	0	0	0	0	0	0	0	0	0	2	3	4	1	0	1	0
1112	1	1	1	1	3	3	3	3	3	3	3	3	3	3	3	3	3	3	3	53	3	1	0	0	0	0	0	0	0	0	0	2	3	4	1	0	1	0
99	1	2	0	0	3	4	2	3	2	3	2	3	3	2	2	2	4	3	2	38	2	2	-999	-999	1	1	0	0	0	1	0	-999	3	2	1	1	1	0
99	1	2	0	1	2	4	2	2	2	2	2	2	2	2	4	4	4	3	4	38	2	2	-999	-999	1	1	0	0	0	1	0	-999	3	2	1	1	1	0
99	1	2	1	0	2	4	2	2	2	2	2	2	2	2	4	4	4	3	4	38	2	2	-999	-999	1	1	0	0	0	1	0	-999	3	2	1	1	1	0
99	1	2	1	1	2	4	2	2	2	2	2	2	2	2	4	4	4	3	4	38	2	2	-999	-999	1	1	0	0	0	1	0	-999	3	2	1	1	1	0
136	1	2	0	0	3	1	3	4	5	5	1	1	1	1	2	1	1	2	2	56	3	2	0	0	1	1	0	0	0	1	0	5	2	3	1	0	0	0
136	1	2	0	1	2	2	3	4	4	5	1	1	1	1	1	1	1	2	2	56	3	2	0	0	1	1	0	0	0	1	0	5	2	3	1	0	0	0
136	1	2	1	0	2	2	3	3	2	2	1	1	1	5	1	2	2	2	2	56	3	2	0	0	1	1	0	0	0	1	0	5	2	3	1	0	0	0
136	1	2	1	1	2	3	3	3	2	4	1	1	1	5	1	2	2	2	2	56	3	2	0	0	1	1	0	0	0	1	0	5	2	3	1	0	0	0
155	1	2	0	0	3	4	3	3	2	4	3	3	2	3	2	3	3	1	4	51	3	1	0	0	1	1	0	0	0	1	0	-999	3	2	1	0	1	0
155	1	2	0	1	2	2	2	1	2	4	5	5	2	4	3	1	1	1	4	51	3	1	0	0	1	1	0	0	0	1	0	-999	3	2	1	0	1	0
155	1	2	1	0	5	5	5	5	3	5	1	1	1	1	5	5	5	3	2	51	3	1	0	0	1	1	0	0	0	1	0	-999	3	2	1	0	1	0
155	1	2	1	1	1	1	1	1	3	1	5	5	5	5	1	1	1	3	2	51	3	1	0	0	1	1	0	0	0	1	0	-999	3	2	1	0	1	0
198	2	2	0	0	3	3	2	2	3	3	4	4	3	3	2	3	2	3	2	33	2	2	0	0	1	1	0	1	0	1	1	5	3	1	1	1	1	1
198	2	2	0	1	2	3	4	4	4	3	2	2	2	1	5	4	5	3	5	33	2	2	0	0	1	1	0	1	0	1	1	5	3	1	1	1	1	1
198	2	2	1	0	3	3	4	4	4	3	2	2	2	2	4	4	4	4	4	33	2	2	0	0	1	1	0	1	0	1	1	5	3	1	1	1	1	1
198	2	2	1	1	5	4	5	5	5	2	2	1	1	1	5	5	5	5	5	33	2	2	0	0	1	1	0	1	0	1	1	5	3	1	1	1	1	1
282	1	2	0	0	2	4	2	2	3	2	2	2	2	2	3	3	3	1	3	33	2	1	0	0	1	0	1	0	0	1	0	4	3	1	1	0	1	1
282	1	2	0	1	2	4	2	2	3	2	2	2	2	2	4	4	4	1	4	33	2	1	0	0	1	0	1	0	0	1	0	4	3	1	1	0	1	1
282	1	2	1	0	2	3	2	2	3	2	2	2	2	2	4	4	4	1	4	33	2	1	0	0	1	0	1	0	0	1	0	4	3	1	1	0	1	1
282	1	2	1	1	2	3	2	2	3	2	2	2	2	2	4	4	4	1	4	33	2	1	0	0	1	0	1	0	0	1	0	4	3	1	1	0	1	1
313	3	2	0	0	3	3	3	3	4	3	3	3	3	3	4	5	4	4	4	34	2	1	0	0	1	0	0	0	1	0	1	-999	3	2	1	1	1	1
313	3	2	0	1	2	4	3	3	2	3	3	3	4	4	2	2	2	1	2	34	2	1	0	0	1	0	0	0	1	0	1	-999	3	2	1	1	1	1
313	3	2	1	0	4	4	4	5	5	4	4	2	4	4	4	5	5	4	5	34	2	1	0	0	1	0	0	0	1	0	1	-999	3	2	1	1	1	1
313	3	2	1	1	1	2	1	2	2	2	5	4	2	2	2	1	2	2	2	34	2	1	0	0	1	0	0	0	1	0	1	-999	3	2	1	1	1	1
331	2	2	0	0	5	3	3	3	4	2	3	2	4	1	4	1	3	3	4	54	3	2	0	0	1	0	0	1	0	0	1	2	2	3	0	1	0	0
331	2	2	0	1	2	4	2	3	3	2	2	4	1	1	3	5	5	3	3	54	3	2	0	0	1	0	0	1	0	0	1	2	2	3	0	1	0	0
331	2	2	1	0	3	2	4	5	5	2	1	1	1	1	5	5	4	3	5	54	3	2	0	0	1	0	0	1	0	0	1	2	2	3	0	1	0	0
331	2	2	1	1	3	5	1	1	1	4	5	5	5	5	2	2	2	3	2	54	3	2	0	0	1	0	0	1	0	0	1	2	2	3	0	1	0	0
569	3	2	0	0	4	3	3	3	1	1	3	1	1	1	1	3	3	4	5	44	2	2	0	0	1	0	0	0	1	0	1	3	3	2	1	0	0	1
569	3	2	0	1	2	4	3	3	4	4	3	4	5	4	4	3	3	4	1	44	2	2	0	0	1	0	0	0	1	0	1	3	3	2	1	0	0	1
569	3	2	1	0	4	4	5	5	5	1	1	1	1	1	5	5	5	4	5	44	2	2	0	0	1	0	0	0	1	0	1	3	3	2	1	0	0	1
569	3	2	1	1	2	5	3	2	3	4	2	4	3	3	2	3	4	3	3	44	2	2	0	0	1	0	0	0	1	0	1	3	3	2	1	0	0	1
683	2	2	0	0	5	3	5	5	5	1	1	1	1	1	5	5	5	5	5	42	2	2	1	0	1	0	0	1	0	0	1	1	3	3	1	1	1	1
683	2	2	0	1	2	5	3	2	2	4	4	4	3	3	1	2	2	2	1	42	2	2	1	0	1	0	0	1	0	0	1	1	3	3	1	1	1	1
683	2	2	1	0	4	3	5	4	5	1	1	1	1	1	5	5	5	4	5	42	2	2	1	0	1	0	0	1	0	0	1	1	3	3	1	1	1	1
683	2	2	1	1	3	5	3	3	3	4	3	3	4	3	3	3	3	3	3	42	2	2	1	0	1	0	0	1	0	0	1	1	3	3	1	1	1	1
720	3	2	0	0	4	3	3	3	4	3	3	2	3	3	4	5	5	5	5	23	1	1	0	0	1	0	0	0	1	0	1	4	2	1	0	0	1	1
720	3	2	0	1	2	3	3	3	3	3	3	3	2	3	2	2	2	2	2	23	1	1	0	0	1	0	0	0	1	0	1	4	2	1	0	0	1	1
720	3	2	1	0	5	5	3	3	5	5	3	3	3	3	5	5	3	5	5	23	1	1	0	0	1	0	0	0	1	0	1	4	2	1	0	0	1	1
720	3	2	1	1	2	2	3	3	2	2	3	4	3	3	2	2	3	2	2	23	1	1	0	0	1	0	0	0	1	0	1	4	2	1	0	0	1	1
831	1	1	0	0	1	3	3	3	3	3	3	3	3	3	3	3	3	3	3	60	3	2	0	1	1	1	0	1	0	1	1	6	3	4	1	1	1	1
831	1	1	0	1	2	2	3	3	3	3	3	3	3	3	2	2	2	2	2	60	3	2	0	1	1	1	0	1	0	1	1	6	3	4	1	1	1	1
831	1	1	1	0	3	3	3	3	3	3	3	3	3	3	3	3	3	3	3	60	3	2	0	1	1	1	0	1	0	1	1	6	3	4	1	1	1	1
831	1	1	1	1	3	3	3	3	3	3	3	3	3	3	3	3	3	3	3	60	3	2	0	1	1	1	0	1	0	1	1	6	3	4	1	1	1	1
900	1	1	0	0	4	4	3	3	4	5	1	3	1	3	3	2	2	1	1	61	3	1	0	1	1	1	0	0	0	1	0	5	3	4	1	0	1	0
900	1	1	0	1	2	4	4	4	4	1	5	3	1	2	4	5	5	5	5	61	3	1	0	1	1	1	0	0	0	1	0	5	3	4	1	0	1	0
900	1	1	1	0	3	2	5	3	3	2	3	2	2	2	3	2	3	2	2	61	3	1	0	1	1	1	0	0	0	1	0	5	3	4	1	0	1	0
900	1	1	1	1	4	1	3	4	4	1	2	1	2	1	5	5	5	4	5	61	3	1	0	1	1	1	0	0	0	1	0	5	3	4	1	0	1	0
1062	2	1	0	0	4	4	1	3	3	1	5	1	3	3	3	3	2	3	1	33	2	1	0	0	0	0	0	0	0	0	0	3	2	1	0	1	1	0
1062	2	1	0	1	2	1	5	3	3	4	1	1	3	3	4	2	4	3	5	33	2	1	0	0	0	0	0	0	0	0	0	3	2	1	0	1	1	0
1062	2	1	1	0	5	5	3	3	3	1	3	3	3	3	5	5	5	3	5	33	2	1	0	0	0	0	0	0	0	0	0	3	2	1	0	1	1	0
1062	2	1	1	1	5	5	3	3	3	5	3	4	4	3	4	4	4	3	4	33	2	1	0	0	0	0	0	0	0	0	0	3	2	1	0	1	1	0
1083	1	1	0	0	1	3	3	3	3	1	1	3	3	3	3	3	3	3	3	61	3	1	0	0	0	0	0	0	0	0	0	2	3	2	1	0	0	0
1083	1	1	0	1	2	3	3	3	3	2	3	3	3	3	3	3	3	3	3	61	3	1	0	0	0	0	0	0	0	0	0	2	3	2	1	0	0	0
1083	1	1	1	0	1	3	3	3	3	3	3	3	3	3	3	3	3	3	3	61	3	1	0	0	0	0	0	0	0	0	0	2	3	2	1	0	0	0
1083	1	1	1	1	3	3	3	3	3	3	3	3	3	3	3	3	3	3	3	61	3	1	0	0	0	0	0	0	0	0	0	2	3	2	1	0	0	0
1094	2	1	0	0	2	4	2	2	4	3	3	2	2	2	3	3	3	3	4	37	2	2	0	0	1	1	1	1	0	1	1	-999	2	1	1	0	0	0
1094	2	1	0	1	2	4	2	2	4	4	4	2	3	2	2	2	2	3	3	37	2	2	0	0	1	1	1	1	0	1	1	-999	2	1	1	0	0	0
1094	2	1	1	0	3	3	3	3	3	3	3	3	3	3	3	3	3	3	3	37	2	2	0	0	1	1	1	1	0	1	1	-999	2	1	1	0	0	0
1094	2	1	1	1	3	3	3	3	3	3	3	3	3	3	3	3	3	3	3	37	2	2	0	0	1	1	1	1	0	1	1	-999	2	1	1	0	0	0
103	2	2	0	0	3	4	3	4	1	2	2	2	2	2	3	4	4	4	3	32	2	1	-999	-999	0	0	0	0	0	0	0	-999	3	3	1	1	1	1
103	2	2	0	1	1	4	3	4	1	2	2	2	2	2	4	4	4	4	4	32	2	1	-999	-999	0	0	0	0	0	0	0	-999	3	3	1	1	1	1
103	2	2	1	0	3	3	3	4	4	3	2	2	2	2	4	4	4	4	3	32	2	1	-999	-999	0	0	0	0	0	0	0	-999	3	3	1	1	1	1
103	2	2	1	1	4	3	3	4	4	4	2	2	2	2	4	4	4	4	3	32	2	1	-999	-999	0	0	0	0	0	0	0	-999	3	3	1	1	1	1
184	1	2	0	0	5	3	2	2	2	3	5	4	2	2	1	2	1	2	1	57	3	2	0	0	1	1	0	1	0	1	1	5	1	4	0	0	1	1
184	1	2	0	1	1	3	3	4	4	3	1	2	2	2	5	4	5	2	5	57	3	2	0	0	1	1	0	1	0	1	1	5	1	4	0	0	1	1
184	1	2	1	0	3	2	2	3	3	3	2	2	3	2	2	3	3	2	4	57	3	2	0	0	1	1	0	1	0	1	1	5	1	4	0	0	1	1
184	1	2	1	1	3	2	2	5	3	3	2	2	3	2	5	5	5	2	5	57	3	2	0	0	1	1	0	1	0	1	1	5	1	4	0	0	1	1
221	2	2	0	0	3	2	2	3	5	5	3	1	3	1	1	5	5	3	1	48	3	2	0	0	1	1	0	0	0	1	0	5	2	2	1	0	0	0
221	2	2	0	1	1	2	4	5	4	1	1	1	1	1	5	5	5	3	5	48	3	2	0	0	1	1	0	0	0	1	0	5	2	2	1	0	0	0
221	2	2	1	0	3	3	5	5	5	3	1	1	1	1	4	5	5	4	4	48	3	2	0	0	1	1	0	0	0	1	0	5	2	2	1	0	0	0
221	2	2	1	1	5	3	5	5	5	1	1	1	1	1	5	5	5	4	5	48	3	2	0	0	1	1	0	0	0	1	0	5	2	2	1	0	0	0
261	1	2	0	0	1	5	1	1	2	1	1	5	5	3	2	2	2	3	1	44	2	2	0	0	1	1	0	0	0	1	0	-999	3	4	1	0	1	0
261	1	2	0	1	1	1	1	5	5	1	1	1	1	1	5	5	5	3	5	44	2	2	0	0	1	1	0	0	0	1	0	-999	3	4	1	0	1	0
261	1	2	1	0	5	2	4	2	4	1	4	2	2	2	4	4	4	4	4	44	2	2	0	0	1	1	0	0	0	1	0	-999	3	4	1	0	1	0
261	1	2	1	1	2	1	2	4	2	2	2	4	4	4	2	2	2	2	2	44	2	2	0	0	1	1	0	0	0	1	0	-999	3	4	1	0	1	0
294	3	2	0	0	4	2	2	3	4	1	4	3	2	3	4	2	4	3	4	17	1	1	0	0	1	0	0	0	1	0	1	4	3	3	1	1	1	1
294	3	2	0	1	1	4	4	4	1	4	2	4	4	2	2	3	2	2	2	17	1	1	0	0	1	0	0	0	1	0	1	4	3	3	1	1	1	1
294	3	2	1	0	3	3	3	3	3	3	3	3	3	3	3	3	3	3	3	17	1	1	0	0	1	0	0	0	1	0	1	4	3	3	1	1	1	1
294	3	2	1	1	3	3	3	3	3	3	3	3	3	3	3	3	3	3	3	17	1	1	0	0	1	0	0	0	1	0	1	4	3	3	1	1	1	1
649	1	2	0	0	5	3	1	1	3	3	5	1	3	3	1	1	1	3	1	34	2	2	0	0	1	1	0	0	0	1	0	5	3	2	1	1	1	1
649	1	2	0	1	1	3	5	5	3	1	1	1	3	3	5	5	5	3	5	34	2	2	0	0	1	1	0	0	0	1	0	5	3	2	1	1	1	1
649	1	2	1	0	5	2	5	5	4	2	1	3	1	2	5	5	5	5	5	34	2	2	0	0	1	1	0	0	0	1	0	5	3	2	1	1	1	1
649	1	2	1	1	4	2	5	5	4	2	1	3	1	2	5	5	5	5	5	34	2	2	0	0	1	1	0	0	0	1	0	5	3	2	1	1	1	1
716	2	2	0	0	5	5	5	5	5	5	5	5	5	5	5	5	5	3	5	51	3	2	0	0	1	0	0	1	0	0	1	-999	3	3	1	0	1	1
716	2	2	0	1	1	1	1	1	1	1	1	1	1	1	1	1	1	3	1	51	3	2	0	0	1	0	0	1	0	0	1	-999	3	3	1	0	1	1
716	2	2	1	0	1	1	1	1	1	1	1	1	1	1	1	1	1	3	1	51	3	2	0	0	1	0	0	1	0	0	1	-999	3	3	1	0	1	1
716	2	2	1	1	1	1	1	1	1	1	1	1	1	1	1	1	1	3	1	51	3	2	0	0	1	0	0	1	0	0	1	-999	3	3	1	0	1	1
731	3	2	0	0	1	4	1	3	1	1	1	1	1	1	1	4	4	3	1	45	3	1	0	0	1	0	0	0	1	0	1	-999	2	2	1	0	1	0
731	3	2	0	1	1	5	1	4	1	1	1	1	1	1	5	4	4	3	5	45	3	1	0	0	1	0	0	0	1	0	1	-999	2	2	1	0	1	0
731	3	2	1	0	1	4	3	4	1	1	1	1	1	1	4	4	4	3	4	45	3	1	0	0	1	0	0	0	1	0	1	-999	2	2	1	0	1	0
731	3	2	1	1	1	5	3	4	1	1	1	1	1	1	5	4	4	3	5	45	3	1	0	0	1	0	0	0	1	0	1	-999	2	2	1	0	1	0
775	1	2	0	0	3	3	3	3	3	3	1	3	3	1	3	2	2	3	3	71	4	2	0	1	1	1	0	0	0	1	0	4	2	3	1	0	0	0
775	1	2	0	1	1	1	5	4	3	1	1	1	1	1	5	2	5	5	5	71	4	2	0	1	1	1	0	0	0	1	0	4	2	3	1	0	0	0
775	1	2	1	0	5	2	2	3	3	1	3	3	3	3	5	5	5	5	5	71	4	2	0	1	1	1	0	0	0	1	0	4	2	3	1	0	0	0
775	1	2	1	1	3	2	2	3	3	3	3	3	3	3	3	3	3	3	4	71	4	2	0	1	1	1	0	0	0	1	0	4	2	3	1	0	0	0
801	1	1	0	0	2	4	2	2	4	1	4	4	1	4	2	2	2	3	1	44	2	2	0	1	1	0	1	0	0	1	0	4	3	1	1	1	1	1
801	1	1	0	1	1	4	4	4	4	1	1	1	1	1	4	5	4	3	5	44	2	2	0	1	1	0	1	0	0	1	0	4	3	1	1	1	1	1
801	1	1	1	0	4	4	4	4	4	1	1	1	1	1	4	2	2	3	4	44	2	2	0	1	1	0	1	0	0	1	0	4	3	1	1	1	1	1
801	1	1	1	1	5	5	5	5	4	1	2	1	1	1	5	3	3	3	5	44	2	2	0	1	1	0	1	0	0	1	0	4	3	1	1	1	1	1
807	1	1	0	0	2	3	3	3	3	2	3	2	3	3	4	4	3	3	3	60	3	1	0	1	1	1	0	0	0	1	0	2	3	3	1	0	1	0
807	1	1	0	1	1	3	1	4	3	2	2	2	3	3	4	4	4	4	4	60	3	1	0	1	1	1	0	0	0	1	0	2	3	3	1	0	1	0
807	1	1	1	0	3	3	4	1	3	3	3	3	3	3	1	1	1	4	1	60	3	1	0	1	1	1	0	0	0	1	0	2	3	3	1	0	1	0
807	1	1	1	1	4	3	4	4	3	3	3	3	3	3	4	4	4	4	4	60	3	1	0	1	1	1	0	0	0	1	0	2	3	3	1	0	1	0
813	1	1	0	0	4	1	3	3	4	2	3	1	2	3	1	3	4	4	2	21	1	1	0	0	1	1	0	0	0	1	0	2	3	3	1	1	1	1
813	1	1	0	1	1	1	3	3	4	1	3	1	2	2	4	4	4	4	4	21	1	1	0	0	1	1	0	0	0	1	0	2	3	3	1	1	1	1
813	1	1	1	0	3	4	4	4	4	2	1	2	2	3	4	4	4	4	4	21	1	1	0	0	1	1	0	0	0	1	0	2	3	3	1	1	1	1
813	1	1	1	1	4	4	4	4	4	2	1	2	2	3	4	4	4	4	4	21	1	1	0	0	1	1	0	0	0	1	0	2	3	3	1	1	1	1
879	1	1	0	0	1	3	1	2	1	2	1	1	1	1	1	3	3	3	2	71	4	2	0	1	1	1	0	0	0	1	0	5	3	2	1	0	1	0
879	1	1	0	1	1	3	1	2	1	2	2	1	1	1	4	4	4	3	4	71	4	2	0	1	1	1	0	0	0	1	0	5	3	2	1	0	1	0
879	1	1	1	0	1	3	3	3	3	1	1	3	1	1	4	3	3	3	3	71	4	2	0	1	1	1	0	0	0	1	0	5	3	2	1	0	1	0
879	1	1	1	1	1	3	3	3	3	1	3	3	1	1	4	4	4	3	4	71	4	2	0	1	1	1	0	0	0	1	0	5	3	2	1	0	1	0
957	1	1	0	0	1	1	1	3	3	1	1	3	3	3	1	3	3	3	3	70	4	1	0	1	1	1	0	0	0	1	0	4	3	3	1	0	1	0
957	1	1	0	1	1	1	1	3	3	1	1	3	3	3	1	3	3	3	3	70	4	1	0	1	1	1	0	0	0	1	0	4	3	3	1	0	1	0
957	1	1	1	0	3	3	3	3	3	3	3	3	3	3	3	3	3	3	3	70	4	1	0	1	1	1	0	0	0	1	0	4	3	3	1	0	1	0
957	1	1	1	1	3	3	3	3	3	3	3	3	3	3	3	3	3	3	3	70	4	1	0	1	1	1	0	0	0	1	0	4	3	3	1	0	1	0
982	1	1	0	0	3	3	2	4	3	3	3	2	3	3	2	3	3	3	3	74	4	1	0	1	1	1	0	0	0	1	0	-999	3	3	1	1	1	0
982	1	1	0	1	1	3	4	1	3	3	2	1	2	3	4	4	4	1	4	74	4	1	0	1	1	1	0	0	0	1	0	-999	3	3	1	1	1	0
982	1	1	1	0	3	3	2	3	4	2	3	3	3	2	3	4	4	3	4	74	4	1	0	1	1	1	0	0	0	1	0	-999	3	3	1	1	1	0
982	1	1	1	1	3	3	2	3	4	2	3	3	3	2	3	4	4	3	2	74	4	1	0	1	1	1	0	0	0	1	0	-999	3	3	1	1	1	0
1020	2	1	0	0	5	2	3	3	4	5	2	2	2	2	4	5	5	3	4	44	2	2	0	0	1	1	0	1	0	1	1	-999	2	2	1	1	1	0
1020	2	1	0	1	1	4	2	2	3	4	4	3	3	4	2	2	2	3	3	44	2	2	0	0	1	1	0	1	0	1	1	-999	2	2	1	1	1	0
1020	2	1	1	0	4	3	3	3	3	2	3	3	3	3	3	3	3	3	3	44	2	2	0	0	1	1	0	1	0	1	1	-999	2	2	1	1	1	0
1020	2	1	1	1	2	4	3	3	3	4	4	3	3	3	2	2	2	3	2	44	2	2	0	0	1	1	0	1	0	1	1	-999	2	2	1	1	1	0
1029	2	1	0	0	1	4	3	3	3	4	3	4	4	4	3	3	3	2	3	49	3	2	0	0	1	1	1	1	0	1	1	5	1	4	1	0	0	0
1029	2	1	0	1	1	4	3	3	3	4	3	4	4	4	3	3	3	2	3	49	3	2	0	0	1	1	1	1	0	1	1	5	1	4	1	0	0	0
1029	2	1	1	0	2	4	3	3	3	4	4	4	4	4	3	3	3	3	3	49	3	2	0	0	1	1	1	1	0	1	1	5	1	4	1	0	0	0
1029	2	1	1	1	2	4	3	3	3	4	4	4	4	4	3	3	3	3	3	49	3	2	0	0	1	1	1	1	0	1	1	5	1	4	1	0	0	0
1066	1	1	0	0	2	3	3	3	3	3	2	3	3	3	3	3	3	3	3	41	2	1	0	0	1	1	0	0	0	1	0	3	3	2	1	1	1	1
1066	1	1	0	1	1	4	1	1	1	4	4	4	4	4	1	1	1	1	1	41	2	1	0	0	1	1	0	0	0	1	0	3	3	2	1	1	1	1
1066	1	1	1	0	1	1	1	1	1	4	1	4	4	4	2	3	4	1	1	41	2	1	0	0	1	1	0	0	0	1	0	3	3	2	1	1	1	1
1066	1	1	1	1	3	3	3	1	1	3	3	4	4	4	2	3	3	1	1	41	2	1	0	0	1	1	0	0	0	1	0	3	3	2	1	1	1	1
1070	1	1	0	0	2	3	2	2	2	3	1	1	1	1	2	2	2	2	2	49	3	1	0	0	1	1	0	0	0	1	0	6	3	2	1	0	1	1
1070	1	1	0	1	1	3	1	1	1	3	2	2	2	2	1	1	1	1	1	49	3	1	0	0	1	1	0	0	0	1	0	6	3	2	1	0	1	1
1070	1	1	1	0	2	1	1	4	4	2	3	2	2	2	4	4	4	4	4	49	3	1	0	0	1	1	0	0	0	1	0	6	3	2	1	0	1	1
1070	1	1	1	1	1	1	1	4	4	1	2	2	2	2	4	4	4	3	4	49	3	1	0	0	1	1	0	0	0	1	0	6	3	2	1	0	1	1
1075	1	1	0	0	2	3	2	3	3	3	2	2	3	3	2	2	2	2	1	56	3	1	0	0	1	1	0	1	0	1	1	5	3	3	1	1	1	0
1075	1	1	0	1	1	3	2	3	3	3	2	2	3	3	5	5	5	5	5	56	3	1	0	0	1	1	0	1	0	1	1	5	3	3	1	1	1	0
1075	1	1	1	0	3	3	3	3	3	1	1	3	3	1	4	4	4	4	4	56	3	1	0	0	1	1	0	1	0	1	1	5	3	3	1	1	1	0
1075	1	1	1	1	5	3	4	3	3	1	1	3	3	1	4	4	4	4	4	56	3	1	0	0	1	1	0	1	0	1	1	5	3	3	1	1	1	0
1078	1	1	0	0	2	2	3	3	2	3	3	1	3	3	1	1	1	1	1	58	3	1	0	0	1	1	0	1	0	1	1	6	3	2	1	0	1	1
1078	1	1	0	1	1	2	3	3	3	3	3	3	3	1	5	5	5	5	5	58	3	1	0	0	1	1	0	1	0	1	1	6	3	2	1	0	1	1
1078	1	1	1	0	3	3	4	4	3	3	3	3	3	3	2	3	3	3	2	58	3	1	0	0	1	1	0	1	0	1	1	6	3	2	1	0	1	1
1078	1	1	1	1	5	3	2	3	3	2	3	2	2	3	5	5	5	5	5	58	3	1	0	0	1	1	0	1	0	1	1	6	3	2	1	0	1	1
1080	1	1	0	0	2	3	2	3	3	3	1	1	3	1	1	3	3	3	1	60	3	1	0	0	1	1	0	0	0	1	0	-999	3	3	1	0	1	0
1080	1	1	0	1	1	3	3	3	3	3	2	1	2	1	2	3	3	3	3	60	3	1	0	0	1	1	0	0	0	1	0	-999	3	3	1	0	1	0
1080	1	1	1	0	3	3	3	3	3	3	1	3	3	3	4	4	4	3	4	60	3	1	0	0	1	1	0	0	0	1	0	-999	3	3	1	0	1	0
1080	1	1	1	1	1	1	1	2	3	2	3	3	3	3	3	3	4	3	3	60	3	1	0	0	1	1	0	0	0	1	0	-999	3	3	1	0	1	0
