1	1	2	65	4	2	0	1	1	1	0	0	0	1	0	5	3	4	1	0	1	0	3	3	3	3	3	3	3	3	3	3	3	4	3	3	3	3	3	3	3	3	3	3	3	3	3	3	4	3	3	3	3	3	3	3	3	3	3	3	3	3	3	3	3	3	3	3	3	3	3	3	3	3	3	3	3	3	3	3	3	3
2	3	2	28	2	2	0	0	1	0	0	1	1	0	1	2	3	3	0	1	1	0	5	5	5	4	5	2	1	3	1	2	5	3	4	3	5	1	1	2	2	2	2	5	3	3	4	2	3	2	3	2	3	5	4	4	4	3	2	3	2	2	4	4	4	4	4	5	4	5	5	5	1	2	1	1	1	5	5	5	5	5
6	2	2	25	2	2	0	0	0	0	0	0	0	0	0	2	3	2	1	1	1	0	4	4	4	5	4	3	2	3	3	1	2	2	2	1	3	2	3	3	2	3	3	4	3	3	5	3	3	2	1	3	4	3	4	4	3	2	1	2	2	2	3	3	3	2	3	4	4	4	4	3	4	2	4	4	4	2	2	2	2	3
8	1	2	21	1	2	1	0	1	1	0	0	0	1	0	3	3	4	1	0	1	1	5	4	5	4	4	3	1	3	3	2	5	5	5	4	4	2	2	2	2	3	3	3	3	3	3	1	1	1	2	2	4	3	4	4	4	3	3	2	1	1	5	5	5	4	4	2	3	4	4	4	3	3	2	1	1	5	5	5	4	4
9	2	2	33	2	1	1	0	1	1	0	1	0	1	1	1	2	2	1	0	1	0	4	5	3	3	4	1	1	1	1	1	4	5	5	3	5	2	5	3	3	4	1	1	1	1	1	4	2	3	3	1	5	5	3	3	5	1	1	1	1	1	5	5	5	5	5	5	5	3	3	5	1	1	1	1	1	5	4	4	5	4
10	1	2	51	3	2	0	1	0	0	0	0	0	0	0	3	3	4	1	0	1	0	5	4	5	5	5	1	1	1	1	1	5	5	5	3	5	1	4	2	1	1	3	5	5	5	5	2	3	3	3	1	4	3	4	4	3	2	2	3	2	2	4	4	4	3	5	5	3	4	4	3	2	2	3	2	2	4	4	4	3	5
11	1	2	65	4	2	0	1	1	1	0	0	0	1	0	-999	3	3	1	0	1	0	5	5	5	5	4	1	1	1	1	1	5	5	5	5	5	1	3	1	1	1	3	5	5	3	5	1	1	1	1	1	5	5	5	5	4	3	3	4	3	5	5	4	5	5	5	1	1	1	1	2	3	3	2	3	4	5	3	5	5	5
13	1	2	27	2	2	0	0	1	1	0	0	0	1	0	4	1	2	0	0	1	0	5	4	3	3	3	2	1	2	2	2	5	4	4	5	5	3	3	3	3	3	3	1	2	4	3	2	2	2	2	1	5	4	4	2	3	3	1	2	1	1	4	4	4	5	4	3	4	2	4	3	3	1	4	1	1	5	5	5	4	5
15	2	2	34	2	2	0	0	1	1	0	0	0	1	0	-999	1	2	0	0	1	0	5	4	5	4	3	2	1	1	1	3	4	5	5	3	5	2	4	3	2	3	3	4	4	3	3	3	1	2	3	1	4	4	4	5	3	2	1	1	1	2	5	5	5	4	5	4	4	4	4	3	3	1	3	3	2	4	4	4	4	4
16	2	2	39	2	2	0	0	1	1	0	1	0	1	1	3	2	2	0	1	1	0	4	4	4	4	4	3	2	2	2	2	4	4	4	3	4	2	2	4	2	3	3	4	4	4	4	4	3	4	3	2	4	3	4	4	4	2	1	4	3	2	4	4	4	4	4	3	4	4	4	4	3	2	4	3	2	4	4	4	4	4
17	3	2	43	2	2	0	0	1	1	0	1	1	1	1	4	3	2	1	0	1	1	4	4	4	4	4	2	3	2	2	3	4	3	4	4	4	3	4	2	2	4	2	3	3	2	3	3	3	4	4	4	4	4	3	4	4	2	2	3	2	2	4	2	4	4	4	4	4	3	4	4	2	2	3	2	2	4	4	3	4	4
21	2	2	53	3	2	0	0	1	0	0	1	1	0	1	-999	2	3	1	0	0	0	5	4	3	4	5	2	3	3	3	3	5	5	5	4	5	2	3	3	4	5	2	3	3	3	3	5	5	5	5	5	4	4	3	4	5	3	3	3	3	3	5	5	5	5	5	4	4	3	4	5	3	3	3	3	3	5	5	5	5	5
22	3	2	26	2	1	0	0	1	0	0	0	1	0	1	2	2	2	1	1	0	1	4	5	4	4	3	1	4	2	1	4	4	4	5	4	5	2	1	1	2	3	4	1	3	3	2	2	3	2	3	2	5	2	4	5	4	2	1	2	2	2	4	5	5	4	5	2	4	2	2	3	5	4	4	5	4	2	2	3	3	2
27	2	2	33	2	1	0	0	1	0	0	1	0	0	1	5	1	2	0	0	1	0	5	3	4	4	3	1	1	1	1	1	5	5	5	3	5	1	3	1	1	3	1	4	1	1	4	1	3	3	3	2	5	5	5	5	3	1	1	1	1	1	5	5	5	3	5	5	3	5	5	3	1	1	1	1	1	4	4	4	3	5
28	1	2	45	3	1	0	0	1	1	0	0	0	1	0	4	3	3	1	1	1	0	5	1	1	1	1	1	1	1	5	1	5	5	5	5	5	1	3	5	5	5	2	5	5	1	5	1	1	1	1	1	5	5	5	5	4	3	3	3	3	5	5	4	5	4	4	1	5	1	4	4	3	3	5	3	5	5	4	5	4	4
29	3	2	54	3	1	0	0	1	1	0	1	1	1	1	4	1	2	1	0	0	0	5	4	3	4	3	2	3	3	2	2	5	5	4	3	5	2	3	3	3	3	3	3	3	3	3	1	2	2	2	2	5	3	4	4	3	3	3	3	3	3	4	3	4	3	5	2	3	3	3	3	3	3	3	3	3	3	3	3	3	3
34	2	2	36	2	1	1	0	0	0	0	0	0	0	0	3	2	2	1	0	1	0	4	4	4	4	4	2	1	3	2	1	4	5	5	3	5	3	4	1	1	2	3	4	4	3	3	3	2	3	3	1	5	4	4	4	4	2	1	2	2	2	4	4	4	3	4	4	5	4	5	5	2	1	2	2	2	5	5	5	3	5
36	2	2	35	2	1	0	0	1	1	0	1	1	1	1	-999	3	2	1	0	1	0	4	4	4	4	4	3	4	2	3	3	4	4	4	4	5	2	4	3	3	2	3	2	3	3	3	2	2	4	4	5	4	4	4	4	4	4	4	3	2	3	4	3	4	5	4	3	3	4	3	4	3	4	3	2	3	3	3	4	3	4
38	1	2	43	2	2	0	0	1	1	0	0	0	1	0	4	2	2	1	1	1	0	5	5	5	5	3	1	4	1	2	1	5	5	5	5	5	1	5	3	1	3	3	1	4	4	4	1	1	1	1	1	1	4	2	4	4	4	3	2	2	2	4	4	4	4	4	5	4	5	5	4	1	1	1	2	2	5	5	5	5	5
41	1	2	23	1	2	0	0	1	0	1	0	0	1	0	3	3	3	1	0	1	1	3	3	3	3	3	2	3	2	2	3	5	4	4	3	4	2	2	3	2	3	3	3	4	4	3	2	3	3	3	2	3	3	3	3	3	2	3	2	2	3	4	4	4	3	4	3	4	3	3	3	3	3	1	2	3	4	4	4	3	4
43	1	2	18	1	2	1	0	1	0	0	1	0	0	1	1	3	2	1	1	1	0	4	3	2	1	3	1	1	1	2	2	5	5	5	4	5	2	3	1	1	3	2	1	1	2	1	5	4	3	2	3	4	3	3	3	3	3	3	1	1	3	5	3	4	4	2	2	3	3	3	2	3	2	2	1	3	2	3	2	3	3
45	1	2	73	4	2	0	1	1	1	0	0	0	1	0	4	3	4	1	0	0	0	5	3	5	4	5	1	1	3	1	1	5	5	5	3	5	1	1	1	4	1	5	5	3	5	5	1	1	1	3	1	3	3	3	3	3	3	3	3	3	3	4	3	4	3	5	3	3	3	3	3	3	3	3	3	3	4	3	4	3	5
47	3	2	24	1	2	0	0	1	0	0	0	1	0	1	3	3	1	1	1	1	1	3	5	4	4	4	1	1	2	2	2	5	4	4	3	4	5	5	2	2	4	1	1	2	2	2	2	4	4	3	2	4	4	4	4	4	2	2	2	2	2	5	4	4	4	4	4	4	4	4	4	2	2	2	2	2	3	4	4	4	2
49	1	2	40	2	2	0	0	1	1	0	1	1	1	1	6	3	4	1	0	1	0	4	4	4	4	3	3	1	1	1	2	5	4	5	4	5	2	2	1	1	3	3	4	1	1	3	1	4	2	2	2	4	3	4	4	3	3	2	3	2	2	4	4	4	3	4	5	4	5	5	3	3	1	3	2	2	5	3	5	3	5
50	2	2	40	2	2	0	0	1	1	0	1	0	1	1	4	2	3	1	0	1	0	4	3	3	4	3	2	2	3	2	2	4	2	3	3	4	3	3	3	2	3	4	3	3	4	2	4	2	3	3	2	3	3	3	3	3	2	3	2	3	2	3	5	4	3	3	4	3	3	3	3	4	3	4	4	2	3	2	3	3	3
51	2	2	54	3	2	0	0	1	1	0	0	0	1	0	4	3	2	1	1	1	1	4	3	4	4	4	1	3	2	1	3	4	4	4	3	5	3	3	3	3	3	1	4	3	1	3	3	2	3	3	3	3	3	3	3	3	1	3	3	1	1	4	4	4	3	4	3	3	3	4	3	1	3	3	1	1	5	5	5	3	5
53	1	2	28	2	1	0	0	1	1	0	0	0	1	0	1	1	3	0	0	1	1	5	1	5	5	3	1	1	1	1	1	3	4	4	1	4	1	1	1	1	3	1	4	3	1	4	3	2	2	1	2	3	1	1	1	1	1	1	1	1	1	1	1	1	1	1	3	1	1	1	1	1	1	1	1	1	1	1	1	1	1
55	2	2	30	2	1	0	0	1	1	0	1	0	1	1	5	1	2	0	0	1	0	5	3	3	3	3	1	1	1	1	3	5	5	5	3	5	3	3	3	3	3	1	2	1	1	3	1	3	3	3	1	5	3	3	3	3	1	3	3	1	1	5	5	5	3	5	5	3	3	3	3	1	3	3	1	1	5	5	5	3	5
58	3	2	31	2	1	0	0	1	0	0	1	1	0	1	3	3	2	1	0	1	0	4	3	4	4	4	2	2	3	2	1	4	4	4	3	4	2	2	2	2	2	3	3	3	3	3	1	1	1	2	1	3	4	3	3	3	2	2	2	2	2	4	4	4	4	4	4	3	4	4	4	2	2	2	2	2	4	4	4	3	3
62	1	2	47	3	1	0	0	1	1	0	0	0	1	0	5	3	4	1	1	1	1	3	5	3	4	3	4	2	2	3	3	4	3	4	3	2	3	3	3	3	3	2	1	1	1	1	5	5	5	4	5	5	5	5	4	4	5	1	2	1	1	5	5	5	5	5	2	2	2	2	2	2	4	4	4	3	3	3	3	3	2
63	2	2	30	2	1	0	0	1	1	0	1	0	1	1	3	3	2	1	1	1	1	5	5	4	4	4	1	1	1	1	1	4	5	4	3	5	3	5	2	3	3	1	3	3	3	1	3	4	4	3	5	5	5	5	4	4	1	1	1	1	1	1	5	5	5	5	5	5	5	4	4	1	1	1	1	1	1	5	5	5	5
64	3	2	32	2	1	0	0	1	0	0	0	1	0	1	5	2	2	1	0	1	1	5	4	4	4	4	2	2	2	2	2	4	3	4	3	4	2	3	3	3	4	3	3	3	3	2	3	3	3	3	3	5	2	4	4	5	2	2	2	2	2	5	4	4	3	4	3	3	3	3	3	3	3	3	3	3	4	3	3	3	3
66	2	2	38	2	2	0	1	0	0	0	0	0	0	0	-999	1	4	1	1	1	1	5	4	4	3	2	3	1	1	1	1	5	5	5	5	5	1	1	1	1	5	1	1	1	1	1	5	5	5	5	5	5	4	3	1	5	1	1	1	1	1	5	5	5	5	5	5	4	3	1	4	4	1	1	1	1	5	5	5	5	5
71	2	2	20	1	2	0	0	1	1	0	0	0	1	0	-999	1	1	1	1	0	0	3	3	4	4	4	2	3	1	2	1	4	2	4	5	5	3	4	3	3	5	2	4	2	3	1	3	3	3	5	5	4	3	3	3	4	1	1	1	1	1	3	4	5	3	5	4	4	3	3	3	2	2	2	2	2	3	4	4	3	5
75	1	2	25	2	2	0	0	1	1	0	1	1	1	1	-999	3	4	1	0	1	0	5	5	3	4	2	1	1	1	1	2	5	5	5	4	5	3	2	3	3	2	1	2	1	1	3	4	4	4	3	3	5	5	3	3	4	1	1	1	1	1	5	5	5	5	5	4	3	5	5	3	2	1	1	1	1	3	4	4	3	3
78	1	2	19	1	1	0	0	0	0	0	0	0	0	0	-999	3	4	1	1	0	0	4	3	4	4	3	2	1	1	1	2	5	4	4	4	5	1	2	2	2	2	4	4	5	4	4	2	1	2	1	1	4	2	2	1	2	2	3	1	1	1	1	2	3	1	3	5	3	4	4	3	4	4	2	1	4	4	4	5	4	5
79	3	2	21	1	1	0	0	1	0	0	1	1	0	1	3	2	2	1	1	1	1	3	4	3	3	4	1	2	2	2	2	4	3	3	3	3	3	3	3	3	4	1	2	2	2	2	3	3	3	3	3	3	3	3	3	4	1	1	1	1	1	3	3	3	3	4	3	3	3	3	4	1	1	1	1	1	3	3	3	3	4
85	1	2	24	1	2	1	0	0	0	0	0	0	0	0	1	1	2	1	0	0	0	4	2	4	4	4	2	2	1	1	1	4	4	4	2	4	1	2	2	2	3	3	4	2	4	3	2	3	3	2	2	4	2	3	3	3	1	2	1	1	1	3	3	4	2	3	5	4	4	4	4	3	1	3	1	2	4	3	4	4	4
87	2	2	35	2	2	1	0	1	1	0	1	0	1	1	-999	1	2	1	0	1	0	5	5	4	4	5	1	1	1	1	1	5	5	5	5	5	3	5	3	4	5	1	1	1	1	1	5	5	4	5	4	4	5	4	4	5	1	1	1	1	1	5	5	5	5	5	5	5	5	5	5	1	1	1	1	1	5	5	5	5	5
89	1	2	19	1	1	1	0	1	1	0	0	0	1	0	1	3	2	1	0	0	0	5	3	4	3	3	1	1	1	1	1	4	4	4	4	5	3	3	2	3	3	1	2	1	1	1	3	3	3	4	3	5	3	3	3	3	1	1	2	1	1	5	4	4	4	4	5	3	3	3	3	1	1	2	1	1	5	4	4	4	4
92	1	2	22	1	1	1	0	0	0	0	0	0	0	0	1	3	2	0	1	0	0	4	3	3	3	4	2	2	1	1	2	4	4	4	4	4	3	3	2	2	4	3	2	2	2	2	3	4	4	4	2	4	3	2	3	3	3	2	2	1	2	3	2	4	4	2	4	3	4	4	3	2	2	2	1	2	4	4	4	4	4
93	1	2	24	1	1	1	0	0	0	0	0	0	0	0	1	3	4	1	1	1	1	4	3	4	3	3	4	2	4	4	1	4	4	4	4	3	2	3	1	3	3	3	1	2	2	5	1	1	2	1	3	3	3	3	3	3	3	3	3	4	3	1	1	4	3	4	3	3	3	3	3	4	1	3	3	3	4	4	1	3	2
94	2	2	25	2	1	1	0	1	0	0	1	0	0	1	1	1	2	1	1	1	1	4	3	4	4	3	1	1	1	1	1	4	3	4	3	5	2	3	3	3	3	1	1	1	1	1	4	3	3	3	3	3	3	3	3	3	3	1	1	1	1	3	3	3	4	4	3	3	3	3	3	3	1	1	1	1	3	3	3	4	4
95	2	2	26	2	2	0	1	1	1	1	1	1	1	1	1	3	4	1	1	1	1	3	5	3	1	1	5	2	1	1	1	3	1	1	3	3	3	5	3	1	1	5	2	1	1	1	3	1	1	3	3	3	1	1	3	5	1	1	1	1	1	3	3	3	1	3	3	1	1	3	5	1	1	1	1	1	3	3	3	1	4
97	1	2	62	3	1	0	1	0	0	0	0	0	0	0	2	3	2	1	0	0	0	5	5	3	4	3	2	2	1	1	2	5	5	5	3	5	2	4	3	2	3	3	5	1	4	4	2	2	2	3	2	3	2	2	4	4	2	1	1	2	2	4	4	4	3	4	5	4	5	5	5	1	1	1	2	2	5	5	5	3	5
99	1	2	38	2	2	-999	-999	1	1	0	0	0	1	0	-999	3	2	1	1	1	0	2	4	2	2	2	2	2	2	2	2	4	4	4	3	4	3	4	2	3	2	3	2	3	3	2	2	2	4	3	2	2	4	2	2	2	2	2	2	2	2	4	4	4	3	4	2	4	2	2	2	2	2	2	2	2	4	4	4	3	4
102	2	2	31	2	1	-999	-999	1	0	0	1	0	0	1	-999	3	3	1	0	1	0	5	3	4	4	4	2	2	2	2	2	4	4	4	4	4	2	3	2	2	3	1	3	3	3	3	2	2	2	2	2	4	4	4	4	4	3	2	2	2	2	4	4	4	4	4	2	3	3	3	3	4	2	3	3	2	4	3	3	3	3
103	2	2	32	2	1	-999	-999	0	0	0	0	0	0	0	-999	3	3	1	1	1	1	1	4	3	4	1	2	2	2	2	2	4	4	4	4	4	3	4	3	4	1	2	2	2	2	2	3	4	4	4	3	3	3	3	4	4	3	2	2	2	2	4	4	4	4	3	4	3	3	4	4	4	2	2	2	2	4	4	4	4	3
112	3	2	31	2	2	0	0	1	0	0	0	1	0	1	3	3	2	1	1	1	0	4	4	3	3	3	3	2	3	3	3	4	4	4	3	4	3	4	3	3	3	3	2	3	3	3	3	3	3	3	3	4	4	4	4	3	3	3	3	3	3	4	4	4	4	4	4	4	4	4	3	3	3	3	3	3	4	4	4	4	4
113	2	2	31	2	2	0	0	1	1	0	1	0	1	1	5	3	2	1	0	1	0	4	4	3	3	2	3	1	3	3	3	4	5	5	4	5	2	2	3	3	4	1	3	4	3	3	2	3	2	2	2	4	2	3	2	2	3	2	1	3	3	1	4	3	4	3	2	4	3	4	4	3	2	3	3	3	4	5	5	4	5
114	2	2	34	2	2	0	0	1	0	0	1	0	0	1	-999	3	2	1	0	0	0	5	5	5	5	5	1	1	1	1	1	5	5	5	5	5	1	3	3	1	1	1	5	3	5	3	2	2	2	1	1	3	4	5	5	5	3	1	2	3	2	5	5	5	5	5	5	3	5	5	5	3	3	2	3	3	5	5	5	5	5
118	1	2	37	2	2	0	0	1	1	0	0	0	1	0	-999	1	4	1	1	1	0	5	4	4	3	3	3	3	2	3	3	4	4	5	2	4	2	3	3	3	3	3	3	2	3	3	3	3	3	2	3	3	3	4	4	2	3	2	2	2	2	4	4	4	2	4	3	3	4	4	2	3	2	2	2	2	4	4	4	2	4
120	2	2	39	2	2	0	0	1	0	0	1	0	0	1	3	3	2	1	1	1	1	4	5	4	4	2	2	2	4	3	4	4	4	4	4	4	3	3	2	2	3	3	4	4	3	3	4	4	4	4	4	4	4	3	4	3	3	2	2	2	2	4	4	4	4	4	4	4	3	4	3	3	2	2	2	2	4	4	4	4	4
122	2	2	41	2	2	0	0	1	0	0	1	0	0	1	-999	2	1	1	0	1	0	4	2	3	2	2	1	1	1	1	2	4	4	4	3	4	2	2	3	2	2	2	1	2	1	2	4	4	4	3	4	4	3	3	2	2	1	2	2	2	2	4	4	4	3	4	4	2	3	2	2	2	2	2	2	2	4	4	4	3	4
124	1	2	43	2	2	0	0	1	1	0	1	0	1	1	5	3	2	1	1	1	1	4	3	2	2	3	2	1	1	1	1	5	2	4	3	2	2	3	2	2	3	2	1	1	1	1	5	5	5	5	4	4	3	1	2	4	1	1	1	1	1	5	5	5	1	5	5	3	1	2	4	1	1	1	1	1	2	2	1	1	2
125	1	2	43	2	2	0	0	1	0	0	1	1	0	1	4	3	4	0	1	1	0	5	3	5	5	5	1	1	3	1	1	5	5	5	4	5	1	3	1	3	3	2	3	1	3	1	1	1	1	2	1	4	4	5	5	5	4	3	3	3	1	4	5	5	5	4	5	5	5	5	5	5	3	3	3	1	5	5	5	5	5
126	2	2	44	2	2	0	0	1	1	1	1	0	1	1	3	3	2	1	1	1	1	5	3	4	4	4	1	1	1	1	1	5	4	4	2	4	1	3	3	3	3	5	3	3	3	3	3	3	3	3	3	3	3	4	4	4	3	2	2	2	2	3	4	4	2	5	3	3	5	5	4	3	2	2	3	2	3	4	4	2	5
128	2	2	45	3	2	0	0	1	1	1	1	1	1	1	4	3	4	1	1	1	1	4	4	5	5	5	1	1	1	1	1	5	5	5	3	5	1	3	1	1	2	4	5	1	3	5	2	2	2	3	2	2	4	1	1	2	4	5	5	5	5	1	1	3	3	1	5	1	5	5	5	1	1	1	1	1	5	5	5	3	5
132	1	2	50	3	2	0	0	1	1	0	0	0	1	0	-999	3	2	1	1	1	0	4	3	3	3	3	1	2	2	1	2	4	4	4	2	4	2	3	3	3	3	2	3	3	2	3	1	3	2	2	2	3	3	3	3	3	3	2	3	3	3	4	4	4	3	4	4	3	3	3	3	3	2	3	3	3	4	4	4	3	4
135	2	2	54	3	2	0	0	1	1	0	1	0	1	1	3	2	2	1	0	1	0	5	1	3	5	3	1	1	1	1	3	5	5	5	1	5	1	1	1	1	3	1	5	5	3	3	1	1	1	1	5	5	5	5	5	3	1	1	1	1	1	3	5	5	1	5	5	5	5	5	3	1	1	1	1	1	5	5	5	1	5
136	1	2	56	3	2	0	0	1	1	0	0	0	1	0	5	2	3	1	0	0	0	2	2	3	4	4	5	1	1	1	1	1	1	1	2	2	3	1	3	4	5	5	1	1	1	1	2	1	1	2	2	2	2	3	3	2	2	1	1	1	5	1	2	2	2	2	2	3	3	3	2	4	1	1	1	5	1	2	2	2	2
139	3	2	60	3	2	0	0	1	1	1	1	1	1	1	3	3	1	1	0	1	0	5	2	4	5	5	2	4	1	2	5	5	5	5	5	5	5	2	4	5	5	2	4	4	2	5	5	5	5	5	5	5	5	5	5	5	2	5	1	5	5	5	5	5	5	5	5	5	5	5	5	2	5	1	5	5	5	5	5	5	5
140	2	2	66	4	2	0	0	1	0	0	1	0	0	1	-999	3	3	1	1	1	1	5	5	5	5	5	1	1	1	1	1	5	5	5	5	5	1	1	1	1	1	5	5	4	4	4	1	1	1	1	1	5	5	5	5	5	1	1	1	1	1	5	5	5	5	5	5	5	5	5	5	1	1	1	1	1	5	5	5	5	5
141	3	2	-999	-999	2	0	0	1	0	0	1	1	0	1	3	1	2	1	1	1	1	5	5	5	4	4	1	1	3	1	2	5	4	5	5	5	2	5	3	2	4	1	3	2	1	2	2	5	2	5	5	5	5	4	5	5	2	1	1	2	2	5	5	5	5	5	5	5	4	5	5	2	1	4	4	3	5	2	4	5	5
142	1	2	19	1	1	0	0	0	0	0	0	0	0	0	2	3	2	1	1	1	1	4	3	3	1	1	3	4	2	2	2	5	5	5	5	5	2	2	3	2	1	2	3	3	3	2	2	3	3	2	3	5	4	3	4	3	4	3	3	3	3	4	4	4	4	4	5	3	3	4	3	5	3	3	3	3	4	4	4	4	4
143	1	2	23	1	1	0	0	0	0	0	0	0	0	0	2	3	2	1	0	1	0	4	3	3	1	4	3	1	1	2	2	5	4	4	1	5	1	3	1	1	3	3	3	4	2	3	2	2	2	1	1	3	3	3	2	1	2	2	2	2	1	4	4	4	3	4	4	4	3	2	1	3	2	2	2	1	4	4	4	3	4
144	3	2	25	2	1	0	0	1	0	0	0	1	0	1	3	1	2	0	0	1	1	5	5	4	5	5	2	1	1	1	1	5	5	5	3	5	1	5	3	5	4	3	1	3	2	1	5	4	5	3	1	4	5	4	4	5	1	1	1	1	1	5	5	5	1	4	5	5	5	5	5	1	1	1	1	1	5	5	5	1	5
147	1	2	30	2	1	0	0	1	0	0	0	1	0	1	-999	3	2	1	1	0	1	5	5	5	5	5	4	1	1	2	1	5	5	5	5	5	1	2	1	1	1	1	5	5	5	5	1	1	1	1	1	3	3	3	4	5	1	3	1	1	1	2	4	4	5	4	5	4	5	5	4	1	1	1	4	1	5	4	4	5	5
150	1	2	35	2	1	0	0	1	1	0	0	0	1	0	2	2	4	1	0	0	0	5	3	4	4	4	4	4	4	3	3	4	5	5	4	5	1	2	2	2	3	2	2	1	1	5	1	1	1	2	2	5	4	2	4	5	3	1	3	3	3	4	2	3	2	2	2	5	1	4	3	5	5	4	1	2	4	5	5	5	5
151	1	2	37	2	1	0	0	0	0	0	0	0	0	0	-999	3	3	1	1	1	1	5	5	5	5	5	1	1	1	1	1	5	5	5	5	5	1	1	1	1	1	5	5	5	5	5	1	1	1	1	1	5	1	5	5	5	1	1	1	1	1	5	5	5	5	5	4	5	5	5	5	1	1	1	1	1	5	5	5	5	5
152	1	2	40	2	1	0	0	0	0	0	0	0	0	0	3	2	1	1	1	1	1	5	1	4	4	4	1	1	1	1	1	4	4	4	4	4	4	1	1	1	3	1	1	1	1	1	4	4	4	4	4	4	2	3	3	3	1	2	2	2	2	4	4	4	4	4	4	2	3	3	3	1	2	2	2	2	4	4	4	4	4
154	2	2	44	2	1	0	0	1	1	1	1	0	1	1	-999	3	1	1	0	1	0	5	4	4	4	3	1	1	2	2	2	5	4	4	3	5	1	2	1	2	3	3	4	3	1	4	1	2	2	3	1	2	4	4	3	3	2	2	2	1	2	4	4	4	4	5	4	4	4	3	3	2	2	2	1	2	4	4	4	4	5
155	1	2	51	3	1	0	0	1	1	0	0	0	1	0	-999	3	2	1	0	1	0	2	2	2	1	2	4	5	5	2	4	3	1	1	1	4	3	4	3	3	2	4	3	3	2	3	2	3	3	1	4	5	5	5	5	3	5	1	1	1	1	5	5	5	3	2	1	1	1	1	3	1	5	5	5	5	1	1	1	3	2
156	2	2	52	3	1	0	0	1	1	0	1	0	1	1	3	2	2	1	0	1	0	5	5	5	5	5	5	1	1	1	1	5	5	5	3	5	1	1	1	1	1	1	5	5	5	5	1	1	1	3	1	1	5	5	5	5	1	1	1	1	1	5	5	5	5	5	5	5	5	5	5	1	1	1	1	1	5	5	5	5	5
158	1	2	27	2	2	0	0	1	1	0	0	0	1	0	-999	2	2	1	0	0	0	5	3	3	3	3	1	1	1	1	3	5	5	5	3	5	1	3	3	3	3	4	3	4	1	3	2	3	3	3	2	4	4	3	4	3	3	3	3	1	1	4	4	4	3	4	5	5	5	5	3	3	3	3	1	1	5	5	5	3	5
162	1	2	41	2	2	0	0	1	1	0	0	0	1	0	-999	2	2	1	0	0	1	5	3	4	4	4	3	1	2	2	2	5	5	5	3	5	2	3	2	1	4	3	5	4	5	3	3	1	3	3	1	4	3	4	4	4	1	3	2	2	2	4	4	4	5	5	2	3	5	4	4	1	3	2	2	2	4	4	4	4	5
164	2	2	49	3	2	0	0	1	0	0	1	0	0	1	5	3	4	1	1	1	1	5	5	5	5	3	1	5	1	3	3	5	4	5	3	5	1	3	1	1	3	5	2	5	3	4	1	3	1	3	1	5	4	5	5	4	1	1	1	2	1	5	5	5	5	5	5	4	5	5	4	1	1	1	2	1	5	5	5	5	5
167	1	2	34	2	1	0	0	0	0	0	0	0	0	0	-999	3	3	1	0	1	1	5	4	5	4	3	2	2	2	2	2	4	4	4	3	4	2	2	1	1	3	4	4	2	3	4	2	3	3	3	2	4	3	5	4	3	3	3	2	3	2	4	3	3	4	3	5	3	5	4	3	3	3	2	3	2	4	3	3	4	3
169	1	2	35	2	1	0	0	1	1	0	0	0	1	0	3	1	2	1	0	0	0	5	3	3	3	3	2	2	2	2	2	5	5	5	3	5	3	3	3	2	2	3	3	2	3	2	1	3	3	2	2	3	3	3	4	3	2	2	3	2	2	1	5	3	3	5	3	3	3	3	3	2	2	3	3	3	1	5	3	3	3
170	2	2	35	2	1	0	0	1	1	0	1	0	1	1	3	3	2	1	1	1	1	5	4	4	5	4	3	1	3	1	1	5	5	5	5	5	3	3	3	3	4	3	4	3	1	3	3	2	3	4	1	1	3	3	3	3	1	3	1	1	1	4	4	4	4	4	1	4	4	4	3	1	1	3	3	1	5	5	5	5	5
173	3	2	30	2	2	0	0	1	0	0	0	1	0	1	3	2	2	0	0	1	1	4	4	4	4	3	2	1	3	2	1	5	3	4	3	5	1	4	2	2	3	2	5	3	2	1	1	3	1	3	1	3	4	4	4	3	4	2	3	1	2	2	3	3	4	3	3	4	4	4	3	2	1	2	1	1	5	3	4	4	5
178	2	2	28	2	1	0	0	1	0	0	1	0	0	1	-999	3	2	1	1	1	0	5	3	5	4	4	2	1	2	2	2	5	5	4	4	5	3	3	3	2	4	3	4	2	2	2	1	1	2	3	1	4	4	4	4	4	1	1	2	2	2	4	3	4	4	4	5	4	5	5	4	2	1	2	2	2	5	5	5	4	5
184	1	2	57	3	2	0	0	1	1	0	1	0	1	1	5	1	4	0	0	1	1	1	3	3	4	4	3	1	2	2	2	5	4	5	2	5	5	3	2	2	2	3	5	4	2	2	1	2	1	2	1	3	2	2	3	3	3	2	2	3	2	2	3	3	2	4	3	2	2	5	3	3	2	2	3	2	5	5	5	2	5
187	1	2	58	3	1	0	0	1	1	0	0	0	1	0	3	3	2	1	1	1	0	5	5	5	5	5	1	1	1	1	1	5	5	5	3	5	1	1	1	1	1	5	5	5	5	5	1	1	1	3	1	1	3	3	3	4	3	3	3	3	3	4	5	4	4	4	5	5	5	5	5	1	1	1	1	1	5	5	5	5	5
188	2	2	56	3	2	0	1	1	1	0	1	0	1	1	1	2	2	1	0	0	0	5	5	5	5	5	1	1	1	1	1	5	5	5	5	5	1	1	1	1	1	5	5	5	5	5	1	1	1	1	1	5	5	5	5	5	1	1	1	1	1	5	5	5	4	5	5	5	5	5	5	1	1	1	1	1	5	3	5	4	5
190	2	2	35	2	2	0	1	1	0	0	1	0	0	1	1	3	3	1	0	1	1	5	5	5	5	5	1	1	2	1	2	5	5	5	4	5	1	1	1	2	2	4	2	2	1	2	1	2	1	2	1	2	2	2	3	3	3	2	3	3	2	2	3	3	3	3	5	4	5	5	5	1	2	1	1	2	5	5	5	5	5
192	1	2	25	2	1	0	0	0	0	0	0	0	0	0	1	3	3	1	0	1	0	5	5	5	5	5	1	1	1	2	1	5	5	5	3	5	1	1	1	1	1	4	4	5	4	5	1	1	1	2	1	4	4	4	4	4	1	1	1	1	1	3	4	3	3	4	5	5	5	5	5	1	1	1	1	1	3	5	3	3	5
195	1	2	21	1	1	1	0	0	0	0	0	0	0	0	2	3	2	1	1	1	1	4	3	3	3	3	1	1	3	3	1	4	4	4	3	5	1	3	3	3	3	4	5	4	3	5	5	3	3	3	1	4	1	2	2	2	1	3	2	2	3	4	4	4	4	3	5	1	2	2	2	1	2	2	2	2	5	5	5	5	5
197	2	2	31	2	2	0	0	0	0	0	0	0	0	0	6	1	3	0	0	1	1	5	5	5	5	5	1	1	1	1	1	5	5	5	5	5	2	3	3	1	2	3	5	4	3	4	1	1	2	1	2	4	4	4	4	4	1	1	2	3	1	4	4	4	4	4	5	5	5	5	5	1	1	1	2	1	5	5	5	5	5
198	2	2	33	2	2	0	0	1	1	0	1	0	1	1	5	3	1	1	1	1	1	2	3	4	4	4	3	2	2	2	1	5	4	5	3	5	3	3	2	2	3	3	4	4	3	3	2	3	2	3	2	3	3	4	4	4	3	2	2	2	2	4	4	4	4	4	5	4	5	5	5	2	2	1	1	1	5	5	5	5	5
200	2	2	48	3	2	0	0	1	0	0	1	0	0	1	2	3	2	1	1	1	1	5	4	5	5	4	2	1	1	1	2	5	4	5	4	5	3	3	2	2	2	3	5	4	5	5	1	2	1	3	2	3	3	4	4	4	3	4	3	2	2	4	4	4	4	4	4	4	5	4	4	4	3	3	2	2	5	4	4	4	4
201	3	2	55	3	2	0	0	1	1	0	1	1	1	1	-999	2	2	1	1	1	1	5	5	5	4	4	3	3	4	3	3	4	4	4	4	4	3	3	3	3	3	3	3	3	3	3	3	3	3	3	3	4	3	3	3	3	3	3	3	3	3	4	4	4	3	3	5	4	3	3	3	3	3	3	3	3	5	5	5	3	5
202	2	2	32	2	1	0	0	1	1	0	1	0	1	1	4	3	3	1	0	1	1	5	5	5	5	3	1	1	1	1	1	5	5	5	5	5	1	1	1	1	3	5	5	5	5	5	1	1	1	1	1	4	4	4	5	3	1	1	1	1	1	5	5	5	4	5	5	4	5	5	3	1	1	1	1	1	5	5	5	4	5
204	1	2	28	2	2	0	0	0	0	0	0	0	0	0	4	3	3	0	0	1	0	5	3	4	4	4	1	1	3	2	3	5	4	4	3	5	2	4	3	3	3	4	3	3	3	3	1	3	3	3	2	4	3	3	4	3	1	3	3	2	2	3	4	4	3	4	5	3	3	4	4	1	3	3	2	2	4	4	4	3	4
209	3	2	41	2	2	0	1	1	1	0	0	1	1	1	5	2	3	1	0	1	1	5	3	4	4	5	1	4	2	2	2	5	5	5	3	5	2	3	2	2	2	3	2	5	5	4	1	2	2	3	1	4	3	5	3	3	3	3	3	3	3	3	3	3	3	3	5	3	4	3	3	3	3	3	3	3	3	3	3	3	3
210	2	2	61	3	2	0	0	1	0	0	1	0	0	1	2	3	2	1	0	0	0	5	4	4	4	4	3	3	2	3	1	5	5	4	4	4	3	5	2	4	4	3	3	2	3	1	4	3	4	3	3	4	4	4	4	4	2	1	2	2	2	3	2	4	3	4	5	4	4	4	4	2	1	2	2	2	4	2	4	4	4
213	2	2	39	2	1	0	1	1	1	0	0	0	1	0	2	1	2	1	0	0	0	5	4	4	5	3	1	3	2	1	1	5	5	4	4	5	2	3	1	3	3	1	3	2	1	2	2	4	3	2	3	5	5	5	5	5	1	1	1	1	1	5	5	5	4	4	2	5	5	5	5	2	1	1	1	1	4	5	4	5	5
214	2	2	48	3	2	0	1	1	1	0	0	0	1	0	1	3	4	1	0	1	0	5	5	5	5	5	1	1	1	1	1	5	5	5	5	5	1	1	1	1	1	5	5	5	5	5	1	1	1	1	1	1	1	1	1	1	5	5	5	5	5	1	1	1	1	1	5	5	5	5	5	1	1	1	1	1	5	5	5	5	5
216	3	2	29	2	1	0	0	1	1	0	0	1	1	1	4	2	2	0	0	1	1	3	5	4	4	4	4	1	2	2	2	4	2	4	3	4	4	2	2	2	2	2	3	3	4	3	2	4	2	3	2	4	3	4	4	4	2	2	2	2	2	4	4	4	3	4	3	4	3	3	3	4	3	3	2	2	4	4	4	3	3
218	1	2	66	4	1	0	1	1	1	0	0	0	1	0	5	3	4	1	0	1	0	5	5	5	5	3	1	1	1	1	3	5	5	5	5	5	1	5	1	1	3	1	5	3	1	3	1	1	1	1	1	3	3	3	3	3	3	3	3	3	3	3	3	3	3	3	5	3	3	3	3	3	3	3	3	3	5	5	5	3	5
220	2	2	32	2	2	0	0	1	1	0	1	0	1	1	5	1	2	1	0	1	0	5	4	4	4	4	3	2	2	1	1	5	4	4	4	5	3	4	2	2	2	4	4	4	4	5	3	2	2	2	1	4	3	3	5	3	1	2	3	1	3	5	5	5	5	5	2	3	3	5	3	3	3	3	1	3	5	5	5	5	5
221	2	2	48	3	2	0	0	1	1	0	0	0	1	0	5	2	2	1	0	0	0	1	2	4	5	4	1	1	1	1	1	5	5	5	3	5	3	2	2	3	5	5	3	1	3	1	1	5	5	3	1	3	3	5	5	5	3	1	1	1	1	4	5	5	4	4	5	3	5	5	5	1	1	1	1	1	5	5	5	4	5
228	2	2	27	2	2	0	0	1	1	0	1	0	1	1	4	3	2	1	0	1	1	4	4	3	3	5	1	1	1	1	1	4	5	5	3	3	3	3	3	3	5	1	1	1	1	1	4	5	5	3	3	3	2	3	3	5	1	1	3	1	1	5	5	5	5	3	4	4	3	3	4	2	1	3	1	1	4	4	5	5	3
229	2	2	33	2	2	0	0	1	0	0	1	0	0	1	-999	3	3	1	1	1	1	5	5	5	5	5	5	5	1	1	1	5	5	5	5	5	1	1	1	1	1	1	1	5	5	5	1	1	1	1	1	1	4	1	5	5	1	1	1	1	1	5	5	5	5	5	5	2	5	5	5	1	5	1	1	1	5	5	5	5	5
232	2	2	33	2	2	0	0	1	1	0	1	0	1	1	-999	2	3	0	1	1	0	5	4	4	4	4	1	3	2	2	3	4	4	4	4	4	3	4	2	3	2	1	3	2	2	3	3	3	3	3	3	4	4	4	4	4	3	3	2	2	1	4	4	4	4	5	4	4	4	4	4	3	3	2	2	1	4	4	4	4	5
233	1	2	45	3	1	0	0	1	1	0	0	0	1	0	4	3	2	1	0	1	0	5	5	4	4	5	2	3	2	2	2	4	4	4	5	5	2	3	2	2	1	3	3	4	2	4	2	2	2	1	1	4	4	5	4	4	3	2	2	2	2	4	4	4	4	4	4	4	4	5	4	3	2	2	1	2	5	5	4	4	4
237	2	2	27	2	2	0	0	1	0	0	1	0	0	1	5	3	2	1	1	1	1	3	5	3	3	4	1	1	1	1	1	5	4	5	2	4	3	2	3	3	5	1	1	1	1	1	2	3	4	2	4	3	4	3	3	5	1	2	1	1	1	5	4	4	5	4	3	4	3	3	5	1	2	1	1	1	5	4	4	5	4
239	1	2	24	1	1	0	0	0	0	0	0	0	0	0	2	1	1	1	0	1	0	5	4	4	4	4	2	1	1	1	2	5	4	5	4	5	1	3	2	2	2	4	4	3	3	4	2	2	2	3	2	4	4	4	4	4	2	1	1	1	1	5	4	4	5	4	5	5	5	4	5	1	1	1	1	1	5	5	5	5	5
240	2	2	29	2	2	0	0	1	1	0	1	0	1	1	3	3	2	1	1	1	1	3	4	4	3	2	4	2	5	4	4	3	2	3	3	2	3	4	4	3	4	2	2	2	2	2	4	5	4	5	5	3	4	3	2	3	4	2	4	3	3	3	3	3	4	4	3	4	3	2	3	4	3	4	4	4	2	2	2	3	3
241	2	2	39	2	2	0	0	1	1	0	1	0	1	1	4	3	2	0	0	1	1	5	4	5	5	5	1	5	1	1	1	5	5	5	5	5	1	2	1	1	1	5	1	5	5	5	1	1	1	1	1	5	5	5	5	3	1	1	1	1	1	5	5	5	3	5	1	5	3	4	3	1	1	1	1	1	3	5	5	3	3
244	1	2	21	1	2	1	0	0	0	0	0	0	0	0	3	3	2	1	0	0	0	4	1	4	1	4	1	2	1	1	1	5	5	5	4	5	3	1	2	1	1	1	2	1	1	1	1	1	1	1	1	5	3	1	3	4	1	1	1	1	1	5	5	5	4	4	3	3	1	1	3	1	1	1	1	1	4	4	4	3	3
245	1	2	25	2	2	0	0	1	1	0	0	0	1	0	3	2	4	1	0	0	0	5	5	5	1	1	1	1	1	1	1	2	3	2	4	3	2	2	1	4	3	5	5	3	4	4	2	3	3	1	2	4	4	4	4	4	2	2	2	4	4	4	4	4	4	4	2	2	2	2	2	4	1	3	2	2	2	2	3	3	2
247	1	2	68	4	2	0	1	1	1	0	0	0	1	0	4	3	3	1	0	1	0	3	3	4	3	3	1	1	1	1	1	4	4	4	4	3	2	3	2	3	3	1	1	1	1	1	2	2	3	2	3	3	3	3	3	3	1	1	1	1	1	3	3	3	3	3	3	3	3	3	3	1	1	1	1	1	3	3	3	3	3
248	2	2	51	3	2	0	0	1	1	0	1	0	1	1	4	2	2	1	0	1	0	3	4	2	2	3	4	4	4	4	3	3	2	1	2	2	3	2	4	4	3	2	2	2	2	3	3	4	5	4	4	2	4	2	2	3	4	4	5	4	3	1	2	2	2	2	2	4	2	2	3	4	4	5	4	3	1	2	2	2	2
249	3	2	23	1	1	0	0	1	0	0	0	1	0	1	3	3	3	1	1	1	1	5	5	5	5	5	1	1	1	1	1	5	5	5	3	5	1	3	3	3	3	3	3	3	3	3	1	1	1	3	1	5	5	3	4	5	2	1	2	1	1	5	5	5	3	5	5	5	3	4	5	2	1	2	1	1	5	5	5	3	5
251	2	2	40	2	1	0	0	1	0	0	1	0	0	1	4	3	2	1	1	1	1	4	3	4	4	5	3	1	2	2	1	4	5	4	4	5	2	3	2	2	2	3	4	3	2	3	1	1	1	3	1	2	3	3	4	3	2	2	3	3	3	3	3	4	4	4	5	3	4	5	4	4	2	3	3	4	4	5	5	5	5
252	1	2	52	3	1	0	0	1	1	0	0	0	1	0	4	3	3	1	1	1	0	5	2	5	4	4	1	1	1	1	1	5	5	5	1	2	1	2	3	3	4	1	1	1	1	1	3	3	3	1	2	5	2	5	5	1	2	2	1	1	1	2	5	5	1	2	4	2	5	5	1	2	2	1	1	1	2	5	5	1	2
254	2	2	33	2	2	0	0	1	1	0	1	0	1	1	3	3	2	1	0	1	0	5	4	5	4	4	2	1	3	3	3	5	3	5	3	5	2	4	1	2	4	4	4	4	3	3	2	3	3	3	2	3	4	4	4	4	1	2	4	3	2	4	4	4	3	4	5	3	5	5	4	1	3	2	3	2	4	4	4	3	5
259	2	2	32	2	2	0	0	1	1	0	1	0	1	1	4	1	1	1	1	1	1	3	3	4	4	3	3	2	3	3	3	4	4	4	4	5	2	3	3	3	3	2	4	3	3	2	3	3	3	3	2	3	3	3	3	3	3	3	3	3	3	4	4	4	4	4	3	3	4	4	3	3	3	3	3	3	4	4	4	4	4
261	1	2	44	2	2	0	0	1	1	0	0	0	1	0	-999	3	4	1	0	1	0	1	1	1	5	5	1	1	1	1	1	5	5	5	3	5	1	5	1	1	2	1	1	5	5	3	2	2	2	3	1	5	2	4	2	4	1	4	2	2	2	4	4	4	4	4	2	1	2	4	2	2	2	4	4	4	2	2	2	2	2
265	1	2	40	2	1	0	0	0	0	0	0	0	0	0	3	3	2	1	1	1	1	4	5	5	5	3	4	1	1	1	1	5	4	4	4	5	3	3	3	3	3	2	3	4	3	3	2	2	2	3	1	3	3	3	3	3	3	3	3	3	2	3	3	3	3	3	5	5	5	5	5	2	1	1	1	2	5	5	5	4	5
268	2	2	39	2	2	0	0	0	0	0	0	0	0	0	-999	1	4	1	1	1	1	4	3	4	3	3	3	1	3	3	2	4	4	4	3	5	1	3	3	3	3	3	3	3	3	3	3	3	3	3	2	3	3	3	4	3	3	2	2	2	2	3	3	3	3	4	3	3	3	4	3	3	2	2	2	2	3	3	3	3	4
269	2	2	40	2	2	0	0	1	0	0	1	0	0	1	6	1	4	0	0	1	0	5	5	4	4	2	2	1	2	2	2	4	5	4	4	4	1	1	4	2	2	2	1	2	2	2	4	2	2	2	2	2	5	4	4	4	2	1	2	2	2	2	2	2	2	2	5	4	5	4	4	2	1	2	2	2	4	4	4	4	4
270	2	2	52	3	2	0	0	1	1	0	1	0	1	1	4	2	2	1	1	1	1	5	5	2	2	4	5	2	4	4	2	5	5	5	3	5	1	1	4	4	2	1	4	2	2	4	1	1	1	3	1	3	2	3	5	3	3	3	3	3	3	5	5	5	3	5	3	4	3	5	3	3	3	3	3	3	5	5	5	3	5
275	3	2	28	2	2	0	0	1	1	1	1	1	1	1	5	3	2	1	1	1	1	3	2	5	3	2	4	1	3	3	3	2	3	5	5	2	5	5	5	4	4	1	1	3	3	1	5	5	5	4	5	5	5	5	3	5	1	1	1	2	1	5	4	4	3	5	3	3	5	3	4	4	3	3	3	4	5	4	4	3	5
276	1	2	25	2	1	1	0	1	0	0	1	0	0	1	1	2	2	1	0	1	0	4	4	4	4	4	1	3	3	3	2	4	4	4	4	4	3	2	2	3	4	3	2	3	3	3	3	3	3	2	2	4	4	4	4	5	1	2	2	4	1	4	4	4	4	4	4	4	4	3	5	1	2	3	3	1	4	4	4	3	4
277	2	2	38	2	2	0	1	1	1	0	1	0	1	1	-999	2	2	1	1	1	0	5	4	5	5	4	1	2	2	1	2	5	5	5	5	5	2	3	2	3	2	3	3	3	3	4	2	2	2	2	2	4	5	4	4	4	2	2	2	2	2	4	4	4	4	4	5	4	5	5	5	1	1	1	1	1	5	5	5	5	5
278	1	2	25	2	1	0	0	0	0	0	0	0	0	0	2	3	4	1	0	1	0	5	1	5	5	5	1	1	1	1	1	5	5	5	5	5	1	1	1	2	1	1	5	1	1	2	1	1	1	1	1	5	1	5	5	5	1	1	1	1	1	5	5	5	5	5	5	4	5	5	5	1	1	1	1	1	5	5	5	5	5
279	1	2	48	3	2	0	0	1	1	0	0	0	1	0	4	3	2	1	1	1	0	5	5	3	3	3	5	3	3	3	3	5	5	5	1	3	5	1	5	3	3	1	5	3	3	3	1	1	1	1	3	4	3	4	3	3	1	1	1	1	1	4	4	4	1	1	4	3	4	3	3	1	1	1	1	1	4	4	4	1	1
281	2	2	25	2	1	0	0	1	1	0	1	0	1	1	-999	3	2	1	1	1	1	4	5	5	4	4	4	1	2	2	2	5	5	5	5	5	2	3	2	2	3	2	3	2	2	2	1	1	1	3	1	4	4	4	4	4	2	1	2	2	1	4	4	4	3	4	4	4	4	4	4	2	1	2	4	3	5	3	4	3	4
282	1	2	33	2	1	0	0	1	0	1	0	0	1	0	4	3	1	1	0	1	1	2	4	2	2	3	2	2	2	2	2	4	4	4	1	4	2	4	2	2	3	2	2	2	2	2	3	3	3	1	3	2	3	2	2	3	2	2	2	2	2	4	4	4	1	4	2	3	2	2	3	2	2	2	2	2	4	4	4	1	4
283	2	2	25	2	2	1	0	0	0	0	0	0	0	0	1	2	1	1	0	1	0	5	5	4	5	4	2	1	5	2	1	5	5	4	5	4	3	3	3	4	4	1	2	4	1	1	4	4	4	4	3	4	2	5	5	5	1	1	1	1	1	5	5	5	5	4	5	1	5	5	5	1	1	2	1	1	4	4	4	4	3
284	1	2	16	1	1	1	0	1	0	0	1	1	0	1	1	2	3	0	1	0	0	5	5	3	4	5	1	1	1	1	1	5	4	5	5	5	2	1	2	2	1	2	5	5	5	5	1	1	1	1	1	5	5	5	5	5	1	1	1	1	1	5	5	5	5	5	5	5	5	5	5	1	1	1	1	1	5	5	5	5	5
285	1	2	64	3	2	0	1	1	1	0	0	0	1	0	5	3	3	1	1	1	0	5	5	5	5	5	2	1	1	2	1	5	5	5	3	5	1	1	1	1	1	4	5	5	4	5	1	1	1	3	1	5	5	5	5	5	1	2	1	1	1	5	5	5	3	5	1	1	5	5	5	5	5	1	1	1	5	5	5	3	5
288	3	2	43	2	2	0	0	1	0	0	0	1	0	1	-999	3	2	1	0	0	1	5	5	5	5	5	5	5	5	1	1	5	5	5	5	5	3	3	5	5	3	3	2	3	1	1	3	4	1	2	2	5	5	5	5	5	5	5	5	5	5	5	5	5	5	5	3	3	3	3	3	3	3	3	3	2	3	3	2	3	3
289	1	2	44	2	2	0	0	1	1	0	0	0	1	0	5	3	2	1	0	1	0	5	4	5	5	4	1	1	1	3	3	5	5	5	3	5	1	4	1	1	3	5	5	3	3	3	1	1	1	3	1	4	3	5	5	5	1	1	3	3	3	4	4	4	3	5	5	3	5	5	5	1	1	3	3	3	5	5	5	3	5
291	2	2	45	3	2	0	0	1	1	0	1	0	1	1	-999	3	2	1	0	1	0	3	4	4	3	3	3	3	4	3	3	4	3	5	3	4	3	3	3	3	3	3	3	3	3	3	4	3	2	3	2	2	4	3	3	3	2	3	2	2	2	3	3	3	3	3	4	4	4	4	3	2	3	2	2	2	4	3	4	3	4
293	2	2	22	1	2	0	0	1	0	0	1	0	0	1	2	3	2	1	1	1	1	5	5	5	5	1	2	3	1	1	1	5	5	5	4	5	3	5	3	1	1	3	5	1	1	1	1	1	1	2	1	5	5	3	5	1	5	1	5	5	1	3	3	3	3	3	5	3	5	5	1	3	1	3	3	1	5	5	5	5	5
294	3	2	17	1	1	0	0	1	0	0	0	1	0	1	4	3	3	1	1	1	1	1	4	4	4	1	4	2	4	4	2	2	3	2	2	2	4	2	2	3	4	1	4	3	2	3	4	2	4	3	4	3	3	3	3	3	3	3	3	3	3	3	3	3	3	3	3	3	3	3	3	3	3	3	3	3	3	3	3	3	3
295	3	2	19	1	2	1	0	1	0	1	0	1	1	1	1	3	1	1	0	1	0	4	4	4	3	2	3	1	2	3	3	4	3	5	3	4	3	3	3	3	4	3	1	2	3	2	3	3	4	3	3	4	3	4	4	3	3	3	2	3	3	2	2	3	3	2	2	4	3	3	3	3	3	3	3	3	5	4	4	3	5
296	1	2	20	1	1	1	0	0	0	0	0	0	0	0	-999	3	2	1	1	0	0	3	4	3	3	4	4	1	4	4	3	3	2	3	2	3	3	4	2	3	4	3	1	2	3	3	3	4	3	4	5	3	3	3	3	3	2	2	3	3	3	5	3	4	3	5	3	3	3	3	3	4	2	3	4	3	3	3	3	3	2
298	2	2	66	4	2	0	1	1	1	0	1	0	1	1	-999	3	2	1	0	0	0	5	3	3	3	4	2	1	3	3	2	3	4	4	3	5	2	3	3	3	3	3	3	3	3	2	3	2	2	3	2	3	3	3	3	2	2	2	3	3	2	4	3	3	3	4	3	3	3	3	2	2	2	3	3	2	4	4	3	3	4
300	2	2	45	3	2	0	0	1	0	0	1	0	0	1	6	3	2	1	0	1	0	5	3	5	5	4	2	1	2	2	1	5	5	5	2	5	1	4	1	1	3	5	5	4	5	5	1	1	1	1	1	5	3	4	4	4	2	2	3	3	3	4	4	4	2	4	4	2	5	5	5	1	1	1	2	1	5	5	5	2	5
302	1	2	34	2	2	0	0	1	1	1	1	0	1	1	4	3	1	1	1	1	1	3	3	3	3	3	3	3	3	3	3	5	5	5	3	3	3	3	3	3	3	3	3	3	3	3	1	1	1	3	3	3	3	3	3	3	3	3	3	3	3	3	3	3	3	3	3	3	3	3	3	3	3	3	3	3	3	3	3	3	3
306	1	2	70	4	1	1	0	1	1	0	0	0	1	0	4	3	2	1	0	0	0	5	3	5	5	4	3	3	3	3	3	5	4	4	4	5	3	3	3	3	4	3	3	3	3	3	3	4	4	4	4	5	4	5	4	4	4	3	4	3	3	4	4	4	5	4	5	4	4	5	4	4	3	5	3	3	5	5	5	5	5
307	2	2	64	3	2	0	1	1	1	0	1	0	1	1	5	3	3	1	0	0	0	5	3	5	5	5	1	1	2	2	1	5	5	5	5	5	1	3	1	2	2	3	3	2	3	3	1	1	1	1	1	1	1	1	1	1	1	1	1	1	1	1	1	1	1	1	5	5	5	5	5	5	5	5	5	5	5	5	5	5	5
308	1	2	59	3	1	-999	-999	1	1	0	0	0	1	0	-999	3	3	1	1	1	1	5	4	5	5	3	1	1	1	1	1	5	5	5	5	5	2	4	2	3	3	1	3	1	1	1	3	3	5	5	5	3	5	3	5	5	1	1	1	1	1	4	4	4	3	5	5	5	3	5	5	1	1	1	1	1	4	4	4	3	5
309	3	2	27	2	2	0	0	1	0	0	0	1	0	1	3	2	2	0	1	1	1	5	5	5	5	5	3	5	1	1	4	5	5	5	5	5	1	1	1	1	1	1	1	5	3	3	1	1	1	1	1	3	3	5	5	5	4	3	2	1	1	5	4	4	3	4	3	3	5	5	5	4	3	2	1	1	4	4	4	3	4
311	3	2	45	3	2	0	0	1	1	0	1	1	1	1	5	2	2	1	1	1	1	4	4	4	4	4	2	1	2	1	2	5	4	5	4	4	4	4	4	4	5	2	2	2	1	2	3	5	5	4	4	4	4	4	5	5	4	2	1	1	1	5	5	5	5	5	4	5	4	4	4	5	1	2	3	3	4	3	4	3	3
312	2	2	65	4	2	0	0	1	1	0	0	0	1	0	4	2	1	1	0	0	0	4	3	4	4	3	3	1	2	2	2	5	5	5	4	4	3	3	2	2	3	3	4	4	3	3	1	2	2	2	3	3	3	4	3	3	3	4	3	3	3	2	3	3	3	3	5	3	2	4	3	3	2	2	3	3	5	5	4	4	5
313	3	2	34	2	1	0	0	1	0	0	0	1	0	1	-999	3	2	1	1	1	1	2	4	3	3	2	3	3	3	4	4	2	2	2	1	2	3	3	3	3	4	3	3	3	3	3	4	5	4	4	4	4	4	4	5	5	4	4	2	4	4	4	5	5	4	5	1	2	1	2	2	2	5	4	2	2	2	1	2	2	2
315	2	2	46	3	1	0	0	1	0	0	1	0	0	1	3	3	2	1	1	1	1	5	5	5	5	3	5	3	5	4	3	5	1	5	3	5	1	1	1	1	3	1	3	1	2	3	1	5	1	3	1	5	4	5	5	3	4	3	4	4	3	5	5	5	3	3	4	5	5	5	3	5	5	5	5	3	4	4	5	3	3
316	1	2	23	1	2	0	0	1	1	0	0	0	1	0	3	3	2	1	0	1	0	3	4	4	4	4	2	1	1	1	1	4	4	4	4	4	5	4	4	4	4	2	1	1	1	1	3	4	4	4	3	4	4	4	4	4	1	1	1	1	1	4	4	4	4	4	4	4	4	4	4	1	1	1	1	1	4	4	4	4	4
317	3	2	41	2	2	0	0	1	1	0	0	1	1	1	2	1	2	1	0	1	0	4	5	3	3	4	2	1	2	3	2	4	4	4	3	4	3	4	3	3	4	2	2	2	3	2	2	3	3	3	2	3	4	3	3	4	3	2	2	2	1	4	4	4	4	3	3	4	3	3	4	3	2	2	2	1	4	4	4	4	3
318	1	2	56	3	1	0	0	1	1	0	1	0	1	1	4	1	2	1	0	0	0	4	5	5	4	4	4	2	2	4	3	5	5	5	3	5	4	5	1	1	1	1	5	5	1	1	1	5	3	3	3	5	3	5	5	4	1	3	3	3	1	5	5	5	5	5	5	3	5	5	4	1	3	3	3	1	5	5	5	5	5
320	1	2	46	3	1	0	1	0	0	0	0	0	0	0	1	3	3	1	0	0	0	4	4	5	5	4	2	2	2	1	2	5	5	5	5	5	2	5	2	2	2	4	4	4	5	4	1	1	1	1	1	3	5	3	3	3	3	3	3	3	3	3	3	3	3	2	5	3	5	5	4	3	2	2	2	2	5	5	5	5	5
321	1	2	49	3	1	0	1	0	0	0	0	0	0	0	1	3	2	1	0	0	0	3	4	3	3	3	2	3	3	2	2	3	3	3	3	3	3	4	3	3	3	2	3	3	2	2	3	3	3	3	3	4	3	3	3	3	4	2	2	2	2	4	4	4	4	4	2	3	3	3	3	2	2	2	2	2	2	2	2	2	2
322	1	2	24	1	1	0	0	1	1	0	0	1	1	1	2	1	2	1	0	1	0	5	5	5	3	4	2	1	1	2	1	5	4	4	3	5	3	4	3	2	3	2	2	1	2	2	2	3	3	2	3	4	3	3	3	3	2	2	2	2	1	5	5	5	4	4	4	3	4	4	3	1	2	2	1	1	5	5	5	4	4
323	1	2	19	1	2	1	0	0	0	0	0	0	0	0	1	2	2	1	0	0	0	4	5	3	4	4	3	1	3	1	1	3	4	4	3	5	2	3	3	1	3	3	1	3	1	1	3	3	4	3	3	3	5	3	3	3	3	1	3	1	1	3	3	3	3	3	4	5	3	3	4	3	1	3	1	1	5	3	4	4	5
324	1	2	22	1	2	1	0	0	0	0	0	0	0	0	1	3	3	1	0	0	0	4	2	3	4	4	3	2	3	3	2	5	4	5	3	4	2	4	3	3	4	3	4	3	3	2	1	4	1	3	3	3	3	3	4	3	2	4	3	2	1	5	3	4	3	3	5	2	3	5	3	2	1	3	2	1	5	4	5	3	3
326	1	2	66	4	1	0	1	1	1	0	0	0	1	0	-999	3	4	1	0	1	0	5	4	3	4	3	4	2	3	3	1	5	5	4	3	5	1	2	3	2	3	2	4	3	3	4	1	2	1	3	1	4	4	3	3	3	2	3	3	3	3	4	4	4	3	4	5	2	3	3	3	3	3	3	3	3	5	5	5	3	5
328	1	2	52	3	2	0	0	1	1	1	1	0	1	1	4	3	2	1	1	1	0	5	1	3	1	1	1	1	3	1	1	4	4	4	1	4	2	1	3	1	1	1	3	3	1	1	2	2	2	1	1	1	1	1	1	1	1	1	1	1	1	3	3	3	1	3	1	1	1	1	1	1	1	1	1	1	5	4	4	1	5
330	2	2	48	3	2	0	0	1	1	0	1	0	1	1	3	1	2	1	0	1	0	4	3	3	3	1	1	2	2	2	2	4	3	4	1	4	2	3	3	2	1	1	4	2	2	2	2	2	3	1	2	2	3	3	4	3	2	2	2	2	2	4	4	4	1	4	4	3	4	4	3	2	2	2	2	2	5	4	4	1	5
331	2	2	54	3	2	0	0	1	0	0	1	0	0	1	2	2	3	0	1	0	0	2	4	2	3	3	2	2	4	1	1	3	5	5	3	3	5	3	3	3	4	2	3	2	4	1	4	1	3	3	4	3	2	4	5	5	2	1	1	1	1	5	5	4	3	5	3	5	1	1	1	4	5	5	5	5	2	2	2	3	2
333	1	2	44	2	1	0	0	1	1	0	0	0	1	0	2	3	1	1	1	1	0	5	3	5	5	5	1	1	1	1	1	5	5	5	5	5	1	3	2	2	2	1	2	3	3	4	2	1	2	1	1	2	2	4	4	3	3	3	2	1	1	4	4	4	4	5	5	5	5	5	5	3	3	2	1	1	5	5	5	5	5
336	1	2	21	1	1	1	0	1	1	1	0	1	1	1	1	3	3	0	1	0	0	3	2	3	3	1	2	3	4	4	4	4	5	5	4	5	5	5	3	3	5	5	3	1	2	1	2	2	1	3	1	3	2	2	2	4	2	3	3	3	2	4	4	4	4	4	3	5	4	5	2	4	3	3	5	4	4	5	5	4	5
339	1	2	53	3	1	0	0	1	1	0	0	0	1	0	3	2	2	1	1	1	0	5	4	4	4	5	1	2	3	2	1	5	5	5	4	5	2	1	2	2	1	4	4	3	4	4	1	1	1	1	1	2	3	3	3	3	3	4	5	4	3	3	3	3	3	3	5	5	5	5	5	3	2	3	2	3	5	5	5	5	5
341	1	2	24	1	1	0	0	0	0	0	0	0	0	0	2	2	2	1	1	1	1	5	4	5	5	3	3	1	2	2	2	5	5	5	4	5	3	2	2	2	3	2	1	3	3	3	2	1	1	2	2	5	5	5	5	5	1	1	1	2	1	5	5	5	5	5	4	4	5	5	5	4	1	1	2	1	5	5	5	5	5
342	2	2	39	2	2	0	1	1	0	0	1	0	0	1	2	3	2	1	0	1	1	4	5	3	3	3	3	2	3	3	2	5	4	5	3	4	3	3	3	3	4	2	2	3	3	2	4	4	4	3	3	4	4	3	3	3	2	1	1	1	1	4	4	4	3	4	4	3	3	3	3	1	1	1	1	1	4	4	5	3	5
343	2	2	19	1	2	1	0	1	0	0	0	1	0	1	-999	1	2	0	0	1	0	5	5	5	5	1	2	1	1	1	1	5	5	5	5	5	1	1	1	1	1	1	1	1	1	1	1	1	1	1	1	5	5	5	5	5	1	5	1	1	1	5	5	5	5	5	1	1	1	1	1	1	1	1	1	1	1	1	1	1	1
347	1	2	26	2	1	1	0	0	0	0	0	0	0	0	1	2	2	0	1	1	0	3	3	3	2	3	3	2	1	1	2	3	3	3	3	3	5	3	3	2	2	4	2	1	1	2	3	3	3	3	3	4	3	4	3	4	2	2	2	2	2	3	4	4	1	4	4	3	4	3	4	2	2	2	2	2	3	4	4	1	4
348	2	2	28	2	2	0	0	1	0	0	1	0	0	1	4	3	2	1	1	1	1	4	2	3	4	3	1	1	1	1	1	5	3	4	1	3	2	4	3	3	3	2	1	1	1	1	1	3	2	1	3	3	3	4	3	3	3	1	1	1	1	5	4	4	1	4	3	3	4	3	3	3	1	1	1	1	5	5	5	1	5
349	1	2	37	2	2	1	0	0	0	0	0	0	0	0	1	2	3	0	0	1	0	5	5	5	5	5	2	2	3	2	1	5	4	5	4	5	3	5	3	3	5	2	4	3	2	1	3	4	5	4	3	5	4	5	5	5	2	2	2	2	1	5	5	5	5	5	2	4	4	4	5	4	4	2	2	1	4	5	4	4	4
526	1	2	54	3	1	0	0	1	1	0	0	0	1	0	4	3	1	1	0	0	0	3	3	3	5	3	4	4	3	1	3	4	4	1	3	4	2	2	2	2	1	2	2	2	3	3	1	1	3	3	2	4	3	4	4	3	3	3	3	1	3	4	4	4	3	3	2	1	3	3	3	1	1	4	3	3	3	3	3	3	3
528	1	2	54	3	1	0	0	1	1	0	0	0	1	0	-999	2	4	1	0	0	0	5	5	5	5	4	3	1	1	1	1	5	5	5	5	5	1	1	1	1	2	5	5	5	5	5	1	1	1	1	1	5	3	3	5	5	1	5	3	1	1	3	4	4	4	4	1	5	5	5	5	5	5	3	1	1	5	5	5	4	5
529	3	2	34	2	2	0	0	1	1	0	0	1	1	1	3	3	2	1	1	1	0	5	5	4	4	5	3	2	4	2	2	4	4	4	4	4	1	1	2	2	3	3	3	2	2	2	3	4	3	3	3	4	4	4	4	5	2	2	2	2	2	5	4	4	4	5	3	5	4	4	4	2	2	1	2	1	2	2	3	4	4
536	1	2	42	2	1	0	1	0	0	0	0	0	0	0	1	1	3	1	0	0	0	5	3	5	5	5	1	1	1	1	1	5	5	5	5	5	3	3	1	1	5	3	3	1	1	1	1	1	1	1	1	5	1	5	5	5	1	1	1	1	1	5	5	5	5	5	5	1	5	5	5	1	1	1	1	1	5	5	5	5	5
537	1	2	80	4	1	0	1	0	0	0	0	0	0	0	-999	1	4	1	0	0	0	5	4	5	5	4	2	2	2	2	2	5	5	5	5	5	3	3	3	3	3	3	2	3	2	2	2	3	3	3	4	4	4	4	4	4	2	2	2	2	2	4	4	4	4	4	4	4	4	4	4	2	2	2	2	2	4	4	4	4	4
538	2	2	66	4	2	0	1	1	1	0	1	0	1	1	5	3	2	1	1	1	0	5	5	5	5	5	1	1	1	1	1	5	5	5	5	5	1	1	1	1	1	5	5	5	5	5	1	1	1	1	1	1	3	3	3	4	3	4	3	3	1	3	3	5	4	5	5	3	5	5	4	3	1	3	3	1	5	5	5	4	5
539	3	2	20	1	2	0	0	1	0	0	0	1	0	1	-999	1	1	0	1	1	0	3	5	4	4	4	3	4	4	4	4	2	2	2	2	1	4	4	4	4	4	4	4	2	4	2	4	4	4	4	4	3	4	3	4	4	3	4	4	3	3	2	2	3	2	3	3	3	3	4	4	3	4	4	3	3	2	2	3	2	3
541	3	2	62	3	2	0	1	1	1	0	0	1	1	1	6	1	1	1	1	0	0	4	3	4	4	3	4	2	3	3	4	4	3	4	3	4	2	3	2	2	3	3	4	3	3	3	2	3	2	3	2	4	4	4	4	3	4	4	3	4	2	4	3	4	3	4	2	3	3	4	3	2	2	3	2	2	4	3	4	3	3
542	2	2	43	2	1	0	0	1	0	0	1	0	0	1	-999	2	3	1	0	1	1	5	4	3	5	3	1	1	1	1	1	5	3	5	3	5	3	4	3	3	3	3	4	3	1	1	3	3	3	3	2	4	3	3	3	5	2	1	1	1	1	4	3	5	1	5	5	3	3	3	5	3	1	1	1	1	4	3	5	1	5
543	2	2	29	2	2	0	0	1	1	0	1	0	1	1	-999	1	2	1	1	1	0	5	4	5	4	4	3	1	3	3	1	5	5	4	4	5	2	3	1	1	3	1	3	1	1	4	1	1	1	2	1	3	3	3	4	4	1	3	1	2	1	3	5	5	5	5	3	4	3	4	4	2	3	3	2	1	3	5	5	5	5
544	2	2	25	2	1	1	0	1	0	0	1	0	0	1	1	2	3	1	0	0	0	5	4	4	4	4	2	2	3	3	2	4	4	4	5	5	2	3	2	2	2	4	4	3	3	3	3	2	2	1	1	4	4	4	4	4	2	2	2	2	2	4	4	5	4	4	2	2	2	2	2	4	4	4	3	4	2	2	1	5	5
545	2	2	26	2	2	0	0	1	0	0	1	0	0	1	3	2	4	0	0	1	1	5	2	4	5	2	3	1	3	3	2	5	4	5	3	5	3	2	3	3	3	3	3	3	3	3	1	3	5	3	2	4	5	4	4	3	1	1	2	1	1	5	5	5	3	5	5	5	4	4	3	2	1	2	1	1	5	5	5	3	5
548	3	2	27	2	1	0	0	1	0	0	0	1	0	1	2	2	2	1	1	1	1	4	4	4	4	4	4	2	2	4	2	4	2	3	2	4	2	4	2	2	4	4	4	4	2	2	2	3	2	3	2	4	2	2	4	4	2	2	2	2	2	4	4	4	4	4	4	4	3	4	4	3	2	4	3	3	4	4	4	3	2
552	2	2	29	2	1	0	0	1	0	0	1	0	0	1	2	2	3	1	0	1	1	5	4	4	5	4	3	1	4	3	1	4	4	5	3	5	3	3	4	4	3	2	3	3	3	1	3	2	4	3	4	3	4	5	4	3	4	3	4	3	3	4	4	3	3	4	5	3	4	5	3	3	3	3	3	3	5	4	5	3	5
554	2	2	31	2	1	0	0	1	1	0	1	0	1	1	3	3	4	1	1	1	0	5	5	5	5	5	1	1	1	5	1	5	5	5	5	5	1	3	1	1	1	3	5	5	1	5	1	1	1	1	1	3	3	3	3	3	3	3	3	3	3	3	3	3	3	3	3	3	3	3	3	3	3	3	3	3	3	3	3	3	3
555	2	2	28	2	2	0	0	1	1	0	1	0	1	1	3	3	3	1	0	0	0	5	5	1	1	5	1	1	1	1	1	1	5	1	1	1	1	1	1	5	1	5	5	5	1	1	5	1	1	1	1	5	1	5	5	5	1	1	1	1	1	5	5	5	5	5	5	1	5	5	5	1	1	1	1	1	5	5	5	5	5
560	1	2	21	1	2	0	0	0	0	0	0	0	0	0	-999	3	2	0	1	0	0	5	4	4	4	3	3	1	3	1	1	5	5	5	3	5	3	2	3	3	3	3	3	3	1	2	3	3	3	3	3	4	4	4	4	3	2	1	3	2	1	3	5	4	3	5	5	4	4	4	3	3	1	3	2	1	3	5	4	3	5
561	1	2	33	2	2	0	1	1	1	0	0	0	1	0	-999	3	4	1	1	1	0	5	5	4	4	4	1	1	2	1	1	5	5	5	4	5	1	3	3	2	2	2	4	3	3	4	2	2	2	2	2	5	5	4	4	4	1	1	2	2	2	5	4	4	5	5	5	5	4	4	4	1	1	2	2	2	5	4	4	5	5
562	3	2	20	1	2	0	0	1	0	0	1	1	0	1	2	3	1	1	1	1	1	5	5	5	3	3	1	2	1	3	3	5	5	5	3	5	1	5	5	3	2	5	2	5	3	3	3	3	3	3	3	3	3	4	4	5	3	3	2	2	2	4	4	4	3	3	5	4	4	4	5	3	3	2	2	2	4	4	4	3	3
563	1	2	43	2	2	0	1	1	0	0	1	0	0	1	2	3	4	1	0	1	0	5	5	4	4	4	1	1	2	2	2	5	5	5	5	5	2	3	2	2	2	3	3	4	4	4	3	3	3	4	3	1	2	2	2	2	4	4	4	4	4	2	2	2	2	2	5	5	4	4	4	1	1	1	1	1	5	5	5	5	5
564	1	2	21	1	2	0	0	1	1	0	0	0	1	0	2	3	1	0	0	1	0	4	3	3	3	3	1	3	1	1	1	3	4	3	3	3	3	2	3	3	3	1	3	1	1	1	3	4	3	3	3	2	3	4	3	3	1	3	3	1	1	3	3	3	3	3	4	3	3	4	3	1	3	3	1	1	3	3	3	2	3
567	1	2	24	1	1	0	1	1	0	0	0	1	0	1	1	3	2	1	0	0	0	3	4	3	3	3	4	2	3	3	3	4	3	4	1	4	3	3	2	3	4	3	3	3	3	3	4	3	4	1	3	3	4	1	3	3	3	1	1	2	1	4	3	3	1	4	3	3	1	3	3	4	1	1	4	1	2	3	3	1	2
569	3	2	44	2	2	0	0	1	0	0	0	1	0	1	3	3	2	1	0	0	1	2	4	3	3	4	4	3	4	5	4	4	3	3	4	1	4	3	3	3	1	1	3	1	1	1	1	3	3	4	5	4	4	5	5	5	1	1	1	1	1	5	5	5	4	5	2	5	3	2	3	4	2	4	3	3	2	3	4	3	3
570	2	2	47	3	2	0	0	1	0	0	1	0	0	1	-999	3	4	1	1	1	1	5	3	3	4	3	2	1	3	3	2	4	4	4	3	3	2	3	3	2	3	3	3	3	3	3	2	2	2	3	3	3	3	3	3	3	3	3	3	3	3	4	4	4	4	4	3	3	3	3	3	3	3	3	3	3	3	3	3	3	3
571	3	2	27	2	1	0	0	1	0	0	0	1	0	1	-999	3	2	1	1	1	0	4	3	3	3	3	2	1	1	3	2	5	2	2	1	5	3	3	2	2	3	3	4	1	3	2	1	2	2	1	2	4	3	3	3	3	1	1	1	1	1	5	4	4	1	4	4	3	3	3	3	1	1	1	1	1	5	4	4	1	4
572	1	2	45	3	1	0	0	1	1	0	0	0	1	0	-999	2	1	1	1	1	0	5	5	4	4	3	1	1	2	2	2	5	5	5	3	5	1	5	2	3	3	1	4	2	2	2	1	1	1	3	2	4	4	4	3	4	3	2	3	2	2	5	5	5	4	5	4	4	4	4	4	3	2	3	2	2	5	5	5	4	5
573	1	2	29	2	1	0	0	1	1	0	0	0	1	0	-999	3	2	1	0	1	1	5	5	5	5	5	5	5	5	5	5	5	5	5	5	5	3	3	3	3	2	2	3	2	2	2	1	2	1	2	1	3	3	3	3	3	1	3	3	1	1	3	3	3	3	3	5	5	5	5	5	5	1	1	5	1	5	5	5	5	5
574	1	2	55	3	1	0	0	0	0	0	0	0	0	0	-999	3	1	1	1	1	1	4	4	5	5	5	5	5	2	2	2	5	4	5	5	4	2	1	3	3	3	1	3	3	3	3	3	3	3	3	2	4	4	4	4	4	2	2	2	2	2	5	5	4	4	4	4	4	4	4	4	2	2	2	2	2	5	5	4	4	4
576	1	2	39	2	1	0	0	1	1	0	1	0	1	1	-999	3	3	1	0	1	0	4	2	4	4	2	2	2	2	2	2	4	4	4	3	4	2	4	2	2	4	4	4	4	4	3	2	1	2	3	2	4	4	4	4	4	2	2	2	2	2	4	4	4	3	4	2	2	3	3	3	4	3	3	4	3	3	3	3	3	2
579	1	2	66	4	1	0	0	1	1	0	0	0	1	0	4	2	3	0	0	1	0	5	4	4	4	5	1	1	2	1	3	5	5	5	4	5	1	3	1	2	2	1	4	3	3	3	1	1	2	2	1	4	4	4	4	4	1	3	2	1	1	4	4	4	4	4	5	5	5	5	5	1	3	1	1	1	5	5	4	4	5
581	2	2	66	4	2	0	0	1	1	0	1	0	1	1	-999	3	3	1	0	1	0	3	5	3	3	3	1	5	1	1	1	5	3	3	3	3	3	5	3	3	3	1	5	1	1	1	1	3	3	3	3	3	5	3	1	3	1	3	1	1	1	3	3	3	3	3	3	5	3	1	3	1	3	1	1	1	3	3	3	3	3
582	1	2	37	2	1	0	0	1	1	0	1	0	1	1	3	2	3	0	1	1	0	5	4	4	4	4	3	1	3	3	2	4	4	4	4	4	2	3	3	3	3	3	3	3	3	3	3	3	3	2	3	4	3	3	3	3	4	3	1	1	1	4	4	3	1	4	2	3	3	4	3	3	3	1	1	1	5	5	5	1	5
583	3	2	20	1	2	0	0	1	0	0	0	1	0	1	-999	3	3	0	0	1	1	5	3	3	4	3	5	1	3	2	4	4	4	4	3	4	3	5	3	2	3	3	2	4	3	3	2	3	3	3	2	3	5	4	3	3	3	2	2	2	2	5	4	3	3	5	4	3	4	3	3	5	2	5	4	4	3	3	3	3	4
584	2	2	31	2	2	0	0	1	1	0	1	0	1	1	-999	3	3	1	1	1	1	3	4	3	3	4	2	3	3	3	3	4	4	4	1	4	3	4	3	3	3	3	3	3	3	3	2	2	2	1	2	3	4	3	3	4	3	3	3	3	3	4	4	4	1	4	3	4	3	3	4	3	3	3	3	3	4	4	4	1	4
585	2	2	28	2	1	0	0	1	0	0	1	0	0	1	-999	3	2	1	0	1	0	4	4	3	4	3	1	2	1	3	2	4	5	5	4	4	2	3	3	3	3	3	3	3	3	2	3	3	5	4	3	2	1	3	3	5	1	2	3	3	3	4	3	4	2	3	4	3	3	3	3	3	3	3	3	2	4	4	4	4	4
587	1	2	42	2	2	0	0	1	1	0	0	0	1	0	-999	3	3	1	0	0	0	5	4	4	4	4	2	2	1	2	2	4	4	4	4	5	3	3	3	3	3	2	2	1	2	2	3	3	3	3	2	5	4	5	3	5	2	2	1	1	1	5	5	5	4	5	4	4	4	3	4	2	2	1	1	1	4	4	4	4	4
593	2	2	28	2	2	0	0	1	0	1	1	0	1	1	4	1	2	1	1	1	1	3	1	3	3	1	1	3	5	5	3	3	2	3	3	3	4	5	3	3	5	5	3	1	3	3	5	5	5	5	5	1	1	1	5	5	1	5	5	5	5	1	1	1	1	1	5	5	5	1	1	5	1	1	1	1	5	5	5	5	5
594	2	2	34	2	2	0	0	1	0	1	1	0	1	1	2	3	2	0	0	1	0	3	3	4	4	4	3	1	2	1	1	5	4	4	4	3	5	5	4	4	5	5	1	1	1	1	4	5	5	5	5	3	5	3	3	4	1	1	1	1	3	4	5	5	4	4	4	4	3	3	5	2	1	1	1	3	4	5	5	5	5
595	1	2	25	2	1	0	0	1	1	0	0	0	1	0	3	2	2	1	1	1	0	5	2	5	5	2	3	1	3	4	3	5	5	5	5	5	2	4	1	2	3	4	4	3	3	3	1	2	1	1	1	4	2	4	4	5	2	3	3	3	3	4	4	4	4	4	5	4	5	5	5	4	3	4	5	3	5	5	5	5	5
596	2	2	29	2	1	0	0	1	0	0	1	0	0	1	2	3	2	1	1	1	1	5	2	5	5	4	3	1	2	3	4	4	3	5	4	4	3	3	2	2	4	3	5	2	3	3	2	3	5	3	3	4	4	5	5	5	5	1	2	2	2	4	5	5	5	5	3	2	5	5	5	2	1	2	4	5	4	5	5	5	5
597	3	2	19	1	2	1	0	1	0	0	0	1	0	1	2	3	4	1	0	0	1	4	5	4	4	4	2	2	3	2	2	4	3	4	3	4	4	4	3	3	4	2	2	3	2	3	4	4	4	3	3	3	4	3	3	4	3	3	3	2	2	3	4	4	3	4	4	5	4	3	3	3	3	4	2	2	4	5	4	4	5
598	2	2	22	1	2	1	0	1	1	0	1	0	1	1	1	3	2	1	1	0	0	4	3	4	4	5	4	2	4	3	1	4	4	4	3	4	3	3	2	3	5	2	3	2	3	1	3	4	4	3	4	4	4	4	4	4	4	1	3	2	2	4	4	4	3	4	5	4	4	4	4	3	1	3	2	2	5	4	5	3	5
599	1	2	18	1	1	1	0	1	0	0	1	0	0	1	1	3	3	1	0	1	0	5	4	4	4	3	2	1	1	1	1	4	4	4	3	4	2	3	2	1	3	3	4	2	3	3	4	4	4	3	2	4	4	4	4	4	2	1	1	1	1	4	4	4	3	4	4	3	5	4	4	2	1	1	1	1	4	4	4	3	5
600	1	2	19	1	1	1	0	0	0	0	0	0	0	0	1	3	2	1	1	1	1	5	3	4	4	4	3	2	2	2	2	3	4	5	4	5	3	3	3	3	3	4	3	2	2	2	3	4	4	3	3	3	3	4	4	5	3	3	2	3	2	4	5	5	4	5	4	4	4	4	4	4	3	4	4	3	4	4	4	4	4
601	1	2	19	1	1	1	0	0	0	0	0	0	0	0	1	3	3	1	0	0	0	5	4	4	3	4	4	1	1	1	1	5	5	5	4	4	2	1	1	1	2	1	5	3	3	3	1	2	2	1	1	1	3	2	2	3	3	1	1	1	1	3	3	3	3	3	5	5	3	3	4	3	1	1	1	1	5	5	5	4	4
602	2	2	24	1	1	1	0	1	0	0	1	0	0	1	1	3	2	1	1	1	1	4	4	4	4	4	2	2	1	1	1	4	5	5	5	5	3	3	3	4	4	2	3	1	1	1	2	4	5	5	2	4	4	4	4	5	1	1	2	1	1	5	4	5	3	5	4	5	4	4	4	1	1	2	2	1	5	4	5	3	4
603	1	2	41	2	1	1	0	0	0	0	0	0	0	0	4	2	4	1	0	0	0	5	5	5	5	5	1	1	1	1	1	5	5	5	5	5	1	2	2	2	2	2	3	2	2	2	1	1	1	2	1	4	4	4	4	5	1	1	1	1	2	4	4	4	4	4	5	5	5	5	5	1	1	1	1	1	5	5	5	5	5
606	2	2	43	2	2	0	1	1	0	0	1	0	0	1	1	3	4	1	1	1	1	5	3	5	5	3	1	1	1	1	1	5	5	5	1	5	1	3	1	1	3	1	5	1	1	1	1	5	5	1	5	5	5	2	5	3	1	1	1	1	1	5	5	5	2	3	5	5	2	5	3	1	1	1	1	1	5	5	5	2	3
608	2	2	64	3	2	0	1	1	1	0	1	0	1	1	2	3	3	1	1	0	0	5	5	3	4	3	2	1	1	1	1	5	5	5	3	5	3	5	3	3	3	1	1	1	1	1	3	3	4	3	2	3	5	2	2	1	1	1	1	1	1	3	3	4	3	3	4	5	3	4	1	1	1	1	1	1	5	5	5	3	5
609	1	2	65	4	2	0	1	1	1	0	0	0	1	0	-999	3	2	1	0	0	0	5	5	5	5	5	1	1	1	1	1	5	5	5	3	5	1	1	2	1	1	1	5	5	3	5	1	1	1	3	1	1	1	1	1	3	3	5	3	3	3	1	1	1	3	1	5	5	5	5	3	3	1	3	3	3	5	5	5	3	5
613	1	2	77	4	1	0	1	1	1	0	0	0	1	0	5	3	3	1	0	0	0	5	1	5	5	3	1	1	1	1	1	5	5	5	3	5	1	5	1	1	3	5	5	1	1	1	1	2	4	3	4	5	5	5	5	5	1	1	1	1	1	5	5	5	3	5	4	5	4	4	4	1	1	1	1	1	5	5	5	3	5
614	1	2	61	3	2	-999	-999	0	0	0	0	0	0	0	-999	3	2	1	0	1	0	4	4	5	5	5	3	1	1	1	1	5	5	5	3	4	2	1	1	1	1	2	4	5	5	5	1	1	1	3	2	1	2	2	4	2	2	4	4	2	4	2	2	2	3	2	5	4	4	4	4	4	2	2	1	2	4	4	4	3	5
619	3	2	23	1	2	0	0	1	0	0	1	1	0	1	4	3	1	1	1	1	1	5	3	5	5	3	3	1	1	1	1	5	3	5	2	5	1	4	3	1	3	3	5	1	1	5	1	3	2	2	3	3	5	3	3	3	3	1	3	2	1	3	3	5	2	5	3	4	5	3	3	3	1	1	2	1	3	3	5	2	5
620	2	2	24	1	2	0	0	1	0	0	1	0	0	1	-999	3	3	1	0	1	1	5	5	4	4	4	4	1	3	3	1	5	3	5	3	5	3	5	4	3	3	2	3	2	3	1	3	3	4	3	3	4	5	4	3	3	4	4	4	3	2	3	4	4	3	3	5	4	5	5	3	2	5	3	1	1	3	5	5	3	5
621	3	2	26	2	2	0	0	1	0	0	0	1	0	1	2	3	2	1	0	1	1	5	4	4	4	3	1	1	1	1	1	5	5	5	3	4	3	4	3	4	3	1	1	1	1	1	5	5	5	3	2	4	4	4	4	5	1	1	1	1	1	4	4	5	5	4	5	5	5	5	4	2	1	1	1	1	5	5	5	4	5
622	2	2	33	2	2	0	0	1	0	0	1	0	0	1	5	2	2	1	0	1	0	5	5	4	5	3	3	1	1	1	1	5	5	5	3	5	2	3	1	1	3	3	3	4	3	2	1	2	1	3	1	4	4	4	4	4	3	1	1	1	1	5	5	5	3	4	5	4	5	5	5	3	1	1	1	1	5	5	5	3	5
626	3	2	41	2	2	0	0	1	0	0	0	1	0	1	4	3	3	1	0	0	1	4	3	3	3	2	4	2	4	3	3	2	2	2	2	2	3	3	3	3	4	2	4	2	3	3	4	4	4	4	4	3	2	3	3	4	2	3	2	2	3	4	4	4	4	4	3	4	3	3	2	4	3	4	4	3	2	2	2	2	2
629	3	2	46	3	2	0	0	1	1	1	1	1	1	1	4	1	2	0	1	1	0	5	4	5	5	3	1	1	1	2	1	4	4	5	3	5	2	4	2	3	3	1	1	3	3	1	4	3	4	3	2	3	4	3	3	3	1	2	2	1	2	4	3	4	3	4	5	4	3	4	5	1	2	2	1	2	5	4	4	3	5
640	3	2	34	2	1	0	0	1	0	0	0	1	0	1	4	3	2	1	0	1	0	3	5	3	3	3	4	3	3	3	1	4	2	4	2	4	3	4	3	3	4	3	3	2	2	1	3	4	4	2	4	3	4	3	3	3	2	2	2	2	2	4	4	4	3	4	3	4	3	3	3	3	2	2	2	2	5	4	4	3	4
643	3	2	40	2	1	0	0	1	1	0	1	1	1	1	4	2	2	0	1	0	1	5	4	4	4	4	1	5	3	3	1	3	5	5	5	5	5	3	4	3	4	1	5	3	3	3	4	4	5	3	3	3	4	4	4	5	3	3	3	3	3	4	3	3	3	4	5	4	4	4	5	3	3	3	3	3	5	5	5	4	5
644	2	2	41	2	1	0	0	1	1	0	1	0	1	1	-999	3	2	1	1	1	0	4	3	1	3	3	3	1	1	3	3	3	4	4	3	3	3	3	1	3	3	3	1	1	3	3	3	4	4	3	3	3	3	3	3	3	3	3	3	3	3	3	3	4	3	3	3	3	3	3	3	3	3	3	3	3	3	3	4	3	3
646	1	2	26	2	2	0	0	1	1	1	1	0	1	1	4	2	2	1	0	0	0	5	4	4	4	3	1	1	2	1	3	5	4	5	3	5	3	4	3	3	3	1	3	3	1	3	3	3	3	3	3	4	3	4	4	3	3	3	3	3	3	4	3	5	3	4	5	3	5	5	3	3	3	3	3	3	5	3	5	3	4
647	1	2	27	2	2	0	0	1	1	0	0	0	1	0	4	3	2	0	0	1	1	4	2	3	3	3	1	2	2	2	2	4	3	4	3	4	3	2	3	3	3	1	2	2	2	2	3	3	4	3	3	3	2	3	3	3	2	2	2	2	2	3	3	3	3	3	4	2	3	3	3	2	2	2	2	2	4	4	3	3	4
648	2	2	33	2	2	0	0	1	0	0	1	0	0	1	4	3	2	1	1	1	1	5	4	4	4	4	2	2	2	3	2	5	5	5	4	5	2	3	3	3	3	3	4	3	3	3	1	1	1	3	1	4	2	3	4	3	2	1	1	1	1	4	4	4	4	4	5	5	5	5	4	2	1	1	1	1	5	5	5	5	5
649	1	2	34	2	2	0	0	1	1	0	0	0	1	0	5	3	2	1	1	1	1	1	3	5	5	3	1	1	1	3	3	5	5	5	3	5	5	3	1	1	3	3	5	1	3	3	1	1	1	3	1	5	2	5	5	4	2	1	3	1	2	5	5	5	5	5	4	2	5	5	4	2	1	3	1	2	5	5	5	5	5
652	3	2	55	3	2	0	0	1	1	0	1	1	1	1	4	3	2	1	1	1	1	4	4	3	4	4	3	1	2	3	1	3	3	4	4	3	3	2	2	2	1	2	1	1	2	1	4	1	1	1	3	3	1	4	3	2	1	1	1	1	1	4	4	4	4	3	4	2	4	3	4	2	1	1	1	1	4	4	4	4	3
653	3	2	32	2	1	0	0	1	0	0	0	1	0	1	2	3	2	1	1	1	1	4	4	5	5	5	1	1	1	1	1	5	5	5	5	5	1	1	1	1	1	4	5	5	5	5	1	1	1	1	1	1	1	1	1	1	5	1	1	5	5	1	1	1	1	1	5	5	5	5	5	1	5	5	1	1	5	5	5	5	5
659	2	2	22	1	2	0	0	1	0	0	1	0	0	1	-999	3	1	1	0	1	1	4	4	3	3	4	2	2	3	3	3	4	4	4	3	4	3	3	3	3	3	2	4	3	3	3	3	3	3	3	3	4	4	3	3	3	4	3	3	3	3	3	3	3	3	3	4	4	3	3	3	4	3	3	3	3	3	3	3	3	3
660	2	2	25	2	2	0	0	1	1	0	0	0	1	0	-999	3	1	1	1	1	0	4	3	3	3	3	3	3	1	3	1	3	3	3	3	3	3	3	3	3	3	3	3	1	3	1	3	3	3	3	4	3	3	3	3	3	1	1	1	1	1	3	3	5	3	3	3	3	3	3	3	1	1	1	1	1	3	4	5	3	4
662	3	2	29	2	2	0	0	1	0	0	0	1	0	1	2	1	2	0	0	1	0	4	4	3	4	3	2	2	1	1	1	5	5	5	4	2	2	2	3	3	4	1	2	1	1	1	5	5	5	5	5	3	4	4	4	3	1	1	3	1	1	4	4	4	4	5	3	4	3	3	3	1	1	2	1	1	3	4	4	4	5
663	1	2	30	2	2	0	0	0	0	0	0	0	0	0	2	3	1	1	0	1	1	4	3	4	2	2	2	1	1	2	2	5	5	5	3	4	3	1	3	2	2	2	3	1	2	2	4	5	5	3	4	4	1	1	3	1	2	1	1	1	1	4	4	4	4	5	4	1	1	3	1	1	1	1	1	1	4	4	4	4	5
664	3	2	30	2	2	0	0	1	1	0	1	1	1	1	2	3	2	1	1	1	1	5	5	5	4	4	2	1	1	3	1	2	5	3	4	5	1	1	1	1	3	5	5	3	3	5	3	2	2	2	1	4	4	4	4	4	3	2	2	1	2	4	4	5	4	5	5	4	4	5	4	3	2	2	2	2	4	4	5	4	5
665	3	2	30	2	2	0	0	1	1	0	0	1	1	1	-999	2	2	0	0	1	0	5	5	4	5	4	3	1	4	3	4	4	4	5	3	5	1	4	2	2	3	3	4	4	3	3	2	4	1	3	3	3	4	3	4	4	4	2	4	4	4	2	2	4	3	3	4	2	3	4	4	2	2	2	3	2	4	5	4	3	3
666	1	2	32	2	2	0	0	0	0	0	0	0	0	0	-999	3	2	0	0	1	0	5	5	4	4	3	3	2	1	1	1	4	4	4	1	4	2	4	2	2	2	3	3	1	1	1	2	2	2	1	2	4	4	4	4	4	1	1	1	1	1	2	4	4	2	4	4	4	4	4	4	1	1	1	1	1	2	4	4	2	4
671	2	2	31	2	1	0	0	1	0	0	1	0	0	1	3	3	2	1	0	1	1	5	3	5	5	3	1	1	1	1	1	4	5	5	3	5	1	3	1	1	3	5	1	5	5	5	1	1	1	3	1	5	3	5	5	5	1	1	1	5	1	5	5	5	4	5	5	3	5	5	4	1	1	1	4	1	4	5	5	4	4
672	1	2	16	1	2	1	0	1	0	0	1	1	0	1	1	1	4	0	0	1	0	4	5	3	3	4	4	3	3	3	4	4	3	4	5	4	2	2	2	3	3	2	3	3	3	3	3	3	3	4	3	3	4	3	3	4	3	3	3	3	3	3	3	4	3	4	3	3	3	3	3	4	3	3	3	3	3	3	3	3	4
676	1	2	19	1	2	1	0	1	1	0	0	0	1	0	-999	2	3	1	0	1	0	4	3	3	4	4	1	1	1	1	1	5	4	4	4	5	2	2	3	3	3	2	3	2	1	1	3	3	3	3	2	4	2	3	4	4	1	1	1	1	1	4	4	4	4	4	3	2	3	4	3	1	1	1	1	1	5	5	5	5	5
678	2	2	20	1	2	1	0	1	0	0	1	1	0	1	-999	2	4	0	1	0	0	3	4	2	4	4	2	3	4	3	4	5	4	4	4	4	4	3	4	2	3	4	2	3	5	3	3	3	3	5	3	3	3	2	2	1	4	4	4	4	2	3	3	2	3	2	4	5	3	4	4	3	5	3	2	4	5	4	5	3	5
680	1	2	23	1	2	1	0	1	1	0	1	0	1	1	3	2	1	0	0	1	1	4	4	3	4	4	3	2	2	3	2	5	5	5	3	5	1	4	3	1	3	1	4	4	3	5	1	4	3	3	1	4	3	3	4	4	1	1	3	1	1	5	5	5	4	4	4	3	3	4	4	1	1	3	1	1	5	5	5	4	4
681	1	2	26	2	2	1	0	0	0	0	0	0	0	0	1	3	4	1	0	0	1	5	3	3	3	2	2	1	2	1	2	4	4	3	1	4	3	2	2	1	3	3	2	3	1	2	3	3	3	1	3	4	2	3	3	3	2	1	2	2	2	4	4	3	1	4	5	2	4	4	3	2	1	1	1	2	4	5	4	1	5
682	1	2	29	2	2	1	0	0	0	0	0	0	0	0	3	3	2	0	0	1	0	4	5	3	4	4	2	5	2	1	2	4	4	4	3	4	1	3	3	2	2	3	1	5	1	1	2	4	4	2	3	4	4	5	4	4	3	2	1	2	3	4	4	4	4	4	3	5	5	4	5	3	2	1	2	2	4	4	5	3	5
683	2	2	42	2	2	1	0	1	0	0	1	0	0	1	1	3	3	1	1	1	1	2	5	3	2	2	4	4	4	3	3	1	2	2	2	1	5	3	5	5	5	1	1	1	1	1	5	5	5	5	5	4	3	5	4	5	1	1	1	1	1	5	5	5	4	5	3	5	3	3	3	4	3	3	4	3	3	3	3	3	3
686	1	2	22	1	1	1	0	1	1	0	0	0	1	0	1	3	4	1	1	1	0	4	2	4	4	4	3	2	2	2	3	4	5	5	4	5	3	4	3	3	3	3	3	3	3	3	3	3	3	3	3	4	3	4	4	4	2	2	3	3	2	4	4	4	5	4	4	3	4	4	4	2	2	3	3	2	3	4	4	4	4
687	2	2	51	3	2	0	1	1	1	0	1	0	1	1	3	3	3	1	0	0	0	5	5	5	5	5	1	1	1	1	1	5	5	5	2	5	4	4	1	1	3	3	5	4	3	3	3	1	1	1	1	4	5	4	4	5	1	1	1	1	1	4	4	4	2	4	5	5	5	5	5	1	1	1	1	1	5	5	5	2	5
692	1	2	83	4	2	0	1	0	0	0	0	0	0	0	5	3	3	1	0	0	0	5	5	5	5	5	1	1	1	1	1	5	5	5	5	5	2	2	2	3	1	1	1	2	2	2	2	2	2	2	2	4	4	4	4	4	1	2	2	2	1	2	4	4	4	2	5	5	5	5	5	1	1	1	1	2	5	5	5	5	5
695	1	2	31	2	1	-999	-999	0	0	0	0	0	0	0	-999	3	3	0	1	1	1	5	5	4	4	4	1	1	1	1	1	5	5	5	5	5	3	3	4	4	4	1	1	1	1	1	3	3	5	5	5	5	5	5	4	4	1	5	1	1	1	5	5	5	5	5	5	5	5	4	4	1	5	1	1	1	4	5	5	5	5
697	3	2	40	2	1	-999	-999	1	0	0	0	1	0	1	-999	3	2	1	1	1	1	5	5	2	3	4	1	3	4	4	4	2	3	3	3	3	2	5	4	4	5	5	4	3	3	3	1	4	4	2	4	5	4	3	3	3	4	4	3	3	3	3	3	4	3	4	2	5	1	1	5	1	2	5	5	5	1	1	1	1	1
698	3	2	43	2	1	-999	-999	1	0	0	0	1	0	1	-999	2	1	1	0	1	0	4	1	3	3	1	2	1	2	2	1	4	4	4	3	4	3	1	3	3	1	2	1	2	2	1	4	4	4	3	4	3	2	3	2	2	2	1	2	2	2	4	4	5	3	4	3	2	3	2	2	1	1	2	1	2	4	4	5	3	4
699	1	2	45	3	1	-999	-999	1	1	0	0	0	1	0	-999	1	1	1	1	0	0	4	2	4	2	3	1	1	1	2	2	5	4	5	3	4	4	2	3	2	3	1	1	1	2	2	4	4	4	3	4	5	1	4	3	3	2	1	1	1	2	4	4	4	4	4	5	1	4	3	3	2	1	1	1	2	4	4	4	4	4
702	2	2	23	1	2	0	0	1	0	0	1	0	0	1	-999	2	1	1	1	0	0	4	4	4	3	4	4	2	2	1	1	4	4	4	3	4	4	4	4	3	4	4	2	2	1	1	4	4	4	3	4	3	3	3	3	3	1	1	1	1	1	4	4	4	3	4	4	3	3	3	3	1	1	1	1	1	4	4	4	3	4
703	2	2	25	2	2	0	0	1	1	0	1	1	1	1	2	3	2	1	1	1	0	4	4	4	4	3	3	2	2	2	2	4	3	4	4	4	2	2	3	3	3	3	3	2	3	3	3	4	3	3	3	4	4	4	4	4	4	4	2	2	2	4	4	4	4	4	4	4	4	4	4	4	4	2	2	2	4	4	4	4	4
704	1	2	26	2	2	0	0	0	0	0	0	0	0	0	-999	2	2	1	0	0	1	5	5	5	5	3	3	1	3	3	1	5	5	5	3	5	1	1	2	2	3	3	4	3	3	4	1	3	2	3	1	5	3	5	5	3	3	1	1	3	1	5	5	5	3	5	4	3	4	4	3	3	1	1	3	1	4	4	4	3	5
705	2	2	28	2	2	0	0	1	0	0	1	0	0	1	4	3	1	1	1	1	1	5	3	3	4	3	3	1	4	4	1	5	2	5	3	5	2	3	3	2	3	1	4	1	1	3	1	5	3	3	1	3	3	3	5	5	3	2	3	3	1	5	4	5	3	5	5	5	5	5	3	5	2	5	5	3	5	4	5	3	5
707	1	2	31	2	2	0	0	1	1	0	0	0	1	0	-999	3	2	1	0	1	0	4	4	4	4	3	3	3	3	2	3	5	4	4	3	5	3	4	2	3	3	3	4	3	2	2	3	3	3	3	3	5	3	4	4	3	2	2	2	2	2	5	5	5	4	5	4	3	4	3	3	2	2	2	2	2	4	4	4	4	5
708	3	2	32	2	2	0	0	1	0	0	0	1	0	1	3	3	1	1	0	0	0	3	5	5	1	4	4	3	4	5	3	2	3	4	4	4	5	3	3	5	4	5	5	4	3	2	3	4	3	3	3	4	4	5	3	3	2	2	3	2	2	1	4	4	3	3	5	4	4	4	4	3	4	4	4	3	3	2	3	2	3
710	3	2	37	2	2	0	0	1	0	0	0	1	0	1	3	3	2	1	1	1	0	3	2	3	3	4	2	3	2	2	2	5	4	3	3	5	3	5	3	3	4	5	3	5	5	5	2	2	3	3	2	3	3	3	3	3	3	3	3	3	3	5	4	4	2	4	3	3	3	3	3	3	3	3	3	3	5	4	4	2	4
711	3	2	41	2	2	0	0	1	0	0	1	1	0	1	3	3	2	1	0	1	0	5	5	5	5	5	1	1	1	2	2	5	5	5	5	5	3	1	1	2	3	1	1	1	2	3	1	3	3	3	3	5	5	5	5	5	1	1	2	1	1	5	5	5	5	5	4	5	4	5	5	1	1	2	1	1	5	5	5	5	5
713	2	2	43	2	2	0	0	1	1	0	1	0	1	1	4	2	2	1	1	1	1	4	3	4	5	3	1	1	1	1	2	5	5	5	3	5	1	3	2	1	3	1	4	3	3	4	1	1	1	3	1	2	3	3	4	3	1	3	3	1	1	5	5	4	3	4	5	4	5	5	3	1	1	1	1	1	5	5	5	3	5
714	3	2	44	2	2	0	0	1	1	0	0	1	1	1	4	2	2	1	0	1	0	5	5	5	5	5	1	1	1	1	1	5	5	5	5	5	3	1	5	5	5	1	1	1	1	1	3	5	5	1	5	5	5	3	5	5	1	1	1	1	1	1	5	5	5	4	5	1	5	5	5	1	1	1	1	1	5	5	5	5	5
716	2	2	51	3	2	0	0	1	0	0	1	0	0	1	-999	3	3	1	0	1	1	1	1	1	1	1	1	1	1	1	1	1	1	1	3	1	5	5	5	5	5	5	5	5	5	5	5	5	5	3	5	1	1	1	1	1	1	1	1	1	1	1	1	1	3	1	1	1	1	1	1	1	1	1	1	1	1	1	1	3	1
717	2	2	52	3	2	0	0	1	1	0	1	0	1	1	5	3	2	1	1	1	1	4	3	4	4	4	4	3	3	3	2	5	5	5	4	5	3	3	3	2	2	2	3	3	2	3	2	2	2	3	3	4	3	4	4	3	4	3	3	2	2	4	4	4	4	4	5	4	4	4	3	3	3	2	1	1	5	4	4	4	5
720	3	2	23	1	1	0	0	1	0	0	0	1	0	1	4	2	1	0	0	1	1	2	3	3	3	3	3	3	3	2	3	2	2	2	2	2	4	3	3	3	4	3	3	2	3	3	4	5	5	5	5	5	5	3	3	5	5	3	3	3	3	5	5	3	5	5	2	2	3	3	2	2	3	4	3	3	2	2	3	2	2
721	3	2	29	2	1	0	0	1	0	0	0	1	0	1	2	3	3	1	1	1	1	5	4	5	5	4	5	2	5	5	2	3	3	5	3	3	5	5	5	4	4	3	2	3	3	2	5	5	5	5	5	2	5	5	3	3	2	2	3	3	3	3	3	3	2	2	5	5	5	3	3	5	2	3	3	2	3	3	5	5	5
724	2	2	32	2	1	0	0	1	1	0	1	0	1	1	4	1	2	0	0	1	1	3	3	3	3	3	3	3	2	3	3	5	5	5	3	5	3	3	3	3	3	3	3	3	3	3	1	1	1	3	1	3	3	3	3	3	3	3	3	3	3	3	4	4	3	5	3	3	3	3	3	3	3	3	3	3	5	5	5	3	5
725	1	2	33	2	1	0	0	1	1	0	0	0	1	0	4	3	2	1	0	1	0	5	5	5	5	5	2	1	1	5	1	5	5	5	5	5	1	1	1	1	1	4	5	5	2	5	1	1	1	2	1	5	5	5	5	5	5	4	1	4	4	5	5	5	4	4	1	1	5	5	5	1	5	2	5	4	5	5	4	4	5
727	3	2	38	2	1	0	0	1	0	0	0	1	0	1	4	2	2	1	0	1	0	4	2	3	3	2	1	2	2	2	2	4	4	4	3	4	4	2	2	3	2	1	3	2	2	2	4	4	4	3	4	4	2	3	3	3	2	2	2	2	2	4	4	4	3	4	4	2	3	3	2	2	2	2	2	2	4	4	4	3	4
729	2	2	41	2	1	0	0	1	0	0	1	0	0	1	-999	3	3	1	1	1	1	5	5	5	3	4	1	3	2	3	3	5	5	5	3	5	2	1	1	3	2	1	1	1	3	3	2	3	2	3	2	3	3	2	5	4	2	2	3	3	5	3	4	3	3	5	3	3	2	2	3	3	3	3	3	3	3	3	3	3	3
731	3	2	45	3	1	0	0	1	0	0	0	1	0	1	-999	2	2	1	0	1	0	1	5	1	4	1	1	1	1	1	1	5	4	4	3	5	1	4	1	3	1	1	1	1	1	1	1	4	4	3	1	1	4	3	4	1	1	1	1	1	1	4	4	4	3	4	1	5	3	4	1	1	1	1	1	1	5	4	4	3	5
733	1	2	49	3	1	0	0	1	1	0	0	0	1	0	4	3	4	1	1	1	0	5	5	5	5	5	1	1	1	1	1	5	1	5	5	5	1	1	1	1	1	1	5	5	5	5	1	5	1	1	1	1	1	1	1	1	1	5	5	5	5	1	1	1	1	1	5	5	5	5	5	5	1	1	1	1	5	5	5	5	5
735	3	2	57	3	1	0	0	1	1	0	0	1	1	1	-999	2	1	1	0	1	0	3	4	4	3	4	3	3	3	3	3	4	4	4	4	3	3	3	3	3	4	3	3	2	3	3	3	4	3	4	3	3	4	3	3	3	4	3	4	3	3	3	3	3	3	3	4	3	3	3	4	3	4	4	3	3	4	4	4	4	4
738	1	2	31	2	2	0	0	1	0	0	1	0	0	1	5	3	3	1	1	1	0	5	4	5	5	4	3	3	3	3	3	4	4	5	4	5	2	2	2	2	3	3	4	4	3	3	2	2	2	3	2	4	4	4	4	4	3	3	3	2	2	4	4	4	4	4	3	3	3	3	4	3	3	3	2	2	4	4	4	4	3
739	2	2	36	2	2	0	0	1	0	0	1	0	0	1	4	3	3	0	1	1	0	5	4	5	5	4	1	5	3	3	3	5	3	3	4	4	2	3	3	3	3	5	3	3	3	3	3	3	3	3	4	4	3	4	4	4	3	3	3	3	3	4	4	4	4	4	3	5	3	3	3	3	3	3	3	3	2	2	2	2	2
740	3	2	41	2	2	0	0	1	0	0	0	1	0	1	-999	2	1	1	1	0	0	4	4	2	3	3	2	1	1	1	3	4	4	4	3	3	4	4	3	3	3	2	1	2	1	3	4	4	4	3	3	4	1	3	3	3	1	1	2	1	3	4	4	4	3	3	4	1	3	3	3	1	1	2	1	3	4	4	4	3	3
742	1	2	50	3	2	0	0	1	1	0	0	0	1	0	4	3	2	1	1	0	0	4	4	3	4	3	3	2	2	3	2	4	4	4	3	4	3	3	3	3	3	3	3	3	3	3	2	2	2	3	2	3	3	3	4	3	3	3	3	2	2	4	4	4	3	4	3	3	3	4	3	3	3	3	2	2	4	4	4	3	4
745	1	2	29	2	1	0	0	0	0	0	0	0	0	0	-999	2	2	1	1	1	0	5	1	4	4	4	1	2	2	2	1	5	5	4	4	4	4	1	2	2	3	1	2	2	2	1	4	4	4	3	4	5	1	4	3	3	1	2	1	1	1	4	4	4	3	4	5	1	4	3	3	1	2	1	1	1	4	4	4	3	4
746	3	2	34	2	1	0	0	1	1	0	0	1	1	1	2	3	2	1	0	1	0	5	3	5	5	3	2	1	3	1	1	5	5	5	3	5	1	3	1	1	3	5	5	4	3	5	1	1	1	3	1	1	3	4	4	3	3	3	1	1	1	5	3	5	5	3	5	5	5	5	3	3	3	1	1	1	5	5	5	5	5
748	1	2	35	2	2	0	0	0	0	0	0	0	0	0	3	3	1	1	1	1	1	5	3	4	4	3	3	1	2	2	3	3	3	4	3	4	3	3	3	3	3	3	1	3	3	3	3	5	4	3	4	4	4	3	3	3	2	1	2	2	2	2	3	4	3	3	3	4	3	3	3	2	1	2	2	2	2	3	4	3	3
749	2	2	30	2	2	0	0	1	0	0	1	0	0	1	2	2	2	1	1	1	1	4	3	5	5	3	1	1	2	3	1	4	4	4	3	5	1	3	1	1	3	4	5	5	4	4	1	1	1	3	1	4	4	4	5	3	2	2	2	1	1	5	4	4	3	4	5	4	4	5	3	1	1	1	1	1	5	4	4	3	5
750	1	2	47	3	1	0	0	1	1	0	0	0	1	0	5	3	3	0	0	1	0	5	1	5	5	5	1	1	1	1	1	5	5	5	4	5	1	1	1	2	5	4	4	2	2	2	1	1	1	2	2	5	4	4	4	4	1	1	2	2	1	4	4	4	4	4	4	5	4	4	4	1	1	2	2	1	4	4	4	4	4
751	1	2	49	3	2	0	0	1	1	0	0	0	1	0	-999	3	2	1	0	1	0	3	3	2	2	3	2	1	1	1	1	5	2	5	3	5	3	3	4	4	3	4	5	4	4	5	1	4	1	3	1	4	4	4	4	4	1	1	2	1	1	4	4	5	5	4	4	4	4	4	4	1	1	2	1	1	5	5	5	5	5
760	1	2	58	3	1	0	0	0	0	0	0	0	0	0	1	3	2	1	0	0	1	5	4	5	5	5	2	1	1	1	1	5	5	5	5	5	2	3	1	3	1	3	3	3	3	3	1	1	1	1	1	5	1	5	5	5	1	2	2	2	2	5	3	5	5	5	3	4	2	4	3	2	2	2	2	3	3	5	3	3	3
763	1	2	48	3	1	0	0	1	0	1	0	0	1	0	4	3	2	1	0	0	0	5	5	5	5	4	1	1	1	1	1	5	5	5	4	5	1	1	1	1	2	5	5	5	5	5	1	1	1	2	1	2	2	4	4	4	4	3	2	2	2	4	4	4	4	4	5	5	5	5	5	1	1	1	1	1	5	5	5	5	5
766	2	2	26	2	1	0	0	1	0	0	1	0	0	1	3	3	1	1	0	1	0	4	4	4	4	4	4	2	5	4	4	4	4	4	4	4	2	4	2	3	3	2	4	2	2	4	3	4	4	4	4	4	4	4	4	4	5	2	4	4	4	4	3	4	4	3	4	4	4	4	4	4	2	3	3	3	4	4	4	4	4
768	2	2	33	2	2	0	0	1	0	0	1	0	0	1	5	3	2	1	1	1	1	4	4	4	4	4	4	4	2	2	4	5	5	5	4	5	2	2	2	2	3	2	2	4	4	2	1	1	1	3	1	3	3	3	3	3	3	4	4	4	4	3	3	3	3	3	4	4	4	4	4	4	3	3	3	3	4	4	4	4	4
771	1	2	42	2	1	0	0	1	1	0	0	0	1	0	3	3	3	1	0	1	0	3	5	5	5	3	5	1	1	3	1	5	5	5	4	5	5	1	1	1	3	1	5	5	3	4	1	1	1	2	3	4	4	4	4	4	1	1	1	1	1	4	4	4	4	4	5	4	5	5	4	1	1	1	1	1	5	5	5	5	5
773	2	2	54	3	2	0	0	1	1	0	1	0	1	1	3	3	2	1	1	1	1	5	5	3	5	5	1	1	1	1	3	5	5	5	3	5	3	5	3	3	5	1	1	3	1	3	1	3	4	3	3	3	5	3	3	3	3	3	4	4	3	5	4	4	4	4	3	3	3	3	3	3	1	1	1	3	5	5	5	5	5
775	1	2	71	4	2	0	1	1	1	0	0	0	1	0	4	2	3	1	0	0	0	1	1	5	4	3	1	1	1	1	1	5	2	5	5	5	3	3	3	3	3	3	1	3	3	1	3	2	2	3	3	5	2	2	3	3	1	3	3	3	3	5	5	5	5	5	3	2	2	3	3	3	3	3	3	3	3	3	3	3	4
776	3	2	30	2	2	0	0	1	0	0	0	1	0	1	3	3	2	1	1	1	1	5	5	5	5	1	5	3	5	5	5	4	4	5	1	3	5	5	5	2	5	1	3	5	1	2	4	4	5	5	3	5	5	5	5	4	1	5	5	5	4	5	5	5	5	5	5	5	5	5	2	5	5	5	5	5	5	4	5	4	4
783	2	2	44	2	1	1	0	0	0	0	0	0	0	0	3	2	2	1	0	1	0	5	3	5	4	3	1	1	2	3	2	5	5	5	4	5	2	3	1	2	3	2	5	4	3	4	1	2	1	2	2	3	3	4	3	3	3	3	3	3	3	4	4	3	3	3	3	3	5	3	3	3	3	3	3	3	5	5	5	5	5
784	3	2	24	1	2	0	0	1	0	0	0	1	0	1	4	2	3	1	0	1	1	4	5	4	4	3	4	2	3	2	2	4	1	2	3	2	2	3	1	2	4	3	4	3	2	2	4	4	2	3	4	4	4	2	2	3	4	4	4	4	4	2	2	2	4	3	4	2	4	4	5	2	2	2	2	1	4	5	4	4	4
786	2	2	35	2	1	0	0	1	0	0	1	0	0	1	2	3	3	0	1	0	1	5	4	5	4	3	3	2	3	2	1	5	4	5	3	5	3	3	1	3	3	3	3	3	3	1	2	2	3	3	2	3	4	3	3	3	3	3	3	3	3	4	4	4	2	4	5	3	3	4	2	3	3	3	3	3	4	4	3	2	4
794	2	2	21	1	2	1	0	1	0	0	1	0	0	1	1	3	3	1	0	1	0	4	5	4	4	4	2	1	1	1	1	5	4	5	4	5	2	3	3	3	4	2	4	1	1	1	2	4	4	4	2	4	4	4	4	5	1	1	1	1	1	4	5	5	5	5	4	5	4	4	4	1	1	1	2	1	5	5	5	5	5
796	2	2	22	1	1	1	0	1	0	0	1	0	0	1	1	2	2	1	1	1	0	5	5	5	4	4	1	1	1	1	1	5	5	5	5	5	3	5	3	2	5	1	3	1	1	1	1	5	5	5	1	5	4	4	4	4	1	1	1	1	1	5	5	5	5	4	5	5	5	5	3	3	1	3	1	1	5	4	5	5	5
797	2	2	35	2	2	0	0	1	0	0	1	0	0	1	3	3	2	1	0	0	1	5	5	5	5	5	1	1	1	1	1	5	5	5	5	5	1	1	1	1	1	5	5	4	5	5	1	1	1	1	1	2	4	1	1	1	5	5	5	4	4	1	1	1	1	1	5	2	5	5	5	1	1	1	1	1	5	5	5	5	5
798	2	2	36	2	1	0	0	1	1	0	1	0	1	1	-999	3	3	1	1	1	1	5	3	5	4	4	4	1	3	3	2	5	3	4	3	4	1	3	1	2	2	2	5	3	3	4	1	3	2	3	2	3	3	3	3	4	3	3	3	3	3	3	3	3	3	3	3	3	3	3	2	3	3	3	3	3	5	4	4	3	5
801	1	1	44	2	2	0	1	1	0	1	0	0	1	0	4	3	1	1	1	1	1	1	4	4	4	4	1	1	1	1	1	4	5	4	3	5	2	4	2	2	4	1	4	4	1	4	2	2	2	3	1	4	4	4	4	4	1	1	1	1	1	4	2	2	3	4	5	5	5	5	4	1	2	1	1	1	5	3	3	3	5
802	2	1	61	3	2	0	1	1	1	0	1	0	1	1	2	2	3	1	0	1	0	5	5	5	5	5	1	1	2	1	1	5	5	5	4	5	1	1	1	1	1	5	5	5	5	5	1	1	1	1	1	4	4	4	5	4	2	1	1	2	1	4	4	4	3	5	4	4	4	5	4	3	1	1	2	1	4	4	4	3	5
803	2	1	62	3	2	0	1	1	0	0	1	0	0	1	1	2	4	1	0	1	1	3	4	4	4	4	3	3	3	3	3	3	4	4	2	3	3	3	3	3	4	3	3	3	3	3	3	4	4	3	4	2	4	2	2	2	4	3	4	4	4	2	2	2	3	2	3	2	3	3	3	3	3	3	3	3	4	3	3	4	3
804	2	1	40	2	1	0	1	1	0	0	1	0	0	1	1	1	2	1	0	1	0	5	3	5	1	3	2	2	2	3	2	4	4	4	3	5	2	3	1	4	3	4	4	4	2	4	1	2	2	3	2	4	3	4	4	3	2	2	2	3	2	4	4	2	3	4	5	3	5	5	3	2	2	2	3	2	5	5	3	3	5
805	1	1	57	3	1	0	1	1	1	0	1	0	1	1	-999	2	2	1	0	1	0	5	3	3	5	3	1	1	1	3	1	5	5	5	3	5	1	3	3	1	3	1	5	5	3	5	1	1	1	3	1	3	3	3	3	3	1	1	1	1	1	3	5	5	3	5	3	3	3	3	3	1	1	1	1	1	3	5	5	3	5
806	1	1	58	3	1	0	1	0	0	0	0	0	0	0	5	1	4	1	0	1	0	4	3	4	4	3	3	3	3	3	1	5	4	5	4	4	1	2	2	1	2	2	2	2	2	3	1	2	1	1	1	3	3	4	3	3	3	2	3	3	3	3	4	4	5	3	4	3	3	4	3	3	2	3	3	3	3	3	3	3	3
807	1	1	60	3	1	0	1	1	1	0	0	0	1	0	2	3	3	1	0	1	0	1	3	1	4	3	2	2	2	3	3	4	4	4	4	4	2	3	3	3	3	2	3	2	3	3	4	4	3	3	3	3	3	4	1	3	3	3	3	3	3	1	1	1	4	1	4	3	4	4	3	3	3	3	3	3	4	4	4	4	4
808	1	1	62	3	1	0	1	1	1	0	0	0	1	0	2	3	2	1	0	0	0	4	4	4	4	4	4	4	4	4	4	4	2	2	3	4	2	2	2	2	2	2	2	2	2	2	2	2	2	3	2	4	3	4	4	4	3	3	2	3	2	4	4	4	3	4	2	2	4	2	2	4	3	4	1	4	2	1	1	2	2
809	1	1	28	2	2	0	0	1	1	0	0	0	1	0	4	1	1	0	0	1	0	4	3	3	3	3	4	3	3	4	4	4	4	4	3	3	3	5	3	3	4	1	3	3	3	2	3	2	2	3	3	5	5	4	3	5	3	2	3	3	3	5	5	5	3	5	2	2	2	3	2	3	4	3	3	3	2	2	2	3	2
810	3	1	29	2	2	0	0	1	0	1	1	1	1	1	2	2	1	1	1	1	0	3	5	4	3	2	4	3	4	4	4	2	2	2	2	2	4	4	3	3	4	2	3	2	2	2	4	3	3	3	4	3	4	3	3	3	4	3	3	3	3	3	3	3	2	3	2	4	3	2	3	4	3	4	4	4	2	3	3	2	3
811	2	1	30	2	2	0	0	1	1	1	1	0	1	1	3	2	1	1	0	1	0	4	4	4	4	4	1	1	1	1	1	4	4	4	4	4	1	1	1	1	1	4	4	4	4	4	1	1	1	1	1	1	4	4	1	1	1	1	4	4	4	1	1	1	1	1	4	1	1	4	4	4	4	1	1	1	4	4	4	4	4
812	3	1	36	2	2	0	0	1	1	0	0	1	1	1	5	3	2	1	1	1	0	4	4	5	5	4	2	1	2	2	1	5	4	5	3	5	1	3	1	1	2	4	4	4	4	4	2	1	2	3	1	5	5	5	4	4	3	2	2	1	1	4	4	4	3	4	4	4	4	5	5	3	1	1	1	1	5	5	5	3	5
813	1	1	21	1	1	0	0	1	1	0	0	0	1	0	2	3	3	1	1	1	1	1	1	3	3	4	1	3	1	2	2	4	4	4	4	4	4	1	3	3	4	2	3	1	2	3	1	3	4	4	2	3	4	4	4	4	2	1	2	2	3	4	4	4	4	4	4	4	4	4	4	2	1	2	2	3	4	4	4	4	4
814	1	1	22	1	1	0	0	1	1	0	0	0	1	0	2	3	2	1	1	1	0	4	4	5	4	5	3	1	4	2	1	4	3	4	4	5	2	3	3	3	5	3	3	3	3	1	3	4	4	4	3	5	3	4	4	3	2	1	3	2	2	4	3	4	5	5	4	3	4	5	5	1	1	3	2	2	4	3	4	5	5
815	1	1	26	2	1	0	0	1	1	0	1	0	1	1	2	3	3	1	0	1	0	3	3	3	5	3	1	1	1	1	1	5	4	3	3	5	2	1	1	1	1	2	3	3	4	3	1	1	3	1	1	4	3	3	3	4	3	3	3	3	1	3	3	3	3	3	3	3	3	3	4	3	3	3	3	1	3	3	3	3	3
816	2	1	27	2	1	0	0	1	1	0	1	0	1	1	2	3	2	1	1	1	0	3	4	3	3	1	4	2	4	4	2	1	1	1	2	1	3	3	2	3	4	3	2	3	3	1	4	4	4	4	4	4	3	3	1	3	4	4	4	4	4	1	1	1	2	2	1	4	3	1	3	4	4	4	4	4	1	1	1	2	2
817	2	1	36	2	1	0	0	1	1	0	1	0	1	1	5	3	2	1	1	1	1	5	5	5	5	5	2	1	1	1	1	5	5	5	5	5	1	3	1	1	3	3	5	5	3	3	1	1	1	1	1	4	4	5	5	5	1	1	1	1	1	4	4	5	4	5	4	4	5	5	5	1	1	1	1	1	5	5	5	5	5
818	1	1	62	3	1	0	0	1	1	0	0	0	1	0	-999	2	3	1	0	1	0	5	5	5	5	5	3	1	3	3	3	5	5	5	5	5	1	3	1	2	1	4	5	3	3	3	3	3	3	3	3	5	3	4	5	5	1	1	1	1	1	5	5	5	4	5	5	3	4	5	5	1	1	1	1	1	5	5	5	4	5
819	2	1	18	1	2	1	0	1	0	0	1	0	0	1	1	2	1	1	0	0	0	3	4	3	4	3	2	1	2	1	2	5	3	4	3	5	2	3	3	3	3	1	3	2	1	2	2	4	2	3	3	3	3	3	5	3	2	1	3	2	4	3	2	4	2	5	3	4	3	5	2	3	1	4	2	5	2	1	3	2	3
820	1	1	22	1	2	1	0	1	1	0	0	0	1	0	1	3	2	1	0	1	0	5	5	5	5	5	1	1	1	1	1	5	5	5	5	5	1	5	1	1	1	5	5	5	5	5	1	1	1	1	1	3	3	4	4	4	2	2	2	2	2	4	4	4	4	4	5	5	5	5	5	1	1	1	1	1	5	5	5	5	5
821	3	1	23	1	2	1	0	1	0	0	0	1	0	1	1	3	2	1	1	1	0	4	4	4	4	4	3	3	2	1	3	3	4	4	4	3	4	3	3	4	5	2	3	1	1	3	5	5	5	5	5	1	5	1	1	1	5	5	5	5	4	1	1	1	1	1	4	2	4	4	4	2	2	3	2	2	4	4	4	4	4
822	1	1	63	3	2	1	0	1	1	0	0	0	1	0	-999	3	3	1	0	1	0	5	5	5	5	5	5	5	1	5	1	5	5	5	5	5	3	1	1	3	3	1	3	5	3	5	1	1	1	1	1	4	4	5	5	5	1	1	1	1	1	5	5	5	5	5	5	5	5	5	5	1	1	1	1	1	5	5	5	5	5
823	1	1	19	1	1	1	0	0	0	0	0	0	0	0	1	3	3	1	1	1	0	4	2	3	3	4	1	2	2	2	2	5	5	4	4	4	2	4	2	2	2	4	4	3	4	4	1	2	1	1	1	4	1	4	3	3	2	2	3	3	1	5	4	4	5	5	5	4	5	5	5	4	5	1	1	1	5	4	4	5	5
824	1	1	42	2	2	0	1	1	1	1	1	0	1	1	6	3	4	1	1	1	1	3	3	3	3	3	3	3	3	3	3	4	4	4	3	4	3	3	3	3	3	3	3	3	3	3	3	3	3	3	3	4	4	4	4	4	3	2	2	2	2	4	4	4	3	4	5	5	5	5	4	3	2	2	2	2	5	5	5	3	5
825	1	1	62	3	2	0	1	1	1	0	0	0	1	0	6	3	3	1	0	1	0	5	3	4	3	3	3	5	5	3	1	5	5	5	3	5	2	4	2	1	3	3	2	2	2	3	1	2	1	3	1	4	2	3	3	3	1	3	2	1	3	4	4	5	3	4	2	2	4	2	3	1	3	1	1	4	5	5	4	3	5
826	2	1	63	3	2	0	1	1	1	0	1	0	1	1	6	2	3	1	0	1	0	4	4	3	4	3	4	2	4	4	4	3	2	2	3	2	3	3	3	3	3	2	3	3	3	3	3	3	3	3	3	4	4	3	3	3	3	3	3	3	3	3	3	3	3	4	4	4	3	3	3	4	3	4	3	3	3	3	3	3	3
827	1	1	61	3	1	0	1	1	1	0	0	0	1	0	-999	1	4	1	0	0	0	4	4	4	4	4	4	4	4	4	4	4	4	4	4	4	1	1	1	1	1	1	1	1	1	1	1	1	1	1	1	4	4	4	4	4	4	4	4	4	4	4	4	4	4	4	4	4	4	4	4	4	4	4	4	4	4	4	4	4	4
828	1	1	64	3	1	0	1	1	1	0	0	0	1	0	3	2	3	1	0	0	0	5	5	5	5	3	5	1	1	1	5	5	5	5	5	5	1	1	1	1	3	5	5	3	5	1	1	1	1	1	1	3	3	5	3	3	3	3	3	1	1	3	3	3	3	4	4	3	5	3	3	3	3	3	1	1	5	5	5	5	5
829	1	1	69	4	1	0	1	0	0	0	0	0	0	0	5	3	3	1	0	1	0	4	4	4	4	4	2	2	2	2	2	5	5	5	4	5	1	3	2	2	3	2	4	5	2	2	1	1	1	3	1	2	3	4	4	4	2	2	2	2	2	4	4	4	4	4	5	3	5	5	5	2	1	1	2	2	5	5	5	4	5
830	1	1	57	3	2	0	1	1	1	0	0	0	1	0	6	3	3	1	1	1	0	5	4	5	4	5	3	1	4	2	2	4	4	4	4	5	1	4	1	3	2	1	5	2	3	4	3	3	2	3	2	4	3	3	3	3	4	2	3	3	3	3	4	4	4	4	5	3	4	5	4	5	2	2	2	2	4	5	5	5	5
831	1	1	60	3	2	0	1	1	1	0	1	0	1	1	6	3	4	1	1	1	1	2	2	3	3	3	3	3	3	3	3	2	2	2	2	2	1	3	3	3	3	3	3	3	3	3	3	3	3	3	3	3	3	3	3	3	3	3	3	3	3	3	3	3	3	3	3	3	3	3	3	3	3	3	3	3	3	3	3	3	3
832	1	1	60	3	2	0	1	0	0	0	0	0	0	0	4	3	3	1	0	1	0	5	5	5	5	5	1	1	1	1	1	5	5	5	5	5	1	1	1	1	1	1	5	5	1	5	1	1	1	1	1	1	1	1	1	1	1	5	5	5	5	1	1	1	1	1	5	5	5	5	5	1	1	1	1	1	5	5	5	5	5
833	1	1	62	3	2	0	1	1	1	0	0	0	1	0	-999	3	4	1	1	1	0	3	4	4	4	4	4	3	2	3	2	4	4	4	3	4	4	4	1	1	2	4	4	4	4	4	1	1	1	3	1	2	3	2	3	4	4	4	3	3	3	3	3	3	3	3	4	4	4	4	4	2	2	3	3	2	4	4	4	3	4
834	1	1	62	3	2	0	1	1	1	1	1	0	1	1	4	2	3	1	0	1	0	3	4	1	1	2	3	2	3	4	4	5	2	2	2	2	1	5	1	1	1	1	1	4	5	5	1	1	1	1	1	4	3	3	3	3	3	3	3	3	3	2	2	2	3	2	3	2	3	3	3	2	3	3	3	3	4	4	4	3	4
835	2	1	62	3	2	0	1	1	1	0	1	0	1	1	4	2	2	1	0	1	0	4	4	4	3	4	3	2	3	3	1	4	4	4	3	4	3	4	3	3	4	3	3	3	3	1	3	3	3	3	3	3	4	3	3	4	2	2	2	2	2	3	4	4	3	3	4	4	3	3	4	2	2	2	2	2	3	4	4	3	3
836	2	1	62	3	2	0	1	1	1	0	1	0	1	1	6	2	2	1	1	1	0	4	4	3	4	3	2	1	4	3	3	4	3	4	3	4	2	3	2	1	4	1	3	2	1	3	3	4	4	3	3	4	3	3	3	4	3	1	3	3	1	3	3	3	3	3	4	4	4	4	4	4	1	3	3	1	4	3	3	3	4
837	1	1	63	3	2	0	1	1	1	0	0	0	1	0	-999	3	4	1	0	1	0	5	4	5	5	5	4	1	2	1	1	5	5	5	5	5	1	3	1	1	1	1	5	3	3	5	1	1	1	1	1	5	5	5	5	1	1	5	1	1	5	5	5	5	5	5	5	5	5	5	1	1	5	1	1	5	5	5	5	5	5
838	1	1	63	3	2	0	1	1	1	0	0	0	1	0	6	3	3	1	0	1	0	4	3	3	3	3	1	1	3	2	3	4	4	4	3	4	2	4	2	2	3	4	3	4	3	3	1	2	2	3	2	3	3	4	3	3	3	2	2	1	1	3	4	4	3	3	3	3	4	4	4	3	2	2	1	1	4	4	4	3	4
839	1	1	64	3	2	0	1	1	1	0	0	0	1	0	-999	1	3	1	0	0	0	4	4	4	4	4	3	2	2	3	2	4	4	4	3	4	2	2	2	2	2	3	4	4	3	4	2	2	2	3	2	2	3	2	2	3	3	4	3	3	4	2	2	2	3	2	4	3	4	4	3	3	2	3	3	2	4	4	4	3	4
840	1	1	64	3	2	0	1	1	1	0	0	0	1	0	3	3	4	1	0	1	0	5	5	5	5	5	5	1	1	1	1	5	5	5	5	5	1	5	1	2	3	1	5	4	3	3	2	2	2	2	2	4	3	4	4	5	3	2	3	2	2	4	4	4	4	4	5	5	5	5	4	4	2	2	2	2	4	4	4	4	4
841	1	1	64	3	2	0	1	1	1	0	0	0	1	0	3	3	3	1	0	1	0	5	5	4	5	4	1	1	1	1	1	5	5	5	4	5	1	2	1	2	2	3	5	4	3	4	1	1	1	2	1	2	2	2	2	3	3	3	3	3	3	2	2	2	3	2	5	4	4	4	3	3	3	3	3	3	5	5	5	5	5
842	1	1	64	3	2	0	1	1	1	0	0	0	1	0	5	3	3	1	0	1	0	4	4	3	3	5	2	1	3	1	1	5	4	5	5	5	2	4	3	1	5	2	3	3	1	1	2	3	2	3	1	4	4	4	4	4	2	1	1	2	1	4	4	4	4	4	5	5	4	4	4	2	1	1	2	1	5	4	4	4	5
843	2	1	64	3	2	0	1	1	1	0	1	0	1	1	-999	1	3	1	0	1	0	5	3	5	4	3	2	1	2	2	2	4	5	5	3	4	3	3	4	4	3	2	1	2	2	2	4	5	5	3	2	3	3	3	4	3	3	1	2	2	2	4	4	4	3	4	3	3	3	4	3	3	1	2	2	2	4	5	5	3	5
844	2	1	64	3	2	0	1	1	1	0	1	0	1	1	-999	2	2	1	1	1	0	5	5	5	5	5	1	5	1	1	1	5	5	5	5	5	2	1	1	1	5	5	1	1	1	1	1	1	1	1	1	1	1	5	5	5	1	1	1	1	1	1	3	3	3	1	5	1	5	5	5	1	1	1	1	1	5	5	5	5	5
845	1	1	65	4	2	0	1	1	1	0	0	0	1	0	2	2	4	1	1	1	0	4	4	4	4	4	1	1	2	1	1	4	4	1	3	4	2	2	3	3	3	1	3	3	3	3	3	3	3	3	1	3	3	4	2	4	1	1	2	1	1	4	3	4	3	3	4	4	4	1	4	1	1	2	1	1	4	3	4	3	4
846	1	1	65	4	2	0	1	1	1	1	0	0	1	0	5	3	4	1	0	1	0	4	3	3	4	4	2	2	3	2	3	4	4	4	4	4	2	3	3	2	2	3	4	3	3	3	3	2	2	2	2	2	3	3	3	3	3	3	3	3	3	3	3	3	3	3	4	3	3	4	4	3	3	3	3	3	4	4	4	3	4
847	1	1	65	4	2	0	1	1	1	1	1	0	1	1	5	3	3	0	0	1	0	5	4	5	4	4	4	2	4	2	1	5	5	5	4	5	1	2	2	2	2	2	4	2	4	4	2	2	2	2	2	3	2	2	2	3	2	2	1	2	2	3	3	3	3	3	4	4	3	4	3	3	2	1	3	1	4	4	4	3	4
848	1	1	65	4	2	0	1	1	1	0	0	0	1	0	5	3	4	1	0	0	0	5	4	5	5	4	1	1	3	1	1	5	5	5	3	5	1	2	3	3	3	3	4	3	1	4	1	1	1	3	1	4	3	4	4	3	3	2	3	3	3	4	4	4	4	4	5	3	3	5	3	3	2	3	3	3	5	5	5	4	5
849	1	1	65	4	2	0	1	0	0	0	0	0	0	0	-999	3	4	1	0	1	0	5	3	5	5	3	1	1	5	4	5	5	5	5	3	5	1	3	3	3	3	3	1	3	3	3	3	3	3	3	3	4	3	4	4	4	3	3	1	1	1	4	4	4	3	4	5	3	5	5	5	3	3	1	1	1	5	5	5	3	5
850	2	1	65	4	2	0	1	1	1	0	1	0	1	1	4	2	3	1	0	0	0	4	4	4	3	4	2	2	2	3	3	4	4	4	4	4	1	3	3	3	3	3	3	3	3	3	3	3	3	3	3	4	4	3	3	4	3	3	3	3	3	4	4	4	4	4	4	4	3	3	4	3	3	3	3	3	4	4	4	4	4
851	2	1	65	4	2	0	1	1	1	0	1	0	1	1	2	2	2	1	0	1	0	5	4	5	5	5	1	1	2	2	1	5	5	5	4	5	3	3	3	3	3	3	3	3	3	3	3	3	3	3	3	4	4	4	4	4	2	1	2	2	1	4	4	4	4	4	5	4	4	5	4	2	1	2	2	1	5	5	5	4	5
852	2	1	65	4	2	0	1	1	1	1	1	0	1	1	3	2	3	1	0	1	0	5	5	5	4	5	2	1	2	1	1	5	5	5	4	5	1	5	2	2	4	1	3	2	1	3	1	1	2	2	2	5	5	5	4	4	3	1	2	2	2	3	3	3	4	4	5	5	5	5	5	3	1	1	1	1	5	5	5	5	5
853	2	1	65	4	2	0	1	1	1	0	1	0	1	1	-999	1	2	1	0	0	0	4	4	3	2	4	2	3	2	2	1	4	3	4	4	3	3	4	3	2	4	3	3	2	2	1	4	3	3	4	3	3	4	2	1	4	3	1	1	1	1	4	4	4	4	4	3	4	2	1	4	3	1	1	1	1	4	4	4	4	4
854	2	1	65	4	2	0	1	1	0	0	1	0	0	1	-999	2	3	1	0	1	0	5	4	4	4	3	1	1	1	1	4	4	5	4	3	4	1	2	2	2	3	1	4	3	1	3	3	2	2	3	3	5	3	4	4	4	1	1	1	1	1	4	4	5	3	4	4	3	5	5	4	2	1	1	2	1	4	5	5	3	5
855	1	1	66	4	2	0	1	1	1	0	0	0	1	0	5	3	4	1	1	1	0	4	3	4	4	3	3	2	3	2	2	4	4	4	3	4	2	3	2	2	3	3	4	3	2	4	2	2	2	2	2	2	3	3	3	3	3	4	3	3	2	3	3	3	3	3	4	4	4	4	4	2	2	3	2	2	3	4	4	3	4
856	1	1	66	4	2	0	1	1	1	0	0	0	1	0	6	3	4	1	0	1	0	3	1	1	1	1	1	1	1	1	1	5	4	5	1	5	3	1	1	1	1	1	1	1	1	1	1	3	1	1	1	3	1	1	1	1	1	1	1	1	1	3	3	3	1	3	3	1	1	1	1	1	1	1	1	1	3	3	3	1	3
857	1	1	66	4	2	0	1	1	1	0	1	0	1	1	5	3	3	1	0	1	0	5	4	4	3	4	4	3	2	3	3	2	4	4	3	4	1	5	1	1	1	5	5	5	5	5	1	1	1	1	1	3	4	2	3	3	4	5	5	4	5	1	1	1	4	4	4	4	2	4	3	4	5	4	4	4	1	1	1	4	5
858	1	1	66	4	2	0	1	1	1	0	0	0	1	0	-999	3	3	1	0	1	0	5	5	5	5	5	1	1	1	1	1	5	5	5	5	5	1	2	1	1	1	4	5	5	5	5	1	1	1	1	1	5	3	3	3	3	3	3	3	3	3	3	3	3	3	3	5	5	5	5	5	1	1	1	1	1	5	5	5	5	5
859	2	1	66	4	2	0	1	1	0	0	1	0	0	1	3	1	3	0	0	1	0	5	3	4	4	4	1	2	2	3	2	4	4	4	3	4	2	3	3	3	3	3	4	3	3	2	2	3	3	3	3	3	3	3	3	3	3	3	3	2	2	3	3	3	3	3	5	4	4	4	3	2	2	3	2	2	3	4	4	3	4
860	1	1	67	4	2	0	1	1	1	0	1	0	1	1	5	3	4	0	0	1	0	5	4	4	4	4	1	1	1	2	1	4	5	5	3	5	2	3	4	3	2	1	3	1	2	4	1	1	2	3	1	5	2	4	4	4	1	1	1	1	2	5	5	5	4	5	3	2	4	4	4	1	2	1	1	2	5	4	4	4	5
861	1	1	67	4	2	0	1	1	1	1	0	0	1	0	5	3	3	1	0	1	0	3	4	2	1	3	4	5	4	4	4	2	2	2	2	2	1	5	2	1	3	5	5	5	5	5	2	1	1	1	1	4	4	4	3	4	3	2	3	3	2	4	4	4	4	4	5	4	5	3	5	3	2	3	3	2	5	5	5	5	5
862	1	1	67	4	2	0	1	1	1	0	0	0	1	0	-999	1	2	1	0	0	0	4	4	3	3	4	2	3	3	3	3	5	5	5	4	5	1	4	3	3	3	3	3	3	4	3	1	1	1	3	3	3	3	3	3	3	3	3	3	3	3	3	3	3	3	3	3	3	3	3	3	3	3	3	3	3	3	3	3	3	3
863	1	1	67	4	2	0	1	1	1	0	1	0	1	1	4	3	4	1	0	1	0	5	4	4	4	4	2	5	3	2	2	5	5	5	4	5	1	2	3	3	4	3	3	3	2	3	1	3	3	3	2	4	3	4	4	3	3	2	2	1	1	4	4	4	3	4	5	3	5	5	3	3	2	1	1	1	5	5	5	4	5
864	1	1	68	4	2	0	1	1	1	0	0	0	1	0	5	3	4	1	0	1	1	5	5	5	5	5	1	1	1	3	3	5	5	5	5	5	1	2	1	1	3	5	5	5	3	3	1	1	1	3	1	3	4	3	3	3	3	5	2	3	4	3	3	3	3	3	5	3	5	5	5	3	1	2	3	2	5	5	5	5	5
865	1	1	68	4	2	0	1	1	1	0	0	0	1	0	5	2	3	1	0	1	0	4	3	3	3	3	1	3	3	3	2	4	4	4	3	4	2	3	3	3	3	3	4	3	3	2	4	4	4	3	4	3	3	3	3	3	3	3	3	2	2	3	3	3	3	3	3	3	3	3	3	3	3	3	2	2	3	3	3	3	3
866	1	1	68	4	2	0	1	1	1	0	1	0	1	1	5	2	4	1	0	0	0	4	3	4	4	4	3	5	3	3	3	5	4	4	3	4	3	3	3	3	3	3	3	3	3	3	3	3	3	3	3	3	4	3	3	3	3	3	3	3	3	3	3	3	3	3	4	3	3	3	3	3	3	3	3	3	3	3	3	3	3
867	1	1	68	4	2	0	1	1	1	0	0	0	1	0	5	2	4	1	0	0	0	5	3	4	3	3	3	4	2	3	3	5	4	4	4	5	2	3	3	3	3	3	3	2	3	3	3	3	3	3	3	4	3	3	3	3	3	3	3	3	3	4	4	4	3	4	4	3	3	4	3	3	3	4	3	3	5	5	5	3	5
868	2	1	68	4	2	0	1	1	1	1	1	0	1	1	-999	3	3	1	1	0	0	4	3	4	4	4	1	1	1	1	1	4	4	1	3	4	1	3	1	1	1	4	4	4	4	3	1	1	4	3	1	3	4	4	3	3	2	1	2	2	2	4	4	4	3	4	4	4	4	4	4	1	1	1	1	1	4	4	4	4	4
869	2	1	68	4	2	0	1	1	1	0	1	0	1	1	4	1	3	1	0	1	0	5	4	4	4	3	1	1	1	1	1	4	5	5	4	5	3	4	2	2	3	1	4	1	1	4	3	2	3	1	1	4	4	4	4	4	1	1	1	1	1	4	4	4	4	4	5	4	5	5	4	1	1	1	1	1	5	5	5	5	5
870	2	1	68	4	2	0	1	1	1	0	0	0	1	0	2	1	2	1	0	0	0	3	5	3	4	3	5	5	2	2	3	4	5	5	5	5	5	5	3	1	3	4	4	1	4	3	3	3	2	3	2	1	3	3	3	3	3	5	3	4	3	2	3	3	3	2	5	3	3	3	3	3	1	3	3	3	5	5	4	3	5
871	1	1	69	4	2	0	1	1	1	1	1	0	1	1	-999	2	3	1	0	1	0	5	4	5	5	4	1	1	1	3	1	5	5	5	5	5	1	1	1	1	1	5	5	5	3	5	1	1	1	1	1	3	3	3	3	3	3	3	2	1	1	3	4	4	4	4	5	3	5	5	3	1	3	1	1	1	5	5	5	5	5
872	1	1	69	4	2	0	1	1	1	1	1	0	1	1	6	2	4	0	0	1	0	5	5	4	4	4	3	2	1	1	1	4	4	4	4	5	1	5	4	4	4	3	2	1	1	1	4	4	4	4	3	4	3	1	1	3	1	1	1	1	1	5	4	4	3	4	4	3	1	1	3	1	1	1	1	1	5	4	5	3	5
873	1	1	69	4	2	0	1	1	1	0	0	0	1	0	3	1	4	1	0	1	0	5	5	5	4	5	1	1	1	1	1	5	5	5	3	5	2	5	1	1	4	1	3	3	1	1	3	3	3	3	1	4	3	4	5	4	1	1	1	1	1	4	4	4	4	4	5	3	4	5	4	1	1	1	1	1	4	5	5	5	5
874	1	1	70	4	2	0	1	1	1	0	0	0	1	0	5	2	2	1	0	0	0	5	1	5	5	5	1	1	1	1	1	5	5	5	5	5	1	1	1	1	1	1	1	1	1	1	1	1	1	1	1	3	3	3	3	3	3	3	3	3	3	3	3	3	3	3	5	5	5	5	3	5	5	1	3	1	5	5	5	5	5
875	1	1	70	4	2	0	1	1	1	0	0	0	1	0	6	3	4	1	0	1	0	4	3	3	4	3	3	4	2	3	2	4	4	4	3	4	2	4	1	1	2	4	2	4	4	4	1	2	2	3	2	3	4	4	4	3	3	2	2	2	2	3	3	4	3	3	3	3	4	4	3	3	2	2	2	2	3	3	4	3	3
876	1	1	70	4	2	0	1	1	1	0	0	0	1	0	5	3	3	1	0	0	0	5	5	5	5	5	1	1	1	1	1	5	5	5	5	5	1	1	1	1	1	4	5	5	5	4	1	1	1	1	1	5	5	5	5	5	1	1	1	1	1	5	5	5	5	5	5	5	5	5	5	1	1	1	1	1	5	5	5	5	5
877	2	1	70	4	2	0	1	1	1	0	1	0	1	1	4	2	3	1	0	0	0	5	4	5	5	5	3	1	1	1	1	4	5	5	3	5	1	4	1	1	1	3	5	3	3	3	2	2	2	3	1	3	5	4	4	5	3	1	2	1	1	4	4	4	3	5	5	5	5	5	5	1	1	1	1	1	4	5	5	3	5
878	2	1	70	4	2	0	1	1	1	0	1	0	1	1	5	2	4	1	0	0	0	4	4	4	4	4	4	4	4	4	1	4	4	4	2	4	2	2	1	2	2	2	2	1	2	4	2	2	2	4	2	2	2	2	2	2	2	2	2	2	2	2	2	2	2	2	4	4	4	4	4	4	4	4	4	3	4	4	4	3	4
879	1	1	71	4	2	0	1	1	1	0	0	0	1	0	5	3	2	1	0	1	0	1	3	1	2	1	2	2	1	1	1	4	4	4	3	4	1	3	1	2	1	2	1	1	1	1	1	3	3	3	2	1	3	3	3	3	1	1	3	1	1	4	3	3	3	3	1	3	3	3	3	1	3	3	1	1	4	4	4	3	4
880	1	1	71	4	2	0	1	1	1	0	0	0	1	0	5	2	3	1	0	0	0	5	3	3	3	3	3	1	3	3	3	5	5	5	3	5	2	3	3	3	3	2	5	3	3	3	1	2	2	3	2	3	3	3	3	3	3	3	3	3	3	3	3	3	3	3	3	3	3	3	3	3	3	3	3	3	3	3	3	3	3
881	1	1	71	4	2	0	1	1	1	0	0	0	1	0	5	3	4	1	0	1	0	4	4	3	3	4	3	4	2	2	2	4	4	4	4	4	2	3	2	3	3	4	2	3	3	3	2	3	3	3	3	3	4	3	4	4	3	3	3	2	3	4	3	3	4	4	4	3	4	3	4	2	2	3	2	3	3	4	4	4	4
882	1	1	71	4	2	0	1	1	1	0	0	0	1	0	3	3	1	1	0	1	0	3	3	3	3	3	4	2	2	3	3	4	4	4	3	4	3	3	3	3	3	2	4	3	3	3	2	2	2	3	2	2	3	2	2	2	2	2	2	2	2	4	3	3	3	4	3	3	2	2	2	2	2	2	2	2	4	3	3	3	4
883	1	1	72	4	2	0	1	1	1	0	0	0	1	0	-999	3	4	1	0	1	0	5	5	4	5	3	4	5	5	3	4	4	5	5	5	5	1	2	2	1	3	2	1	2	3	4	2	2	1	2	2	4	3	3	4	4	4	2	5	5	3	5	4	5	4	5	2	3	2	2	2	2	4	1	2	3	2	1	2	3	2
884	1	1	73	4	2	0	1	1	1	0	0	0	1	0	5	3	3	1	0	1	1	4	5	4	4	3	2	2	3	1	1	5	4	4	3	5	2	3	3	2	3	2	2	3	1	3	2	3	3	3	1	3	4	3	4	3	3	2	2	1	1	4	4	4	3	3	3	3	4	5	3	3	2	2	1	1	5	4	5	3	4
885	1	1	74	4	2	0	1	1	1	0	0	0	1	0	5	3	4	1	0	1	0	4	3	4	4	3	3	4	4	3	3	4	4	4	3	5	3	3	3	3	3	3	4	4	3	3	3	3	3	3	3	3	3	3	3	3	2	2	2	2	1	4	4	4	4	5	4	3	3	3	3	2	2	2	2	1	5	5	5	4	5
886	1	1	74	4	2	0	1	1	1	0	1	0	1	1	4	1	2	1	0	1	0	5	4	4	4	3	1	2	1	1	3	5	5	5	3	5	1	3	1	1	3	3	4	3	2	3	2	1	1	3	1	4	1	2	4	3	1	1	1	1	3	5	5	5	3	4	5	2	1	4	3	2	1	2	2	3	5	5	5	3	5
887	1	1	75	4	2	0	1	1	1	0	0	0	1	0	-999	1	3	1	0	0	0	4	4	4	3	4	4	5	3	3	2	5	5	5	4	5	2	2	3	3	3	4	3	3	4	4	1	1	1	3	1	3	4	3	3	4	3	3	3	1	3	5	5	5	3	5	5	5	3	3	4	3	1	3	1	3	5	5	5	3	5
888	1	1	76	4	2	0	1	1	1	0	1	0	1	1	-999	3	4	1	0	1	0	5	5	4	4	5	1	1	1	1	1	5	5	5	5	5	1	5	4	4	5	1	1	1	1	1	5	5	5	5	5	5	1	5	5	4	1	1	1	1	1	5	5	5	5	5	1	1	5	5	4	1	1	1	1	1	5	5	5	5	5
889	1	1	77	4	2	0	1	0	0	0	0	0	0	0	6	2	4	1	0	0	0	5	3	3	3	3	3	5	3	3	3	5	5	5	3	5	1	3	3	3	3	3	3	3	3	3	1	2	3	3	1	3	3	3	3	3	3	5	3	3	3	5	5	3	3	5	3	3	3	3	3	3	1	3	3	3	3	3	2	3	3
890	1	1	77	4	2	0	1	1	1	0	0	0	1	0	5	3	4	1	0	1	0	4	3	4	4	3	2	2	3	3	3	4	4	4	3	4	3	3	3	3	3	3	3	3	3	3	3	3	3	3	3	4	3	4	4	3	3	3	3	3	3	3	4	4	3	3	4	3	4	4	3	3	3	3	3	3	3	4	4	3	3
891	1	1	77	4	2	0	1	1	1	0	1	0	1	1	5	2	2	1	1	1	1	5	4	4	5	5	4	1	1	1	1	5	5	5	5	5	1	1	1	1	1	1	5	5	5	5	1	1	1	1	1	5	5	5	5	5	1	1	1	1	1	5	5	5	5	5	1	1	1	1	1	5	5	5	5	5	5	5	5	5	5
892	2	1	77	4	2	0	1	1	1	0	1	0	1	1	5	2	4	1	0	0	0	5	5	5	5	4	5	5	5	3	3	5	5	5	5	5	1	1	1	1	3	1	1	2	3	3	1	3	3	3	1	4	4	3	4	3	3	3	3	3	3	4	4	4	4	4	3	4	3	4	3	3	3	3	3	3	4	4	4	4	4
893	1	1	79	4	2	0	1	1	1	0	0	0	1	0	6	1	2	1	0	1	0	4	4	3	3	3	3	4	3	3	2	3	3	4	3	4	3	3	3	3	3	3	3	3	3	2	3	3	3	3	4	4	4	3	3	3	4	3	4	4	3	2	3	3	3	3	4	4	3	3	3	4	3	4	4	3	2	3	3	3	3
894	1	1	82	4	2	0	1	0	0	0	0	0	0	0	-999	3	3	1	0	1	0	5	5	5	5	3	5	3	3	3	3	4	5	5	5	5	2	3	3	3	3	3	3	3	3	3	3	3	3	3	3	3	4	3	3	3	3	3	3	3	3	3	3	3	3	3	5	2	4	4	3	4	3	3	4	3	5	4	5	5	5
895	1	1	83	4	2	0	1	0	0	0	0	0	0	0	-999	3	4	1	1	1	0	4	3	3	3	3	2	1	2	1	1	4	4	4	3	4	1	2	1	1	3	4	4	4	4	4	1	1	1	3	1	3	3	3	3	3	1	1	2	1	1	4	4	4	3	4	4	4	4	4	3	2	1	1	1	1	4	4	4	3	4
896	1	1	60	3	1	0	1	0	0	0	0	0	0	0	3	3	4	1	1	1	1	5	5	5	4	4	1	1	1	1	1	5	5	5	3	5	1	3	1	2	3	3	5	3	3	3	1	1	1	3	1	5	5	5	4	4	1	1	1	1	1	4	4	5	4	4	5	5	5	5	5	1	1	1	1	1	4	4	5	4	4
897	2	1	60	3	1	0	1	1	1	0	1	0	1	1	5	1	2	1	0	1	0	4	4	3	4	3	3	2	4	3	2	4	3	3	3	4	3	4	3	2	3	3	4	4	3	2	3	3	3	3	3	3	4	4	3	3	3	2	4	3	2	4	3	3	3	3	3	4	4	3	3	3	2	4	3	2	4	3	3	3	3
898	1	1	61	3	1	0	1	0	0	0	0	0	0	0	5	3	3	1	0	1	0	5	2	4	5	3	1	3	3	3	1	5	5	5	3	5	1	2	2	1	3	5	3	3	3	5	1	1	1	3	1	3	3	3	3	3	3	3	3	3	3	4	5	5	3	5	5	3	5	5	3	1	1	1	1	1	5	5	5	3	5
899	1	1	61	3	1	0	1	1	1	0	0	0	1	0	3	3	3	1	1	1	1	4	3	3	3	3	3	3	3	3	3	4	4	4	3	4	2	4	3	3	3	3	3	4	3	3	2	2	3	3	2	3	3	3	3	3	3	3	3	3	3	3	3	3	3	3	4	3	3	4	4	4	3	3	3	3	4	4	4	4	4
900	1	1	61	3	1	0	1	1	1	0	0	0	1	0	5	3	4	1	0	1	0	2	4	4	4	4	1	5	3	1	2	4	5	5	5	5	4	4	3	3	4	5	1	3	1	3	3	2	2	1	1	3	2	5	3	3	2	3	2	2	2	3	2	3	2	2	4	1	3	4	4	1	2	1	2	1	5	5	5	4	5
901	2	1	61	3	1	0	1	1	1	0	1	0	1	1	-999	2	2	1	0	1	0	5	5	3	5	3	1	1	2	2	2	5	4	4	3	5	1	4	3	1	3	5	4	5	4	5	1	2	2	3	1	5	5	3	4	3	2	2	2	2	2	4	4	4	3	4	5	5	3	4	3	2	2	2	2	2	4	4	4	3	4
902	1	1	62	3	1	0	1	1	1	0	0	0	1	0	-999	3	3	1	1	1	0	5	3	4	3	3	3	3	3	2	3	4	4	4	4	5	2	3	1	2	3	2	4	4	3	3	2	2	2	3	3	3	2	2	3	4	2	3	3	2	3	3	3	3	3	3	4	3	3	3	3	3	3	3	3	3	4	3	3	4	3
903	1	1	62	3	1	0	1	1	1	0	1	0	1	1	4	3	3	1	1	1	0	5	4	5	5	4	4	5	4	3	1	4	5	5	4	5	1	2	1	1	2	2	1	2	3	4	1	1	1	2	1	4	4	4	4	4	2	2	3	3	2	4	4	4	4	4	5	4	5	5	4	2	1	3	3	2	5	5	5	5	5
904	1	1	62	3	1	0	1	1	1	0	1	0	1	1	-999	3	3	1	0	1	0	5	5	5	5	5	1	1	1	1	1	5	5	5	5	5	1	1	1	1	1	4	5	5	5	5	1	1	1	1	1	5	5	5	5	5	1	1	1	1	1	5	5	5	5	5	5	5	5	5	5	1	1	1	1	1	5	5	5	5	5
905	1	1	62	3	1	0	1	1	1	0	0	0	1	0	5	2	4	1	0	1	1	4	3	4	4	4	3	1	1	2	2	4	4	4	4	4	2	3	2	2	3	3	3	3	3	3	1	2	2	2	1	4	4	3	2	3	3	2	2	3	2	4	4	3	3	3	4	4	4	1	4	3	1	1	2	1	4	4	4	4	4
906	1	1	62	3	1	0	1	0	0	0	0	0	0	0	5	3	3	1	0	1	0	4	2	4	4	4	1	1	1	1	1	4	4	4	4	4	1	4	1	1	3	4	3	3	3	3	1	1	1	3	1	1	3	3	3	3	3	3	3	3	3	1	1	3	3	1	4	4	4	4	3	1	1	1	1	3	4	4	4	4	4
907	2	1	62	3	1	0	1	1	1	0	1	0	1	1	6	2	2	1	1	1	1	4	4	4	3	3	2	1	2	1	1	4	4	4	4	5	3	4	1	1	3	3	3	3	3	3	4	3	3	3	3	4	4	4	4	3	2	1	2	3	3	2	4	4	3	4	4	4	4	4	3	4	1	2	3	3	2	4	4	3	4
908	1	1	63	3	1	0	1	1	1	0	0	0	1	0	4	3	3	1	0	1	0	5	4	5	5	5	1	3	1	1	1	5	5	5	5	5	2	2	1	1	3	5	2	5	3	3	1	1	1	1	1	5	5	5	5	5	3	1	1	1	1	5	5	5	5	5	4	3	3	4	4	3	1	1	1	1	4	4	3	4	4
909	1	1	63	3	1	0	1	1	1	0	0	0	1	0	4	3	3	1	0	1	1	5	3	4	3	3	1	1	1	1	1	5	4	5	5	5	1	3	1	3	3	3	3	3	3	3	2	3	1	1	1	4	3	4	4	4	1	3	1	1	1	3	3	4	4	3	5	3	4	5	5	1	1	1	1	1	5	5	5	5	5
910	1	1	64	3	1	0	1	1	1	0	0	0	1	0	5	3	3	1	0	1	0	4	4	4	4	5	3	1	3	3	3	5	5	5	5	5	1	1	1	1	1	1	4	3	1	3	2	1	1	1	1	5	5	5	5	5	3	3	3	3	3	5	5	5	3	2	5	5	5	5	5	3	3	3	3	3	5	5	5	3	5
911	1	1	64	3	1	0	1	1	1	0	0	0	1	0	-999	3	2	1	1	1	0	4	3	4	4	3	2	1	2	2	2	4	4	4	4	4	2	3	2	2	3	3	4	3	3	2	2	2	2	2	2	3	3	4	3	3	2	2	2	2	2	3	3	3	3	3	4	3	4	4	3	2	2	2	2	2	4	4	4	4	4
912	1	1	64	3	1	0	1	1	1	0	0	0	1	0	6	1	2	1	0	1	0	3	4	3	3	4	2	1	2	2	2	4	4	4	3	4	3	3	3	3	4	1	4	2	2	2	4	4	4	3	2	2	3	3	3	4	2	2	2	2	2	4	4	4	3	4	4	3	3	3	4	2	2	2	2	2	4	4	4	3	4
913	1	1	64	3	1	0	1	1	1	0	0	0	1	0	-999	3	4	1	0	1	0	4	3	3	3	3	2	1	3	1	1	4	4	4	3	4	2	3	3	3	3	2	1	3	1	1	1	1	1	3	1	3	1	1	1	1	1	2	1	1	1	1	3	3	1	1	3	1	1	1	1	1	2	1	1	1	4	3	3	1	4
914	1	1	64	3	1	0	1	1	1	0	0	0	1	0	5	3	4	1	0	0	0	5	2	4	5	4	2	4	1	3	3	4	4	5	3	5	1	2	1	1	2	2	2	3	3	3	1	1	1	3	1	4	5	4	4	4	4	4	1	1	1	4	4	4	4	5	4	2	4	4	4	2	4	2	2	2	4	4	4	4	4
915	2	1	64	3	1	0	1	1	1	0	1	0	1	1	4	1	2	1	0	0	0	4	3	4	4	4	3	4	3	3	3	4	3	4	3	4	2	3	2	2	3	3	2	3	3	3	3	3	3	3	3	4	3	3	3	3	3	3	3	3	3	4	4	4	3	3	4	3	3	3	3	3	3	3	3	3	4	4	4	3	3
916	1	1	65	4	1	0	1	1	1	0	0	0	1	0	3	3	3	1	0	1	0	5	3	5	5	5	1	1	5	5	2	5	5	5	3	5	1	3	1	1	1	5	5	1	1	4	1	1	1	3	1	1	2	2	2	2	4	4	4	4	4	3	3	3	3	2	5	4	4	4	4	2	2	2	2	2	3	3	3	3	5
917	1	1	65	4	1	0	1	1	1	0	0	0	1	0	3	3	2	1	0	0	0	5	4	4	4	4	1	1	2	2	2	4	4	4	5	5	2	3	3	2	3	3	4	3	3	4	1	2	1	1	1	3	4	3	3	4	3	2	3	1	1	4	4	4	3	4	5	3	4	4	3	2	3	1	4	3	5	4	4	3	3
918	1	1	65	4	1	0	1	1	1	0	0	0	1	0	5	3	2	1	0	1	0	5	4	4	4	3	3	2	2	3	1	5	4	5	3	5	1	3	1	2	3	3	4	3	3	4	1	2	2	3	1	2	3	4	3	3	3	1	1	3	1	4	4	4	3	4	5	3	5	5	3	3	1	2	3	1	5	5	5	3	5
919	1	1	65	4	1	0	1	1	1	0	0	0	1	0	3	1	1	1	0	1	0	4	3	4	3	3	3	2	3	3	3	2	3	3	2	4	1	3	1	3	3	3	4	3	3	3	2	3	2	2	2	3	3	3	3	3	3	3	2	3	3	2	3	2	3	3	4	4	4	4	3	3	3	3	3	3	4	3	2	3	3
920	1	1	65	4	1	0	1	1	1	0	0	0	1	0	4	3	3	1	1	1	1	5	5	5	5	5	1	1	1	1	1	4	5	4	4	5	1	1	1	1	2	1	5	5	4	4	1	1	2	1	1	4	5	4	5	5	1	4	1	1	1	5	5	5	5	5	2	1	4	5	5	4	5	1	1	1	5	5	5	5	5
921	1	1	65	4	1	0	1	1	1	0	0	0	1	0	3	3	4	1	0	1	0	4	3	4	3	4	3	4	4	1	3	4	2	2	2	4	1	2	2	2	2	1	1	1	4	2	2	3	4	3	1	4	4	4	3	4	4	3	1	3	2	4	4	4	3	3	3	2	2	2	3	2	2	3	2	3	3	3	3	3	3
922	1	1	66	4	1	0	1	1	1	0	0	0	1	0	5	3	4	1	0	1	0	5	5	5	5	5	1	1	1	1	1	5	5	5	5	5	1	1	1	1	1	5	5	5	5	5	1	1	1	1	1	3	3	4	4	4	3	3	3	2	2	4	4	4	3	3	5	5	5	5	5	1	1	1	1	1	5	5	5	5	5
923	1	1	66	4	1	0	1	1	1	0	0	0	1	0	4	2	2	1	0	0	0	4	4	4	4	3	1	1	2	2	2	4	4	4	3	4	1	4	1	3	3	3	3	3	2	3	1	2	2	3	1	4	3	4	4	4	3	2	3	3	3	4	3	4	3	4	4	4	4	4	4	3	1	3	3	3	4	4	4	4	4
924	1	1	66	4	1	0	1	1	1	0	1	0	1	1	5	3	3	1	0	1	0	4	3	3	4	4	1	2	2	3	3	4	4	4	3	4	1	3	3	3	3	2	2	2	3	3	2	3	3	3	3	3	3	3	3	3	3	3	3	3	3	4	4	3	3	3	3	3	3	3	3	3	3	3	3	4	4	4	4	3	3
925	1	1	66	4	1	0	1	1	1	0	0	0	1	0	-999	2	3	1	0	1	0	5	5	5	5	5	3	5	2	2	2	4	5	5	4	5	2	3	2	3	3	3	2	3	3	4	2	1	1	2	1	3	3	3	3	3	3	3	3	3	3	4	4	4	4	4	5	3	5	5	3	3	3	3	3	3	4	4	5	5	5
926	1	1	66	4	1	0	1	1	1	0	1	0	1	1	-999	1	2	1	0	1	0	5	5	5	4	4	2	1	2	1	1	4	4	4	4	5	1	2	1	1	4	3	4	3	3	3	2	4	2	2	1	2	4	4	4	5	2	1	2	2	1	4	4	5	4	4	5	5	5	5	5	1	1	1	1	1	4	4	5	5	5
927	1	1	66	4	1	0	1	1	1	0	0	0	1	0	5	3	2	1	0	1	0	3	4	4	3	3	1	1	1	2	1	4	4	4	1	4	3	2	2	3	3	1	4	2	3	1	3	4	2	1	2	3	3	3	3	3	3	3	3	3	3	4	4	4	2	2	3	4	3	3	3	3	3	3	3	3	4	4	4	2	4
928	1	1	66	4	1	0	1	1	1	0	0	0	1	0	5	3	3	1	0	1	0	5	5	5	5	5	1	1	1	1	1	5	5	5	5	5	1	1	1	1	2	5	5	4	4	4	1	1	1	1	1	3	3	4	4	3	3	3	2	1	1	4	4	4	4	3	5	5	5	5	4	1	1	1	1	1	5	5	5	5	5
929	1	1	66	4	1	0	1	0	0	0	0	0	0	0	-999	3	4	1	0	1	0	4	4	3	3	2	3	2	3	3	2	4	3	3	3	4	1	4	1	3	1	2	4	3	4	4	2	1	1	1	1	2	3	3	3	3	3	3	3	3	2	2	2	2	1	1	4	3	3	3	3	3	3	3	3	3	4	4	4	4	4
930	1	1	66	4	1	0	1	1	1	0	0	0	1	0	5	1	2	0	1	0	0	3	3	3	3	3	2	2	3	3	3	4	3	3	3	3	3	3	3	3	3	2	3	3	3	3	2	3	3	3	3	4	3	3	3	3	3	3	3	3	3	4	3	3	3	3	3	3	3	3	3	3	3	3	3	3	3	3	3	3	3
931	1	1	66	4	1	0	1	1	1	0	0	0	1	0	4	2	3	1	0	1	0	4	3	4	4	4	2	3	3	3	2	5	5	5	4	5	2	3	2	2	2	4	3	3	3	3	1	1	2	2	1	3	2	2	2	2	3	3	2	3	3	2	5	4	3	4	4	4	4	4	4	3	3	2	3	3	5	2	2	5	4
932	1	1	66	4	1	0	1	1	1	0	0	0	1	0	4	2	2	1	0	0	0	4	3	4	4	3	4	1	1	3	3	4	4	4	4	4	1	3	1	1	3	1	4	4	3	3	3	2	3	3	2	3	3	3	3	3	3	3	3	3	3	3	3	3	3	3	4	3	4	4	4	2	2	3	3	3	4	4	4	4	4
933	1	1	66	4	1	0	1	1	1	0	0	0	1	0	6	3	3	1	0	1	0	4	4	4	4	4	2	1	3	3	2	5	5	5	4	5	3	4	3	3	4	2	2	3	3	2	2	3	3	3	3	4	4	4	4	2	2	2	2	2	2	4	4	4	4	3	4	4	5	4	2	2	2	2	2	2	5	5	5	4	5
934	1	1	66	4	1	0	1	1	1	0	0	0	1	0	4	3	2	1	0	0	0	5	5	5	5	5	5	5	5	5	5	5	5	5	5	5	1	1	1	1	1	1	1	1	1	3	1	1	1	1	1	5	5	5	5	5	5	5	5	5	3	5	5	5	5	5	1	1	1	1	1	1	1	1	1	1	1	1	1	1	1
935	2	1	66	4	1	0	1	1	1	1	1	0	1	1	5	2	2	1	0	1	0	5	3	3	4	3	3	1	3	3	3	5	5	5	3	5	1	3	3	2	3	3	5	3	3	3	1	1	2	3	3	3	3	3	3	3	3	3	3	3	3	2	1	2	2	3	5	3	3	3	3	3	3	3	3	3	5	5	5	2	5
936	2	1	66	4	1	0	1	1	1	0	1	0	1	1	5	1	2	1	0	1	0	5	5	5	5	3	3	1	2	2	3	4	4	4	4	5	1	3	2	1	3	4	4	3	2	3	1	1	1	2	1	5	5	4	4	4	1	1	2	1	2	4	5	4	4	4	4	5	5	4	4	1	1	2	1	2	5	5	5	5	5
937	1	1	67	4	1	0	1	1	1	0	0	0	1	0	5	1	3	1	0	1	0	5	4	3	3	3	1	1	1	2	2	5	4	5	3	5	1	4	3	3	3	2	1	1	2	2	2	2	2	2	2	5	3	3	3	3	3	3	2	3	3	5	5	5	3	5	4	3	3	3	3	3	3	2	3	3	4	4	4	3	4
938	1	1	67	4	1	0	1	1	1	0	0	0	1	0	5	3	4	1	0	1	0	5	5	5	5	3	3	1	1	3	3	5	5	5	5	5	2	3	3	3	3	3	2	4	3	3	1	1	1	3	2	4	3	3	4	3	3	3	3	3	3	4	4	4	4	4	5	3	3	4	3	3	3	3	3	3	4	4	4	4	4
939	1	1	67	4	1	0	1	1	1	0	0	0	1	0	-999	2	3	0	1	0	0	5	3	3	4	4	2	2	2	2	2	5	5	5	3	5	2	2	3	3	4	1	2	2	2	2	2	1	1	3	2	3	3	3	3	4	3	3	3	2	2	4	3	4	3	3	3	3	3	3	4	3	3	3	2	2	4	3	4	3	3
940	1	1	67	4	1	0	1	1	1	0	0	0	1	0	5	3	4	1	0	1	0	4	4	4	4	4	3	3	3	3	2	5	5	5	3	5	3	3	3	3	4	3	3	3	3	2	5	4	3	3	3	4	4	4	4	4	3	3	3	3	3	4	4	4	4	4	4	4	5	4	4	3	3	3	3	3	4	4	4	4	4
941	1	1	67	4	1	0	1	1	1	0	0	0	1	0	3	1	2	1	0	0	0	4	5	5	5	5	4	5	5	3	3	5	5	5	4	5	3	3	2	2	3	3	2	3	3	3	2	2	2	2	5	4	4	5	3	3	3	5	3	3	3	5	5	4	4	4	5	3	2	3	3	3	2	3	3	3	5	5	5	5	5
942	1	1	68	4	1	0	1	1	1	0	0	0	1	0	5	1	2	1	0	1	0	4	3	4	4	3	1	1	1	3	1	4	4	4	4	4	1	3	2	1	3	2	4	3	3	3	1	1	2	1	1	2	3	2	2	4	3	2	2	3	1	3	3	3	4	2	4	3	4	4	4	1	1	1	3	1	4	4	4	4	4
943	1	1	68	4	1	0	1	1	1	0	0	0	1	0	-999	3	4	1	0	1	0	4	3	2	4	4	1	1	1	3	1	3	4	2	4	4	2	2	2	2	2	3	2	3	3	3	2	2	4	2	1	3	3	3	3	3	2	1	3	2	2	3	2	2	4	3	4	3	4	4	4	2	1	3	2	2	4	4	4	4	4
944	1	1	68	4	1	0	1	1	0	0	1	0	0	1	3	3	4	1	0	1	0	4	4	5	5	4	4	1	2	4	4	5	4	5	4	5	2	4	2	2	2	3	2	3	2	3	1	2	2	2	1	4	4	3	2	4	2	3	2	1	2	4	4	4	4	4	3	4	3	2	4	2	3	2	1	2	4	4	4	4	4
945	1	1	68	4	1	0	1	1	1	0	0	0	1	0	4	3	4	1	0	1	0	5	3	4	5	3	1	1	1	1	1	4	4	4	4	5	1	3	1	1	3	4	5	4	4	4	1	2	2	1	1	4	4	4	4	3	2	1	2	1	1	4	4	4	5	5	5	4	5	5	3	2	1	1	1	1	4	4	4	5	5
946	1	1	68	4	1	0	1	0	0	0	0	0	0	0	5	3	1	1	0	1	0	5	4	3	3	4	4	4	3	3	2	5	5	5	3	3	2	4	3	3	4	3	3	3	3	2	4	4	4	3	3	3	3	3	3	3	3	3	3	3	3	3	3	3	3	3	3	3	3	3	3	3	3	3	3	3	3	3	3	3	3
947	1	1	68	4	1	0	1	1	1	0	0	0	1	0	5	3	3	1	0	1	0	5	5	5	5	4	1	1	1	1	1	5	5	5	4	5	2	3	1	2	2	3	5	3	3	3	2	2	2	2	2	4	4	4	4	4	1	1	1	1	1	5	5	5	4	4	5	5	5	5	4	1	1	1	1	1	5	5	5	4	5
948	1	1	68	4	1	0	1	1	1	0	0	0	1	0	4	3	3	1	0	0	0	5	5	4	4	4	1	1	2	2	2	5	4	4	3	4	1	2	1	2	2	1	5	2	2	2	2	2	2	1	2	3	4	4	4	4	1	1	2	2	2	4	4	4	3	4	5	5	4	4	4	1	1	2	2	2	4	4	4	3	4
949	1	1	69	4	1	0	1	0	0	0	0	0	0	0	3	3	2	1	0	1	0	5	4	5	4	5	5	5	4	3	4	5	5	5	5	5	1	1	2	1	2	1	2	2	2	2	2	2	2	2	1	4	3	4	3	4	2	3	3	3	3	4	4	4	4	4	4	4	5	5	4	4	4	4	3	3	5	5	4	5	5
950	1	1	69	4	1	0	1	1	1	0	0	0	1	0	5	1	3	1	0	0	0	5	4	4	5	4	2	2	2	1	1	5	5	5	4	5	1	3	1	1	4	3	5	3	1	2	1	3	1	3	1	3	3	3	4	3	1	2	3	1	2	4	4	4	4	2	3	3	4	5	3	1	2	2	1	2	5	5	5	5	5
951	1	1	69	4	1	0	1	1	1	0	0	0	1	0	-999	3	4	1	1	1	0	3	3	2	2	2	2	2	2	1	1	3	3	3	3	3	1	1	1	2	1	2	1	2	1	1	1	1	1	1	1	3	2	2	3	3	1	1	2	1	1	3	3	3	3	3	3	2	2	3	3	1	1	2	1	1	3	3	3	3	3
952	1	1	69	4	1	0	1	0	0	0	0	0	0	0	-999	3	3	1	0	1	0	4	3	4	4	4	3	4	1	2	3	3	5	5	3	4	2	3	2	3	3	3	3	3	2	3	3	3	3	3	2	3	3	3	3	4	3	3	3	2	3	3	4	3	3	3	3	4	4	4	4	3	3	3	2	3	3	3	3	3	3
953	1	1	69	4	1	0	1	1	1	0	1	0	1	1	4	3	2	1	0	0	0	5	5	5	5	5	2	1	2	2	1	2	2	2	3	2	3	2	2	2	3	3	5	3	3	3	1	2	3	3	2	4	4	4	4	4	2	2	2	2	1	5	4	4	4	4	4	4	5	5	4	1	1	1	2	1	2	2	2	4	4
954	1	1	69	4	1	0	1	1	1	0	1	0	1	1	3	3	3	1	0	1	0	4	4	4	4	4	4	4	4	3	3	4	4	4	4	4	2	3	1	1	3	3	1	1	3	3	1	1	1	2	2	4	3	2	2	3	3	3	3	3	3	2	3	2	3	3	3	4	4	4	4	3	4	4	3	4	4	4	4	4	4
955	1	1	69	4	1	0	1	1	1	0	0	0	1	0	4	3	3	1	0	1	0	5	3	4	4	3	3	3	3	1	1	5	4	5	3	5	3	3	1	2	3	3	3	3	1	1	2	2	2	3	2	4	4	4	5	5	1	1	1	1	1	3	4	4	3	4	4	4	4	5	5	1	1	1	1	1	4	4	4	3	4
956	2	1	69	4	1	0	1	1	1	1	1	0	1	1	3	1	4	0	0	1	0	4	4	4	4	4	2	2	2	2	2	4	4	4	2	4	3	4	3	3	4	2	3	2	2	2	4	4	4	2	2	3	2	3	3	3	2	2	2	2	2	4	4	4	2	3	4	4	4	3	3	2	2	2	3	2	4	4	4	2	4
957	1	1	70	4	1	0	1	1	1	0	0	0	1	0	4	3	3	1	0	1	0	1	1	1	3	3	1	1	3	3	3	1	3	3	3	3	1	1	1	3	3	1	1	3	3	3	1	3	3	3	3	3	3	3	3	3	3	3	3	3	3	3	3	3	3	3	3	3	3	3	3	3	3	3	3	3	3	3	3	3	3
958	1	1	70	4	1	0	1	1	1	0	1	0	1	1	5	3	3	1	0	1	0	3	3	4	3	3	3	2	2	1	3	4	4	5	3	5	3	3	1	3	3	3	4	2	1	3	4	2	2	3	2	3	3	3	3	3	3	3	3	3	3	4	4	4	3	3	3	3	3	3	3	3	3	3	3	3	4	4	4	3	3
959	1	1	70	4	1	0	1	1	1	0	1	0	1	1	-999	3	4	1	0	0	0	5	4	4	5	4	1	1	1	1	1	5	5	4	3	4	1	3	2	2	4	3	5	3	3	3	1	2	1	3	2	3	2	3	3	2	3	3	2	3	3	2	3	3	3	2	4	4	3	4	4	2	3	1	3	2	5	5	5	3	5
960	1	1	70	4	1	0	1	1	1	0	0	0	1	0	3	3	3	1	0	0	0	4	4	4	4	4	3	2	2	2	2	5	5	5	4	5	1	2	2	2	3	3	3	4	3	3	3	2	2	2	1	5	5	4	4	4	5	3	4	2	2	4	4	5	4	5	3	3	3	3	3	3	3	3	3	3	3	3	3	3	3
961	1	1	70	4	1	0	1	1	1	0	1	0	1	1	-999	3	4	1	0	1	0	4	4	3	3	3	3	2	2	2	2	4	4	4	4	4	2	3	3	3	2	3	3	4	3	4	2	2	2	2	2	4	3	3	3	3	2	2	2	2	3	4	4	4	4	4	4	3	3	3	3	2	2	2	2	3	4	4	4	4	4
962	1	1	70	4	1	0	1	1	1	0	0	0	1	0	-999	2	3	0	1	1	0	5	5	5	5	5	5	5	5	3	3	5	5	5	4	4	3	3	3	3	3	3	3	3	3	3	3	3	3	3	3	5	3	5	5	4	1	2	2	2	1	5	5	5	4	4	5	3	5	5	4	1	2	2	2	1	5	5	5	4	4
963	1	1	71	4	1	0	1	0	0	0	0	0	0	0	-999	3	3	1	0	1	0	5	4	5	5	4	1	1	1	1	1	5	5	5	4	5	1	1	1	2	3	3	4	3	3	3	1	1	1	2	1	4	4	4	4	3	3	1	2	1	1	4	4	4	2	4	5	4	5	5	3	3	1	1	1	1	5	5	5	3	5
964	1	1	71	4	1	0	1	0	0	0	0	0	0	0	5	2	4	1	0	1	0	4	4	4	4	4	2	4	2	2	2	4	4	4	4	4	2	4	1	2	2	3	2	3	4	2	2	2	2	2	2	2	3	3	3	4	2	2	2	2	2	3	4	4	4	3	3	3	3	3	4	3	2	2	3	2	4	4	4	4	4
965	1	1	71	4	1	0	1	1	1	0	0	0	1	0	-999	3	4	1	0	1	0	4	3	4	4	4	2	1	1	1	1	4	4	4	4	4	1	3	1	2	3	3	4	3	3	3	1	2	2	1	1	4	3	4	4	3	2	1	1	1	2	4	4	4	4	4	1	3	4	4	3	2	1	1	1	2	4	4	4	4	4
966	1	1	71	4	1	0	1	1	1	0	1	0	1	1	6	3	4	1	1	1	1	5	3	4	5	1	1	1	1	1	1	1	1	1	5	5	3	1	3	3	2	1	1	1	1	1	3	3	3	3	1	4	3	4	4	4	1	4	1	1	1	4	4	5	5	5	5	5	5	5	5	1	5	1	1	1	5	5	5	5	5
967	1	1	71	4	1	0	1	1	0	0	1	0	0	1	5	3	4	1	0	1	0	5	4	5	5	3	2	1	1	1	1	4	4	4	4	5	2	3	1	2	3	4	4	4	4	4	2	2	2	2	2	4	4	3	4	4	2	2	2	2	2	4	4	4	4	4	5	4	4	5	4	2	2	2	2	2	4	4	4	4	4
968	1	1	71	4	1	0	1	1	1	0	0	0	1	0	4	2	3	1	0	1	0	3	3	3	3	3	3	3	1	1	1	3	3	3	3	3	1	3	3	3	3	3	1	3	3	3	1	1	1	3	1	1	3	1	1	3	1	3	3	2	3	1	3	1	1	1	3	2	3	3	3	1	1	3	3	3	3	3	3	3	3
969	1	1	71	4	1	0	1	1	1	0	0	0	1	0	4	2	3	1	0	1	0	5	3	3	4	3	2	1	1	1	1	5	5	5	4	5	1	3	3	3	3	2	3	3	1	1	2	3	3	3	5	3	3	5	5	3	3	1	1	1	1	5	5	5	5	5	3	3	5	5	3	2	1	1	1	1	5	5	5	5	5
970	1	1	71	4	1	0	1	1	1	0	0	0	1	0	5	3	2	1	0	1	0	5	5	4	5	5	1	1	1	1	1	5	5	5	5	5	1	1	1	1	1	5	5	5	5	5	1	1	1	1	1	5	5	5	5	5	1	1	1	1	1	5	5	5	5	5	5	5	5	5	5	1	1	1	1	1	5	5	5	5	5
971	2	1	71	4	1	0	1	1	1	0	1	0	1	1	5	3	2	1	1	1	1	5	5	5	5	5	1	1	1	1	2	5	5	5	4	5	1	1	1	2	3	1	4	3	3	3	1	2	2	3	2	3	4	4	4	4	4	3	2	2	2	4	4	4	4	4	5	5	5	5	5	5	2	2	2	2	5	5	5	5	5
972	1	1	72	4	1	0	1	1	1	0	0	0	1	0	4	2	3	0	0	1	0	5	4	4	4	4	4	4	2	2	2	4	4	4	4	4	1	1	1	3	2	1	1	3	2	1	2	2	2	2	2	4	4	4	4	4	3	4	4	3	2	4	4	4	4	4	4	4	5	4	4	3	4	4	3	2	4	5	5	5	5
973	1	1	72	4	1	0	1	1	1	0	0	0	1	0	5	3	3	1	1	0	0	5	3	3	5	3	1	1	1	1	1	5	5	5	5	5	2	4	3	2	2	4	5	4	4	2	2	2	2	2	2	3	3	3	3	3	3	3	3	3	3	3	3	3	3	3	3	3	3	4	3	3	2	3	3	3	4	4	4	4	4
974	1	1	72	4	1	0	1	1	1	0	0	0	1	0	5	3	2	1	0	1	0	4	4	4	4	4	4	4	3	4	4	4	4	4	4	4	2	1	1	2	1	2	1	3	2	3	2	2	2	2	2	3	3	3	3	3	3	3	3	3	3	3	3	3	3	3	3	3	3	3	3	3	3	3	3	3	3	3	3	3	3
975	2	1	72	4	1	0	1	1	1	0	1	0	1	1	5	2	2	1	0	0	0	5	4	4	3	3	1	2	5	1	5	5	5	5	3	5	3	3	3	3	3	3	3	5	3	3	4	3	3	3	1	4	4	3	4	3	1	1	1	1	1	1	4	4	3	4	4	4	2	4	3	1	1	1	1	1	1	5	5	3	5
976	1	1	73	4	1	0	1	1	1	0	0	0	1	0	5	3	4	1	0	0	0	4	1	4	4	3	1	1	3	1	1	4	4	4	4	4	1	1	1	3	3	4	4	3	1	1	1	3	3	3	3	3	3	3	3	3	3	3	3	3	2	3	4	4	4	4	4	3	4	4	3	3	3	3	3	2	4	4	4	4	4
977	1	1	73	4	1	0	1	1	1	0	0	1	1	1	-999	1	4	1	1	1	0	4	3	4	4	4	1	1	1	1	1	4	4	4	3	4	3	3	3	3	4	1	3	1	1	1	3	4	4	3	3	4	4	3	3	4	1	1	1	1	1	4	4	4	3	3	4	4	3	4	4	1	1	1	1	1	4	4	4	3	4
978	1	1	73	4	1	0	1	1	1	0	0	0	1	0	3	3	4	1	0	1	0	5	5	5	5	3	3	1	1	1	1	5	5	5	4	5	2	2	1	3	3	1	5	3	3	3	2	3	3	3	3	4	3	4	4	3	3	2	1	3	3	4	5	5	4	4	5	4	5	5	3	4	2	1	3	3	5	5	5	4	5
979	1	1	73	4	1	0	1	1	1	0	1	0	1	1	5	3	2	1	0	1	0	3	3	3	3	3	3	1	1	1	1	5	3	5	2	5	1	3	3	1	3	3	5	2	2	1	4	3	3	2	1	3	2	3	3	3	2	3	3	3	3	4	4	4	3	3	3	2	3	3	3	2	3	3	3	3	4	4	4	3	4
980	1	1	73	4	1	0	1	1	1	0	0	0	1	0	4	1	2	1	0	1	0	5	5	4	4	2	4	1	4	4	3	4	3	3	3	4	1	5	1	1	1	5	5	5	5	5	5	1	1	2	2	4	4	4	3	4	4	2	3	2	2	3	4	3	3	4	5	5	5	3	4	5	2	4	3	3	2	3	3	3	5
981	1	1	74	4	1	0	1	1	1	0	0	0	1	0	5	3	2	1	0	1	0	4	4	4	4	4	2	1	2	2	2	5	4	4	4	4	1	4	1	2	4	2	4	2	2	2	1	3	3	2	2	3	4	3	3	4	3	3	3	2	2	3	4	4	3	3	3	4	4	4	4	4	3	3	2	2	3	4	4	3	4
982	1	1	74	4	1	0	1	1	1	0	0	0	1	0	-999	3	3	1	1	1	0	1	3	4	1	3	3	2	1	2	3	4	4	4	1	4	3	3	2	4	3	3	3	2	3	3	2	3	3	3	3	3	3	2	3	4	2	3	3	3	2	3	4	4	3	4	3	3	2	3	4	2	3	3	3	2	3	4	4	3	2
983	1	1	74	4	1	0	1	1	0	1	1	0	1	1	-999	1	2	1	0	1	0	5	3	5	5	4	1	1	1	1	1	5	5	2	3	5	2	3	2	2	4	3	3	3	1	3	1	1	1	3	1	5	5	5	4	5	1	1	1	1	1	5	5	5	3	5	4	5	4	4	5	1	1	1	1	1	5	5	5	3	5
984	1	1	74	4	1	0	1	1	1	0	1	0	1	1	5	2	4	1	0	1	0	4	3	3	3	4	1	1	2	1	1	4	4	4	4	5	1	2	1	1	3	2	4	3	3	3	2	1	2	1	1	3	3	2	2	2	2	3	3	2	3	2	2	3	2	1	4	4	4	4	3	1	2	1	1	1	5	5	4	4	5
985	1	1	76	4	1	0	1	1	1	0	0	0	1	0	4	3	3	1	1	1	0	5	4	4	4	3	3	2	2	2	2	5	4	5	3	4	2	3	3	3	3	3	3	2	2	2	3	2	3	3	3	4	4	4	4	3	2	2	2	2	2	4	4	4	3	3	4	4	2	3	3	2	4	2	2	2	4	4	4	4	4
986	1	1	76	4	1	0	1	0	0	0	0	0	0	0	5	3	2	1	0	0	0	3	4	4	3	2	3	3	3	3	3	4	3	4	3	3	3	3	3	3	4	3	3	3	3	3	3	3	4	3	3	3	4	3	3	3	3	4	3	3	3	4	3	3	3	3	4	4	3	3	3	3	4	3	3	3	4	4	4	3	3
987	1	1	76	4	1	0	1	1	1	1	1	0	1	1	5	2	3	1	0	0	0	5	5	5	5	5	5	5	5	5	5	5	5	5	5	5	1	1	1	1	1	1	1	1	1	1	1	1	1	1	1	4	5	5	5	5	5	5	5	5	3	5	5	5	5	3	3	1	1	1	1	1	1	1	1	3	4	3	3	3	3
988	1	1	77	4	1	0	1	1	1	0	0	0	1	0	5	2	3	1	0	1	0	4	3	2	3	2	4	1	2	3	3	4	4	4	3	4	3	5	3	3	3	3	3	3	3	3	3	3	3	3	3	4	3	3	3	4	3	3	3	3	3	3	3	3	3	3	3	3	3	3	4	3	3	3	3	3	4	4	4	3	4
989	1	1	78	4	1	0	1	0	0	0	0	0	0	0	-999	3	3	1	0	1	0	3	3	3	3	3	3	3	3	3	3	3	3	3	3	3	3	2	3	3	3	2	3	3	3	3	3	3	3	3	3	3	3	3	3	3	3	3	3	3	3	3	3	3	3	3	2	2	1	2	2	2	2	3	2	3	2	2	2	2	3
990	1	1	78	4	1	0	1	0	0	0	0	0	0	0	5	3	3	1	0	0	0	5	3	5	5	5	1	1	1	1	5	5	5	5	5	5	1	1	1	1	1	5	5	2	5	1	1	1	1	5	5	2	2	4	4	5	3	3	4	3	3	2	2	2	2	2	5	5	5	5	2	3	5	5	2	2	5	5	5	5	5
991	1	1	79	4	1	0	1	0	0	0	0	0	0	0	3	3	4	1	1	0	0	4	4	4	1	4	1	1	1	1	3	4	4	4	4	4	1	1	1	2	3	4	3	3	2	3	2	1	1	2	1	4	4	4	4	4	1	1	1	3	1	4	5	4	4	5	4	3	3	3	3	4	4	3	3	1	4	5	4	4	5
992	1	1	81	4	1	0	1	1	1	0	0	0	1	0	4	3	4	1	0	1	0	5	4	4	3	4	1	1	1	3	2	5	5	5	4	5	1	2	1	2	2	1	4	5	3	3	1	1	1	1	1	3	4	3	3	4	3	3	4	2	2	3	2	4	3	3	4	3	3	3	3	3	3	3	2	2	4	4	4	3	4
993	1	1	48	3	1	-999	-999	1	0	0	1	0	0	1	-999	3	3	1	0	0	0	5	1	5	5	5	1	1	1	1	1	5	5	5	5	5	1	5	1	1	1	5	5	5	5	5	1	1	1	1	1	3	3	3	3	3	3	3	3	3	3	3	3	3	3	3	3	3	3	3	3	3	3	3	3	3	3	3	3	3	3
994	3	1	48	3	1	-999	-999	1	1	0	0	1	1	1	2	3	2	0	1	1	1	4	4	4	4	2	3	1	1	1	4	1	3	4	4	4	1	3	1	1	4	3	4	3	4	1	4	4	3	1	1	3	3	3	3	4	1	3	3	1	2	3	4	4	3	3	1	4	4	4	2	3	2	3	3	3	4	3	4	3	4
995	1	1	57	3	1	-999	-999	1	0	1	0	0	1	0	5	2	3	1	0	1	0	5	3	2	3	4	2	1	3	3	3	5	5	5	4	5	1	1	3	3	3	1	5	3	3	3	1	1	1	3	1	2	3	3	3	2	3	3	3	3	3	4	4	4	4	3	5	3	5	3	4	3	3	3	3	3	4	5	5	5	5
996	1	1	63	3	1	-999	-999	1	1	0	0	0	1	0	-999	3	3	1	0	0	0	5	3	4	3	3	1	1	1	1	1	5	5	4	5	5	1	3	3	3	3	1	4	2	1	1	3	3	4	3	2	5	3	3	3	3	1	1	1	1	2	5	5	5	5	5	5	3	3	3	3	1	1	1	1	2	5	5	5	5	5
997	1	1	64	3	1	-999	-999	1	1	0	0	0	1	0	-999	3	4	1	0	1	0	5	5	5	5	5	5	5	1	1	1	5	4	4	5	5	1	5	1	3	3	5	1	1	1	3	1	1	1	1	1	3	3	3	4	4	3	3	3	1	1	3	4	4	4	4	5	3	5	5	5	3	3	3	1	1	5	5	5	5	5
998	1	1	65	4	1	-999	-999	1	1	0	0	0	1	0	-999	2	2	1	0	1	0	4	4	4	4	4	1	4	2	2	3	4	4	4	4	4	2	1	1	2	2	2	1	4	3	4	1	1	1	1	1	4	3	4	4	4	2	3	2	2	2	3	4	4	3	3	3	3	4	4	4	1	1	2	2	2	4	4	4	4	4
999	3	1	20	1	2	0	0	1	0	0	1	1	0	1	2	2	2	1	0	1	0	3	4	2	3	4	4	2	2	4	3	4	4	4	3	4	2	3	2	2	4	3	3	2	4	3	4	4	4	3	4	3	2	4	3	3	3	3	2	3	2	3	2	4	3	4	3	4	4	3	3	3	3	2	3	2	3	3	4	3	4
1000	1	1	25	2	2	0	0	1	0	0	1	0	0	1	3	2	3	0	0	1	1	4	4	3	3	3	2	3	3	2	2	4	3	3	1	4	3	3	2	2	3	2	3	3	2	3	3	3	3	1	3	3	4	3	3	3	3	2	3	2	2	4	3	3	2	3	4	4	4	4	2	4	2	3	2	2	3	3	3	2	3
1001	1	1	27	2	2	0	0	0	0	0	0	0	0	0	4	2	2	1	0	1	0	4	5	4	4	3	3	1	3	1	1	5	4	5	3	4	2	3	3	3	3	3	4	3	1	1	2	2	2	3	3	3	3	3	3	3	3	3	3	3	3	5	4	5	3	5	3	3	3	3	3	3	3	3	3	3	5	4	5	3	5
1002	1	1	28	2	2	0	0	1	1	1	1	0	1	1	4	3	2	1	1	1	0	5	4	5	5	3	3	1	1	3	1	3	2	4	2	4	1	2	2	1	3	3	4	4	5	4	5	4	3	3	2	4	3	3	3	4	1	3	3	3	3	3	3	4	3	4	5	4	5	4	3	1	3	3	3	3	3	3	2	3	5
1003	2	1	31	2	2	0	0	1	0	0	1	0	0	1	4	3	1	1	0	1	0	4	4	4	4	3	2	2	2	2	3	4	4	4	1	4	1	3	2	2	2	3	4	3	3	3	2	2	2	1	2	4	3	3	3	3	3	2	3	2	3	4	4	4	1	4	5	3	4	4	3	2	1	2	1	2	5	5	5	1	5
1004	1	1	34	2	2	0	0	0	0	0	0	0	0	0	4	3	2	1	0	1	0	4	3	4	3	4	1	1	1	1	1	4	5	5	4	5	3	2	1	1	1	4	4	4	3	4	2	2	3	3	2	4	4	3	4	4	2	2	2	1	1	3	4	4	4	5	5	5	4	4	4	1	1	1	1	1	5	5	5	4	5
1005	1	1	35	2	2	0	0	1	1	0	0	0	1	0	2	3	2	1	1	0	0	3	3	3	3	3	3	3	3	3	3	4	3	4	3	4	3	4	3	3	3	4	4	4	4	4	2	3	3	3	3	3	3	3	3	3	3	3	3	3	3	4	4	4	3	4	3	3	3	3	3	3	3	3	3	3	4	4	4	3	4
1006	2	1	35	2	2	0	0	1	1	0	1	0	1	1	5	2	2	1	0	1	0	5	4	4	4	4	2	2	4	3	2	5	4	5	4	5	2	4	1	2	4	4	4	4	3	2	4	3	2	4	1	4	4	4	4	4	2	1	3	1	2	4	4	4	5	4	5	4	4	4	4	4	1	4	1	2	5	5	5	5	5
1007	2	1	38	2	2	0	0	1	1	1	1	0	1	1	5	1	1	1	0	0	0	5	5	3	4	3	1	2	1	2	2	5	5	5	2	5	3	5	3	3	3	1	2	1	2	2	3	5	4	2	2	4	5	2	4	3	2	2	2	2	2	4	4	5	5	4	5	5	4	3	3	2	2	2	2	2	5	5	5	5	5
1008	3	1	39	2	2	0	0	1	1	1	1	1	1	1	4	1	2	1	0	1	0	4	3	3	3	3	2	3	3	3	3	4	4	4	3	3	5	3	3	3	3	2	3	3	3	3	4	4	4	4	3	4	4	3	3	4	3	4	3	3	3	4	3	4	3	3	3	4	3	3	3	3	3	3	4	3	3	3	3	3	3
1009	2	1	39	2	2	0	0	1	0	0	1	1	0	1	4	3	2	1	0	1	0	5	4	4	4	3	3	2	3	1	1	5	5	5	3	5	2	3	3	2	4	2	3	3	1	1	2	2	2	3	2	5	4	4	4	3	2	2	3	2	1	3	3	4	5	3	5	5	4	4	4	2	2	3	2	1	5	5	5	5	5
1010	2	1	39	2	2	0	0	1	1	0	1	0	1	1	6	3	1	1	1	1	0	5	3	5	5	3	1	1	1	1	1	5	5	5	3	5	1	4	1	1	3	3	5	4	3	3	1	1	1	3	1	3	3	5	4	3	3	3	2	1	1	4	4	4	4	3	5	3	3	5	3	3	3	1	1	1	5	5	5	5	5
1011	1	1	41	2	2	0	0	1	1	0	0	0	1	0	6	3	4	1	1	1	0	5	5	5	5	4	2	1	2	1	1	5	4	5	2	5	2	3	2	1	2	4	3	4	5	3	1	2	1	5	1	4	4	3	4	3	1	2	2	2	2	3	3	3	3	3	5	5	1	5	5	1	1	1	1	1	5	5	5	5	5
1012	2	1	41	2	2	0	0	1	0	0	1	0	0	1	-999	3	1	1	1	1	1	3	5	5	5	5	3	1	1	1	1	5	5	5	5	5	3	5	1	1	5	3	5	3	5	1	1	3	5	5	5	5	5	5	5	5	1	1	1	1	1	5	5	5	5	5	5	5	5	5	5	1	1	1	1	1	5	5	5	5	5
1013	2	1	41	2	2	0	0	1	1	0	1	0	1	1	4	2	2	1	0	1	0	4	5	3	3	3	2	2	2	1	1	5	3	5	1	5	3	5	3	3	3	2	2	2	1	1	3	3	3	1	2	1	5	3	3	3	3	1	1	1	1	3	3	3	1	3	4	5	3	3	3	3	1	1	1	1	4	3	4	1	4
1014	1	1	42	2	2	0	0	0	0	0	0	0	0	0	4	3	2	0	1	0	1	3	4	3	2	3	2	2	1	2	1	4	4	4	2	3	3	3	3	2	3	2	1	1	2	1	5	5	5	2	3	3	2	2	3	3	1	2	1	1	1	3	3	4	3	3	4	4	2	3	4	1	2	1	1	1	3	3	4	3	4
1015	1	1	42	2	2	0	0	1	1	1	1	0	1	1	4	3	3	1	1	1	0	4	3	4	4	4	2	1	3	3	2	4	3	4	4	4	1	4	1	3	3	3	4	4	3	3	1	1	1	1	2	4	4	4	4	3	2	3	2	3	2	2	2	2	3	2	1	3	3	2	3	3	3	3	2	2	4	4	4	4	4
1016	2	1	42	2	2	0	0	1	1	0	1	0	1	1	5	3	2	1	1	1	0	4	5	3	5	3	4	2	3	4	2	4	4	4	3	3	3	4	3	3	3	5	2	3	3	2	3	3	3	3	3	3	3	3	3	3	3	3	3	3	3	3	3	3	3	3	3	3	3	3	3	3	3	3	3	3	3	3	3	3	3
1017	1	1	43	2	2	0	0	1	1	0	0	0	1	0	5	3	1	0	0	1	0	3	2	2	3	3	1	1	2	1	2	4	4	4	3	4	4	3	3	3	3	1	4	3	3	4	1	1	2	3	1	1	3	3	3	3	3	4	3	2	4	4	2	3	3	4	4	3	3	3	3	3	2	3	2	1	1	4	3	3	2
1018	3	1	43	2	2	0	0	1	1	0	0	1	1	1	4	2	2	1	0	1	0	5	5	5	5	3	2	1	3	1	1	5	4	5	5	5	2	5	1	2	3	2	1	3	3	3	2	3	3	3	1	4	5	5	5	5	3	1	3	3	3	5	5	5	5	4	5	5	5	5	5	3	1	3	3	3	5	5	5	5	5
1019	3	1	43	2	2	0	0	1	1	1	0	1	1	1	5	1	1	1	0	1	0	3	4	3	3	3	4	3	1	4	1	4	2	4	3	1	3	4	3	3	3	1	3	1	1	1	4	4	4	3	5	3	4	3	3	3	4	1	1	1	1	4	2	4	3	2	3	4	3	3	3	1	1	1	1	1	4	4	4	3	4
1020	2	1	44	2	2	0	0	1	1	0	1	0	1	1	-999	2	2	1	1	1	0	1	4	2	2	3	4	4	3	3	4	2	2	2	3	3	5	2	3	3	4	5	2	2	2	2	4	5	5	3	4	4	3	3	3	3	2	3	3	3	3	3	3	3	3	3	2	4	3	3	3	4	4	3	3	3	2	2	2	3	2
1021	3	1	46	3	2	0	0	1	1	0	0	1	1	1	5	2	2	0	0	1	0	4	3	4	4	3	1	1	2	1	2	3	3	3	2	3	3	3	3	4	3	1	1	2	1	2	3	3	3	2	3	4	3	3	3	3	2	2	2	1	1	1	3	3	5	3	4	3	3	3	3	2	2	2	1	1	1	3	3	5	3
1022	2	1	46	3	2	0	0	1	1	0	0	0	1	0	-999	3	3	1	0	1	0	4	4	4	4	4	1	4	1	1	3	4	5	5	3	5	1	1	1	1	1	4	1	4	4	3	1	1	1	3	1	3	3	3	3	3	3	3	3	3	3	3	3	3	3	3	3	3	3	3	3	3	3	3	3	3	3	3	3	3	3
1023	1	1	47	3	2	0	0	1	1	0	0	0	1	0	5	3	2	1	1	1	1	4	4	3	3	4	1	1	3	3	2	4	4	4	1	3	2	4	3	3	4	2	2	3	3	2	3	4	3	1	3	3	3	3	3	3	3	3	3	3	3	3	3	3	1	3	3	3	3	3	3	3	3	3	3	3	3	3	3	1	3
1024	1	1	47	3	2	0	0	1	1	0	0	0	1	0	5	3	4	0	0	1	1	5	3	5	5	5	1	1	1	1	1	5	5	5	5	5	1	3	1	1	3	1	5	5	5	3	1	1	1	1	1	3	3	4	4	4	1	2	2	1	1	4	4	4	4	4	5	3	5	5	5	1	1	1	1	1	5	5	5	5	5
1025	3	1	47	3	2	0	0	1	1	0	0	1	1	1	5	2	2	1	1	1	0	4	4	5	4	4	3	1	2	2	1	5	4	5	2	5	3	2	3	2	4	2	1	3	2	3	2	2	3	2	2	4	3	4	5	3	4	1	2	2	2	4	4	5	4	4	4	1	4	4	3	2	1	3	3	2	5	5	5	4	5
1026	2	1	47	3	2	0	0	1	1	0	1	1	1	1	5	3	2	1	1	1	0	4	4	3	3	3	3	2	2	2	2	3	3	3	4	4	3	2	3	3	3	2	2	2	2	2	4	4	4	4	4	3	3	3	3	3	2	2	2	2	2	4	4	4	4	4	3	3	3	3	3	2	2	2	2	2	4	4	4	4	4
1027	2	1	47	3	2	0	0	1	1	0	1	0	1	1	5	3	2	1	0	1	0	4	4	4	4	5	1	1	1	1	1	5	5	5	3	5	2	4	1	1	3	1	3	3	1	3	1	3	3	3	1	5	4	5	4	4	1	1	1	1	1	5	5	5	3	5	5	4	5	4	4	1	1	1	1	1	5	5	5	3	5
1028	2	1	48	3	2	0	0	1	1	0	1	0	1	1	-999	1	1	1	0	1	0	4	4	3	3	3	1	2	3	3	3	4	4	4	4	4	3	4	3	3	3	1	4	3	3	3	1	2	2	2	1	1	4	1	3	3	1	1	1	1	3	4	3	4	4	3	4	4	1	2	3	1	1	1	1	3	1	3	3	4	4
1029	2	1	49	3	2	0	0	1	1	1	1	0	1	1	5	1	4	1	0	0	0	1	4	3	3	3	4	3	4	4	4	3	3	3	2	3	1	4	3	3	3	4	3	4	4	4	3	3	3	2	3	2	4	3	3	3	4	4	4	4	4	3	3	3	3	3	2	4	3	3	3	4	4	4	4	4	3	3	3	3	3
1030	1	1	50	3	2	0	0	1	1	0	0	0	1	0	6	3	2	1	0	1	0	5	5	5	5	5	1	1	1	1	1	5	5	5	5	5	1	2	1	1	2	3	5	5	4	4	1	1	1	1	1	3	3	4	4	4	2	3	3	2	2	4	4	4	4	4	5	4	5	5	4	2	2	3	2	2	5	5	5	4	5
1031	1	1	50	3	2	0	0	1	1	0	0	0	1	0	-999	1	1	0	0	0	1	5	5	5	5	5	1	1	1	1	1	5	5	5	3	5	1	1	1	3	3	1	5	3	3	3	1	1	1	3	1	5	5	5	5	5	1	1	1	1	1	5	5	5	5	5	5	5	5	5	5	1	1	1	1	1	5	5	5	5	5
1032	1	1	50	3	2	0	0	1	1	0	0	0	1	0	5	3	2	1	1	1	0	3	3	3	3	3	3	2	3	3	3	3	4	4	2	3	2	3	3	3	3	3	4	4	3	3	3	3	3	2	3	3	3	3	3	3	3	3	3	3	3	3	3	3	3	3	3	3	3	3	3	3	3	3	3	3	3	3	3	3	3
1033	2	1	50	3	2	0	0	1	1	0	1	0	1	1	-999	2	1	1	1	1	0	4	5	3	3	4	4	2	2	3	2	4	4	4	2	4	3	4	2	2	4	3	2	2	2	2	3	3	3	2	3	4	4	3	3	4	2	2	2	2	2	4	3	4	3	4	5	5	4	4	4	3	3	2	3	2	4	4	4	3	4
1034	3	1	52	3	2	0	0	1	1	0	1	1	1	1	6	2	2	0	1	1	0	4	4	4	4	4	1	1	1	1	1	4	4	4	4	4	2	3	2	3	3	3	4	3	3	2	2	3	1	3	2	4	4	4	4	4	1	1	1	1	1	4	4	4	4	3	4	4	4	4	4	1	1	1	1	1	4	4	4	4	4
1035	1	1	53	3	2	0	0	1	1	0	0	0	1	0	5	1	1	1	1	1	1	5	5	3	5	3	1	1	1	1	3	5	5	5	4	5	1	5	3	1	3	1	5	1	1	3	1	1	1	2	1	2	2	2	2	3	3	3	3	3	3	3	2	2	2	2	4	4	4	4	3	3	3	3	3	3	3	4	4	4	4
1036	1	1	54	3	2	0	0	1	1	0	0	0	1	0	5	2	3	1	0	1	0	4	4	4	4	4	4	4	1	4	1	4	4	4	4	4	1	1	1	1	1	1	1	4	1	4	1	1	1	1	1	4	3	4	3	4	2	1	2	1	1	3	3	3	3	3	3	3	4	4	4	2	1	2	1	1	3	3	3	3	4
1037	1	1	56	3	2	0	0	0	0	0	0	0	0	0	4	3	1	1	1	1	1	5	3	4	3	3	2	2	2	2	2	4	3	4	3	4	2	3	3	3	3	4	3	2	2	2	2	3	3	3	2	2	3	3	3	3	2	2	2	2	2	2	3	3	3	3	4	3	3	3	3	2	2	2	2	2	4	4	4	3	4
1038	1	1	56	3	2	0	0	1	1	0	0	0	1	0	5	3	2	1	1	1	1	4	3	4	3	3	3	2	3	3	3	4	4	4	3	4	2	3	3	3	3	3	4	3	3	3	2	2	3	3	3	3	3	3	3	3	3	3	3	3	3	3	3	3	3	3	4	3	3	3	3	3	3	3	3	3	4	4	4	3	4
1039	1	1	58	3	2	0	0	1	1	0	0	0	1	0	5	3	3	1	1	1	0	4	3	4	4	4	3	2	2	2	1	5	5	5	3	4	2	4	3	2	3	3	3	4	2	2	3	3	3	3	2	3	4	4	4	4	3	2	2	2	2	4	4	4	4	4	4	4	5	4	4	3	2	2	2	2	5	5	5	4	5
1040	1	1	59	3	2	0	0	1	1	0	0	0	1	0	4	3	4	1	1	1	0	5	4	4	3	4	4	3	3	4	3	4	4	4	3	5	4	4	3	3	4	3	3	4	3	3	4	4	4	3	4	4	4	4	4	4	4	3	4	4	3	4	4	5	4	5	5	4	4	4	4	5	3	4	4	3	5	5	5	4	5
1041	1	1	59	3	2	0	0	1	1	0	0	0	1	0	3	3	3	1	0	1	0	4	4	4	1	3	1	1	3	3	3	4	4	4	3	4	1	1	1	4	3	4	4	3	3	3	1	1	1	3	1	1	3	1	1	3	3	4	3	3	3	1	1	1	3	1	4	3	4	4	3	3	1	3	3	3	4	4	4	3	4
1042	1	1	60	3	2	0	0	1	1	0	0	0	1	0	4	3	3	0	0	1	1	5	5	5	5	5	1	1	1	1	2	5	5	5	4	5	1	1	1	1	2	5	5	5	5	5	1	1	1	2	1	1	4	4	3	3	3	2	3	4	3	4	3	4	4	2	2	4	4	3	3	3	2	3	4	3	4	2	4	4	2
1043	3	1	60	3	2	0	0	1	0	1	0	1	1	1	5	2	2	1	1	0	0	5	4	4	4	4	2	5	2	1	2	4	4	4	4	5	1	3	2	1	3	1	2	3	3	3	2	2	2	3	1	5	5	4	4	5	1	1	1	2	1	4	5	5	5	5	1	5	3	3	4	3	4	2	3	1	3	4	4	4	4
1044	1	1	61	3	2	0	0	1	1	0	0	0	1	0	6	3	3	1	0	1	0	5	4	4	4	4	2	1	2	1	1	5	5	5	4	5	1	2	2	2	3	3	4	3	2	2	1	1	1	2	1	2	2	3	3	4	2	2	2	2	1	4	4	4	4	4	4	4	4	4	4	2	1	1	2	1	5	5	5	5	5
1045	2	1	62	3	2	0	0	1	1	1	1	0	1	1	6	3	4	1	1	1	0	4	4	4	3	4	3	3	2	3	2	5	5	5	3	5	3	3	2	3	2	3	4	3	3	3	2	2	2	3	1	4	3	3	3	3	3	3	3	3	3	3	3	3	4	4	5	3	4	3	3	3	3	3	3	3	4	4	4	5	5
1046	1	1	63	3	2	0	0	1	1	1	0	0	1	0	5	3	4	1	1	0	0	5	3	3	3	3	1	3	1	1	1	4	4	4	3	4	3	3	3	3	3	1	3	1	1	1	4	4	4	3	4	3	3	3	3	3	1	1	1	1	1	4	4	4	3	3	3	3	3	3	3	1	1	1	1	1	4	4	4	3	3
1047	1	1	64	3	2	0	0	1	1	1	1	0	1	1	5	2	3	1	0	1	0	5	3	4	4	4	2	2	1	2	2	4	5	5	4	5	1	3	2	2	2	3	4	3	3	3	2	1	1	2	1	3	3	4	4	4	2	2	1	2	2	4	4	4	4	4	5	3	5	5	4	2	1	1	2	2	5	5	5	4	5
1048	1	1	64	3	2	0	0	1	1	1	1	0	1	1	6	3	2	1	0	1	1	5	1	3	3	3	1	1	1	1	1	5	5	5	3	5	1	5	1	1	3	4	5	4	4	3	1	1	1	3	1	4	3	3	4	4	1	1	1	1	1	4	4	4	3	3	5	3	3	4	4	1	1	1	1	1	5	5	5	3	5
1049	1	1	65	4	2	0	0	1	1	0	0	0	1	0	4	3	4	1	1	1	0	5	4	4	3	3	4	3	3	3	3	4	3	4	3	3	4	3	4	4	4	1	3	3	4	4	3	4	4	4	4	4	4	3	3	3	4	4	3	4	3	3	4	4	3	3	4	1	2	3	3	1	1	2	3	2	3	5	3	4	2
1050	1	1	65	4	2	0	0	1	1	0	1	0	1	1	4	3	3	1	0	1	0	4	3	4	4	4	2	2	2	2	2	4	4	4	4	4	3	3	3	3	4	3	3	3	2	2	3	4	4	4	3	4	3	3	4	4	2	3	3	2	2	4	4	4	4	4	4	3	3	4	4	2	3	3	2	2	4	4	4	4	4
1051	1	1	66	4	2	0	0	1	1	0	0	0	1	0	5	2	3	1	0	0	0	5	4	4	5	4	2	1	3	2	2	5	4	5	4	4	2	1	2	3	2	4	4	3	3	4	3	3	2	3	2	3	3	3	3	3	4	2	2	3	2	3	3	4	3	3	4	4	4	4	4	3	4	4	2	3	4	4	5	4	5
1052	1	1	-999	-999	2	0	0	0	0	0	0	0	0	0	1	3	1	1	0	1	0	5	3	1	1	1	1	1	1	1	1	5	5	5	3	5	4	4	1	1	1	1	1	1	1	1	3	3	3	3	3	3	3	3	3	4	3	3	1	2	1	3	5	5	1	1	3	3	3	3	4	3	3	1	2	1	5	5	5	1	1
1053	1	1	26	2	1	0	0	1	1	0	0	0	1	0	3	2	2	1	0	1	1	3	1	4	5	1	1	1	1	1	1	5	4	5	1	4	3	1	3	3	1	1	4	1	1	1	1	2	2	1	2	3	3	3	3	3	3	3	3	3	3	3	4	4	3	4	3	3	3	3	3	3	3	3	3	3	5	4	5	3	5
1054	1	1	28	2	1	0	0	0	0	0	0	0	0	0	-999	3	2	1	0	1	0	3	4	3	3	3	4	3	4	4	4	4	4	4	4	4	2	3	3	3	3	2	3	3	3	3	3	3	3	3	3	4	3	4	4	4	2	2	4	2	3	4	4	4	4	4	2	3	3	2	3	4	3	3	3	4	3	3	3	3	3
1055	1	1	29	2	1	0	0	1	1	0	0	0	1	0	5	3	2	1	1	1	1	4	5	5	5	5	2	1	1	1	1	5	5	5	5	5	3	2	1	1	1	2	5	3	1	5	1	1	1	1	1	1	3	5	1	3	3	1	3	3	3	3	3	3	3	2	5	3	1	5	5	3	1	3	1	1	5	5	5	5	5
1056	2	1	29	2	1	0	0	1	1	1	1	0	1	1	3	1	2	1	0	0	0	5	4	5	5	3	1	1	1	1	1	4	4	4	4	5	1	4	3	4	3	2	3	1	1	1	2	3	3	3	2	4	5	5	4	4	1	1	1	1	1	5	5	5	5	4	5	5	5	5	4	1	1	1	1	1	5	5	5	5	5
1057	2	1	29	2	1	0	0	0	0	0	0	0	0	0	3	3	2	1	0	1	0	4	4	4	4	4	1	3	1	1	1	4	4	4	3	4	3	4	3	3	4	3	3	1	1	1	3	3	4	3	3	4	4	4	4	4	1	1	1	1	1	4	4	4	3	4	4	4	4	4	4	1	1	1	1	1	4	4	4	3	4
1058	1	1	32	2	1	0	0	1	1	0	1	0	1	1	4	2	2	1	0	0	0	4	3	4	3	3	1	1	1	1	3	3	3	4	3	3	2	3	3	3	3	1	3	3	1	3	3	3	3	3	3	4	3	3	3	3	1	1	3	1	1	5	4	4	3	3	4	3	3	3	3	1	1	3	1	1	5	4	4	3	3
1059	3	1	32	2	1	0	0	1	0	0	0	1	0	1	3	2	2	1	0	0	0	5	5	4	5	5	2	1	1	2	1	5	5	5	3	5	1	5	1	1	5	3	5	3	3	5	1	1	1	3	1	4	5	4	4	5	2	2	1	1	1	4	5	4	5	4	5	5	5	5	5	2	1	1	2	1	5	5	5	5	5
1060	1	1	33	2	1	0	0	0	0	0	0	0	0	0	3	3	1	1	1	1	0	4	3	4	4	3	2	2	2	2	2	4	4	4	4	5	1	4	1	1	2	4	4	4	4	4	2	2	2	2	1	3	2	3	3	4	2	3	2	3	3	2	3	3	3	4	3	4	3	3	2	4	4	3	4	3	2	2	3	3	2
1061	2	1	33	2	1	0	0	0	0	0	0	0	0	0	4	1	3	1	1	1	1	5	4	5	5	3	3	1	3	2	3	4	4	5	3	5	1	4	1	1	3	3	5	3	4	3	2	3	2	3	1	4	4	4	4	3	4	1	2	2	2	4	4	4	4	4	5	2	5	4	3	2	1	2	2	2	5	5	5	5	5
1062	2	1	33	2	1	0	0	0	0	0	0	0	0	0	3	2	1	0	1	1	0	2	1	5	3	3	4	1	1	3	3	4	2	4	3	5	4	4	1	3	3	1	5	1	3	3	3	3	2	3	1	5	5	3	3	3	1	3	3	3	3	5	5	5	3	5	5	5	3	3	3	5	3	4	4	3	4	4	4	3	4
1063	1	1	34	2	1	0	0	0	0	0	0	0	0	0	5	3	2	1	0	0	0	3	3	4	3	3	3	3	3	3	3	4	4	4	3	4	3	3	2	3	3	3	3	3	3	3	2	2	2	3	2	3	4	3	4	3	3	3	3	3	3	4	4	4	3	4	4	4	4	4	3	3	3	3	3	3	4	4	4	3	4
1064	3	1	38	2	1	0	0	1	1	0	0	1	1	1	5	3	1	1	0	1	0	5	2	4	4	5	1	1	1	1	1	4	4	4	1	3	4	2	4	4	5	1	1	1	1	1	4	4	4	1	3	4	4	4	4	3	1	2	2	2	2	4	4	4	4	4	4	4	4	4	4	1	2	2	2	1	4	4	4	4	4
1065	1	1	39	2	1	0	0	1	1	0	0	0	1	0	4	3	4	1	0	1	0	4	4	4	4	4	1	1	1	1	1	4	4	4	4	4	1	1	1	1	1	3	4	4	4	4	1	1	1	1	1	4	4	4	4	4	1	1	1	1	1	4	4	4	4	3	4	4	4	4	4	1	1	1	1	1	4	4	4	4	4
1066	1	1	41	2	1	0	0	1	1	0	0	0	1	0	3	3	2	1	1	1	1	1	4	1	1	1	4	4	4	4	4	1	1	1	1	1	2	3	3	3	3	3	2	3	3	3	3	3	3	3	3	1	1	1	1	1	4	1	4	4	4	2	3	4	1	1	3	3	3	1	1	3	3	4	4	4	2	3	3	1	1
1067	3	1	45	3	1	0	0	1	1	0	1	1	1	1	6	1	2	0	0	1	0	4	4	4	4	3	1	1	1	1	1	4	4	4	4	4	1	4	1	1	3	3	4	1	1	4	1	1	1	3	1	4	4	4	4	4	1	1	1	1	1	4	4	4	4	4	4	4	4	4	4	1	1	1	1	1	4	4	4	4	4
1068	1	1	47	3	1	0	0	1	1	0	0	0	1	0	-999	3	3	1	1	1	1	5	3	5	4	4	4	2	3	3	2	4	4	5	4	5	2	3	3	2	2	2	4	3	5	4	3	3	3	3	3	4	5	5	5	3	4	3	4	3	2	5	4	4	4	4	3	3	4	3	3	1	3	2	3	2	3	4	4	4	2
1069	1	1	48	3	1	0	0	1	1	0	0	0	1	0	-999	3	2	1	1	1	1	3	3	3	3	3	3	3	3	3	3	3	3	3	3	3	3	3	3	3	3	3	3	3	3	3	3	3	3	3	3	3	3	3	3	3	3	3	3	3	3	3	3	3	3	3	3	3	3	3	3	3	3	3	3	3	3	3	3	3	3
1070	1	1	49	3	1	0	0	1	1	0	0	0	1	0	6	3	2	1	0	1	1	1	3	1	1	1	3	2	2	2	2	1	1	1	1	1	2	3	2	2	2	3	1	1	1	1	2	2	2	2	2	2	1	1	4	4	2	3	2	2	2	4	4	4	4	4	1	1	1	4	4	1	2	2	2	2	4	4	4	3	4
1071	1	1	50	3	1	0	0	1	0	1	0	0	1	0	4	2	3	0	0	1	0	5	1	5	5	5	1	1	1	1	1	5	5	5	3	5	1	5	1	1	5	5	5	5	5	3	1	3	1	3	1	4	4	4	4	4	4	3	3	3	1	4	4	4	3	4	5	2	5	5	5	2	3	3	2	1	5	5	5	3	5
1072	1	1	50	3	1	0	0	1	1	0	0	0	1	0	5	3	3	1	1	1	1	5	5	1	5	5	1	1	1	1	1	5	5	5	5	5	1	1	5	1	1	5	5	5	5	5	1	1	1	1	1	3	3	5	5	5	1	1	1	1	1	5	5	5	3	3	3	3	5	5	5	1	1	1	1	1	5	5	5	3	3
1073	1	1	54	3	1	0	0	1	1	0	0	0	1	0	5	3	2	1	1	1	1	4	3	4	4	4	1	4	1	3	1	4	4	4	3	4	1	3	3	1	3	1	2	3	3	1	3	3	3	3	2	3	1	4	3	4	1	1	1	1	1	4	4	4	3	4	3	1	4	3	4	1	1	1	1	1	4	4	4	3	4
1074	1	1	55	3	1	0	0	1	1	0	0	0	1	0	-999	3	3	1	0	1	1	5	4	4	4	4	2	2	3	2	2	4	4	5	3	4	1	3	3	3	3	3	3	3	3	3	2	3	3	3	3	4	4	4	4	4	2	2	2	2	2	4	4	4	3	4	4	4	4	5	4	2	2	2	2	2	5	5	5	3	5
1075	1	1	56	3	1	0	0	1	1	0	1	0	1	1	5	3	3	1	1	1	0	1	3	2	3	3	3	2	2	3	3	5	5	5	5	5	2	3	2	3	3	3	2	2	3	3	2	2	2	2	1	3	3	3	3	3	1	1	3	3	1	4	4	4	4	4	5	3	4	3	3	1	1	3	3	1	4	4	4	4	4
1076	1	1	57	3	1	0	0	1	1	0	0	0	1	0	4	3	3	0	0	1	0	5	5	5	5	5	1	1	5	5	5	5	5	5	5	5	1	1	1	1	1	5	5	1	1	1	1	1	1	1	1	3	5	3	5	5	1	5	1	3	1	5	5	5	5	3	5	5	5	5	5	1	5	1	3	1	5	5	5	5	5
1077	1	1	58	3	1	0	0	1	1	0	1	0	1	1	6	3	4	1	1	1	0	5	5	5	4	4	1	1	1	1	1	5	5	5	4	5	1	3	1	1	1	2	5	5	5	5	1	1	1	1	1	4	4	4	4	5	2	4	2	1	1	5	5	5	4	5	5	4	5	5	5	1	1	2	1	1	5	5	5	4	5
1078	1	1	58	3	1	0	0	1	1	0	1	0	1	1	6	3	2	1	0	1	1	1	2	3	3	3	3	3	3	3	1	5	5	5	5	5	2	2	3	3	2	3	3	1	3	3	1	1	1	1	1	3	3	4	4	3	3	3	3	3	3	2	3	3	3	2	5	3	2	3	3	2	3	2	2	3	5	5	5	5	5
1079	1	1	60	3	1	0	0	0	0	0	0	0	0	0	4	3	4	1	1	1	0	5	2	3	3	3	2	1	1	3	1	3	3	3	3	5	1	4	1	3	3	3	3	2	3	3	1	1	1	1	1	3	3	3	3	3	3	3	1	1	1	1	3	3	3	3	5	3	5	5	3	3	5	1	1	1	1	3	2	3	5
1080	1	1	60	3	1	0	0	1	1	0	0	0	1	0	-999	3	3	1	0	1	0	1	3	3	3	3	3	2	1	2	1	2	3	3	3	3	2	3	2	3	3	3	1	1	3	1	1	3	3	3	1	3	3	3	3	3	3	1	3	3	3	4	4	4	3	4	1	1	1	2	3	2	3	3	3	3	3	3	4	3	3
1081	1	1	60	3	1	0	0	0	0	0	0	0	0	0	5	3	2	1	1	1	0	4	3	3	3	3	3	2	3	3	3	4	2	4	3	4	2	3	3	3	2	3	3	3	3	3	4	4	4	3	3	4	3	3	3	4	3	2	3	3	3	4	4	4	3	4	2	3	3	3	3	3	4	3	3	3	3	2	2	3	3
1082	1	1	61	3	1	0	0	1	1	0	0	0	1	0	5	3	3	1	0	0	0	5	4	5	2	4	2	2	2	2	2	5	4	4	4	5	1	5	1	5	1	5	5	5	5	5	1	1	2	1	1	2	4	2	4	4	4	2	2	2	2	2	4	4	4	4	4	2	1	5	4	1	2	2	2	1	5	4	4	4	5
1083	1	1	61	3	1	0	0	0	0	0	0	0	0	0	2	3	2	1	0	0	0	2	3	3	3	3	2	3	3	3	3	3	3	3	3	3	1	3	3	3	3	1	1	3	3	3	3	3	3	3	3	1	3	3	3	3	3	3	3	3	3	3	3	3	3	3	3	3	3	3	3	3	3	3	3	3	3	3	3	3	3
1084	2	1	61	3	1	0	0	1	1	0	1	0	1	1	4	1	2	1	0	0	0	3	3	4	3	3	3	2	2	2	2	5	4	1	3	5	1	3	1	3	3	3	4	4	3	4	1	2	5	3	1	3	3	4	4	3	3	3	3	3	3	4	4	4	3	2	5	3	5	5	3	3	2	3	3	3	5	5	5	3	5
1085	1	1	62	3	1	0	0	1	1	0	0	0	1	0	-999	2	3	1	0	1	1	5	5	5	5	3	3	1	3	3	3	5	4	4	4	5	1	1	1	1	3	3	5	3	3	3	1	1	1	3	1	4	4	5	5	4	3	1	1	2	1	4	4	4	4	4	4	4	5	5	4	3	1	1	3	1	4	4	4	4	4
1086	1	1	63	3	1	0	0	1	1	0	0	0	1	0	4	3	3	1	0	1	0	4	3	3	4	4	2	2	2	1	5	4	4	4	4	5	2	5	2	2	2	4	4	4	3	3	2	2	2	3	1	4	4	1	3	4	2	1	2	1	1	4	4	4	3	5	3	4	1	3	4	2	1	2	1	1	4	4	4	3	4
1087	1	1	64	3	1	0	0	1	1	0	0	0	1	0	-999	3	4	1	0	1	0	4	3	3	1	3	1	1	1	1	1	5	5	5	3	5	2	3	3	1	3	1	3	1	1	2	2	3	3	3	3	3	1	1	1	1	1	1	1	1	1	4	3	3	3	3	3	1	1	1	1	1	1	1	1	1	4	3	3	3	3
1088	2	1	64	3	1	0	0	0	0	0	0	0	0	0	-999	3	2	1	0	1	0	4	3	4	4	4	2	1	1	1	1	4	4	4	4	4	2	3	3	1	3	4	4	3	3	3	1	1	1	1	1	3	4	4	4	4	1	1	1	1	1	4	4	4	4	3	4	4	4	4	4	1	1	1	1	1	4	4	4	4	4
1089	3	1	25	2	2	0	0	1	0	0	1	1	0	1	2	3	4	1	1	1	1	3	4	3	3	4	3	2	4	4	3	4	5	3	3	5	3	3	3	3	3	3	2	2	3	3	2	2	3	3	3	3	3	3	4	4	3	3	4	4	4	4	4	4	4	4	3	3	3	2	3	3	3	3	1	2	3	2	2	2	3
1090	2	1	33	2	2	0	0	1	0	0	1	0	0	1	-999	1	4	0	0	1	1	5	5	3	4	3	1	3	3	1	3	3	4	5	5	5	2	5	3	3	3	1	3	3	1	3	3	3	3	5	3	3	3	4	4	3	3	3	3	3	3	3	3	3	3	4	3	3	3	3	3	3	3	3	3	3	3	3	3	3	5
1091	1	1	36	2	2	0	0	0	0	0	0	0	0	0	2	3	2	1	0	0	0	5	5	5	5	5	1	1	1	1	1	5	5	5	5	5	1	1	1	1	1	5	5	5	5	5	1	1	1	1	1	5	5	5	5	5	1	1	1	1	1	5	5	5	5	5	1	1	1	1	1	5	5	5	5	5	1	1	1	1	1
1092	2	1	36	2	2	0	0	1	1	0	1	0	1	1	6	3	2	1	1	1	1	5	5	4	4	5	1	1	1	1	1	5	5	5	3	5	4	5	4	4	5	1	1	1	1	1	4	4	4	3	3	5	5	5	4	5	1	1	1	1	1	5	5	5	5	5	5	5	5	4	5	1	1	1	1	1	5	5	5	5	5
1093	1	1	37	2	2	0	0	1	1	1	0	0	1	0	4	1	1	0	0	1	1	4	3	4	4	4	2	4	5	4	2	4	4	4	4	4	4	3	2	2	2	2	2	3	2	4	3	3	3	3	3	4	4	4	4	4	2	2	2	2	2	4	4	4	4	4	3	3	3	3	3	3	3	3	3	3	3	3	3	3	3
1094	2	1	37	2	2	0	0	1	1	1	1	0	1	1	-999	2	1	1	0	0	0	2	4	2	2	4	4	4	2	3	2	2	2	2	3	3	2	4	2	2	4	3	3	2	2	2	3	3	3	3	4	3	3	3	3	3	3	3	3	3	3	3	3	3	3	3	3	3	3	3	3	3	3	3	3	3	3	3	3	3	3
1095	2	1	42	2	2	0	0	1	0	0	1	0	0	1	5	2	2	0	0	1	1	4	3	4	4	3	3	1	1	1	1	4	4	4	3	4	3	3	3	3	3	3	3	3	3	3	3	3	3	3	3	4	1	4	4	3	1	1	1	1	1	4	4	4	3	4	4	3	4	4	3	1	1	1	1	1	4	4	4	3	4
1096	1	1	43	2	2	0	0	0	0	0	0	0	0	0	3	3	2	1	0	1	0	3	2	3	2	2	3	3	4	2	3	2	2	2	3	3	3	2	2	3	3	2	3	2	2	2	2	3	3	2	3	3	2	2	2	3	2	2	3	2	3	3	2	2	3	2	2	2	2	3	2	2	2	2	3	2	3	3	3	3	2
1097	2	1	44	2	2	0	0	1	1	0	1	0	1	1	6	1	1	1	1	0	0	4	3	4	4	3	1	1	1	1	1	4	4	4	3	4	3	3	3	3	3	1	2	1	1	1	1	4	3	3	2	4	3	4	3	3	1	1	1	1	1	4	4	4	3	3	3	3	3	3	3	1	1	1	1	1	1	4	3	3	4
1098	1	1	46	3	2	0	0	1	1	0	1	1	1	1	6	3	1	0	0	1	0	3	4	3	3	3	4	3	4	4	3	4	4	4	3	4	3	2	3	3	3	2	3	2	2	3	1	2	3	3	2	3	3	3	3	3	3	3	3	3	3	4	4	4	3	4	3	3	3	3	3	3	3	3	3	3	2	3	3	3	3
1099	3	1	47	3	2	0	0	1	0	0	1	1	0	1	6	2	3	1	1	1	1	5	3	5	5	5	1	1	1	1	1	5	5	5	5	5	1	3	1	2	3	5	5	3	5	5	1	1	1	1	1	5	4	5	4	4	1	1	1	1	1	5	5	5	5	5	5	4	5	5	4	1	1	1	1	1	5	5	5	5	5
1100	3	1	51	3	2	0	0	1	1	0	1	1	1	1	-999	3	3	1	1	1	1	3	3	3	3	3	3	3	3	3	3	3	3	3	3	3	3	3	3	3	3	3	3	3	3	3	3	3	3	3	3	3	3	3	3	3	3	3	3	3	3	3	3	3	3	3	3	3	3	3	3	3	3	3	3	3	3	3	3	3	3
1101	1	1	52	3	2	0	0	1	1	1	1	0	1	1	3	3	2	1	1	1	0	4	1	1	3	1	1	1	2	1	3	2	1	1	1	1	4	4	1	2	2	4	4	3	4	1	2	4	1	4	1	1	2	4	2	1	1	4	2	4	1	1	1	1	1	4	1	2	2	1	4	1	1	2	1	2	1	1	4	4	3
1102	3	1	55	3	2	0	0	1	1	0	1	1	1	1	5	2	3	1	1	1	0	4	4	3	4	4	4	2	3	3	3	5	4	5	3	5	2	4	3	2	2	3	2	3	3	4	2	3	3	3	2	4	4	3	4	3	2	3	3	2	2	4	3	3	1	4	5	4	3	4	3	2	3	3	2	2	5	3	3	1	4
1103	2	1	55	3	2	0	0	1	1	0	1	0	1	1	6	3	2	1	0	1	0	4	4	4	3	3	3	3	3	1	3	4	2	4	3	4	2	3	2	3	3	2	3	3	1	3	2	3	3	3	3	3	3	3	3	3	2	3	3	3	3	3	4	4	3	4	3	4	3	3	3	4	3	4	3	3	4	4	4	3	4
1104	1	1	58	3	2	0	0	1	1	0	1	0	1	1	-999	2	3	1	0	1	0	5	4	3	4	3	2	2	2	2	2	4	4	4	3	4	3	3	3	3	3	2	2	2	2	2	3	4	3	3	3	4	3	3	4	3	2	2	2	2	2	4	3	4	3	4	4	3	4	4	3	2	2	2	2	2	4	3	4	3	4
1105	1	1	66	4	2	0	0	1	1	1	0	0	1	0	6	3	2	1	1	1	0	5	3	3	3	3	3	3	1	3	3	5	5	5	3	5	1	3	3	3	3	3	3	5	3	3	1	1	1	3	1	3	3	3	3	3	3	3	3	3	3	1	5	5	3	1	3	3	3	3	3	3	3	3	3	3	5	1	1	3	5
1106	1	1	67	4	2	0	0	1	1	0	0	0	1	0	6	1	3	1	0	0	0	4	4	4	4	3	4	2	2	2	3	4	4	4	4	4	3	3	3	3	3	3	3	3	3	3	3	3	3	3	3	2	3	2	2	2	4	4	2	2	3	2	2	2	2	2	4	4	4	4	4	2	3	4	4	4	4	4	4	4	4
1107	3	1	33	2	1	0	0	1	1	0	0	1	1	1	2	3	2	1	1	1	1	3	4	4	4	4	1	4	4	1	1	4	4	4	4	4	4	4	1	1	1	1	1	1	1	1	1	1	1	1	1	4	4	4	4	4	4	1	1	1	1	4	4	4	4	4	4	4	4	4	4	4	1	1	1	1	4	4	4	4	4
1108	2	1	45	3	1	0	0	1	1	0	1	0	1	1	-999	2	1	1	1	1	1	4	5	4	4	4	3	3	3	2	2	5	4	5	5	5	3	4	4	4	4	3	3	3	2	2	4	4	5	5	4	5	4	5	4	5	2	3	3	3	3	5	5	5	5	5	5	4	5	4	5	2	3	3	3	3	5	5	5	5	5
1109	2	1	52	3	1	0	0	1	0	0	1	0	0	1	5	3	2	1	1	1	1	4	4	4	4	4	1	2	3	3	2	4	3	4	4	5	1	4	1	1	4	2	5	4	2	4	1	1	1	1	1	3	4	4	4	4	3	2	2	2	2	4	4	4	4	4	5	4	5	5	4	2	2	2	2	2	4	5	5	4	5
1110	1	1	53	3	1	0	0	1	1	0	1	0	1	1	3	3	3	1	1	1	1	4	3	3	4	3	2	2	1	1	2	4	4	4	3	4	2	3	3	1	3	2	4	4	2	2	1	2	2	1	1	4	4	4	4	3	2	1	2	1	1	5	5	5	4	5	4	4	4	4	3	2	1	2	1	1	5	5	5	4	5
1111	1	1	53	3	1	0	0	0	0	0	0	0	0	0	6	3	1	1	1	1	1	4	3	3	3	3	2	2	1	2	2	4	4	4	3	4	2	3	3	2	3	2	3	3	3	2	3	3	3	3	2	3	2	3	3	3	3	2	3	2	2	4	4	4	3	3	3	2	3	3	3	3	2	3	2	2	4	4	4	3	3
1112	1	1	53	3	1	0	0	0	0	0	0	0	0	0	2	3	4	1	0	1	0	3	3	3	3	3	3	3	3	3	3	3	3	3	3	3	3	3	3	3	3	3	3	3	3	3	2	2	2	3	2	3	3	3	3	3	3	3	3	3	3	3	3	3	3	3	3	3	3	3	3	3	3	3	3	3	3	3	3	3	3
1113	1	1	56	3	1	0	0	1	1	0	0	0	1	0	-999	1	3	1	0	0	0	4	3	3	3	3	2	3	4	2	3	4	4	4	3	2	2	3	3	3	3	2	3	3	2	3	4	4	4	3	2	3	4	3	3	3	3	4	3	3	3	4	4	4	3	2	4	3	3	3	3	3	3	3	3	3	4	4	4	3	2
1114	1	1	59	3	1	0	0	1	1	0	0	0	1	0	6	1	2	1	0	1	0	5	3	4	3	3	2	3	3	3	3	5	5	5	4	4	2	3	3	3	3	2	3	3	3	3	2	2	2	2	2	3	3	4	3	3	3	3	3	3	3	4	4	4	3	4	4	3	3	3	3	3	3	3	3	3	5	5	5	4	5
1115	1	1	60	3	1	0	0	1	1	0	0	0	1	0	5	3	3	1	1	1	1	5	2	3	4	3	2	1	1	1	1	5	5	3	3	5	1	4	3	2	3	3	3	2	2	2	4	3	1	3	3	5	3	5	5	3	1	1	1	1	1	4	5	5	3	5	5	3	5	5	3	1	1	1	1	1	4	5	5	3	5
1116	1	1	62	3	1	0	0	1	1	0	0	0	1	0	4	2	3	1	0	1	0	4	4	4	4	3	1	1	1	1	1	4	4	4	4	4	3	3	3	3	3	1	1	1	1	1	1	3	3	3	3	4	4	3	5	3	1	1	1	1	1	4	4	4	4	4	5	5	3	4	3	1	1	1	1	1	5	5	5	5	5
1117	1	1	63	3	1	0	0	1	1	0	0	0	1	0	4	3	4	1	1	1	0	5	5	5	5	5	5	1	1	1	1	5	5	5	5	5	1	1	1	1	1	1	5	5	5	5	1	1	1	1	1	3	3	3	3	3	3	3	2	3	3	3	3	3	3	3	5	5	5	5	5	5	5	1	1	1	5	5	5	5	5
1118	1	1	65	4	1	0	0	1	1	0	0	0	1	0	-999	1	3	1	1	1	0	5	4	5	5	3	3	4	4	1	3	5	5	5	4	5	2	3	3	3	3	1	5	3	3	3	1	1	3	3	1	5	3	5	5	5	3	1	3	3	1	5	5	5	5	5	5	3	5	5	5	3	1	3	3	1	5	5	5	5	5
1119	1	1	47	3	1	0	0	0	0	0	0	0	0	0	5	3	2	1	1	1	0	5	3	5	5	5	1	5	1	5	1	1	5	1	1	5	1	3	1	1	1	5	1	5	1	5	5	1	1	1	1	1	1	1	5	5	5	1	1	1	1	5	1	1	1	5	5	5	5	5	5	1	5	1	1	1	5	1	1	1	5
